:020000040800F2
:20840000E03D00200585000873EC000895E8000871EC0008B38900080920010800000000C6
:2084200000000000000000000000000009FA0008AFAF0008000000002DF00008DD040108BC
:208440001F850008F7EF00081F8500081F8500081F8500081F8500081F8500082BB1000842
:2084600031B100081F8500081F8500081F85000879AF000885AF00081F8500081F8500084A
:208480001F8500081F8500081F8500081F850008511B01081F8500081F8500081F850008B3
:2084A0001F8500081F8500081F8500081F8500089D050108A90501081F8500081F85000852
:2084C0001F8500081F8500081F8500081F8500081F8500081F850008250A01081F850008B0
:2084E0000DB100081F8500081F850008DFF810D000F046F800480047E1330108AFF30080AB
:20850000E03D00200648804706480047FEE7FEE7FEE7FEE7FEE7FEE7FEE7FEE7FEE7FEE782
:2085200051050108ED84000840EA01039B0703D009E008C9121F08C0042AFAD203E011F827
:20854000013B00F8013B521EF9D27047D2B201E000F8012B491EFBD270470022F6E710B581
:2085600013460A4604461946FFF7F0FF204610BD421C10F8011B0029FBD1801A70470000C9
:20858000064C074D06E0E06840F0010394E8070098471034AC42F6D3FFF7ACFF804F0108FD
:2085A000A04F010870B58C1810F8015B15F0070301D110F8013B2A1106D110F8012B03E048
:2085C00010F8016B01F8016B5B1EF9D12B0705D40023521E0DD401F8013BFAE710F8013BA6
:2085E000CB1A921C03E013F8015B01F8015B521EF9D5A142D8D3002070BD000070B50446C1
:2086000000688168C943C9071CD1816821F00101816003F0EDFF05460FE000BF03F0E8FFB1
:20862000401B022809D9A06A40F01000A062E06A40F00100E062012070BD20688068C04309
:20864000C007EBD0002070BDF8B500260446009600688168C943C90728D0816841F0010157
:208660008160134813490068B0FBF1F000E0401E00900028FBD103F0BBFF054611E000BF04
:2086800003F0B6FF401B02280BD9A06A40F01000A062E06A40F00100E06284F8246001209F
:2086A000F8BD20688068C043C007E9D10020F8BD8400002040420F0010B500F093F8302077
:2086C00000F0A4F8942000F0A1F8D12000F09EF8202000F09BF80B2000F0B2F8812000F041
:2086E00095F83F2000F0ACF8032000F0A9F8F02000F08CF8102000F0A3F8CA2000F086F8AF
:20870000002000F09DF8872000F09AF8202000F097F8BC2000F07AF8002000F091F8A6202F
:2087200000F074F8762000F071F8752000F06EF8002000F085F8282000F082F8152000F09F
:2087400065F8002000F07CF8FF2000F079F8312000F05CF8322000F059F8002000F070F818
:20876000022000F06DF8012000F06AF8512000F04DF8FB2000F064F8402000F047F8F4205F
:2087800000F044F8002000F05BF8002000F058F8002000F055F8002000F052F8002000F023
:2087A0004FF8002000F04CF8002000F049F8002000F046F8F02000F029F8152000F040F801
:2087C000152000F03DF8152000F03AF8152000F037F8302000F01AF8BDE81040AF2000F08E
:2087E00015B8000010B5084C0020C4F8AC01322004F5D67409F0D0FD01202060BDE8104019
:20880000322009F0C9BD00000000224231B509490020C1F8A801084CC4F8BC010A2301224C
:208820006946064804F5DE7405F06AF90120206038BD00000000224200002142C02F00202C
:2088400031B509480124C0F8A841084D0020C5F8BC010A2322466946054805F5DE7505F059
:208860004FF92C6038BD00000000224200002142C02F002000F026BF01F0B2B9012001F016
:20888000EDBD012001F088BE012001F04DBA0000114810B5008800EB001101EB40110F4887
:2088A00000EB8100C17B807B00EBC00202EB001001EB800000F60540B0F5005F08D0872041
:2088C000074A00215318491C58700429FADB10BD01F06AF8F4E70000920000204803002074
:2088E000880F002070B5274D04464FF0000649B114E001221021284603F074FE642009F007
:2089000061FD761CA642F4D334E001221021284603F068FE642009F055FD761CA642F4D379
:2089200000221021284603F05DFE642009F034FD002608E001221021284603F053FE6420E2
:2089400009F040FD761CA642F4D300221021284603F048FE642009F01FFD002608E00122DC
:208960001021284603F03EFE642009F02BFD761CA642F4D32846BDE870400022102103F03A
:2089800031BE00000010014030B50246002001465FF0010422FA01F3DB0705D0C1F107052A
:2089A00004FA05F30343D8B2491CC9B20729F1D330BDFEE7084882B0416941F0400141610B
:2089C0004069074900F04000009004480860084602B003F049BA0000001002400030024070
:2089E0000403002010B50AF023F8002404E000211B480155601CC4B2042CF8DB00F032F885
:208A0000002000F0D9FB00F065FA00F025FA002000F0D2FB102000F04FFA00F01DFA10486F
:208A2000401E407858B10E48401E807838B10C48401EC07818B10A48401E007960B909F094
:208A4000C7FF002000F0B8FB00F026FD0AF0AAF800F08EFA00F000FA00F0FEF910BD0000C8
:208A6000890F002010B504201149087018E0012000F0A2FB00F02EFA0E48407840B10D4871
:208A8000807828B10B48C07810B10A48007900B90AE000F0E1F906480078801C044908705A
:208AA000034800780A28E2DB00BF00F0D5F910BD21030020880F00202DE9F04705460E46D3
:208AC00017464FF0A5084FF00009A94600F090FCDD4800784FF4F00101EAC040DB49086052
:208AE00000242FE008F0010040B1D74800784FF4707101EA8010D649086107E0D248007822
:208B00004FF0707101EA8050D1490861D14800688047CD480078782101EAC000CB49086062
:208B2000CC4800688047C84800784FF4F00101EAC040C64908604FEA5808C64800688047FE
:208B4000601CC4B2082CCDDBBF4800784FF4707101EA8010BE490861BE4800688047BA4882
:208B60000078782101EAC000B8490860B94800688047B54800784FF4F00101EAC040B34910
:208B80000860B44800688047AF480078782101EAC000AE490860AF4800688047AA480078A0
:208BA0004FF4F00101EAC040A8490860A94800688047A5480078782101EAC000A349086020
:208BC000A44800688047A04800784FF4F00101EAC0409E4908609F48006880479A4800783C
:208BE000782101EAC000994908609A4800688047954800784FF4F00101EAC040934908601E
:208C000094480068804790480078782101EAC0008E4908608F48006880478B4800784FF4E2
:208C2000F00101EAC040894908608A480068804700242EE007F0010040B1834800784FF47C
:208C4000707101EA80108249086107E07E4800784FF0707101EA80507D4908617D48006828
:208C6000804779480078782101EAC00077490860784800688047744800784FF4F00101EA46
:208C8000C040724908607F10724800688047601CC4B2102CCEDB00242EE006F0010040B148
:208CA000694800784FF4707101EA80106849086107E0654800784FF0707101EA805064493E
:208CC00008616448006880475F480078782101EAC0005E4908605F48006880475A480078EE
:208CE0004FF4F00101EAC040584908607610594800688047601CC4B2062CCEDB00242FE0F6
:208D000009F0010040B1504800784FF4707101EA80104F49086107E04B4800784FF07071A6
:208D200001EA80504A4908614A480068804746480078782101EAC000444908604548006887
:208D40008047414800784FF4F00101EAC0403F4908604FEA69093F4800688047601CC4B2E9
:208D6000082CCDDB85EA251585EAA50585EA650505F0010040B1344800784FF4707101EA92
:208D800080103349086107E02F4800784FF0707101EA80502E4908612E48006880472A48B6
:208DA0000078782101EAC00028490860294800688047254800784FF4F00101EAC04023490E
:208DC00008602448006880471F4800784FF4707101EA80101E4908611E4800688047002489
:208DE00016E019480078782101EAC00017490860184800688047144800784FF4F00101EA16
:208E0000C04012490860134800688047601CC4B2032CE6DB0C480078782101EAC0000B49BF
:208E200008600C4800688047074800784FF4F00101EAC0400549086006480068804700F03E
:208E400005FBBDE8F08700008E000020100C0140001001402403002010B5144800784FF477
:208E6000F00101EAC04012490860104800784FF0707101EA80500F490861002007F0C8FA0E
:208E80001E2009F07EFA09480078FFF77DFD00F0F004204607F0BCFA142009F072FA00203A
:208EA00007F0B6FA192009F077FA10BD8E000020100C01400010014010B50446062009F011
:208EC0006BFA002221461046FFF7F6FD0F2009F063FA10BD1CB54FF4004220210020FFF766
:208EE000EBFD01A800F07CF8684600F079F8002417E001A8005D87280ED11DF8040001287D
:208F00000AD11A48005D18B11848005D012806D100211648015502E0982114480155601C93
:208F2000C4B2042CE5DB9DF80400872803D19DF80000012819D09DF80500872803D19DF856
:208F40000100012811D09DF80600872803D19DF80200012809D09DF80700872803D19DF89B
:208F60000300012801D0FFF777FF1CBD890F002038B5002202211046FFF79EFD002527E0B2
:208F8000684600F02DF800240BE01DF80400552805D01248005D10B9932110480155601C36
:208FA00084B2042CF1DB9DF8000055280ED09DF8010055280AD09DF80200552806D09DF823
:208FC0000300552802D0FFF747FF38BD681C85B2B5F5006FD4DB00BFF7E70000890F002036
:208FE00070B5044600F004FA052009F0EBF96E48006820F07F4040F088406B4908600846C3
:20900000406820F0FF0040F04400486008040861052009F0D7F9002542E02078401020705B
:20902000607840106070A0784010A070E0784010E0705E480078782101EAC0005C49086059
:209040005C48006880475848806800F4007010B12078803020705448806800F4807010B18F
:209060006078803060705048806800F0800010B1A0788030A0704C48806800F0400010B1A2
:20908000E0788030E070494800784FF4F00101EAC04047490860474800688047681CC5B29F
:2090A000082DBADB43480068804740480078782101EAC0003E4908603E48006880473B48C1
:2090C00000784FF4F00101EAC040394908603948006880473448006820F07F4040F08850A4
:2090E000314908600846406820F0FF0040F011004860881408612D4800784FF0707101EAA3
:209100008050294908612B480068804727480078782101EAC0002649086026480068804763
:20912000224800784FF4F00101EAC040204908602048006880471D480078782101EAC000A5
:209140001B4908601B4800688047184800784FF4F00101EAC0401649086016480068804766
:2091600012480078782101EAC000114908601148006880470D4800784FF4F00101EAC040A3
:209180000B4908600B480068804708480078782101EAC0000649086006480068804700F061
:2091A00055F9002070BD0000001001408E000020100C0140240300202DE9F041064688480E
:2091C00000784FF4F00101EAC04086490860844800784FF0707101EA8050834908616420E9
:2091E00009F0F0F8002007F013F9322009F0C9F87B480078FFF7C8FB0709384607F008F9E5
:209200007A48007809F0C8F875480078782101EAC000744908600A2009F0D4F8002417E0B3
:209220006F4800784FF0707101EA80506E4908610A2009F0C7F86A4800784FF4707101EAE9
:209240008010694908610A2009F0BCF8601CC4B20D2CE5DB0A2009F0B5F8002416E060480F
:2092600000784FF4F00101EAC0405E4908600A2009F0A8F85A480078782101EAC000594985
:2092800008600A2009F09EF8601CC4B20D2CE6DB0A2009F097F8002417E0514800784FF0A4
:2092A000707101EA8050504908610A2009F08AF84B4800784FF4707101EA80104A490861C5
:2092C0000A2009F07FF8601CC4B20D2CE5DB1EB90A2009F077F802E00A2009F05DF84048BE
:2092E00000784FF4F00101EAC0403E4908604BF25A15002431E005F4004040B138480078E5
:209300004FF4707101EA80103749086107E0344800784FF0707101EA8050334908610A2000
:2093200009F050F82E480078782101EAC0002D4908600A2009F046F8294800784FF4F0015E
:2093400001EAC040274908604FF6FF7000EA45050A2009F037F8601CC4B2102CCBDB0A2012
:2093600009F030F84AF21B55002431E005F4004040B11B4800784FF4707101EA80101A49E4
:20938000086107E0164800784FF0707101EA8050154908610A2009F015F81148007878216B
:2093A00001EAC0000F4908600A2009F00BF80C4800784FF4F00101EAC0400A4908604FF631
:2093C000FF7000EA45050A2008F0FCFF601CC4B2102CCBDB1E2008F0DFFFBDE8F0810000CF
:2093E0008E000020100C0140001001402103002010B5134800784FF4707101EA801011493C
:2094000008610F480078782101EAC0000E490860052008F0D7FF0A4800784FF0707101EA49
:20942000805008490861052008F0CCFF044800784FF4F00101EAC0400349086010BD000056
:209440008E00002000100140100C014010B50F4800784FF0707101EA80500D4908610B482F
:209460000078782101EAC0000A490860052008F0A9FF064800784FF4707101EA80100449FE
:209480000861052008F09EFF10BD00008E00002000100140100C014070B55525002204219A
:2094A0002846FFF709FB0A2008F08CFF0A2008F089FF0A2008F086FF012407E0284600F0DC
:2094C0000BF80A2008F07EFF601C84B2B4F5006FF4DB002070BD000070B504462546FFF734
:2094E00087FF744800784FF4F00101EAC0407249086000262EE005F0010040B16D48007828
:209500004FF4707101EA80106C49086107E0694800784FF0707101EA8050684908616848D9
:209520000068804763480078782101EAC000624908606348006880475E4800784FF4F00156
:2095400001EAC0405C4908606D105D4800688047701CC6B2082ECEDB84EA241484EAA40423
:2095600084EA640404F0010040B1524800784FF4707101EA80105149086107E04D48007887
:209580004FF0707101EA80504C4908614C480068804748480078782101EAC00046490860EC
:2095A000474800688047434800784FF4F00101EAC040414908604248006880473F48006831
:2095C00020F07F4040F088403C4908600846406820F0FF0040F044004860080408613848C1
:2095E0000068804733480078782101EAC000324908603348006880472E4800784FF4F00156
:2096000001EAC0402C4908602D48006880472B48006820F07F4040F0885028490860084605
:20962000406820F0FF0040F01100486088140861204800784FF0707101EA80501F490861F9
:209640001F48006880471B480078782101EAC000194908601A4800688047164800784FF4E1
:20966000F00101EAC0401449086015480068804710480078782101EAC0000F490860104891
:20968000006880470B4800784FF4F00101EAC040094908600A480068804706480078782117
:2096A00001EAC00004490860054800688047FFF7CDFE70BD8E000020100C01400010014084
:2096C0002403002010B501F023FA00F02DFE00F005F800F033FE00F0F7FD10BD30B585B07C
:2096E00001F042FA374800F0F3FB002000F02EFC3548006820F07F4040F088403249086017
:209700000846406820F0FF0040F04400486008040861002410E0684600F0ACFA002507E04F
:209720001DF8050001A901EB84014855681CC5B2042DF5DB601CC4B2042CECDB00241AE054
:2097400001A8005D192807D102A8005D062803D103A8005D012809D01C480078A04000F02B
:20976000080018B198211A48015502E0002118480155601CC4B2042CE2DB00241CE004A843
:20978000005D012803D100201249085512E004A8005D18B901200F4908550BE00C48005D59
:2097A00040B90A480078A04000F0080010B1982107480155601CC4B2042CE0DB002005B03D
:2097C00030BD000000202200001001408E000020890F00203603002008B1034900E0034919
:2097E000034A116070470000CFAC0008C5AC00083C030020FEB555A103C9CDE9000100F07D
:20980000B9F85449087008460078002878D001F0ABF9514800F05CFB5049098801EB0112AE
:2098200002EB41114E4A02EB81014969081F00F08DFB4C48006820F07F4040F0884049493C
:2098400008600846406820F0FF0040F04400486008040861002675E002A800F00BFA032EBF
:209860006ED100246AE002A8005D00F00100002862D001F079F93C4800F02AFB37490988DC
:2098800001EB011202EB4111354A02EB81014969A1F1080000F05AFB2146684601F05EF8AF
:2098A000204600F077FC214601A801F057F8204600F070FC01F058F9274800F009FB2749B8
:2098C000098801EB011202EB4111254A02EB81014969A1F1080000F039FB2248006820F089
:2098E0007F4040F088401F4908600846406820F0FF0040F04400486008040861002519E02D
:2099000022E002A800F0B6F902A8005D1DF8051088420DD01548005D50B915480078A040AC
:2099200000F0080020B101F01FF993210F480155681CC5B2082DE4DB601CC4B2042C92DB76
:20994000701CC6B2042E87DBFEBD0000FFFFFFFFFFFFFFFF3B03002000102200920000207A
:20996000480300200010014000101200890F00208E000020002000210EE04206100E084ABC
:20998000525C3AB9074A12788A4002F008020AB140F001004A1CD1B20429EEDB7047000003
:2099A000890F00208E0000202DE9F04700BF724800884FF4A02101EB404A00256E48008816
:2099C00000EB001101EB40106C4901EB80004069C0F38729A8464DE04FF48062684950469B
:2099E00005F078FBA9F10100404532D16248008800EB001101EB4010604901EB8000B0F8B5
:209A000066005D49098801EB011202EB41115B4A02EB8101B1F86E10084486B25648008886
:209A200000EB001101EB4010114601EB8000B0F87270FF20534948700870380A8870CF703D
:209A4000300A08714E71FF2088714D4890F8FF03C871002405E04A48005D284485B2601C0D
:209A600084B2B4F5806FF6DB0AF5806A08F1010000F0FF08C845AFDB3F48008800EB0011CB
:209A800001EB40103D4901EB8000B0F86800A84202D08620BDE8F0873749098801EB0113F9
:209AA00003EB4111354B03EB81010A8B324909884FF4003303EB0130334905F00BFB0025A4
:209AC000002405E03048005D284485B2601C84B22948008800EB001101EB4010274901EBC6
:209AE0008000008BA042EDDC2348008800EB001101EB4010214901EB8000B0F86C00A842B1
:209B000001D08620C6E71C49098801EB011303EB41111A4B03EB81014A8B174909884FF40D
:209B2000403303EB0130194905F0D4FA0025002405E01648005D284485B2601C84B20E48DA
:209B4000008800EB001101EB40100C4901EB8000408BA042EDDC0848008800EB001101EB4E
:209B60004010064901EB8000B0F87000A84201D086208FE700208DE792000020480300203A
:209B80003812002028030020382200203823002010B500F0E9FF0E4800F09AF90D490988BE
:209BA00001EB011202EB41110B4A02EB81014969A1F1080000F0CAF9084800F073FE00F003
:209BC00073FA0648001D00F06DFE00F06DFA10BD00101200920000204803002028030020A4
:209BE00010B508F0F5FE00F093FF00F09DFB00F0AFFB05F01DFA30B1FFF7BCFE1C49087097
:209C0000022000F0C9FC05F013FA08B1FFF7F2FD05F00EFA68B100F0FBFF00F08FFB00F063
:209C200083FB00F051FB00F073FF00F07DFB00F08FFB05F0FDF920B108F0B4FF002000F0AF
:209C400073F805F0F5F938B100F0BCFF05F0F0F910B1002000F002FC05F0EAF918B1FFF7DE
:209C600097FF00F0B1F900F069FB00F02DFB10BD3B03002070B50446002546E02078400685
:209C8000000E207060784006000E6070A0784006000EA070E0784006000EE0701E480078D4
:209CA0004FF4F00101EAC0401C4908601C480068804719480078782101EAC0001749086040
:209CC000022008F07FFB1748806800F4007010B12078401C20701348806800F4807010B118
:209CE0006078401C60700F48806800F0800010B1A078401CA0700B48806800F0400010B140
:209D0000E078401CE070681CC5B2082DB6DB022008F058FB70BD00008E000020100C0140D9
:209D20003C030020001001402DE9F84F07464FF0000A012F03D100F0EBFE00F0F5FA00F0D4
:209D400013FF5C4800F0C4F8002000F0FFF85A48006820F07F4040F0884057490860084673
:209D6000406820F0FF0040F044004860080408615248008800EB001101EB4010504901EBBC
:209D800080004069C0F38728002F67D14B4800884FF4A02101EB404900255DE04FF48062B6
:209DA0004849484605F096F9A8F10100A84211D1FF20444981F8F80381F8F90381F8FA038F
:209DC00081F8FB0381F8FC0381F8FD0381F8FE0381F8FF03002438E06846FFF74BFF0026D6
:209DE00013E01DF806003749095D88420BD03648805D40B935480078B04000F0080010B1D8
:209E0000932131488155701C86B2042EE9DB9DF800002C49095D884215D09DF8010029495E
:209E2000095D88420FD09DF802002649095D884209D09DF803002349095D884203D000F00D
:209E400093FEBDE8F88F601C84B2B4F5806FC3DB09F58069681CC5B245459FDB012F27D14F
:209E600000240AE019480078A04000F0080010B104F0FF0A03E0601C84B2042CF2DB00BF14
:209E8000002513E0002408E06846FFF7F3FE1DF80A000C490855601C84B2B4F5806FF3DB20
:209EA0004FF4806009F0B4FE681CC5B24545E9DB00BFC6E7001022000010014092000020EA
:209EC0004803002038120020890F00208E00002070B5044600252BE004F4000040B1174860
:209EE00000784FF4707101EA80101549086107E0124800784FF0707101EA8050104908612E
:209F00000E4800784FF4F00101EAC0400D4908600D480068804709480078782101EAC00005
:209F2000084908600848006880476400681CC5B2182DD1DB0A2008F045FA70BD8E0000205D
:209F400000100140100C01403C03002070B5044600252BE004F4004040B1174800784FF412
:209F6000707101EA80101549086107E0124800784FF0707101EA8050104908610E4800789A
:209F80004FF4F00101EAC0400D4908600D480068804709480078782101EAC000084908609A
:209FA0000848006880476400681CC5B2102DD1DB0A2008F007FA70BD8E000020001001408B
:209FC000100C01403C03002038B500F0CDFD2F48FFF77EFF2E49098801EB011202EB4111EE
:209FE0002C4A02EB81014969A1F10800FFF7AEFF2948006820F07F4040F088402649086016
:20A000000846406820F0FF0040F04400486008040861002436E06846FFF72CFE002513E08A
:20A020001DF805001D49095D88420BD01C48405D40B91C480078A84000F0080010B193216A
:20A0400017484155681CC5B2042DE9DB9DF800001249095D884213D09DF801000F49095DC4
:20A0600088420DD09DF802000C49095D884207D09DF803000949095D884201D000F074FDFA
:20A08000601CC4B2082CC6DB002038BD0010220092000020480300200010014028030020F9
:20A0A000890F00208E0000202DE9F041334800784FF4F00101EAC04031490860314800681E
:20A0C00080472E480078782101EAC0002C4908602D48006820F07F4040F088402A4908602B
:20A0E0000846406820F0FF0040F0440048600804086100242DE025480078A04000F00800DC
:20A1000028B30027002520E001F02CFA0646022008F058F90BE001F025FA801B0A2803D9A6
:20A1200001279B211A480155022008F04BF9164880684FF400712141084008B1002FEAD0DF
:20A140000A2008F03FF9681CC5B2032DDCDB601CC4B2042CCFDB0C48006820F07F4040F03C
:20A160008850094908600846406820F0FF0040F01100486088140861BDE8F0818E00002096
:20A18000100C01403C030020001001403B030020890F00202DE9F0410446002734B1012CD2
:20A1A00008D0022C0BD0032C13D10DE00020414908600EE000203F49091F086009E000207D
:20A1C0003C490839086004E000203A490C39086000BF00BF38480068804734B1012C08D006
:20A1E000022C0BD0032C13D10DE00120314908600EE001202F49091F086009E001202D49BC
:20A200000839086004E001202A490C39086000BF00BF2A48006820F07F4040F088402749E1
:20A2200008600846406820F0FF0040F0440048600804086122480078A04000F0080028B38B
:20A240000027002520E001F08DF90646022008F0B9F80BE001F086F9801B0A2803D90127F8
:20A260009B2118480155022008F0ACF8134880684FF400712141084008B1002FEAD00A2041
:20A2800008F0A0F8681CC5B2032DDCDB0B48006820F07F4040F0885008490860084640680B
:20A2A00020F0FF0040F01100486088140861BDE8F0810000988121423C030020001001405F
:20A2C0003B030020890F002010B5144800784FF4F00101EAC04012490860104800784FF0DE
:20A2E000707101EA80500F490861002006F090F81E2008F046F809480078FEF745FB00F001
:20A30000F004204606F084F8142008F03AF8002006F07EF8C82008F03FF810BD8E000020F5
:20A32000100C01400010014010B500F01DFC024800F040FA10BD0000915C8A4810B500F0EC
:20A3400013FC024800F036FA10BD0000995C8A4830B585B000F008FC3B48FFF7B9FD002093
:20A36000FFF7F4FD3948006820F07F4040F08840364908600846406820F0FF0040F04400E6
:20A38000486008040861002410E06846FFF772FC002507E01DF8050001A901EB840148559C
:20A3A000681CC5B2042DF5DB601CC4B2042CECDB002424E001A8005D192812D102A8005D5F
:20A3C00006280ED103A8005D01280AD12048005D18B11F48005D01280FD100211C4801552E
:20A3E0000BE01B48005D40B91A480078A04000F0080010B1982116480155601CC4B2042CB7
:20A40000D8DB00241CE004A8005D012803D100201149085512E004A8005D18B901200E4948
:20A4200008550BE00A48005D40B90A480078A04000F0080010B1982105480155601CC4B27B
:20A44000042CE0DB05B030BD0020220000100140890F00208E00002036030020F8B5064624
:20A46000002700F081FB4648FFF732FD0020FFF76DFD002E4CD14348006820F07F4040F0D9
:20A480008840404908600846406820F0FF0040F04400486008040861002437E06846FFF78E
:20A4A000E9FB002513E01DF805003749095D88420BD03648405D40B935480078A84000F01A
:20A4C000080010B1952131484155681CC5B2042DE9DB9DF800002C49095D884214D09DF84B
:20A4E00001002949095D88420ED09DF802002649095D884208D09DF803002349095D884299
:20A5000002D000F031FBF8BD601CC4B2802CC5DB012E33D1002409E01D480078A04000F06D
:20A52000080008B1274603E0601CC4B2042CF3DB00BF1448006820F07F4040F08840114976
:20A5400008600846406820F0FF0040F04400486008040861002408E06846FFF78BFB1DF8B2
:20A5600007000C490855601CC4B2802CF4DB802009F04EFBFFF7E2FEFFF7A6FE00BFC2E7FB
:20A58000401022000010014038230020890F00208E00002038120020F8B50646002700F09D
:20A5A000E3FA7D48FFF794FC012E32D1002409E07A480078A04000F0080008B1274603E019
:20A5C000601CC4B2042CF3DB00BF0020FFF7BEFC7348006820F07F4040F0884070490860F1
:20A5E0000846406820F0FF0040F04400486008040861002408E06846FFF73CFB1DF80700C2
:20A6000068490855601CC4B2402CF4DB402009F0FFFA022E7ED12020FFF798FC6048006854
:20A6200020F07F4040F088405D4908600846406820F0FF0040F0440048600804086100248B
:20A6400015E06846FFF716FB9DF80000564908559DF801105448403001559DF802104030A0
:20A6600001559DF8031040300155601CC4B2202CE7DB00F079FA4848FFF72AFC2020FFF7D1
:20A6800065FC4748006820F07F4040F08840444908600846406820F0FF0040F04400486085
:20A6A00008040861202415E06846FFF7E3FA9DF800003D4908559DF801103B484030015504
:20A6C0009DF80210403001559DF8031040300155601CC4B2402CE7DB00243EE000251BE01D
:20A6E000314800EB8510015D2F4800EB851204F12000105C81420BD02C48405D40B9274872
:20A700000078A84000F0080010B1972127484155681C00E03EE0C5B2042DE1DB2248015DB5
:20A72000024604F12000105C814214D002F14000025D04F12001405C82420CD01A488030B3
:20A74000025D405C824206D01748C030025D405C824200D0F8BD601CC4B2202CBEDB1248A0
:20A7600090F83B005B280ED00F4890F87B005B2809D00D4890F8BB005B2804D00A4890F836
:20A78000FB005B2803D101200949087002E000200749087000BFDDE7801022008E000020CF
:20A7A000001001403812002060320020890F00203A03002070B5044600252BE004F0004044
:20A7C00040B1164800784FF4707101EA80101449086107E0114800784FF0707101EA8050BA
:20A7E0000F4908610D4800784FF4F00101EAC0400C4908600C48006880470848007878210B
:20A8000001EAC000074908600748006880476400681CC5B2202DD1DB70BD00008E00002024
:20A8200000100140100C01403C03002070B5044600252CE004F0800040B1164800784FF4ED
:20A84000707101EA80101449086107E0114800784FF0707101EA80500F4908610D480078B5
:20A860004FF4F00101EAC0400C4908600C480068804708480078782101EAC00007490860B5
:20A880000748006880476006040E681CC5B2082DD0DB70BD8E00002000100140100C01405E
:20A8A0003C0300202DE9F041054600244AE02E5D00272CE006F0800040B1244800784FF40D
:20A8C000707101EA80102249086107E01F4800784FF0707101EA80501D4908611B480078FD
:20A8E0004FF4F00101EAC0401A4908601A480068804716480078782101EAC00015490860FD
:20A900001548006880477006060E781CC7B2082FD0DB032C14D00D4800784FF4F00101EA33
:20A92000C0400C4908600C480068804707480078782101EAC0000749086007480068804796
:20A94000601CC4B2042CB2DBBDE8F0818E00002000100140100C01403C0300202DE9F04130
:20A9600006460C460025C8E0775D4FF000087EE007F08000D8B134B1012C08D0022C0BD000
:20A98000032C13D10DE001205E4908600EE001205C49091F086009E001205A4908390860ED
:20A9A00004E0012057490C39086000BF1BE034B1012C08D0022C0BD0032C13D10DE0002078
:20A9C000504908600EE000204E49091F086009E000204C490839086004E0002049490C391F
:20A9E000086000BF00BF34B1012C08D0022C0BD0032C13D10DE00020434908600EE000205C
:20AA00004149091F086009E000203F490839086004E000203C490C39086000BF00BF3B48AB
:20AA20000068804734B1012C08D0022C0BD0032C13D10DE00120344908600EE00120324964
:20AA4000091F086009E001202F490839086004E001202D490C39086000BF00BF2B480068BA
:20AA600080477806070E08F1010000F0FF08B8F1080FFFF67DAF032D3DD034B1012C08D083
:20AA8000022C0BD0032C13D10DE000201E4908600EE000201C49091F086009E000201A494F
:20AAA0000839086004E0002017490C39086000BF00BF16480068804734B1012C08D0022CB9
:20AAC0000BD0032C13D10DE001200F4908600EE001200D49091F086009E001200A49083927
:20AAE000086004E0012008490C39086000BF00BF064800688047681CC5B2042DFFF634AFEC
:20AB0000BDE8F081A4012242988121423C03002010B5012007F040FC002005F079FC322046
:20AB200007F02FFC0D480078FDF72EFF0409204605F06EFC094800784FF4F00101EAC0404B
:20AB400007490860054800784FF0707101EA805004490861052007F01FFC10BD8E00002035
:20AB6000100C01400010014010B5134800784FF4F00101EAC04011490860FA2007F022FC7F
:20AB80000D480078782101EAC0000C490860FA2007F018FC0A48006820F07F4040F0885031
:20ABA000074908600846406820F0FF0040F0110048608814086110BD8E000020100C014012
:20ABC0000010014010B5FFF7CFFF0E48FFF780F90020FFF7BBF9002410E0FEF7CBFE0A49E7
:20ABE00008700846007830B10849085DFFF71EFEFFF75AFA00E010BD601CC4B2802CECDB12
:20AC000000BFF8E7401012003B030020382300202DE9F0474FF000084FF0FF39254800885B
:20AC20004FF4A02101EB40470826FFF79DFF2248FFF74EF90020FFF789F9002435E04FF422
:20AC400080621E49384604F045FA701EA04211D1FF201A4981F8F80381F8F90381F8FA03C7
:20AC600081F8FB0381F8FC0381F8FD0381F8FE0381F8FF03002511E0FEF77CFE1049087021
:20AC80000846007830B10D494819FFF70BFEFFF70BFA01E0BDE8F087281D85B2B5F5806F4A
:20ACA000EADB07F58067601CC4B2B442C7DB00BFF0E700009200002000101200381200208E
:20ACC0003B03002010B5012007F07CFB10BD10B5022007F077FB10BD00207047002070472A
:20ACE0000020704770B50024064D07E0165D4640F6B2641C55F8266086EA10209C42F5D3C0
:20AD0000484070BDC84401082DE9F8432C482E4F002501784278DFF8AC8001EB02218278C3
:20AD2000C078120402EB006001EB00093878A52801D1002038702548FDF71AFCC1B2234817
:20AD400008F0BCFE04462248008800EB001101EB4012204908EB404001EB820100F52F005C
:20AD6000CA7B897B01EBC10303EB011102EB81060422694604F0AEF99DF800009DF80310B9
:20AD80009DF8012040EA01609DF80210090441EA02210843B9F1D70F0FD0B44201D004B13A
:20ADA0000125B44203D10C490968884201D1002D03D0A520387001F0DDFCBDE8F8830000EA
:20ADC000F87F0008F87B0100F84F0020C0FF01089200002048030020F8FF010810B52F48F8
:20ADE000008800EB80002E4B53F830002B4B1B8803EB83032A4C04EBC3035B681844274B23
:20AE00001B8803EB830304EBC3039B681844234B1B8803EB830304EBC303DB68C2181F4849
:20AE2000008800EB001303EB40101E4B03EB800090F8440000F0010068B11848008800EBCE
:20AE4000001303EB4010174B03EB8000806F904201D8012010BD00211CE01048008800EB61
:20AE600080000F4B03EBC00050F821000E4B98420CD80A48008800EB8000094B03EBC00083
:20AE8000103050F82100084B984201D90120E1E7481CC1B20429E0DB0020DBE792000020C6
:20AEA0009C0F0020480300203F420F00F0B52C48008800EB001101EB40112A4800EB810014
:20AEC00090F80EE0B0F85C40B0F85EC0B0F86020B0F86270B0F85430B0F85660B0F85810B6
:20AEE000B0F85A50BEF10A0F18D0E0B20CF0FF0400EB0420D2B200EB0240DAB2F3B202EBE1
:20AF00000322C9B202EB014100EB076001EB0561421C01D0884220D98920F0BD4FEA0C4CE5
:20AF200000201CEB040440EB000C10EB040E42EB0C023C0410EB0E0754413204D21840EB33
:20AF4000000683187141C01841EB05426FEA07012143E1D0C01BA241DED30020F0BD0000A1
:20AF6000920000204803002010B505F097FABDE8104005F07FBA0000014801F047B800000D
:20AF8000B0300020014801F041B80000E830002010B5046863604368102B036803D0996035
:20AFA0000068C26010BD9A600068C16010BD704710B504464FF4803000EB0431002000F001
:20AFC00001F94FF4A02000EB4441012000F0FAF84FF4C02000EB4441012000F0F3F810BDA5
:20AFE000F0B5074638A00E4691B007C801AB83E8070038A004AB07C883E8070038A207ABB1
:20B0000007CA83E8070039A00AAB07C883E8070039A20DAB07CA83E80700002007F07BF9BD
:20B020000C2546B1300907282CD2DFE800F02B222428262B2A00072F0ED2DFE807F00D04D2
:20B04000060A080D0C0001AC06E004AC04E00DAC02E00AAC00E007AC10232246052138209B
:20B06000009507F038FA10230821264A4020009521E001AC06E004AC04E00AAC02E00DACD8
:20B0800000E007AC1023224605213820009507F022FA06F002001C4A012108F0A5FD1A4ADE
:20B0A00002210832304608F09FFD174A1023921E08213820009507F00EFA4FF4FA7007F02C
:20B0C00060F911B0F0BD00002056444420434845434B20202056505720434845434B202012
:20B0E00020464C415348205445535420205541525420205445535420434F4E4E454354201C
:20B1000054455354B4000020D601002010B54FF4804001F07DF94FF4006001F079F9BDE84A
:20B1200010404FF4806001F073B9022001F070B9042001F06DB9000030B51E4885B081699E
:20B1400041F004018161816901F004010491816941F0080181618069174C00F00800049084
:20B16000022001258DE831006946144801F05CF944F604408DE831006946114801F054F926
:20B1800002221146082001F0C3FA082001F0B5FA03220221072001F0BBFA072001F0A2FACD
:20B1A00005220221282001F0B3FA282001F0A5FA05B030BD00100240000021100008014019
:20B1C000000C014070B505460C4607F02BF807F079F800221021184801F004FA25B1012D38
:20B1E00006D0022D0CD107E020201449087007E0D8201249087003E0C7201049087000BF65
:20B2000000BF4FF47A7301220C490D4802F078FC022D0BD0200C09490870200A48708C702E
:20B220004FF47A730322064802F06AFC01221021014801F0D7F970BD000801401402002009
:20B24000682F0020FEE700003EB5174B044600250A21186803E0B0FBF1F06D1CEDB2002824
:20B26000F9D16A462946186808F058FC9DF8000020702E2060709DF80110A170E0709DF83A
:20B28000020020719DF8030060712020A071002069462D1F05E00A1823181279401CDA71D2
:20B2A000C0B2A842F7DB3EBDF8FF010810B505F057F8FF2005F080F80A2007F06DF8F0203A
:20B2C00005F07AF80A2007F067F8BDE81040FF2005F072B82DE9F0474FF00009002426E095
:20B2E000E1B2002007F028FF4FF4803000EB044702115349384603F0EDFE002508E05048A4
:20B30000405DFF2802D04FF0010904E0681C85B2B5F5805FF3DB00BFB9F1010F05D139468A
:20B320000120FFF74FFF4FF00009601C84B2CD2CD6DB00267FE000210846FFF743FF16B111
:20B340004FF0550801E04FF0AA08711CC8B2002107F0F2FE002404E0394800F80480601CEF
:20B3600084B2FF2CF8DD00274FF480723449384606F082FF4FF480723149384603F0AAFE01
:20B38000002408E02E48005D404502D06020BDE8F087601C84B2FF2CF4DD00210846FFF7C8
:20B3A00011FF16B14FF0550801E04FF0AA08002404E0234800F80480601C84B2FF2CF8DDA7
:20B3C0004FF48037002509E04FF480721C49384606F052FF07F58037681C85B2CD2DF3DBD0
:20B3E0004FF48037002515E04FF480721449384603F070FE07F58037002407E01048005D55
:20B40000404501D06020C2E7601C84B2FF2CF5DD681C85B2CD2DE7DB002408E04FF4803088
:20B4200000EB04410020FFF7CDFE601C84B2CD2CF4DB701C86B2022EFFF67DAF0020A6E7BF
:20B44000381200202DE9F04107460C464FF00008FF224FF480511048FDF778F816E0B4F5C5
:20B46000806F01D2A5B201E04FF480652A460A49384603F02FFE002604E00748805D80444F
:20B48000701C86B2AE42F8DB2F44641B002CE6D14046BDE8F0810000381200202DE9F04103
:20B4A00007460C464FF00008FF224FF480512C48FDF74CF8B4F5803F35D916E0B4F5806FC1
:20B4C00001D2A5B201E04FF480652A462449384603F000FE002604E02148805D8044701C4D
:20B4E00086B2AE42F8DB2F44641BB4F5803FE5D816E0B4F5806F01D2A5B201E04FF4806579
:20B500002A461749384603F0E5FD002604E01448805D8044701C86B2AE42F8DB2F44641B88
:20B52000002CE6D119E016E0B4F5806F01D2A5B201E04FF480652A460949384603F0CAFD74
:20B54000002604E00648805D8044701C86B2AE42F8DB2F44641B002CE6D14046BDE8F081FA
:20B56000381200200148006870470000DC0200207FB504461022C9496846FCF7D5FFC848B4
:20B58000008800EB8000C74951F83000C449098801EB8101C34A02EBC10149680844C04961
:20B5A000098801EB810102EBC10189680844BC49098801EB810102EBC101C9684618E52059
:20B5C0002070422060707A20A07004F0CFF8B449087803F0A9FD03F063FF002505E0B248D5
:20B5E000415DE81C2154681CC5B2102DF7DBAF480088000AE074AD4800782075AC480068EF
:20B60000000E6075AA480068000CA075A8480088000AE075A64800782076002508E0A548FF
:20B62000284490F8E81705F119002154681CC5B20C2DF4DB00250EE09948008800EB001118
:20B6400001EB40109C4901EB8000415D05F125002154681CC5B20E2DEEDB9148008800EBE4
:20B66000001101EB4010944901EB8000807B04F8330F8B48008800EB001101EB40108E4991
:20B6800001EB8000C07B60708548008800EB001101EB4010884901EB8000B0F84400000A73
:20B6A000A0707F48008800EB001101EB4010824901EB800090F84400E0707948008800EB6C
:20B6C000001101EB40107C4901EB8000B0F86600000A20717248008800EB001101EB4010C9
:20B6E000754901EB800090F8660060716C48008800EB001101EB40106F4901EB8000B0F821
:20B700006A00000AA0716648008800EB001101EB4010694901EB800090F86A00E07160482D
:20B72000008800EB001101EB4010634901EB8000B0F86E00000A20725948008800EB00115A
:20B7400001EB40105C4901EB800090F86E0060725348008800EB001101EB4010564901EBEE
:20B760008000007CA072333C4D48008800EB001202EB40100A4602EB800000F124011022F0
:20B7800004F14000FCF7D0FE4548008800EB001101EB4010484901EB800090F8460084F81F
:20B7A00050003F48008800EB001101EB4010424901EB800090F8640084F85100384800883A
:20B7C00000EB001101EB40103B4901EB8000806CC4F8520000252EE03148008800EB001117
:20B7E00001EB4010344901EB80004C3030F815106800563021522A48008800EB001101EB18
:20B8000040102D4901EB8000543030F8151068005E3021522248008800EB001101EB401092
:20B82000254901EB80005C3030F81510680066302152681CC5B2042DCEDB44F86E6F184896
:20B84000008800EB001101EB40101B4901EB8000808BA0801248008800EB001101EB401013
:20B86000154901EB8000C08BE0800D48008800EB001101EB4010104901EB8000008C20814C
:20B880000748008800EB001101EB40100A4901EB8000408C60816E3C7FBD0000C0FF01087F
:20B8A000920000209C0F0020E0FF0108FC7F0008F8FF010800F0FF1F48030020F8B5002555
:20B8C0000446009590F82400012808D0012084F824002046FCF792FE060002D04BE002200D
:20B8E000F8BDA06A20F4885040F00200A062022001F02CFA22490968B1FBF0F0400000E0A8
:20B90000401E00900028FBD12046FCF79DFE2068816841F00801816000F06AFE074604E03C
:20B9200000F066FEC01B0A2811D8206880680007F6D42068816841F00401816000F058FEAE
:20B9400007460EE000F054FEC01B0A2809D9A06A20F0020040F01000A06284F8245001200C
:20B96000F8BD206880684007ECD4A06A20F0020040F00100A06284F824503046F8BD000031
:20B9800084000020F8B50025009590F82420AE46012A1ED0012280F824204A681F244FF4AC
:20B9A0007873072A17D20668776B93FAA3FCBCFA8CFC521E02FB0CFC04FA0CF4A74393FADE
:20B9C000A3F3B3FA83F30C685A439440274377632DE00220F8BD06680D2A14D2376B93FAE7
:20B9E000A3FCBCFA8CFCD21F02FB0CFC04FA0CF4A74393FAA3F3B3FA83F30C685A43944061
:20BA00002743376313E0F76A93FAA3FCBCFA8CFC0D3A02FB0CFC04FA0CF4A74393FAA3F30D
:20BA2000B3FA83F30C685A4394402743F7620A683823072406680A2A14D3F76893FAA3FC2F
:20BA4000BCFA8CFC0A3A02FB0CFC04FA0CF4A74393FAA3F3B3FA83F38C685A439440274362
:20BA6000F76012E0376993FAA3FCBCFA8CFC02FB0CFC04FA0CF4A74393FAA3F3B3FA83F340
:20BA80008C685A439440274337610A68102A01D0112A20D1124B02689A4217D193681B02F3
:20BAA00019D4936843F4000393600968102912D10C490D4A0968B1FBF2F101EB8101490081
:20BAC00000E0491E00910029FBD104E0816A41F020018162012580F824E02846F8BD0000D0
:20BAE000002401408400002040420F000068C06C704700002DE9F04104004FF0000513D0EF
:20BB0000A06A002628B9E66284F82460204600F08BF82046FCF772FDA16AC90600D420B1AC
:20BB2000A06A40F01000A06278E0A16A21F4885141F00201A1626268E16902270A43E1685E
:20BB400097FAA7F70B46B7FA87F7B9400A43A1684FF48077B94209D0012907D05FF0000188
:20BB6000D4F814C0BCF1010F02D00AE03946F7E7F3B1A36A43F02003A362E36A43F00103BF
:20BB8000E3622368D3F804C02CF4694C4CEA010CC3F804C021688B68DFF884C003EA0C031C
:20BBA00013438B60A168B94210D001290ED016E04FF4604CA3699CFAACFCBCFA8CFC5B1E72
:20BBC00003FA0CF30B4343F40061DAE74FF47001256991FAA1F1B1FA81F16D1E8D40216865
:20BBE000CB6A23F470032B43CB62216889680D4B1940914208D1E662A16A21F0020141F07C
:20BC00000101A162BDE8F081A06A20F0020040F01000A062E06A40F00100E0620120F1E7F5
:20BC2000FDF7E1FFFE0E1FFF10B500680E4986B0884217D10D48816941F4007181618069EA
:20BC4000032400F4007004900F20CDE900046946074800F0E9FB0120CDE900046946054833
:20BC600000F0E2FB06B010BD002401400010024000100140000801402DE9F84300260D4659
:20BC80000446009600F0B4FC804620688168C90508D5A06A40F02000A06284F824600120C5
:20BCA000BDE8F8834168C90503D4C06A10F4700F26D0022001F04AF838490968B1FBF0F799
:20BCC0002068036936490B424FEA61014FEAA1121BD1C3684FEA611C13EA0C0F15D10369E6
:20BCE0000B4221D1C06810421ED114201FE0681C06D045B300F07CFCA0EB0800A84222D838
:20BD0000206800688007F2D52AE003690B4202D1C168114206D0026922490A4206D1C068DC
:20BD2000084203D1542002E0292000E0FC204743009813E0681C0ED02DB100F059FCA0EB25
:20BD40000800A84207D9A06A40F00400A06284F824600320A4E70098401C0090B842E9D3E9
:20BD600021686FF012000860A06A40F40070A06220688068C0F3424007280CD1E06850B9AF
:20BD8000A06A20F48070A062A06AC00403D4A06A40F00100A062002082E700008400002084
:20BDA000244992244992240070B5044690F8240001280DD0012084F824002046FCF744FCE6
:20BDC00002004FF0000005D084F82400104670BD022070BDA16A40F20123994341F4807178
:20BDE000A1621F4D23681F49AB4218D10E6816F4702F14D0A66A46F48016A6620E6876052F
:20BE000005D5A66A26F4005646F48056A662A66AF6040AD5E66A26F00606E66206E0A66A17
:20BE200026F48016A6625E68E9E7E06284F824006FF00200186020688368C3F34243072B19
:20BE400005D1A84208D1096811F4702F04D0816841F480118160B9E7816841F4A001F9E791
:20BE6000002801400424014010B5040002D0607910B106E0012010BD00202071204600F0E0
:20BE800004F801206071002010BD70472DE9F04104460068016821F00101016000F0A8FBA7
:20BEA000054600264FF47A7710E000BF00F0A0FB401BB8420AD954F8340F40F0200044F850
:20BEC0001409032060702670BDE8F08120680068C007EBD1012084F8210084F82060002059
:20BEE000F2E70000F0B540B390F82110022924D001680A6822F001020A6001684FF0000EE9
:20BF0000C1F800E00168C1F804E00168C1F808E00168C1F80CE03C4C3B4D3B4E3A4F3A4AC4
:20BF2000DFF8E4C00168143428353C3650370CF1640C914203D102211BE00120F0BDA1429C
:20BF400001D1202115E0A94202D14FF4007110E0B14202D14FF400510BE0B94202D14FF421
:20BF6000003106E0614502D14FF4001101E04FF00071254B083B59600168914201D10821A9
:20BF800019E0A14201D1802115E0A94202D14FF4006110E0B14202D14FF400410BE0B942DB
:20BFA00002D14FF4002106E0614502D14FF4000101E04FF0006159600168914201D104213A
:20BFC00019E0A14201D1402115E0A94202D14FF4806110E0B14202D14FF480410BE0B942DB
:20BFE00002D14FF4802106E0614502D14FF4800101E04FF080615960C0F834E080F821E068
:20C0000080F820E00020F0BD080002402DE9F05FDFF860820446D8F80020DFF858B2954D76
:20C02000944E944F0068DFF84C92DFF848A20BF1080B1C35303644374FF400614FF4004CE9
:20C040004FF4002E09F158090AF16C0A584501D1082316E0A84201D1802312E0B04201D1FE
:20C060000B460EE0B84201D163460AE0484501D1734606E0504502D14FF4000301E04FF056
:20C0800000631A4231D00268D24312072DD4026822F0080202602068584501D1082114E04B
:20C0A000A84201D1802110E0B0420ED0B84201D161460AE0484501D1714606E0504502D1A2
:20C0C0004FF4000101E04FF00061C8F80410606B40F001006063042084F82100002084F8AB
:20C0E0002000216B09B1204688476248D0F800C04FF4806120680A010B044FF4802E58451F
:20C1000002D14FF0040816E0A84202D14FF0400811E0B04201D188460DE0B84201D19046B5
:20C1200009E0484501D1F04605E0504502D14FF4800800E098461CEA080F33D0D0F800C003
:20C140006FEA0C0C5FEA4C7C2CD4D0F800C05FEA8C6C05D4D0F800C02CF0040CC0F800C08F
:20C160002068584501D1042113E0A84201D140210FE0B0420DD0B84201D1114609E048453C
:20C1800001D1714605E0504502D14FF4800100E0194638484160112084F82100E16A09B1D2
:20C1A00020468847334AD2F800C05B46206851154FF4005B4FF4003E984202D14FF002089F
:20C1C00017E0A84202D14FF0200812E0B04201D188460EE0B84201D1D8460AE0484501D19F
:20C1E000F04606E0504502D14FF4001801E04FF000781CEA080F3BD0D0F800C06FEA0C0CA7
:20C200005FEA8C7C34D4D0F800C05FEA8C6C05D4D0F800C02CF0020CC0F800C02068984297
:20C2200001D1022114E0A84201D1202110E0B0420ED0B84201D159460AE0484501D17146ED
:20C2400006E0504502D14FF4001101E04FF000715160606B6063012084F82100002084F812
:20C260002000A16A002903D02046BDE8F05F0847BDE8F09F0000024070B520B190F82110C9
:20C28000002411B103E0012070BD80F82040022180F8211003681A6843F6F0718A43D0E9D6
:20C2A00001152943D0E90356354329434569294385692943C5692943114319604463012162
:20C2C00080F82110002070BD70B5044690F82000012823D0012084F82000022084F82100B9
:20C2E0002068056825F0010505602046FEF750FE2068016841F0020101602068016841F078
:20C30000040101602068016841F0080101602068016841F001010160002070BD022070BD0A
:20C3200031B500F065F9044600F062F90099001B8842F9D338BD000070B506460A2006F064
:20C3400020F82F4C2F4DB6F5806F3AD012DC022E25D0042E34D1D5F80801002830D10A20B7
:20C3600006F01AF8D5F80801002829D1207840F0010034E0B6F5006F33D0B6F5804F1FD159
:20C38000D5F8380100281BD10A2006F005F8D5F83801002814D1207840F008001FE01A4C1E
:20C3A000D4F8040100280BD1642005F0F5FFD4F80401002804D11548017881F001010170B3
:20C3C00070BDD5F828010028FAD10A2005F0E4FFD5F828010028F3D1207840F00200207009
:20C3E00070BDD5F82C010028FAD10A2005F0D4FFD5F82C010028F3D1207840F00400EEE7AA
:20C400008D00002000802142000021428C000020044910B50A68024202D00860FFF78CFFFA
:20C4200010BD0000140401402DE9F84FDFF890A100220AF1040B144601274FF00F090BF170
:20C44000040E00BF0B6807FA04F52B40AB4274D1DFF870C14E68A6EB0C0866452BD00DDC0F
:20C46000032E34D005DC36B3012E19D0022E2FD11BE0112E16D0122E2AD119E0B8F5881FCD
:20C4800019D006DCB8F5803F15D0B8F5801F1FD111E0B8F5001F0ED0B8F5041F18D10AE006
:20C4A000CA6815E0CA68121D12E0CA6808320FE0CA680C320CE08A682AB1012A4FF008020A
:20C4C00003D0456104E0042202E0056100E00022FF2B01D8064601E000F104064FEA8405A2
:20C4E00001D9A5F12005D6F800C009FA05F82CEA080C02FA05F54CEA050CC6F800C04D687F
:20C50000ED0057D5304DAE6946F00106AE61AD6924F0030605F0010500952C4D06EB050CE4
:20C52000DCF80850A6074FEA167809FA08F6B543274EB04202D1002610E03BE0254EB04292
:20C5400001D101260AE0244EB04201D1022605E0224EB04201D1032600E0042606FA08F650
:20C560002E43CCF808604D68DAF80060ED03554601D51E4300E09E432E604D68DBF800603E
:20C58000AD035D4601D51E4300E09E432E604D68DEF80060ED02754601D51E4300E09E4335
:20C5A0002E604D68AD020E4D2E6801D51E4300E09E432E60641C102CFFF444AFBDE8F88F44
:20C5C0000004014000001110001002400000014000080140000C0140001001400014014026
:20C5E0000C0401400AB1016170470904FBE7000001480068704700001003002002480168D9
:20C60000491C01607047000010030020074810B5016841F010010160032000F099F8002086
:20C6200000F006F800F016F8002010BD0020024010B5044600F05CFD4FF47A71B0FBF1F0AD
:20C6400001F05BFC00222146501E00F061F8002010BD0000214808B5816941F00101816140
:20C66000806900F001000090032000F071F8002211466FF00B0000F04BF8002211466FF0E6
:20C680000A0000F045F8002211466FF0090000F03FF800221146501F00F03AF800221146D8
:20C6A000101F00F035F800221146901E00F030F800221146501E00F02BF80022114601205B
:20C6C00000F026F8012000F018F80548416821F0E06141F00071416008BD00000010024089
:20C6E0000000014000F01F02012191404009800000F1E020C0F88011704700F01F02012108
:20C7000091404009800000F1E020C0F800117047F0B40E4B1B680C46C3F30223C3F10705A1
:20C72000042D00D90425191D072901D2002300E0DB1E012606FA05F1491E214099409E40F5
:20C74000761E16403143F0BC02F094BA0CED00E0064900F0070208684FF6FF03184040EA35
:20C760000220034A10430860704700000CED00E00000FA05BFF34F8F05480168054A01F476
:20C78000E06111430160BFF34F8F00BFFDE700000CED00E00400FA0510B50C0605D501F0F2
:20C7A0007F0100EB4110283003E000EB411000F5027099B232B101228272C180190C0181B2
:20C7C000002010BD002282728180F9E7704700EB4112D0F81C04D26B04F09FBB00EB4112CF
:20C7E000D0F81C04D2F81C2204F0ECBB10B504460A460B0601F07F0004EB401101D528315F
:20C8000001E001F502710870D009487094F8E803012809D0012084F8E803206804F0BAFF8F
:20C82000002084F8E80310BD022010BD70B50A460446090602F07F0003D504EB4011283105
:20C8400003E004EB421101F5027100258D700870D009487094F8E803012809D0012084F809
:20C86000E803206805F03EF884F8E853002070BD022070BD70B504460D460E0601F07F0081
:20C8800004EB401101D5283101E001F502710870E80948700A61CB7094F8E803012809D09F
:20C8A000012084F8E803206804F044FE002084F8E80370BD022070BD70B504460E4601F07B
:20C8C0007F0004EB401101F5077100252CC101F81F5C01F8200D94F8E80301280AD00120E4
:20C8E00084F8E8037006206805F056F884F8E853002070BD022070BD70B50D46044609066C
:20C9000005F07F0003D504EB4011283103E004EB451101F5027101228A700870E809487063
:20C9200094F8E803012807D084F8E823206805F00EF8680602D006E0022070BD04F57B711C
:20C94000206804F0CDFF002084F8E80370BD70B504460E4601F07F0004EB40113C310025D6
:20C960002CC1012201F81F2C01F8200D94F8E803012809D084F8E8237006206805F00CF846
:20C9800084F8E853002070BD022070BD10B50446006805F0E3F8000402D5204602F07AF957
:20C9A000206805F0DBF840050CD5206830F8441F21F480610180204600F0ECF800212046B6
:20C9C00000F0FDF8206805F0C9F8400405D5206830F8441F21F480410180206805F0BEF879
:20C9E000800405D5206830F8441F21F400510180206805F0B3F8C00413D5206830F8401FFC
:20CA000021F00401018021684FF43D40A1F84000204600F0CCF8206830F8441F21F480514A
:20CA20000180206805F09AF800051AD5206830F8441F21F400610180206830F8401F41F028
:20CA400008010180206830F8401F41F004010180206805F083F8C043C00402D5204600F09A
:20CA6000E3F8206805F07AF8800508D5206830F8441F21F400710180204600F09CF82068FE
:20CA800005F06CF8C00505D5206830F8441F21F48071018010BD00002DE9F04186B00400B6
:20CAA0004FF0000504D094F8E903002620B108E0012006B0BDE8F08184F8E863204600F0FD
:20CAC0004BF8032084F8E903206804F002FF04F11001142288466846FBF726FD94E80F00B3
:20CAE00004F056FE0021206805F04BF85FF0010704EB451080F8297000F8285F8581C670A6
:20CB0000066146616D1C86610F2DF1D35FF0000004EB401181F8096281F80802888681F81A
:20CB20000B62C1F81862C1F81C62401CC1F820620F28EDD3142241466846FBF7F5FC94E8C6
:20CB40000F0004F0BDFE84F8246084F8E973206804F0B4FE0020ACE708B500680B4988421B
:20CB600012D10B48C16941F40001C161C069002200F40000009011461420FFF7C9FDBDE842
:20CB800008401420FFF7B9BD08BD0000005C00400010024010B504460121D0F81C0404F0ED
:20CBA000E3FAD4F81C04BDE8104004F0ACBAD0F81C0404F0C7BAD0F81C0404F0C9BA10B5DC
:20CBC000044690F8E80301280BD0012084F8E80384F82410206804F0D6FF002084F8E80384
:20CBE00010BD022010BDD0F81C2400F57B71104604F0CDBA10B5044690F8E803012810D034
:20CC0000012084F8E80301462046FFF7DFFD206804F052FE206804F094FF002084F8E803AB
:20CC200010BD022010BD000010B50446D0F81C0404F0FAFAA069002804D00348016841F06F
:20CC40000601016010BD000010ED00E030B51C490A68036822F0E0021A430A6019490A680C
:20CC600022F480320A600C1F226822F480322260144A0832136823F4803313600B1D1D6886
:20CC800025F480351D604568ED0303D5256845F4803525604468A40303D50C6844F4803449
:20CCA0000C600179C90703D0196841F4803119600079800703D5106840F48030106030BD7A
:20CCC00000700040040401400120102191FAA1F1024AB1FA81F142F82100704700000E4221
:20CCE00070B504F069FF05F019FF4FF496740E4D0FE0FF2003F034FB01212046FBF7F2FD65
:20CD0000C82005F03EFBAA2003F02AFBC82005F038FB68684007ECD40448008802F004FA70
:20CD2000BDE8704005F06EBF007000409200002010B5054C2068C00304D5FFF7D1FF4FF4D7
:20CD40008030206010BD00001404014010B533A401461DCC86B08DE81D0034A0344C00682D
:20CD600004900020012931D0022948D010292BD161682268D20127D54FF4701292FAA2F255
:20CD800001F47010B2FA82F2D040C9031DF8000010D561684FF4003292FAA2F201F40031A4
:20CDA000B2FA82F2D14004AA515C224AB2FBF1F1484301E0204948436168490204D4400060
:20CDC0005FF00301B0FBF1F006B010BD226AC2F30121012903D1920701D5C803F4E7022950
:20CDE00005D1626A920702D549F64040ECE70329EAD121688903E7D54FF22440E4E700F077
:20CE000095F961684FF4804292FAA2F201F44041B2FA82F2D140491C4900D3E70203040579
:20CE2000060708090A0B0C0D0E0F1010010200000010024000127A0000093D002DE9F843F1
:20CE400005460078454CC00774D0E06940F08050E061E069424E00F080500090306840F4F4
:20CE600080703060FFF7C4FB074604E0FFF7C0FBC01B642833D83068C005F7D5206A10F472
:20CE8000407051D0A98801F4407181424CD0206A0126310491FAA1F2B2FA82F29300314AD9
:20CEA00020F440701344C3F8006491FAA1F1B1FA81F102EB81010023C1F800342062C00736
:20CEC00032D0FFF795FB074641F288394FF0020808E000BFFFF78CFBC11B494502D90320B4
:20CEE000BDE8F88398FAA8F1B1FA81F141F040014046B6EB511F01D121680BE090FAA0F160
:20CF0000B1FA81F141F04001B0EB511F01D1216A00E0616A98FAA8F0B0FA80F000F01F021A
:20CF200006FA02F00142D5D0206A696820F44070084320622878800705D56068A96820F43D
:20CF40004040084360602878C00605D56068E96820F48000084360600020C1E70010024034
:20CF600000700040000042422DE9F047DFF8708105460E46D8F8000000F00700B0420CD232
:20CF8000D8F8001021F007013143C8F80010D8F8000000F00700B04277D12878514C80078F
:20CFA00005D56068A96820F0F000084360602878C00759D06968012001290DD0022929D006
:20CFC0005FF0020393FAA3F2B2FA82F242F02002520904D0226803E04FF40033F2E7626AB0
:20CFE00093FAA3F3B3FA83F303F01F03984002424BD0606820F0030008436060FFF7F8FAD1
:20D000006968074641F2883001290DD00229814617D025E04FF00073D4E700BFFFF7E8FA1E
:20D02000C11B494501D918E081466068C0F381000128F3D118E000BFFFF7DAFAC11B494519
:20D040000BD86068C0F381000228F5D10CE000BFFFF7CEFAC11B494502D90320BDE8F08714
:20D06000606810F00C0FF3D1D8F80010404601F00701B1420BD9016821F00701314301607C
:20D08000006800F00700B04201D00120E6E72878400705D56068E96820F4E0600843606047
:20D0A0002878000706D56068296920F4605040EAC100606000F052F86168F02292FAA2F2F0
:20D0C00001F0F001B2FA82F2D140074A515CC840064908600020FFF7ABFA0020BEE7000000
:20D0E00000200240001002406C440108840000200148006870470000840000200848094971
:20D10000006849684FF4E06292FAA2F201F4E061B2FA82F2D140044A515CC8407047000030
:20D1200084000020001002407C44010808480949006849684FF4605292FAA2F201F46051BA
:20D14000B2FA82F2D140044A515CC8407047000084000020001002407C44010810B519A3A4
:20D1600085B00FCB8DE80F001AA01B4B006804905A681A4802F00C0104291DD008291BD1A6
:20D180004FF4701494FAA4F402F47011B4FA84F4E140D2031DF8011010D55A684FF40033CC
:20D1A00093FAA3F302F40032B3FA83F3DA4004AB9A5CB0FBF2F0484305B010BD08484843CD
:20D1C000FAE7000002030405060708090A0B0C0D0E0F1010010200000010024000127A00F6
:20D1E00000093D002DE9F84F04460078F74DC0074FF0010625D068687704C0F381000128DC
:20D2000007D06868C0F3810002281BD16868C00318D597FAA7F0B0FA80F040F020004009C2
:20D2200001D0286800E0686A97FAA7F1B1FA81F101F01F0106FA01F108425ED0606800282A
:20D240007CD05AE06068B0F5803F0BD010B1B0F5A02F11D0286820F480302860286820F4AB
:20D26000802002E0286840F480302860606828B3FFF7BEF980460BE0286840F48020286043
:20D28000F0E700BFFFF7B4F9A0EB0800642871D897FAA7F0B0FA80F040F02000400901D041
:20D2A000286800E0686A97FAA7F1B1FA81F101F01F0106FA01F10842E4D01EE0FFF798F960
:20D2C000804605E0FFF794F9A0EB08006428DED897FAA7F0B0FA80F040F02000400901D09F
:20D2E000286800E0686A97FAA7F1B1FA81F101F01F0106FA01F10842E4D12078DFF8D082E3
:20D3000080074FF000094FF002075BD568684FF0F80B10F00C0F07D06868C0F38100022894
:20D320001CD16868C00319D497FAA7F0B0FA80F040F02000400902D0286801E08BE0686A25
:20D3400097FAA7F1B1FA81F101F01F0106FA01F108422CD0206901287DD128E0206990B36A
:20D3600096FAA6F0B0FA80F048F82060FFF740F9824607E011E100BFFFF73AF9A0EB0A0060
:20D38000022884D897FAA7F0B0FA80F040F02000400901D0286800E0686A97FAA7F1B1FA45
:20D3A00081F101F01F0106FA01F10842E4D028689BFAABF26169B2FA82F220F0F800914075
:20D3C0000843286025E0FFE796FAA6F1B1FA81F148F82190FFF70CF9824605E0FFF708F9BB
:20D3E000A0EB0A000228CCD897FAA7F0B0FA80F040F02000400901D0286800E0686A97FA4B
:20D40000A7F1B1FA81F101F01F0106FA01F10842E4D1207800076ED5A069B8B396FAA6F0D9
:20D42000B0FA80F008EB8000C0F88064FFF7E0F8824605E0FFF7DCF8A0EB0A000228A0D847
:20D4400097FAA7F0B0FA80F040F06000B6EB501F02D128680CE062E197FAA7F0B0FA80F016
:20D4600040F06000B7EB501F01D1286A00E0686A97FAA7F1B1FA81F101F01F0106FA01F2AB
:20D480001042D7D00120FEF74BFF34E0FFE796FAA6F1B1FA81F108EB8101C1F88094FFF7BD
:20D4A000A7F8824606E000BFFFF7A2F8A0EB0A00022872D897FAA7F0B0FA80F040F06000F5
:20D4C000B6EB501F01D128680BE097FAA7F0B0FA80F040F06000B7EB501F01D1286A00E0C8
:20D4E000686A97FAA7F1B1FA81F101F01F0106FA01F21042D8D12078400765D5E86940F07B
:20D500008050E861E869DFF8CCB000F080500090DBF8001041F48071CBF80010FFF768F8CC
:20D52000824605E0FFF764F8A0EB0A00642834D8DBF80000C005F5D5E06801280AD008B159
:20D54000052813D0286A20F001002862286A20F0040002E0286A40F001002862E06841F23E
:20D56000883B90B3FFF744F882460BE0286A40F004002862EEE700BFFFF73AF8A0EB0A011E
:20D5800059450AD897FAA7F0B0FA80F040F04000B6EB501F02D128680CE0A3E097FAA7F04F
:20D5A000B0FA80F040F04000B7EB501F01D1286A00E0686A97FAA7F1B1FA81F101F01F0262
:20D5C00006FA02F10842D7D031E005E0001002400000424200700040FFF70AF8824605E046
:20D5E000FFF706F8A0EB0A0159457BD897FAA7F0B0FA80F040F04000B6EB501F01D128688C
:20D600000BE097FAA7F0B0FA80F040F04000B7EB501F01D1286A00E0686A97FAA7F1B1FA72
:20D6200081F101F01F0206FA02F10842D8D1E06980B36968C1F38101022970D04FF0807162
:20D640004F000228484609D091FAA1F1B1FA81F148F82100FEF7CCFF044669E08A4691FAA1
:20D66000A1F1B1FA81F1C14648F82100FEF7C0FF804605E0FEF7BCFFA0EB0800022854D89B
:20D6800097FAA7F0B0FA80F040F02000400902D0286801E061E0686A97FAA7F1B1FA81F113
:20D6A00001F01F0106FA01F10842E3D1206AB0F5803F05D16868A16820F400300843686075
:20D6C000D4E908010843696821F47411084368609AFAAAF0B0FA80F049F82060FEF788FF36
:20D6E000044606E021E000BFFEF782FF001B02281BD897FAA7F0B0FA80F040F020004009B1
:20D7000001D0286800E0686A97FAA7F1B1FA81F101F01F0106FA01F10842E5D01DE01EE0B3
:20D72000FEF766FF001B022802D90320BDE8F88F97FAA7F0B0FA80F040F02000400901D074
:20D74000286800E0686A97FAA7F1B1FA81F101F01F0106FA01F10842E2D10020E6E7012033
:20D76000E4E7000010B5040003D094F8510010B104E0012010BD204600F038F8022084F8AE
:20D7800051002068016821F040010160D4E901010843D4E903121143084361690843218B58
:20D7A00001F400710843E1690843216A0843A16A084321680860A069042101EA1040616AD2
:20D7C0000843216848602168E06A08612068C16921F40061C161044900200870606501207C
:20D7E00084F85100002010BD140300202DE9F04F054600683F49DFF80081032685B0884228
:20D800005CD1D8F8181041F48051C8F81810D8F81800DFF8E8B000F480500490A0200090F6
:20D820000220019069465C4603965846FEF7FCFD4FF000094020CDE900094F4669462046AE
:20D84000CDF80890FEF7F0FD2E4C2D484FF0800AC4E90007C4E9027A27616761A761204636
:20D86000E761FEF709FD08B1FDF7ECFC6C6465622348254C14301027C4E90007C4E9029AE5
:20D88000C4F81090C4F81490C4F818902046C4F81C90FEF7F1FC08B1FDF7D4FC2C646562E4
:20D8A0000120CDE9007069465C4603965846FEF7BBFD012210212046FEF794FE13492868BF
:20D8C000884214D1D8F81C1041F48041C8F81C10D8F81C00694600F4804004904FF4204035
:20D8E00000900220019003960948FEF79DFD05B0BDE8F08F00300140001002400008014087
:20D900001C000240B0300020E830002000380040000C01402DE9F84F00259A460446ADF85B
:20D92000005090F8510001287ED1E9B3E2B394F85000012878D0012684F85060222084F8B7
:20D9400051006565A163A287E287A564E5642563A586E586A0684FF40049484504D1206828
:20D96000036823F480430360A06A4FF40057B84209D12068036823F40053036020680368D4
:20D9800043F40053036060684FF48278404501D1A06878B120680168490603D4016841F05C
:20D9A00040010160E06800E001E0E8B131E00120BDE8F88F84F8505013460A462046CDF8D5
:20D9C00000A000F040F9F3E7534600220121204601F09CFF48BB2068C168A06B421CA263B3
:20D9E0000170E08F401EE087E08F0128ECD813E0534600220121204601F088FFA8B920688F
:20DA0000C068A16B0880A06B801CA063E08F401EE087E08F0128EBD8A06AB84207D12068AD
:20DA2000016841F4805101E068E007E00160534600220121204601F069FF08B10320B7E7F0
:20DA4000E0680028206817D0C068A16B0880A06B801CA063E08F401EE087A06AB84217D161
:20DA6000534600220121204601F050FF50B1606D40F002006065E1E7C168A06B421CA263FF
:20DA80000170E7E72068C068ADF80000BDF80000606840450AD1A068484502D0B0F5806F1A
:20DAA00004D12068016821F04001016084F85160A06AB8420DD120688068C043C00608D4C9
:20DAC000204601F021FF012807D021686FF01000886084F8505000206AE7606D40F0020063
:20DAE00060652068016821F4005101602068016841F40051016084F8505058E7022057E716
:20DB00002DE9F843044690F851009846012870D139B332B394F8500001286AD0012684F896
:20DB20005060122084F85100002565652163A286E286E564A564A563A587E587A06A7703BD
:20DB4000B84209D12068016821F4005101602068016841F400510160A068B0F5004F03D092
:20DB600007E00120BDE8F8832068016841F48041016020680168490603D4016841F0400143
:20DB80000160E0680028606804D0D8B1E08E012818D021E010B1E08E012808D1206B411CF6
:20DBA000216321680078C860E08E401EE0860004000C1FD0434600220221204601F0A6FEBE
:20DBC000A8B9EBE7206B21680088C860206B801C2063E08E401EE0860004000C0AD04346FF
:20DBE00000220221204601F091FE0028EAD00320B8E726E0A06AB84204D12068016841F451
:20DC000080510160434600220221204601F07EFE30B9434601228021204601F077FE20B15E
:20DC2000606D40F010006065E1E7A06818B92068C1688068009084F8516084F850500020DF
:20DC400090E702208EE72DE9F8430025DDF820800446ADF8005090F85100012803D094F82B
:20DC6000510022287DD169B162B15BB194F85000012876D0012684F8506094F851000128DE
:20DC800003D005E00120BDE8F883322084F851006565A263A387E3872163A386E386A564EA
:20DCA000E564A06A4FF40057B84209D12068016821F4005101602068016841F40051016013
:20DCC00020680168490603D4016841F040010160E0684FF48271B0F5006F606807D0002898
:20DCE00067D088426ED1E08E012862D06AE020B188420CD1E08E012809D1206B216800884C
:20DD0000C860206B801C2063E08E401EE086E08E80B9A06AB84244D12068016841F4805148
:20DD200001603EE02068C068A16B0880A06B801CA0639EE0434600220221204601F0E6FDF0
:20DD4000002874D1206B21680088C860206B801C2063E08E401E0004000CE08609D1A06AC2
:20DD600000E0C7E0B84204D12068016841F480510160434600220121204601F0C7FD0028E5
:20DD80006FD12068C068A16B0880A06B801CA063E08F401EE087E08E0028CBD160680028FF
:20DDA0006AD1434600220121204601F0AFFDF0BBB8E7206B411C216321680078C860E08E0B
:20DDC000401EE086E08E98B9A06AB84204D12068016841F48051016043460022012120465C
:20DDE00001F094FD18BB2068C068A16B087040E0434600220221204601F088FDB8B9206BD4
:20DE0000411C216321680078C860E08E401E0004000CE08607D1A06AB84204D12068016814
:20DE200041F48051016000224346012100E018E0204601F06BFDA0B92068C168A06B421CA4
:20DE4000A2630170E08F401EE087E08E0028CFD1606888B9434600220121204601F056FD62
:20DE600008B103200FE72068C168A06B421CA2630170E08F401EE087A06AB84210D143469E
:20DE800000220121204601F041FD18B1606D40F002000FE02068C068ADF80000BDF80000E8
:20DEA000434601228021204601F030FD20B1606D40F010006065D4E784F85160A06AB84202
:20DEC00014D120688168C943C9060FD4616D41F002016165016821F4005101602068016845
:20DEE00041F40051016084F85050CBE684F850500020C8E60220C6E6704710B5401EB0F13B
:20DF0000807F01D3012010BD4FF0E02460610F21601700F0AFFE0020A0610720206100200F
:20DF200010BD10B5FFF7E8FF10BD7047704730B590F83820012A20D0012280F8382002233F
:20DF400080F8393003685C6824F070045C6003685C680D682C435C6003689C6824F0800497
:20DF60009C6003689C6849680C439C6080F83920002180F83810084630BD022030BD10B579
:20DF8000040003D094F8390010B107E0012010BD002084F83800204600F00CF8022084F883
:20DFA0003900211D206802F005FB012084F83900002010BD00B51E4A01681E4885B09142B9
:20DFC00022D1C16941F00201C161C069694600F0020004904FF4707000900020019002907A
:20DFE0001548FEF721FA002211461D20FEF790FB1D20FEF782FB11484168114A21F0A06160
:20E000001143416005B000BDB1F1804FFAD1C16941F00101C161C069002200F0010004900E
:20E0200011461C20FEF774FB1C20FEF766FBE9E7000400400010024000100140000001405F
:20E04000000C00020168CA6842F00102CA600068016841F001010160002070470168CA68E1
:20E0600022F00102CA600068016A41F21112114207D1016A9210114203D1016821F001015D
:20E0800001600020704700002DE9F05F5B4E0446007EDFF86CB1A6F10C054FF0000A06F196
:20E0A000080706F1100805F10409012820D1EA7812B399F803108A4217D12068406BF880FB
:20E0C000F288801A4F4A80B25143B1FBF0F1A8F80600CBF80C10311F204681F803A00021C8
:20E0E00000F092F82046FFF7B9FFE878401CE870207E022804D025E02068406BF080F4E75F
:20E10000AA781AB399F802108A4218D12068806BB880B288801A3B4A80B25143B1FBF0F161
:20E12000A8F80400CBF8081034492046091F81F802A0042100F068F82046FFF78FFFA878BB
:20E14000401CA870207E042804D025E02068806BB080F4E76878E8B399F80110884218D15A
:20E160002068C06B78807288801A264A80B25143B1FBF0F1A8F80200CBF804101F49204656
:20E18000091F81F801A0082100F03EF82046FFF765FF6878401C6870207E082823D12978B7
:20E1A00039B399F8000081421AD12168096C39803288891A134A89B2A8F800105043B0FB9A
:20E1C000F1F1CBF800100D492046091F81F800A00C2100E009E000F017F82046FFF73EFFFF
:20E1E0002878401C2870BDE8F09F2068C06B7080CFE72068006C3080F2E70000EC02002073
:20E20000A0300020001BB70010B50268044631B1042908D008291ED00C2908D11FE0D06878
:20E2200020F0020002E0D06820F00400D0600022206802F0F1F92068016A41F2111211424C
:20E2400007D1016A9210114203D1016821F001010160002010BDD06820F00800E6E7D06893
:20E2600020F01000E2E770B50446006801694FF00005C943890715D4C168C943890711D401
:20E28000E91E016101202076206880698007204602D0FFF7F9FE04E000F098F8204600F087
:20E2A00096F8257620680169C943490717D4C168C943490713D46FF0040101610220207612
:20E2C0002068806910F4407F204602D0FFF7DCFE04E000F07BF8204600F079F825762068D1
:20E2E0000169C943090716D4C168C943090712D46FF008010161042020762068C0698007C7
:20E30000204602D0FFF7C0FE04E000F05FF8204600F05DF8257620680169C943C90617D4E8
:20E32000C168C943C90613D46FF010010161082020762068C06910F4407F204602D0FFF7C0
:20E34000A3FE04E000F042F8204600F040F8257620680169C943C90708D1C168C943C90739
:20E3600004D1891E0161204600F032F820680169C943090609D4C168C943090605D46FF0D9
:20E38000800101612046FFF7D0FD20680169C943490609D4C168C943490605D46FF040014A
:20E3A0000161204600F032F820680169C94389060BD4C168C943890607D46FF0200101618E
:20E3C0002046BDE87040FFF7B1BD70BD704770470B4A0168914209D10A4A00211160516081
:20E3E0009160D160084A11709170D1700068B0F1804F04D104480C380168491C01607047C3
:20E4000000040040A0300020E8020020704710B504460068416921F0C0014161206B08B12E
:20E42000FDF734FD606B08B1FDF730FD012084F83900002010BD704790F839007047000020
:20E4400038B5044600680168C26811F0010F02F4807204D01AB1E16B41F00101E1630168C6
:20E46000C1F34002416901F0010122B119B1E26B42F00402E2630268C2F3800222B119B164
:20E48000E26B42F00202E2630268C2F3C00222B119B1E16B41F00801E1630168C068C1F327
:20E4A000401100F0200019B110B1204602F032F920680168C068C1F3C01100F0800019B115
:20E4C00010B1204602F032FA21680868CA68C0F3801002F04002012570B16AB1CA6820465B
:20E4E00022F04002CA6094F83910322911D080F8395000BF00F0B4F9E06B002808D020685D
:20E5000001684068009084F839502046FFF793FF38BD222180F83910ECE770B5040004D09E
:20E5200094F83900002510B106E0012070BD84F83850204600F020F8022084F8390020682B
:20E54000C16821F40051C160204602F037F92068016921F4904101612068416921F02A01DB
:20E5600041612068C16841F40051C160E563012084F83900002070BD10B500681D4986B06D
:20E58000884235D11C48816941F004018161816901F004010491C16941F40031C161C169F4
:20E5A00001F400310491816941F0010181618069124C00F00100049004200090022001906E
:20E5C000012002900320039069462046FDF72CFF082000900020019069462046FDF724FF09
:20E5E0002620FEF78AF8032211462620FEF790F806B010BD0044004000100240000801407D
:20E600002DE9F047044690F8390099460D46012801D0122858D12DB322B394F83800012871
:20E6200052D0012684F838600027E76394F8390012281AD05FF0220084F83900A285E2856F
:20E640004FF48058E08D4B46401EE085A0684FF0000240454FF02001204616D102F099F9DF
:20E66000B0B904E00120BDE8F0873220E4E7206900282068406803D0C1B225F8011B12E0A1
:20E68000C0F3080125F8021B0DE002F082F908B10320E8E7206900282068406801D000F0DD
:20E6A0007F0005F8010BE08D0028CBD194F83900322805D084F8396084F838700020D2E79B
:20E6C000122084F83900F7E70220CCE770B5044690F83900012801D0122832D169B362B308
:20E6E00094F8380001282CD0012084F83800A162A2850025E56394F8390012281FD0222095
:20E7000084F83900636B10489862636B0F48D862636B0F48186308461346666B21680246DC
:20E720003046091DFDF7D0FD2068416941F04001416184F83850002070BD012070BD322045
:20E74000DEE7022070BD00004D060108830601082F06010830B50068194988421ED11948B0
:20E760004FF000030246418812780C0423D54C0419D58C0413D5C1F30B04134D491C89B23B
:20E780002A5541804478C1F30B02A24202D141F480514180C1F30B01C7290AD830BD42700D
:20E7A00041F4005103E0AA2A03D141F48041418030BD438030BD552AFBD141F40041F6E756
:20E7C000004400400C030020203100207047000070B5044690F83900012801D0222836D1E3
:20E7E00081B37AB394F83800012830D0012084F838002162A284E2840025E56394F83900B5
:20E80000222822D05FF0120084F83900236B11489862236B1048D862236B104818632668B6
:20E820001346321D206BFDF74FFD21686FF0400008602068416941F08001416184F838504B
:20E84000002070BDFFE70120FBE73220DCE70220F7E700008D060108BB0601082F060108C9
:20E860007047704718B5044609486A460321006805F054F99DF8000020702E2060709DF86C
:20E880000110A170E0709DF80200207118BD0000FC7F0008FEE7000010B500F067FF002462
:20E8A000E0B200F041FC641C102CF9DB164C207830B900F0F5FD207010B903F0A7FB2070C6
:20E8C000FCF752FB00224FF400411048FDF78AFE21780F4C4FF0000011B1FCF781FB0120F9
:20E8E000207004F08FF94FF0FF300A4B0A4A0146FCF7F8F909490968814203D0BDE810407C
:20E9000004F01ABB10BD0000880F0020001001408B000020007B01000084000800FF01089E
:20E920000A4810B50849016000218160C1604FF460224161C261416001210161FDF7DAF876
:20E94000002800D0FEE710BD00240140382F00200D4808B5416941F00101416140690022C5
:20E9600000F00100009011460C20FDF7D1FE0C20FDF7C3FE002211460D20FDF7C9FEBDE8E9
:20E9800008400D20FDF7B9BE001002402DE9F04F754885B0816941F020018161816901F005
:20E9A00020010491816941F010018161816901F010010491816941F004018161816901F035
:20E9C00004010491816941F0080181618069002200F0080004904FF4D8416448FDF702FE04
:20E9E000DFF88CA100224FF407415046FDF7FAFDDFF880B1002240F282315846FDF7F2FD55
:20EA00004FF400470124CDE900740225694650460395FDF709FD4FF44060CDE900046946D3
:20EA200003955248FDF700FD4FF4E060CDE90004694603955046FDF7F7FC4FF46070CDE9E9
:20EA40000004694603955846FDF7EEFC4FF4C040CDE90004694603954448FDF7E5FCCDE994
:20EA60000054694658460395FDF7DEFC002278215846FDF7B7FD00224FF470713B48FDF7D1
:20EA8000B1FDDFF8F490012204214846FDF7AAFD4FF48058012241463448FDF7A3FD78208F
:20EAA000CDE900040326694603965846FDF7BCFC0420CDE90004694603964846FDF7B4FC89
:20EAC0004FF49E50CDE90004694603962748FDF7ABFC1120CDE9008069465846FDF7A4FCB1
:20EAE000002241465846FDF77DFD012239461F48FDF778FDCDE9007469461C480395FDF726
:20EB000093FC1027CDE90074694650460396FDF78BFC00260095CDE9016469465046FDF79D
:20EB200083FCCDE90046694658460294FDF77CFC2020CDE90006694602940C48FDF774FC12
:20EB400044F60440CDE90006694602945846FDF76BFCCDE90074694604480395FDF764FC2C
:20EB600005B0BDE8F08F0000001002400010014000080140000C0140001401400E4810B513
:20EB80000C4901604FF48271416000218160C1604FF400720161C0E905121822C0E90721E3
:20EBA000416281620A21C162FEF7DCFD002800D0FEE710BD00300140682F00200F4810B5C5
:20EBC0000D4901604FF4827141604FF4004181600021C1604FF400720161C0E905122022E7
:20EBE000C0E90721416281620A21C162FEF7BAFD002800D0FEE710BD00380040C02F002093
:20EC00001CB50C484FF08041002401603F21C0E9011440F26541C160FFF7B1F900B1FEE7FD
:20EC20000094694603480194FFF781F9002800D0FEE71CBD5430002010B50022084909485E
:20EC400002F036F90849074802F01BFB0749054801F070FFBDE81040024802F05FBB0000A3
:20EC6000A80200209C2600200400002098020020FEE770470907090E002806DA00F00F0040
:20EC800000F1E02080F8141D704700F1E02080F8001470472DE9FC5F4FF000080446ADF848
:20ECA0000480ADF8008048F60F7B4FF002094FF4806692E1BDF8041011F00F072BD030F8FA
:20ECC0002710ADF80010BDF80010090478D530F8272040F68F710A4020F8272004EB471590
:20ECE00095F8120205F502750028206869D0297830F8212052047DD5B0F8503009EBC10189
:20ED0000194406EB4101415AC1F309015FEA010A71D0EA88D0E0BDF80410C9062AD4018834
:20ED200001EA0B010180206804F12805B0F850202B7809EBC301114406EB4101405AC0F369
:20ED400009006064E16B0844E06300212046FDF73EFD94F824000028ABD0A8690028A8D150
:20ED600094F82400216840F08000A1F84C0084F8248032E1018804F50275ADF80010BDF82F
:20ED8000001009051ED5B0F850302978062202EBC101194406EB4101405A04F57B71C0F300
:20EDA0000903EB61AA88206802F0DCFE2068018840F68F72114001802046FDF714FF0CE101
:20EDC000A0E055E0BDF800100904D2D5028840F68F710A4002802068B0F850302978062200
:20EDE00002EBC101194406EB4101405A83059B0DEB6101E051E063E008D0AA886969206805
:20EE000002F0B0FEE96968690844686100212046FDF7E4FC2068B0F85010891D06EB410156
:20EE2000014428693E280CD9C0F34F12C00601D1521E92B24FF6FF7000EA822040F400409D
:20EE400009E0C0F34F02C00701D0521C92B24FF6FF7000EA82200860216808884BF68F7278
:20EE6000104080F4405048F2800210430880B4E0B0F850202B78062101EBC301114406EB3B
:20EE80004101415AC1F309015FEA010A24D0AA885346696902F066FE1EE0B0F8502006235D
:20EEA00003EBC101114406EB4101415AC1F309015FEA010A04D02A895346696902F052FE39
:20EEC0002978206830F8213048F68F72134048F2C002134320F82130E96901EB0A00E861B2
:20EEE000696901EB0A026A61AB6913B12869504504D929782046FDF771FC03E02978204650
:20EF0000FDF7DAFCBDF80000000666D5206804EB471530F8271001EA0B0120F8271095F82C
:20EF2000320028350028206812D0297830F82120B0F8503052061ED509EBC101194406EB2F
:20EF40004101405A83059B0DEB6124D0EA881EE0B0F850302A7809EBC201194406EB4101E4
:20EF6000405A83059B0DEB6121D0AA886969206802F00FFE1BE0062202EBC101194406EBDF
:20EF80004101405A83059B0DEB6104D02A896969206802F0FEFD2978206830F8212048F67B
:20EFA0008F731A404CF280031A4320F821202068B0F850202B7809EBC301114406EB4101FB
:20EFC000405AC0F30900E86169690A186A612978AB69204663B1FDF7BAFC2068B0F8441076
:20EFE000ADF8041009043FF565AE0020BDE8FC9FFDF7EDFBF1E7FDF79BBE00000EB50A488E
:20F00000C16941F08051C161C06900F080500290C02000904FF0011001906846FDF716FE20
:20F02000FDF752FE0EBD0000001002407047000030B50B4A0020094C137801460822651890
:20F040006D7835B903FA01F52D0702D522FA01F52843491CC9B20429F1D330BD880F0020ED
:20F060008E00002070B5002403F0CCFF16490020144B097808221D186D7835B901FA00F55A
:20F080002D0702D522FA00F52C43401CC0B20428F1D30E48008800EB001202EB40100C4AB9
:20F0A00002EB8000B0F84400000507D58C4201D1002100E001219620F9F714FCBDE8704048
:20F0C00004F0D6BC880F00208E000020920000204803002070B504460D46164603F0A2F87D
:20F0E000002210210D48FDF77DFA03200C490870200C4870200A8870CC700A230422094827
:20F10000FEF7FEFC0A23324629460648FEF702FC012210210148FDF765FA70BD0008014045
:20F1200014020020682F00202DE9F04780460026D0E04FF41C1101EB483106EB061201EB2F
:20F1400042404FF48072D149FFF7C4FFFF2500241BE0CE48015D04F18000CC4A105C8142B4
:20F1600002D08821CA488155C848005DFF2804D0FF2D02D08821C6488155C448005D10B10F
:20F18000FF2D00D12546601C84B2802CE1DBFF2D02D18821BE4881554FF00009002411E00C
:20F1A000BA48405D00F0010048B909F1010000F0FF09B648405D4010B449485500E003E083
:20F1C000601C84B2082CEBDB00BF2846E91705EB91718910A5EB8101490301EB89211FFABE
:20F1E00081FA4FF4241101EB484106EB061201EB424101EB0A004FF48062A449FFF76AFFC8
:20F200004FF4261101EB484106EB061201EB424101EB0A004FF480629E49FFF75BFF4FF6F0
:20F22000FF7700241FE09948015D04F58060974A105C814202D08821954881559348005DA7
:20F24000FF2806D04FF6FF70874202D08821904881558E48005D20B14FF6FF70874200D1B9
:20F260002746601C84B2B4F5806FDCDB4FF6FF70874202D18821864881554FF00009002417
:20F2800011E08248C05D00F0010048B909F1010000F0FF097D48C05D40107C49C85500E0BD
:20F2A00003E0601C84B2082CEBDB00BF2846E91705EB91718910890401EBCA0101EBC7010F
:20F2C000494408EB8802744B03EBC20242F82610701CC6B2042EFFF62CAF0026D1E06F49AE
:20F2E00001EB483106EB061201EB42404FF480726649FFF7EFFEFF2500241BE06348015D1F
:20F3000004F18000614A105C814202D08821604881555E48005DFF2804D0FF2D02D0882100
:20F320005B4881555948005D10B1FF2D00D12546601C84B2802CE1DBFF2D02D188215448CF
:20F3400081554FF00009002411E05048405D00F0010048B909F1010000F0FF094B48405D30
:20F3600040104A49485500E003E0601C84B2082CEBDB00BF2846E91705EB91718910A5EB56
:20F380008101490301EB89211FFA81FA4FF4281101EB484106EB061201EB424101EB0A0016
:20F3A0004FF480623949FFF795FE4FF42A1101EB484106EB061201EB424101EB0A004FF479
:20F3C00080623449FFF786FE4FF6FF7700241FE02E48015D04F580602C4A105C814202D052
:20F3E00088212B4881552948005DFF2806D04FF6FF70874202D08821254881552348005D4D
:20F4000020B14FF6FF70874200D12746601C84B2B4F5806FDCDB4FF6FF70874202D1882166
:20F420001B4881554FF00009002411E01748C05D00F0010048B909F1010000F0FF0913487A
:20F44000C05D40101149C85500E003E0601C84B2082CEBDB00BF2846E91705EB91718910A1
:20F46000890401EBCA0101EBC70101EB090208EB8801094B03EBC101103141F82620701CD1
:20F48000C6B2042EFFF62BAFBDE8F08738120020890F0020381600209C0F00200010270045
:20F4A000F0B58F48008800EB80008E4D55F830008B4D2D8805EB85058A4E06EBC5056D6816
:20F4C0002844874D2D8805EB850506EBC505AD682844834D2D8805EB850506EBC505ED6872
:20F4E00044197F48008800EB001505EB40107E4D05EB8000807B0A287FD17948008800EB34
:20F50000001505EB4010784D05EB8000B0F84C2000237348008800EB001505EB4010724DE8
:20F5200005EB8000B0F84E000004821843F100036B48008800EB001505EB40106A4D05EB6E
:20F540008000B0F85000121C43416548008800EB001505EB4010644D05EB8000B0F85200F1
:20F56000121C43EB00435E48008800EB001505EB40105D4D05EB800090F964004FEAE076E8
:20F580004FF00007A0FB045C06FB04C600FB0760AA184341524D2D8805EB051606EB45150D
:20F5A000514E06EB8505A5F85C20100C40EA034085B24B48008800EB001606EB40104A4E63
:20F5C00006EB8000A0F85E504548008800EB001606EB4010444E06EB8000A0F860301D0CC9
:20F5E0003F48008800EB001606EB40103E4E06EB8000A0F8625071E0FFE73948008800EB48
:20F60000001505EB4010384D05EB800090F84C103348008800EB001505EB4010324D05EB0A
:20F62000800090F84E0001EB00212D48008800EB001505EB40102C4D05EB800090F8500069
:20F6400001EB00412648008800EB001505EB4010254D05EB800090F8520001EB00612048D6
:20F66000008800EB001505EB40101F4D05EB800090F9640000FB0411C8B2194D2D8805EB64
:20F68000051606EB4515184E06EB8505A5F85C00C1F307251248008800EB001606EB401026
:20F6A000114E06EB8000A0F85E50C1F307450C48008800EB001606EB40100B4E06EB80004C
:20F6C000A0F86050080E064D2D8805EB051606EB4515054E06EB8505A5F862000020F0BDD4
:20F6E000920000209C0F0020480300207CB504460D464B20019000200090002210211948F4
:20F70000FCF770FF4FF47A73012201A91648FEF7F7F94FF47A73012269461348FEF7F0F90C
:20F720004FF47A73012269460F48FEF7E9F94FF47A73012269460C48FEF7E2F94FF47A7343
:20F74000012269460848FEF7DBF94FF47A732A4621460548FEF7DEF8012210210148FCF70F
:20F7600041FF7CBD00080140C02F002010B5002418E004EB041202EB4412314B03EB8201A2
:20F78000220302F58030C422FFF7A4FC2D4A02EB4401220302F58030C6300222FFF79AFC06
:20F7A000601CC4B2102CE4DB022227490020FFF791FC25480088102802DB00202249088008
:20F7C0002148008800EB001101EB40101C4901EB800090F8BC00BB2810D01B48008800EB52
:20F7E000001101EB4010164901EB800090F8C00016490870084600781549087004221549B2
:20F800009002FFF767FC13480068401C28B90020104908601049087011E00E4800680D4946
:20F820000968C1F3074181EA10600A490988C1F3072148400749097848400749087010BD4A
:20F8400048030020F4010020920000208D0000208E000020680200205902002010B500242D
:20F8600048E000202549098801EB8101244A02EBC10141F8240000212048008800EB8000DD
:20F8800002EBC000103040F824101C4800884FF41C1202EB403004EB041200EB42410020C2
:20F8A000FBF790FC15480088164A02EB403004EB041200EB42410020FBF784FC0F48008844
:20F8C0004FF4241202EB404004EB041200EB42410120FBF777FC094800884FF4281202EB06
:20F8E000404004EB041200EB42410120FBF76AFC601CC4B2042CB4DB10BD0000920000206C
:20F900009C0F002000102700012070472DE9F0471D4690460E460446FCF76AFE07465FEAF8
:20F9200008004FF000084FF4005A4FF0010926D034E0681C23D025B1FCF75AFEC01BA8422B
:20F940001DD92068416821F0E00141602068016821F040010160A06A504509D120680168DF
:20F9600021F4005101602068016841F40051016084F8519084F850800320BDE8F087206878
:20F98000806836EA0000D4D10DE0681C06D0002DD7D0FCF72DFEC01BA842D2D820688068A2
:20F9A00036EA0000F1D00020E7E7000070B504460D46164602F036FC02F084FC0022102171
:20F9C0000E48FCF70FFE02200D490870200C4870200A8870CC704FF47A7304220948FEF703
:20F9E0008FF84FF47A73324629460648FEF788F8012210210148FCF7F5FD70BD00080140AE
:20FA000014020020682F00207047000010B5002449E026480078A04000F00800002841D039
:20FA20002348005D98B92348008800EB8000224901EBC00050F82400401C1E49098801EB8C
:20FA400081011D4A02EBC10141F8240014E01948008800EB8000184901EBC000103050F8D4
:20FA60002400401C1349098801EB8101124A02EBC101103141F824000D48005D48B9E0B2BD
:20FA800002F09AF80A48005D60B101200B49087008E0E0B202F090F80548005D10B10120B5
:20FAA00006490870641C042CB3DB10BD8E000020890F0020920000209C0F00208B000020E6
:20FAC0002DE9F047ADF5016D06460F464FF00008002500207F49087030788DF80C0070783B
:20FAE0008DF80D00B0788DF80E00F0788DF80F00802204A94FF44050FFF7ECFA002416E0A5
:20FB000004A8005D10B104F0FF0812E07F2C0CD104A8005D48B94FF440510020FBF752FB69
:20FB20004FF400510020FBF74DFB601C84B2802CE6DB00BF002412E004A810F8080000F037
:20FB4000010018B104EBC800C5B20AE004A810F80800401004A901F80800601C84B2082C23
:20FB6000EADB00BF04225C499002FFF7B3FA002451E0E11704EB91518912A4EB812139B925
:20FB800004F500504FF480620DF58261FFF7A2FA9DF80C000DF58261095D884236D19DF82E
:20FBA0000D100DF58262601C105C81422ED19DF80E10A01C105C814228D19DF80F10E01C51
:20FBC000105C814222D11046005D38701146601C085C7870A01C085CB870E01C085CF87079
:20FBE0000420C0EB8500A0420CD13B4800683B490968884206D10120364908700DF5016DE9
:20FC0000BDE8F087022033490870F7E7002031490870201D84B2B4EB850FAADB2D480078AA
:20FC2000F0BB2846E91705EB5171C910A5EBC10201219140C9B202919DF80800C043C0B2BA
:20FC400002902846E91705EB5171C910A5EBC102FF2191409DF8082001EA0209AA46E91732
:20FC600005EB5171C91001F54050012202A902F003FBE91705EB5171C91001F54050012281
:20FC800001A9FFF727FA9DF80400814520D14FF4005101EB8500042203A902F0EDFA00E0C3
:20FCA00016E04FF4005101EB850004223946FFF711FA4FF480510020FBF784FA0422074989
:20FCC000900202F0D9FA042204499002FFF702FA002093E7580200207402002068020020A2
:20FCE00070B5FE49B1F8141101EB011202EB4111FB4A02EB8100C421F8F72FFC00240FE0C7
:20FD0000F6481430005DF549B1F8141101EB011202EB4111F24A02EB81010855601CC4B2C0
:20FD20000E2CEDDBED4890F82200EC49B1F8141101EB011202EB4111E94A02EB8101887304
:20FD4000E64890F82300E549B1F8141101EB011202EB4111E24A02EB8101C873DF4890F80B
:20FD60002400DE49B1F8141101EB011202EB4111DB4A02EB81010874D84890F82500D7492F
:20FD8000B1F8141101EB011202EB4111D44A02EB81014874D148D0F82600D049B1F8141120
:20FDA00001EB011202EB4111CD4A02EB81014861CA48408DC949B1F8141101EB011202EB2B
:20FDC0004111C74A02EB81010883C448808DC349B1F8141101EB011202EB4111C04A02EB9E
:20FDE00081014883BD48B0F8140100EB001101EB4010114601EB8001B848D0E90E35426B4F
:20FE0000006CC1E90A354A620863002412E004F13000B2491431095CB048B0F8140100EBF6
:20FE2000001202EB4010AE4A02EB800034300155601CC4B2102CEADBA848B0F85400A74985
:20FE4000B1F8141101EB011202EB4111A44A02EB8101A1F86600A148B0F856009F49B1F8C2
:20FE6000141101EB011202EB41119D4A02EB8101A1F868009948B0F858009849B1F8141138
:20FE800001EB011202EB4111954A02EB8101A1F86A009248B0F85A009049B1F8141101EB64
:20FEA000011202EB41118E4A02EB8101A1F86C008A48B0F85C008949B1F8141101EB01122F
:20FEC00002EB4111864A02EB8101A1F86E008348B0F85E008149B1F8141101EB011202EB48
:20FEE00041117F4A02EB8101A1F870007B48B0F860007A49B1F8141101EB011202EB4111D5
:20FF0000774A02EB8101A1F84400744890F862007249B1F8141101EB011202EB4111704AAD
:20FF200002EB810181F846006C48D0F863006B49B1F8141101EB011202EB4111684A02EB55
:20FF400081018864002437E06000533063491431095A6248B0F8140100EB001202EB401020
:20FF60005F4A02EB80004C3020F8141060005B305A491431095A5948B0F8140100EB001222
:20FF800002EB4010564A02EB8000543020F814106000633051491431095A5048B0F81401CD
:20FFA00000EB001202EB40104D4A02EB80005C3020F81410601CC4B2042CC5DB474890F862
:20FFC0007F0040B24549B1F8141101EB011202EB4111434A02EB810181F864003F48B0F80E
:20FFE00080003E49B1F8141101EB011202EB41113B4A02EB810188833848B0F882003749C5
:020000040801F1
:20000000B1F8141101EB011202EB4111344A02EB8101C8833148B0F884003049B1F81411B0
:2000200001EB011202EB41112D4A02EB810108842A48B0F886002949B1F8141101EB011231
:2000400002EB4111264A02EB810148842348D0F888002249B1F8141101EB011202EB411184
:200060001F4A02EB810188671C48B0F88C001B49B1F8141101EB011202EB4111184A02EB62
:200080008101A1F872001548B0F88E001349B1F8141101EB011202EB4111114A02EB81010E
:2000A000A1F874000D4890F890000C49B1F8141101EB011202EB4111094A02EB810181F82A
:2000C000BC00064890F891000449B1F8141101EB011202EB4111024A04E0000084250020AB
:2000E0004803002002EB810181F8BD00484890F892004749B1F8141101EB011202EB4111AA
:20010000444A02EB810181F8BE00414890F893003F49B1F8141101EB011202EB41113D4AEC
:2001200002EB810181F8BF00002011E000F18001374A1432525C3649B1F8141101EB0113D3
:2001400003EB4111334B03EB81017C310A54401C4028EBDB2E4890F8D4002D49B1F81411C6
:2001600001EB011202EB41112A4A02EB810181F8C00000202649B1F81411274A22F811002C
:200180002348B0F814014FF4803202EB00310020FBF718F81E4AB2F8142102EB021303EBCB
:2001A00042121C4B03EB8201194AB2F814214FF4803303EB0230C42202F05EF81449B1F887
:2001C00014114FF4803202EB013101F1C40002220F49103102F050F80D4AB2F814210E4BAA
:2001E00003EB42010A4AB2F814214FF4803303EB023202F1C600022202F03EF8002108460F
:20020000FAF7E0FF02220549002002F035F870BD8425002048030020F40100209826002009
:200220000125642002F0ADF894E04B48006808B1012DF9D14848006808B1012DF4D1002099
:200240004649087002F05EF90025FF2000F088F8FF2000F0B1F8FA2002F093F800240DE03A
:20026000552000F07DF8FA2002F08BF8AA2000F077F8FA2002F085F8601CC4B2022CEFDB79
:20028000FF2000F06DF8FBF725F834490870084601780620FAF7A4FE3048007840B901F08C
:2002A000B5FE2E490870084601780120FAF798FE2A48007840B901F01BFF28490870084608
:2002C00001780220FAF78CFE2448007840B903F057FC22490870084601780320FAF780FEA9
:2002E0001E480078A0B9F8F77DFB002408E01B48401C005D18B104F130001849087001E090
:20030000042CF4DB00BF154801780420FAF768FE1248007818B1AA2000F022F802E0552008
:2003200000F01EF8FA2000F047F84FF4C87002F028F8F52000F040F84FF4C87002F021F81E
:20034000FF2000F039F84FF4C87002F01AF8F02000F032F869E7000004012142880F002045
:200360002DE9F0410026134C0546B0460127280602D5C4F8A07101E0C4F8A0816806050E37
:20038000022002F01FF8C4F8A871022002F01AF8C4F8A881022002F015F8761CF6B2082EC1
:2003A000E5D3C4F8A4710A2002F00CF8C4F8A481BDE8F081000021422DE9F0410026134C6E
:2003C0000546B0460127280602D5C4F89C7101E0C4F89C816806050E022001F0F3FFC4F8EA
:2003E000A471022001F0EEFFC4F8A481022001F0E9FF761CF6B2082EE5D3C4F8A0710A20ED
:2004000001F0E0FFC4F8A081BDE8F081008021422DE9F0470025DFF85490154E04462F46E7
:200420004FF00108200602D5C9F8B48101E0C9F8B4716006040E022001F0C4FFC6F88481A9
:20044000022001F0BFFFC6F88471022001F0BAFF6D1CEDB2082DE5D34C46C9F8B8810A2081
:2004600001F0B0FFC4F8B871BDE8F087000022420080214200B50749098801EB011202EB12
:200480004111054A02EB810191F8BD00F9F7A4F900BD000092000020480300200C4810B586
:2004A000008800EB001101EB40110A4800EB81004FF4805190F8BF200748012A00D00AB935
:2004C000FCF790F8BDE810400A2001F05ABF00009200002048030020000C014010B5FCF756
:2004E0008DF8BDE81040FDF71CBD30B593B001210804CDE900100024029402250491CDE96D
:2005000007504FF4E01009906846FCF76BFE00B1FEE70F20CDE90A054FF48060CDE90C40FF
:2005200002210AA80E94FCF71FFD00B1FEE712200F904FF40040CDE911040FA8FCF77EFC5C
:2005400000B1FEE74FF0E020046113B030BD00000D48016841F00101016041680B4A114010
:20056000416001680A4A11400160016821F480210160416821F4FE0141604FF41F01816049
:200580000549044808607047001002400000FFF8FFFFF6FE0084000808ED00E00148FDF7C9
:2005A00062BE0000543000200148FDF75CBE000018300020F0B50268144B154C154D4FF048
:2005C0008047984205D0B84203D0A04201D0A84203D122F070064A683243984205D0B8420F
:2005E00003D0A04201D0A84203D122F44074CA68224302608A68C2620A688262984201D1DC
:200600000969016301214161F0BD0000002C0140000400400008004010B50123046A8B4078
:200620009C430462036A8A401343036210BD10B5406A0021C185C184012180F83910C16B8C
:2006400041F01001C163FDF7F6FE10BD10B50146406A0968096889060ED40021C1850168A6
:200660004A6922F040024A6190F83910322906D05FF0010180F83910FEF76CF810BD12215B
:20068000F8E710B5406AFEF7A1F810BD10B50146406A0968096889060CD40021C1840168DB
:2006A0004A6922F080024A610068C16841F04001C16010BDFEF7D4F810BD10B5406AFEF765
:2006C000D0F810BD114908B54A6942F001024A61496901F0010100910D4901F138021163AF
:2006E0004A6208601020486000208022C1E902020861486188615001C8610846FBF7F2FBFC
:20070000BDE808400248FBF7B7BD000000100240E831002010B590F83910222903D03229A2
:2007200001D0022010BD8168B1F5805F11D00169002901681FD0496801F07F03816A4A1C4A
:2007400082620B70C18D491E0904090CC18518D030E00269816A002A0268526805D0D2B228
:200760000A80816A491C8162ECE7C2F308020A80816A891CF7E74A68816A4B1C83620A70CF
:20078000E0E70168CA6822F02002CA6090F83910322911D00168CA6822F48072CA60016856
:2007A0004A6922F001024A615FF0010180F83910FDF7D0FF002010BD1221F7E72DE9F041AC
:2007C000044600680169E26821F44051114301612169A0680843616908432168CA6841F277
:2007E0000C639A430243CA6020684169A26921F44071114341614C4920686425322688427D
:200800003CD1FCF793FC00EBC00101EB001061688900B0FBF1F7FCF789FC00EBC00101EBAC
:2008200000106168B0468900B0FBF1F0B0FBF5F06FF01801484307EB800106EB0110B0FB21
:20084000F5F000F0F006FCF771FC00EBC00101EB001061688900B0FBF1F0B0FBF5F006EB66
:200860000016FCF763FC00EBC00101EB001061688900B0FBF1F7FCF759FC3BE0FCF73EFCF3
:2008800000EBC00101EB001061688900B0FBF1F7FCF734FC00EBC00101EB00106168B04641
:2008A0008900B0FBF1F0B0FBF5F06FF01801484307EB800106EB0110B0FBF5F000F0F006A5
:2008C000FCF71CFC00EBC00101EB001061688900B0FBF1F0B0FBF5F006EB0016FCF70EFCF3
:2008E00000EBC00101EB001061688900B0FBF1F7FCF704FC00EBC00101EB0010616889007E
:20090000B0FBF1F0B0FBF5F06FF01801484307EB800108EB0110B0FBF5F0216800F00F0029
:2009200030448860BDE8F0810038014090F83910122903D0322901D0022070478168B1F559
:20094000805F016A0BD04A1C0262026809785160C18C491E0904090CC1840ED017E009888B
:200960000268C1F30801516001690029016A02D0491C0162ECE7891CFBE70168CA6822F000
:200980008002CA600068C16841F04001C160002070472DE9F0471D4690460E460446FBF79A
:2009A00027FE07465FEA08004FF000094FF0010808D030E0681C05D095B1FBF719FEC01B79
:2009C000A8420DD82068006836EA0000F2D127E0681C20D025B1FBF70BFEC01BA8421AD971
:2009E0002068C16821F08001C1602068C16821F02001C1602068C16821F48071C16020682F
:200A0000416921F00101416184F8398084F838900320BDE8F0872068006836EA0000D7D008
:200A20000020F6E710B50848FDF70AFD0648FDF703FD0128FAD1012204490348FDF746FE80
:200A40000028F8D110BD0000203200200C030020D0F81802002180F850100846704770B532
:200A6000D0F818420546204603F0EEF8402322460221284600F037FB002070BD10B50446F0
:200A8000812100F03AFA0221204600F036FAD4F8180250B1D4F81C0204F5067480688047F4
:200AA000206800F041FD00202060002010BD10B5D0F81842E16C012908D1D0F81C0223783B
:200AC0006178C268184690470020E064002010BD2921018000487047400000200A210180B7
:200AE000004870477800002070B50646002540230322812100F0E4FA4023032202213046B0
:200B000000F0DEFA542000F011FDC6F8180278B10446002084F85000D6F81C024068804709
:200B2000402322460221304600F0DDFA284670BD0125FBE702460220002902D00020C2F8A8
:200B40001C12704770B500220D78D0F81832144615F0600526D0202D4CD14A78921E0A2A08
:200B60001CD2DFE802F010081B1B1B1B1B140C05887818643EE0012203F1400131E0488837
:200B8000000A586436E0012203F1440129E00122DA648A79194600F053F82BE000F045F8DE
:200BA000022070BD4D78062D04D00A2D1CD00B2D20D11DE04B882225B5EB132F07D1CA88AB
:200BC0001D2A00D91D22D0F81C120C6808E02125B5EB132F04D1CA88074C092A00D909228B
:200BE000214600F047F805E0012203F14801F8E788789864002070BD6C00002010B5D0F8D9
:200C0000142252689047002010BD134610B50A46002100F068FA002010BD134610B50A46E4
:200C2000002100F00AFB002010BD10B50446802100F0DAFA2046BDE81040002100F0D4BA43
:200C400010B50323C0F80821C0F8F431C0F80C2113460A46002100F046FA002010BD10B55A
:200C600005210023C0F8F4111A46194600F03BFA002010BD10B502238261C0F8F431C261D0
:200C800013460A46002100F0D8FA002010BD10B504210023C0F8F4111A46194600F0CDFA9B
:200CA000002010BD10B50A46024903A000F0DDF8004810BD382D0020437573746F6D204802
:200CC000494420436F6E6669670000001220088000487047C802002010B50A46024903A06B
:200CE00000F0C3F8004810BD382D0020437573746F6D2048494420496E746572666163658E
:200D0000000000000420088000487047C402002010B50A46024903A000F0A7F8004810BD9B
:200D2000382D0020492D434F5245000010B50A46024903A000F099F8004810BD382D002071
:200D40004D43552050524F4752414D4D455220315634000010B50A46024903A000F085F847
:200D6000004810BD382D002030303030303030303030314100000000F8B5044648880D466D
:200D8000010A082954D2DFE801F05304091753534951D4F81012207C0A6819E0207C0226C9
:200DA0000028D4F8140205D0C16A68468847014646704AE0816AF8E7C1B2062926D2DFE85A
:200DC00001F0030A0F14191ED4F81012207C4A686946904718E0D4F81012207C8A68F7E7A7
:200DE000D4F81012207CCA68F2E7D4F81012207C0A69EDE7D4F81012207C4A69E8E7D4F8B5
:200E00001012207C8A69E3E701461EE0C1B2D4F814026A46836B20469847F5E7207C38B971
:200E2000D4F81402416B68468847EDE7207C20B129462046FFF7F9FEF8BDD4F81402016BA1
:200E400068468847014607204870BDF800000028F2D0EA88002AEFD0824200D90246ADF86B
:200E600000202046FFF706FFF8BD70B5002300281DD00446002502E06D1CEDB2641C267848
:200E8000002EF9D1022404EB45041480CC545B1C0322CA5400245B1C06E0CA545B1CDAB2EC
:200EA0008C54521CD3B2401C0278002AF5D170BD10B580B1D0F8143213B10023C0F8143283
:200EC00009B1C0F81012012180F8FC11027000F0AFF8002010BD022010BD10B50024D0F841
:200EE0002002FBF7A3FC30B1012801D0022801D0022400E00124204610BD10B50024D0F85A
:200F00002002FBF773FC30B1012801D0022801D0022400E00124204610BD2DE9F041174676
:200F2000044641B1D4F8140242698AB394F8FC01032842D043E0D4F8F411002504F11400C3
:200F4000022933D1D0E902639E4207D9F31A83609AB239462046FFF760FE12E04068B0FBCA
:200F6000F3F103FB1101A1B9984212D3D4F8F81188420ED2002211462046FFF74EFEC4F808
:200F8000F85100231A461946204600F0ACF80DE012E0D4F81402C16829B194F8FC010328B4
:200FA00001D1204688472046FFF759FE94F80002012804D184F8005201E0204690470020DF
:200FC000BDE8F08170B51546044641B1D4F8140282693AB394F8FC01032824D025E0D4F80C
:200FE000F41104F5827003291FD1D0E902218A420BD9531A83600846834200D303469AB28E
:2010000029462046FFF701FE0FE0D4F81402016929B194F8FC01032801D1204688472046D0
:20102000FFF735FE01E020469047002070BD000010B51A490446C1F81C04C0F82012184887
:20104000086008204860022088600320C86000208861C86108620846FBF71EFD08B1FAF762
:20106000F1F80022D4F820021823114604F50874FBF792FB5823002280212068FBF78CFBB2
:201080009823002281212068FBF786FBD823002202212068FBF780FB002010BD1829002053
:2010A000005C00400A06D0F8200201F07F0100EB411002D590F82A00704790F80A02704762
:2010C00070B51D4613460024D0F820022A46FBF7D1FB30B1012801D0022801D0022400E017
:2010E0000124204670BD10B50024D0F82002FBF7E3FB30B1012801D0022801D0022400E0B9
:201100000124204610BD70B50022044640231146FFF7D6FF40252B46002280212046C4F8A6
:201120001051FFF7CDFF0120256284F8FC01D4F8180228B1D4F81402217942682046904749
:20114000002070BD90F8FD1180F8FC110020704710B590F8FC11032904D1D0F81412C969D5
:2011600001B18847002010BD01740020704710B50024D0F82002FBF722FD30B1012801D0F6
:20118000022801D0022400E00124204610BD70B5044600F50270054600F05FF80120C4F8B1
:2011A000F401B4F80E02C4F8F80194F8080210F01F010AD001290DD0022910D000F08001B6
:2011C000204600F011F8002070BD2946204600F0AAF8F8E72946204600F08CF9F3E729468A
:2011E000204600F019F9EEE710B50024D0F82002FBF782FB30B1012801D0022801D0022474
:2012000000E00124204610BD10B50024D0F82002FBF7F0FC30B1012801D0022801D00224E9
:2012200000E00124204610BD90F8FC1180F8FD11042180F8FC110020704710B50024D0F829
:201240002002FBF784FB30B1012801D0022801D0022400E00124204610BD0A7802704A7811
:2012600042708A78CB7802EB032242800A794B7902EB032282808A79C97902EB0121C180B3
:2012800070470246002011B1C2F8141270470220704710B5D0F8142202241AB112689047F8
:2012A00000B90024204610BD70B50E461A4D897804462970012928D894F8FC01022802D0AB
:2012C000032822D105E099B10320616084F8FC0109E091B1606888420AD0C1B22046FFF7FE
:2012E0008DFC297861602046FFF7D3FF02280CD02046BDE87040FFF7CABC022084F8FC01FD
:2013000020466160FFF77AFCF2E731462046BDE87040FFF78ABC00000000002010B5FFF718
:2013200073FF002010BD2DE9F0414B784FF000080125022642460A2B42D2DFE803F03B5693
:20134000414F410805412926FFF716FD61E004468888C0B9C888B0B9887800F07F0794F847
:20136000FC0103280FD084F8FE7139462046FFF7FEFE2046FFF78BFC17B184F8FC6148E0F8
:2013800084F8FC5145E020461AE0FFF78DFF40E0CB88012B14D190F8FC31022B02D0032B17
:2013A0000ED104E08260012200F1080113E00122011D10E090F8FC31022B04D0032B02D091
:2013C000FFF733FC25E0C260D0F8041201B1C660022200F10C01FFF74DFC1AE00446488896
:2013E000012816D1C4F804520BE0044690F8FC01022801D00328C6D14888012809D1C4F8C5
:201400000422D4F814028268204690472046FFF73EFC4046BDE8F08170B50D460446287809
:2014200000260979C0F34110012806D06878A0B301281FD003283FD107E0D4F81402294643
:20144000826820469047002070BD94F8FC01022817D003282CD1688828B921B1802902D038
:201460002046FFF7C1FED4F81402294682682046904713E094F8FC01022802D0032817D14E
:2014800003E0C9B180291BD116E06888A0B9480604D02046FFF721FDE5E703E02046FFF774
:2014A000F6FB09E094F8FC01022807D003280BD029462046FFF7B9FB304670BD4806FBD087
:2014C0002046FFF791FEF7E7080601F07F0004EB001501D5143501E005F582752046FFF774
:2014E000E1FD00B101202860022229462046FFF7C1FBE1E770B5054690F8FC010C460328CF
:201500000DD1207901280AD8D5F81402826828469047E08830B92846FFF7B9FB02E028467E
:20152000FFF783FB002070BD7047000000487047C02800202DE9F047CC780A7848F68F1339
:2015400034B1012C6DD0022C08D0032C13D10BE030F822401C4044F400730AE030F8224033
:201560001C4020F8224006E030F822401C4044F4C06320F822300C7830F8245048F68F72A5
:20158000154048F280031D43254320F824508D7A48F6BF7904274BF68F7A48F2C0044CF2B7
:2015A0008006EDB30D7830F825C048F280180CEA020C4CEA080C20F825C0CD88B0F850C049
:2015C00025F0010591F800800CEBC80C00EB4C0CCCF800540D89B0F850C025F0010591F8CF
:2015E000008007EBC807674400EB4707C7F800544D78002D0D7830F825704FEA47477DD06B
:20160000002F05DA30F825701740374320F825700D7830F825707F0608D530F8257001E03F
:2016200024E01DE01740274320F825700C7830F824501540354320F824500C7830F82420D2
:2016400002EA09021A4320F824200A7830F8221001EA0A01194320F822100020BDE8F08726
:2016600030F822401C4044F4806382E74D78F5B18D88B0F8506025F001050F7806EBC706C8
:2016800000EB4606C6F800540D7830F82560760605D530F825601640264320F825600A78EE
:2016A00030F8221001EA090181F02001D2E78C88B0F8505024F0010491F800C007EBCC070D
:2016C0003D4400EB4505C5F80044B0F850400D78062707EBC5052C4400EB44070C694FF64D
:2016E000FF7C07F580673E2C0CD9C4F34F15E40601D16D1EADB20CEA852400E01EE044F4C7
:20170000004407E0C4F34F05E40701D06D1CADB20CEA85243C600C7830F824506D0405D549
:2017200030F824501540354320F824500A7830F8221001EA0A0181F440518BE7002F05DA5C
:2017400030F825701740374320F825700D7830F82560760605D530F825601640264320F842
:2017600025600E7830F826501540254320F826500C7830F8242002EA0A0282F440521A4328
:2017800020F824200A7830F8221001EA090161E7002070472DE9F04391F80A8091F801C057
:2017A0000A7848F6BF774BF68F7948F2800348F2C0054CF2800648F68F74B8F1000F2ED073
:2017C000BCF1000F30F822C04FEA4C4C4ED0BCF1000F07DA30F822C00CEA040C4CEA060C5F
:2017E00020F822C00A7830F822C05FEA4C6C07D530F822C00CEA040C4CEA050C20F822C035
:201800000A7830F822502540354320F822500C7830F824203A401A4320F824201BE0BCF17A
:20182000000F0ED030F82260760605D530F8226026402E4320F822600A7830F8221039404B
:201840000EE030F822506D0405D530F822502540354320F822500A7830F8221001EA0901E3
:20186000194320F822100020BDE8F083BCF1000F07DA30F822C00CEA040C4CEA060C20F87D
:2018800022C00A7830F82260760605D530F8226026402E4320F822600E7830F82620224073
:2018A0002A4320F826200C7830F8242002EA09021A4320F82420BFE7002070470020704769
:2018C000012120F8401F00210180818001820846704730F8401F21F43D41018000207047D2
:2018E0000020704730B54D780A78002D48F68F7430F8225048F2800312D06D0607D530F8C7
:201900002250254048F2C004254320F822500A7830F8221048F6BF74214081F0300111E0BF
:201920006D0407D530F8225025404CF28004254320F822500A7830F822104BF68F74214026
:2019400081F44051194320F82210002030BD10B50A7848F2800352B14978002930F8221083
:2019600010D048F6BF74214081F010010FE001884BF6BF72114081F4805181F010011943D4
:20198000018007E04BF68F74214081F48051194320F82210002010BD2DE9F0410D4606467B
:2019A000896995F801C00023AA7A022728690C4648F28008BCF1010F05D0814252D9044608
:2019C000081AA8614FE0814203D90446081AA86100E0AB617AB1287836F820104906B6F887
:2019E000501007EBC000084406EB4000C0F8004412D52A8911E0A3B2AA883046696900F012
:201A0000C8F8B6F85000297807EBC101084406EB4000C0F800441CE0EA88A3B2304669692F
:201A200000F0B7F8687848F68F7110B1012807D00FE0287836F820200A4048F2C00105E001
:201A4000287836F820200A404CF280010A4326F82020297836F8210048F6BF72104080F0A5
:201A6000300067E0AB6106234FF6FF701AB1BCF1000F1BD056E0B6F850102A783E2C03EB56
:201A8000C202114406EB410202F5806239D9C4F34F11E30632D000BF00EA812040F400404E
:201AA00002E000BF00EA812010603BE0B6F850102A783E2C07EBC202114406EB410202F51F
:201AC00080620BD9C4F34F115FEAC46C01D1491E89B200EA812141F4004108E0C4F34F014B
:201AE0005FEAC47C01D0491C89B200EA8121116069780029BFD001290AD013E0491E89B2BD
:201B0000CAE7C4F34F01E307CCD0491C89B2C9E7B6F85000297807EBC101084406EB400067
:201B2000C0F80044297836F821004BF68F72104080F4405040EA080026F821000020BDE8ED
:201B4000F08130F8401F41F43D410180002070470148FAF71BBF000018290020B0F8440021
:201B6000704700005B1C00EB42005B0800F5806006D000BF30F8042B21F8022B5B1EF9D15D
:201B800070470020704711B98021A0F84C100020704710B55B1C00EB42005B0800F58060E0
:201BA00009D011F8012B5B1E11F8014B42EA042220F8042BF5D110BD2DE9FC410446FE483A
:201BC000008800EB8000FD4901EBC00050F8240000287CD0F848008800EB800001EBC00061
:201BE00050F82400401EC0F3CE05F348008800EB800001EBC00010F82400401E00F0070634
:201C00000120B040C043C0B20190FF20B0409DF8041000EA0107E84909884FF4241202EBDB
:201C2000414104EB041201EB42414819012201A900F022FBE04909884FF4241202EB4141D1
:201C400004EB041201EB4241481901226946FDF741FA9DF80000B84202D08821D84801552E
:201C6000D54909884FF4261202EB414104EB041201EB42414819012201A900F0FDFACE492B
:201C800009884FF4261202EB414104EB041201EB4241481901226946FDF71CFA9DF8000083
:201CA000B84202D08821C6480155C348008800EB8000C24901EBC00030F82400C0F30C008B
:201CC000002804D1BC48008800EB800000E07CE001EBC00050F82400401E050CB6480088C7
:201CE00000EB800001EBC00030F82400401EC0F342360120B040C043C0B20190FF20B040D2
:201D00009DF8041000EA0107AB4909884FF41C1202EB413104EB041201EB424148190122DB
:201D200001A900F0A9FAA44909884FF41C1202EB413104EB041201EB424148190122694671
:201D4000FDF7C8F99DF80000B84202D088219C480155994909889B4A02EB413104EB0412CE
:201D600001EB42414819012201A900F085FA92490988944A02EB413104EB041201EB42413A
:201D8000481901226946FDF7A5F99DF80000B84202D088218A4801558748008800EB80008A
:201DA000864901EBC00050F82400C0F3110060B9814800884FF4241202EB404004EB041223
:201DC00000EB42410120F9F7FDF97B48008800EB80007A4901EBC000103050F82400002895
:201DE0007DD07548008800EB800001EBC000103050F82400401EC0F3CE056F48008800EB80
:201E0000800001EBC000103010F82400401E00F007060120B040C043C0B20190FF20B040A9
:201E20009DF8041000EA0107634909884FF4281202EB414104EB041201EB424148190122E6
:201E400001A900F019FA5C4909884FF4281202EB414104EB041201EB42414819012269460C
:201E6000FDF738F99DF80000B84202D0882154480155514909884FF42A1202EB414104EB39
:201E8000041201EB42414819012201A900F0F4F9494909884FF42A1202EB414104EB04129C
:201EA00001EB4241481901226946FDF713F99DF80000B84202D08821414801553E48008889
:201EC00000EB80003D4901EBC000103030F82400C0F30C00002802D13748008800E08DE0CB
:201EE00000EB800001EBC000103050F82400401E050C3148008800EB800001EBC000103058
:201F000030F82400401EC0F342360120B040C043C0B20190FF20B0409DF8041000EA01072B
:201F200025490988284A02EB413104EB041201EB42414819012201A900F09EF91E490988B0
:201F4000214A02EB413104EB041201EB4241481901226946FDF7BEF89DF80000B84202D005
:201F600088211748015514490988174A803202EB413104EB041201EB42414819012201A901
:201F800000F07AF90C4909880F4A803202EB413104EB041201EB4241481901226946FDF7F3
:201FA00099F89DF80000B84202D0882104480155014800880AE00000920000209C0F0020AC
:201FC000890F0020800027000010270000EB80000B4901EBC000103050F82400C0F3110090
:201FE00060B9084800884FF4281202EB404004EB041200EB42410120F9F7E4F8BDE8FC8184
:202000009C0F002092000020FEE7000070B53548F9F754FC0A20344908600120486005207F
:2020200088603048F9F7AEFC00224FF480512F48FAF7D8FA962000F0A4F92A48F9F7B4FEDF
:2020400032212848F9F718FE2648F9F74FFD85B240F6E44105FB01F0C11700EB1151091349
:202060004FF6FF7202EA410441F29410844234DD41F25040844230DA012211031B48FAF7AD
:20208000B1FA962000F07DF91648F9F78DFE32211448F9F7F1FD1348F9F728FD85B240F636
:2020A000E44105FB01F0C11700EB115109134FF6FF7202EA410400224FF480510B48FAF768
:2020C00091FA962000F05DF9B4F5616F03DC40F6B830844203DA102070BD1120FCE70020CF
:2020E000FAE70000382F002078250020000C01402DE9F04186B02646700001F071FC05466C
:20210000434B0FCB8DE80F0000224FF480514148FAF768FA962000F034F90F203E490870C0
:202120000020FEF775F9322000F02BF93A480078F6F72AFC07093846FEF76AF9962000F01D
:2021400020F900245CE03548F9F7B8FB5DF824003349086001204860052088602F48F9F74C
:2021600011FC2E48F9F720FE32212C48F9F784FD2A48F9F7BBFC25F8140035F8141040F6C5
:20218000E44201FB02F0C11700EB115109134FF6FF7202EA410104AA22F8141004A830F846
:2021A000140041F25041884206DC04A830F8140041F29411884221DA0020FEF729F91E20A1
:2021C00000F0DFF814480078F6F7DEFB00F0F0084046FEF71DF9142000F0D3F80020FEF721
:2021E00017F900200C49087004F12000C7B2284601F090F8384606B0BDE8F081601CC4B231
:20220000042CA0DB284601F085F80020F3E70000B4440108000C01408E000020382F0020BA
:20222000782500201CB5FF20019005200090002210210F48FAF7D6F90DE04FF47A73012201
:2022400069460C48FBF75CFC4FF47A73012201A90848FBF75FFB9DF8040000F001000028E6
:20226000EBD1012210210248FAF7BCF91CBD000000080140682F00202DE9F04781468A46A1
:202280001546C846FFF7CEFF00F01CF8002414E008F0FF0080F0FF00461C281BB04201DD1B
:2022A000374601E0281B87B20AEB04013A464046FDF77CFBE01984B2B844AC42E8DBBDE858
:2022C000F087000008B506200090002210210848FAF788F94FF47A73012269460548FBF7BE
:2022E0000FFC012210210248FAF77CF908BD000000080140682F002002E008C8121F08C15E
:20230000002AFAD170477047002001E001C1121F002AFBD1704770B54FF6FC71B0B1012858
:2023200013D12923020201F01DF8002500240020F6F786FA641CA4B2FF2CF8D90A2000F0A1
:2023400041F86D1CADB2292DF0D370BD0C23C022012001F007F8002400250020F6F770FA34
:202360006D1CADB2C02DF8D30A2000F02BF8641CA4B20C2CF0D370BD10B500F001F810BD07
:20238000704741F672710B4603E0491E89B2FCD21946401EF9D2704742F2283148434FF032
:2023A000E021486100208861086940F001000861012008610A69D203FBD5086920F001003B
:2023C00008617047A8B100EBC0014FF0E0200839416100218161016941F001010161012192
:2023E00001610269D203FBD5016921F001010161704700BF00BF00BF00BF00BF00BF00BF9C
:2024000000BF00BF00BF00BF00BF00BF00BF00BF00BF00BF704700002DE9F04107461D4698
:2024200014460E463020F6F7F1F9F020F6F7EEF92846F6F705FA102D02D0112D0BD104E07C
:20244000761F0223B1B2082202E0022308223146384600F087FF202C02D3203CE0B200E0AA
:2024600000200A49002501EB0016002404EBC500305CF6F7E5F9641CA4B2082CF6D36D1C37
:20248000ADB2022DF1D3BDE8F08100005049010870B5054616460C463020F6F7B7F9F02017
:2024A000F6F7B4F91020F6F7CBF9641FA1B202231022284600F056FF002500243078F6F7E3
:2024C000BFF9641CE4B2761C102CF7D36D1CEDB2022DF2D370BD2DE9F047984616468946F7
:2024E00005460024089F08E0325D434649462846FFF792FF0835ADB2641CBC42F4DBBDE8B4
:20250000F087000010B50FA18AB00FC901AC84E80F0010A305AC0FCB84E80F000020FFF7C6
:20252000FAFE1024234601AA032120200094FFF7D2FF102305AA052120200094FFF7CBFF00
:202540000AB010BD202020204175746F546573742020202020506C6561736520576169748C
:20256000696E67207FB513A20C46054607CA01AB83E8070013481249008831F8101061B9E7
:2025800000EB001101EB40100F4902AA01EB80000421B0F8720001F0A7FA01A8F5F7E8FF46
:2025A000C0B20090102301AA21462846FFF793FF7FBD00004352433A202020200000000010
:2025C000F4010020920000204803002010B50FA18AB00FC901AC84E80F0010A305AC0FCBDC
:2025E00084E80F000020FFF796FE1024234601AA032120200094FFF76EFF102305AA05210B
:2026000020200094FFF767FF0AB010BD20202020434845434B2049432020202020506C65B8
:202620006173652057616974696E67200E4A117820B1012908D9491E117007E0032901D2C3
:20264000491CF9E7012000E0032010701078012805D0022805D0032805D100F043B800F030
:20266000D1BA00F083BB7047880000207FB517A201AB07CA83E8070001A8F5F779FFC0B2E7
:202680000090102301AA03210220FFF724FF134C1149208831F81010002916D100EB0011B7
:2026A0000F4D01EB401005EB8000F5F761FFC0B200902088102300EB001101EB401005EBC1
:2026C000800203212820FFF706FF7FBD49433A202020202000000000F401002092000020A8
:2026E0004803002010B54CA394B00FCB07AC84E80F004DA11822D1E90001CDE90B014CA1DD
:2027000001A8F5F711FF50A0006811904FA0006812904FA0006813904E48016800200A24DB
:2027200003E0B1FBF4F1401CC0B20029F9D1C01CC0B2C0F1100000EBD07107AA02EB610228
:2027400021F00101401A1044F8F77EFD42480188002003E0B1FBF4F1401CC0B20029F9D1E6
:20276000C01CC0B2C0F1060000EBD0710BAA02EB610221F00101401A1044FCF773F81022D2
:2027800036490DA8F5F7D0FE0020FFF7C4FD01A8F5F7EEFEC0B20090102301AA01210820C9
:2027A000FFF799FE12A8F5F7E3FEC0B20090102312AA04210820FFF78EFE0520009010235D
:2027C0000BAA04213020FFF786FE13A8F5F7D0FEC0B20090102313AA07210820FFF77BFE2F
:2027E000102423460DAA072130200094FFF773FE11A8F5F7BDFEC0B20090102311AA0A2197
:202800000820FFF768FE102307AA0A2120200094FFF761FE14B010BD20202020202020206B
:202820002020202020202020202020202000000044453A2020492D5772697465722047415A
:202840004E472D340000000046573A0048573A0049433A00F8FF0108FC7F0008C0FF0108C1
:202860007FB51FA201AB07CA83E8070001A8F5F77FFEC0B20090102301AA05210220FFF744
:202880002AFE1B4C1949208831F81010002926D100EB0011174D01EB401005EB80007C307E
:2028A000F5F766FE182801D318200AE0208800EB001101EB401005EB80007C30F5F758FE54
:2028C000C0B200902088102300EB001101EB401005EB8002052130207C32FFF7FCFD7FBD22
:2028E00046696C653A20202020200000F4010020920000204803002000B523A091B00FC8BC
:202900000DF1040C8CE80F0023A10DF1140C0FC98CE80F0024A00DF1240C0FC88CE80F009D
:2029200025A30DF1340C0FCB8CE80F0001A8F5F71FFEC0B20090102301AA0B210220FFF75E
:20294000CAFD2148008800EB001101EB40111F4800EB81000D2190F8BC00552807D0AA281B
:2029600009D0BB280ED110230DAA009106E0102305AA009102E0102309AA00910B215A20E9
:20298000FFF7A9FD11B000BD50726F674D6F64653A202020000000004175746F202020204D
:2029A00020202020200000004D616E75616C202020202020200000004D616368696E652064
:2029C0002020202020000000920000204803002010B50FA18AB00FC901AC84E80F0010A3D8
:2029E00005AC0FCB84E80F000020FFF794FC1024234601AA032120200094FFF76CFD102359
:202A000005AA052120200094FFF765FD0AB010BD20202050726F6772616D6D696E6720200B
:202A200020506C656173652057616974696E672010B50FA18AB00FC901AC84E80F0010A3A7
:202A400005AC0FCB84E80F000020FFF764FC1024234601AA032120200094FFF73CFD102358
:202A600005AA052120200094FFF735FD0AB010BD20202052656164696E67204952432020A6
:202A800020506C656173652057616974696E672030B51AA20C46054687B007CA01AB83E84C
:202AA000070019A010230068049018A001AA006805900620009009210220FFF70CFD154869
:202AC0001349028831F81200002812D102EB0210114900EB421001EB8000022290F8BD005F
:202AE0004FF01003009230B105AA21462846FFF7F2FC07B030BD04AAF7E7000053706565EC
:202B0000643A202020200000485300004C530000F4010020920000204803002000B58FB037
:202B20001C2212A101A8F5F7FFFC1C2216A108A8F5F7FAFC0020FFF7EEFB01A8F5F718FDE4
:202B4000C0B20090102301AA04210220FFF7C3FC08A8F5F70DFDC0B20090102308AA0721E4
:202B60000220FFF7B8FC0FB000BD00002020202020556E737461626C6520706F77657220C2
:202B80002020202020200000202020506C6561736520636865636B21212121212121212174
:202BA0002120000010B50FA18AB00FC901AC84E80F0010A305AC0FCB84E80F000020FFF756
:202BC000AAFB1024234601AA032120200094FFF782FC102305AA052120200094FFF77BFC53
:202BE0000AB010BD2020202020566572696679202020202020506C6561736520576169746A
:202C0000696E672010B50020FFF785FB0721022000F018F8FFF72AFD00F040FAFFF720FE56
:202C200007215A20FFF79EFCFFF766FE09213220FFF72EFF00F052FA0921BDE810409C2052
:202C400000F0D2BA70B50D463849064686B00FC901AC84E80F003648018801EB011000EB8E
:202C60004112344800EB820301AA987B0C2804D0314C34F8111089B323E0D87B0B2807D0E9
:202C8000588B002833F8660F998814D0084447E033F8660FD21C9988084480B2042100F0CF
:202CA00023FF01A8F5F764FCC0B210230521009001AA02200EE0084480B20421D21C00F066
:202CC00013FF01A8F5F754FCC0B20090102301AA29463046FFF7FFFB06B070BDFFE7332824
:202CE0001AD1DC7B022C1DD0032C1BD0062C19D00F2C13D0132C11D0152C0FD0162C0DD0C5
:202D0000172C0BD01A2C09D01D2C07D0202C05D0222C03D0232C01D0588B18B133F8660FA8
:202D20001989C8E7B3F86600C7E70000944401089200002048030020F401002008B5002093
:202D4000FFF7E9FA12200090102303A204211820FFF7C1FB08BD0000504C4541534520430F
:202D6000484F4F53452046494C4500002DE9F0478AB032A101ABD1E90001CDE9070131A045
:202D800007C883E8070032A204AB07CA83E807000020FFF7C0FA314D314E00240DF11C0819
:202DA0000DF104090DF1100A08F104020121601C00F0B4FE288809F1020200EB800006EBA7
:202DC000C000062150F8240000F0A8FE28880AF1020200EB800006EBC00000EB84000621A9
:202DE000006900F09BFE07A8F5F7C2FBC0B204EB44070090791C102307AA0220FFF76BFB56
:202E000001A8F5F7B5FBC0B20090791C102301AA3020FFF760FB04A8F5F7AAFBC0B2009018
:202E2000791C102304AA7620FFF755FB641CE4B2042CB9D30AB0BDE8F08700005349544563
:202E40006E200000503A20202020202000000000463A2020202020200000000092000020A8
:202E60009C0F002038B58338154619283FD2DFE800F00D0F3E12151D20233E3E3E3E3E263E
:202E80004040292C2F403235383E3B00294C30E0284C10342DE0274C303C01E0254C203CFF
:202EA000A21C0121681C00F039FE22E0214C2034F6E7204C3034F3E71E4C5034F0E71D4C0F
:202EC000C03CEDE71B4CB03CEAE71A4CA03CE7E7184C903CE4E7174C403CE1E7154C603C4F
:202EE000DEE7144C103C04E0124C503CD8E7114CD03C10206DB1012D10D0022D13D0032DCD
:202F000006D110232246052100906220FFF7E3FA38BD102322460321009008E0102322466D
:202F200003210090F1E710232246052100900220ECE700009401002010B58EB018220EA11E
:202F400001A8F5F7F1FA182211A107A8F5F7ECFA0020FFF7E0F91624102301AA03211846FB
:202F60000094FFF7B8FA102307AA062118460094FFF7B1FA0EB010BD20206669726D776126
:202F8000726520435243206572726F7220200000506C6561736520757064617465206669EC
:202FA000726D77617265000038B50C46144A0121601C00F0B3FD08227CB1012C13D0022C13
:202FC00017D0032C08D100920D4A1023921E05215FF06200FFF77FFA38BD0092084A1023E4
:202FE000921E03210AE00092054A1023921E0321EEE70092024A1023921E05210220E9E77D
:20300000A60000202DE9F041224FFF260020022101243B78DFF88080082500BF25FA00F21E
:203020001A4209D008EB0002527852B34FEA400C04FA0CF27240D6B2401C0428EEDB00206B
:20304000FFF769F900F02AF85FF00004397825FA04F0084207D008EB04004078A8B122465E
:203060003146FFF7FFFE641CE4B2042CEED30B210220FFF7E7FDBDE8F0410B215A20FFF745
:2030800071BA420001FA02F2D4E721463046FFF78BFFE8E78E000020880F00200EB50CA118
:2030A0000DF10902D1E90001CDE901010A480221008800F033FD01A8F5F75AFAC0B200908C
:2030C000102301AA01210220FFF705FA0EBD0000436F646520585800920000202DE9F041CA
:2030E0000024114E114F4FF008085025308800EB001101EB401007EB800090F8C01028FA4D
:2031000004F0014204EBC40005EB400001D0084A00E0084A0121FFF7BBF9641CE4B2042C2E
:20312000E4D3BDE8F08100009200002048030020404F0108604F010870B590B00E46054651
:2031400014221AA101A8F5F7EFF914221CA106A8F5F7EAF914221FA10BA8F5F7E5F91024EA
:203160007DB1012D1AD0022D09D10020FFF7D3F810230BAA009405212020FFF7ACF910B0E2
:2031800070BD0DF111020321304600F0C7FC0020FFF7C1F8102301AA0094ECE70020FFF77A
:2031A000BAF8102306AA0094E5E70000457261736520426C6F636B2020202020000000007F
:2031C00057726974652F526561642030783535200000000057726974652F526561642030E1
:2031E000784141200000000030B51CA20C46054687B007CA01AB83E807001BA01BA1006870
:203200000690D1E90001CDE9040108200090102301AA09215A20FFF75EF9174815490288D4
:2032200031F81200002812D102EB0210134900EB421001EB800090F8BF00012809D00220D9
:20324000102306AA009021462846FFF744F907B030BD0420102304AA0090F4E7566F6C743A
:203260006167653A0000000035560000332E335600000000F4010020920000204803002040
:2032800010B51AA386B00FCB01AC84E80F001B48016800200A2203E0B1FBF2F1401CC0B21C
:2032A0000029F9D1C01CC0B2C0F1100000EBD07101AA02EB610221F00101401A1044F7F736
:2032C000C3FF0020FFF727F8102423460CA2042120200094FFF7FFF8102301AA0721202080
:2032E0000094FFF7F8F806B010BD000020202020202020202020202020202020F8FF0108D1
:2033000020692D5772697465722047414E472D342000000010B5002821D0114B0022001F41
:20332000196803E0814203D80A4649680029F9D152B11368841A9C4204D100681844106094
:20334000104602E0506000E0186039B102680B1A934203D10B681A4402604968416010BDB9
:20336000400300202DE9F041441E1D46164601F109073020F5F74AFA0A20FFF723F8152090
:20338000F5F744FA0A20FFF71DF8E0B2F5F758FA0A20FFF717F8A019401EC0B2F5F750FA10
:2033A0000A20FFF70FF87520F5F730FA0A20FFF709F8F8B2F5F744FA0A20FFF703F878199A
:2033C000401EC0B2F5F73CFA0A20FEF7FBFF5C20F5F71CFABDE8F0410A20FEF7F3BF0000BD
:2033E0001CB500260027002001900090002500248046F9F70BF9FDF778F8FBF7C7FAFBF762
:20340000A7FAFBF78DFAFBF717FCFBF7B7FBFBF7D5FBF5F7CFFAF5F74FF9F7F78DFEFBF7D3
:20342000EFFBFBF7EBFDFF20FCF79AFFFF20FCF7C3FF0020FCF7ECFFC820FEF7ADFFFFF7CC
:203440001FFF4FF47A70FEF7A7FFFBF725FAFE48FAF7F8FDDFF8F4B3A2468BF807A0DFF8E2
:20346000F093FC48006860B96420FEF795FFF948006830B9012C0BD0012001900020FFF795
:20348000D5F8019890B3F4480068012820D02DE08BF805A04FF00108BBF80A000F2803D280
:2034A000401CABF80A0001E0ABF80AA0FFF7AAFBF7F75AFD0720F9F715F900210846F7F773
:2034C00081FEE24902220A310020FEF7D5FED8E7002001909BF8020060B19BF80110022916
:2034E0000CD08BF802A001208BF80100DA48006840B113E001208BF80200F4E7401C8BF858
:203500000200F0E76420FEF747FFD348006828B9012C0AD001200090FFF788F8009898B39E
:20352000CC480068012820D038E08BF805A04FF00108BBF80A0018B1401EABF80A0002E0FB
:203540000F20ABF80A00FFF75DFBF7F70DFD0720F9F7C8F800210846F7F734FEBB490222BB
:203560000A310020FEF788FED8E7002000909BF80100012809D08BF802A002208BF80100A5
:203580009BF80200062806D008E09BF80200401C8BF80200F1E70720F9F7A4F8AF4800684A
:2035A000002842D10A20FEF7F7FEAC4800680028F7D1FF20FCF7D4FE8BF801A09BF80200D3
:2035C000062811D18BF802A0FCF72AFE40F2DC50FEF7E2FEFFF716FB06E00120FEF7DCFE8B
:2035E000761CB6F5FA6F03D09C4800680028F4D0B6F5FA6F02D10124FFF7A0FB0026B8F1AE
:20360000010F01D1B0460024BBF80A0000EB001101EB4010924901EB800090F8BC005528B1
:2036200004D0BB281ED0AA2832D028E19BF8030030B1FEF7EBFC8BF8030008B9F7F794FCF0
:203640009BF8031019B10020F7F7CAFC17E1002CEBD1F7F759FB01208BF804000720F9F745
:203660004CF80CE19BF8030030B1FEF7CFFC8BF8030008B9F7F778FC9BF8031019B10020A9
:20368000F7F7AEFCFBE0002C01D1F7F73DFBF6E0002C19D101208BF80000FF20FCF760FE93
:2036A0008BF801A08BF802A09BF8030030B1FEF7ADFC8BF8030008B9F7F756FC9BF803107F
:2036C00019B10020F7F78CFCD9E0F7F71DFBF7F785FB48B18A2089F8010089F8020089F834
:2036E000030089F804003AE0BBF80A0000EB001101EB40115A4800EB810090F84400400612
:203700000CD5F7F7D3FB48B1892089F8010089F8020089F8030089F8040020E0BBF80A009F
:2037200000EB001101EB40114D4800EB810090F8C0008BF805008BF80600F5F7A9F899F8D8
:20374000010050B999F8020038B999F8030020B999F8040008B9F5F78FF8FCF757F9FBF770
:2037600081FC8CE0F7F73AFB48B18A2089F8010089F8020089F8030089F804007FE0BBF87A
:203780000A0000EB001101EB4011354800EB810090F8440040060CD5F7F788FB48B18920F7
:2037A00089F8010089F8020089F8030089F8040065E0BBF80A0000EB001101EB4011284850
:2037C00000EB810090F8C0008BF805008BF806000025FEF7FBFEF5F74DF89BF807308BF893
:2037E000083000209BF806104FF0080C09EB0002527832B901FA00F2120702D52CFA00F2D5
:203800001543401CC0B20428F0D38D4203D101208BF8070001E08BF807A09BF80700012877
:2038200029D143BBFF20FCF79BFDF5F731F899F8010000BB99F80200E8B999F80300D0B933
:2038400099F80400B8B90DE05430002088000020880F0020140122420081214204012142AD
:2038600048030020F5F708F8FCF7D0F8FBF7FAFBC820FEF791FD0125C820FEF78DFDBBF8A4
:203880000A0000EB001101EB4011544800EB810090F8BC00552804D19BF8040000287FF415
:2038A00061AF2DB1FFF7AEF900250720F8F71AFFBBF80A0000EB001101EB4011474800EBB9
:2038C000810090F8BC00BB287FF4CBAD9BF8050000283FF4C6ADF7F781FA48B18A2089F862
:2038E000010089F8020089F8030089F80400B8E5BBF80A0000EB001101EB4011374800EB3E
:20390000810090F8440040060CD5F7F7CFFA48B1892089F8010089F8020089F8030089F8D0
:2039200004009EE5BBF80A0000EB001202EB40122A4800EB820292F8C020002AD7D006E005
:203940000120FEF71EFD7F1CFFB2C82F22D0BBF80A0000EB001101EB4011204800EB810037
:2039600090F8C0109BF805008142E9D19BF805000028BCD04FF0000800248BF806008BF817
:2039800005A0FF20FCF7ECFCF4F782FF99F8010090B11CE00027BBF80A0000EB001101EB81
:2039A00040110E4800EB81009BF8051090F8C00008408BF80500D9E799F8020038B999F85F
:2039C000030020B999F8040008B9F4F755FFFCF71DF8FBF747FB8BF806A042E5480300207F
:2039E000F0B50B30154D20F007010024144A0FE003688B420BD38B4205D95E1A43184768B9
:203A0000C3E9006700E04368136002C004E0021D10680028ECD12046002802D1286808B1C9
:203A20000020F0BD064A07481060074A121A22F00702C0E9002401202860D7E74403002077
:203A400040030020E4330020E03500200649074B002000BF11F8012B1A54401CC0B20C2872
:203A6000F8D3024870470000E8F7FF1F1C120020F0B4104AFF200021147808270E4E0222B6
:203A80005FF0010327FA01F5254209D075186D78002D4FEA41050AD003FA05F54540E8B26E
:203AA000491CC9B20429EDD3F0BCF7F7FFBB02FA05F5F3E78E000020880F002070B5034642
:203AC000002002466FF02F050BE09C5CA4F13006092E08D800EB800005EB4000521C2044B9
:203AE000D2B28A42F1D370BDF0B50023094C0A4E55180CE0CF1A00F00F022744000907F85A
:203B0000012CEF1AB25C5B1C07F8012CDBB28B42F0D3F0BD2812002084440108F0B5002301
:203B20000A24094D0A440BE0B0FBF4F604FB1606B0FBF4F0D71AAE5D5B1C07F8016CDBB21D
:203B40008B42F1D3F0BD0000844401080A4910B5084AC1E9002000208860C86008618861A0
:203B60000C2048610846FAF7D8FCBDE810400348FCF7A8BD0044004020320020800002400D
:203B80001CB516A0006800904FF4E130FFF7DEFF042269461248FAF71BFE4FF47A730422F0
:203BA00001A90F48FAF72CFD0E4801688901FCD54FF0007141600A48FAF729FC00206A4647
:203BC00001A9135C0C5CA34201D040201CBD401CC0B20428F5D300201CBD000055AA015565
:203BE000203200200000024070B50023074C0A4409E000BF00F00F05D61A0009655D5B1C4A
:203C000006F8015CDBB28B42F4D370BD8444010870B504460A4D10E0402C01D9402000E0EE
:203C2000E0B2201A84B20520FEF7ABFB40232A4681210448F8F78BFE4035002CECD170BDFE
:203C400038120020182900202DE9F04F97B004463C21EA4601A8F4F780FCFE48DFF8F8837E
:203C600000250068009098F8021049B9207888F80000607888F80100C8F80850C8F80C50DE
:203C8000F54898F80020DFF8D493F54F4068F03A4FF0010B082A77D2DFE802F03276047642
:203CA000763CF6F598F80100122809D081282AD082282BD0832823D1A078F4F7DFFD45E3D5
:203CC000E2208DF8000022208DF801008DF802508DF8035040236A468121E248F8F737FEE3
:203CE00088F802504FF4FA70FEF74BFB0122D103DD48F8F777FCDD495A200870F8F73AFD4E
:203D000017B0BDE8F08FF4F7BFFD1FE3A078F4F7B8FD1BE3D04B98F8012014331093422A37
:203D200033D0E526B12A51D0CC4BB22AB3F800C04FF4A02303EB4C437ED0DFF820C3C64684
:203D4000B32ABCF800804FF4003C0CEB083C74D0F046B42A72D0C22A71D0C32A70D0342A46
:203D60006FD0332A6ED0C42A6DD0D22A6CD0D12A6BD0D32A6AD000205146225C0A54401CAA
:203D800080B24028F9D364E35BE31846F7F7F0FB98F81600C8F80C50C8F80400109C0EE0E1
:203DA000402322468121AF48F8F7D1FD0A20FEF7E8FAD8F80C0040304034C8F80C00D8F885
:203DC0000410D8F80C008842EAD3BFE229B1D8F8081081420FD3084622E088F802B034F8B6
:203DE000030FC8F804006088A8F81000A088A8F814013D8084E70020D8F80820215C02EBCE
:203E0000080300F11402401C99543A8880B2114439804028F0D3D8F808004030C8F808000A
:203E2000D8F804108842E5D1B8F81000398888421FD18F4805700AE027E0BFE0E9E041E11C
:203E400069E170E196E19BE1AFE1F0E123E2FD60FBF746FFB8F814114FF4803000EB0130F6
:203E6000C421F7F71BFB388002227C490020FBF731F98DF80060B1208DF8010002208DF899
:203E800002003888D7E28CE263E2F1B14FF48032904233D9D8F80800402218442146FEF78D
:203EA000EBF9D8F808004030C8F80800D8F8048040459FD1B9F80020CB464FF4A0210024BB
:203EC00001EB4249AA463D8036E088F802B02079617EE27800EB0160A17E4C46090401EBAE
:203EE00002210844C8F8040019460120F7F76AF921884FF4C02000EB41417BE2D8F8080050
:203F0000CAE700BF4FF48065A84501D21FFA88F529464846F7F7C2FA3A88A9441044388051
:203F20004FF40040A8EB050800EB440002224C49FEF7A2F9641CA4B2B8F1000FE2D18DF820
:203F40000060B2208DF8010002208DF8020038888DF80400010A8DF803103C4640236A467F
:203F600081214048F8F7F3FC3B4981F802A0BBF8000000EB001101EB40103E4901EB8000BC
:203F80002188B0F86800884293D1F6F7EDFFE06818B13948007800288BD1FBF75FFCE0683E
:203FA000002886D14FF480542146F7F70BF92C4904220C312046FEF75FF9A1E6724609B38C
:203FC000DEF80810F04681420AD201EB0C0040222146FEF751F9D8F808004030C8F808000E
:203FE0004446D4E901108842E7D3B9F800204FF4003000EB0230F7F751FA38808DF80060AE
:20400000B32142E082F802B0A0786146CEF8040056E0124A4FF44033128803EB023269B3D5
:20402000D8F80810814209D2881840222146FEF723F9D8F808004030C8F808004446D4E929
:2040400001108842B9D1B9F800204FF4403000EB023014E0C44401088425002092000020DA
:204060005C0200201829002000100140FC4F00208D000020480300205802002017E0F7F72E
:204080000DFA38808DF80060B4218DF8011002218DF80210010A8DF803108DF804004023C8
:2040A0006A468121EC48F8F752FCA57028E688F802B02079E17800EB01201146CEF80400C9
:2040C000002098E1BB6020796179E27800EB0160A179090401EB02210844C8F80400D8F8FD
:2040E0000C0013E0B968402208441099FAF7F2FF40238121D848109AF8F729FC0A20FEF765
:2041000040F9D8F80C004030C8F80C00D8F804108842E7D11AE1604640221099FAF7DAFF72
:204120004023109A0EE12079E1784FF4403400EB0120C8F804004E46D8F80C0015E03188EC
:20414000402204EB013108441099FAF7C3FF40238121C148109AF8F7FAFB0A20FEF711F96F
:20416000D8F80C004030C8F80C00D8F804108842E5D1EBE08DF8006033208DF8010068E1F1
:204180008DF800608DF8012032208DF802000021202250464318491C89B2DA701029F9D378
:2041A0000AF10300F7F750F853E1A078F6F700FFA0784C46A9F80000FBF750FBFBF7D6FA49
:2041C0007D6021884FF4A0204FF4806A00EB414500244FF4C02805E0402C03D1B9F8001083
:2041E00008EB414551462846F7F758F97968641C0844A4B27860802CEED3FEF703FD8DF840
:204200000060D2208DF8010078684023010E8DF80210010C8DF80310010A8DF804108DF80F
:2042200005006A4681218C48F8F791FB68E58DF80060D1208DF8010009208DF80200D4F8B3
:204240000300F86010A9E01DFBF73AFC8DF80300F868824C020E82EA1041030A594041407B
:2042600021708DF804008DF80530000C8DF806008DF807209DF840008DF808009DF84100EF
:204280008DF809009DF842008DF80A009DF843008DF80B00DDE08DF80060D3208DF80100A7
:2042A000142010951195002412958DF80200FFF7CDFB002113AE425C7254491CC9B20C2914
:2042C000F9D308216648FBF711FA002010A9002251F8203002EB80071B0241F82030F75D3C
:2042E000521C3B43D2B241F82030042AF0D3401C5C40C0B20328EAD3594E00205FF000026A
:2043000041F8205051F8203002EB80071B0241F82030F75D521C3B43D2B241F82030042AC6
:20432000F0D3401C5C40C0B20228E7D300205246C30024FA03F11318401CC0B2D970042871
:20434000F6D386E081214448F8F701FB88F80250D6E498F801006628FAD11022414910A82B
:20436000F4F7E2F8E6208DF8000098F801008DF8010032208DF80200002010AA5146135C1D
:204380000C18401C80B2E3701028F8D340236A4681213148F8F7DBFA88F80250FEF732FC2E
:2043A000AEE498F80120012AD2D12F4A4FF42F06138806EB434229B1D8F8081081421DD375
:2043C000084625E088F802B0A079E178637900EB016021794C46090401EB03210844C8F869
:2043E000040011460120F6F7EDFE20884FF4300101EB40410120F6F7E5FE81E48818402288
:204400002146FDF739FFD8F808004030C8F80800D8F8041088429BD1B9F8002006EB42409B
:20442000F7F710F83880E7218DF800108DF801B002218DF80210010A8DF803108DF8040015
:2044400007E000205146225C0A54401C80B24028F9D340236A4675E71829002059020020D5
:204460006C020020C0FF01089200002000000000000000000102030406070809000000000C
:20448000010203043031323334353637383941424344454643533A46464646000000000088
:2044A00000000000524541442020504153530000000000000B0000000C0000000D00000045
:2044C00000000000E542000000000000963007772C610EEEBA51099919C46D078FF46A708D
:2044E00035A563E9A395649E3288DB0EA4B8DC791EE9D5E088D9D2972B4CB609BD7CB17EE4
:20450000072DB8E7911DBF906410B71DF220B06A4871B9F3DE41BE847DD4DA1AEBE4DD6D33
:2045200051B5D4F4C785D38356986C13C0A86B647AF962FDECC9658A4F5C0114D96C066383
:20454000633D0FFAF50D088DC8206E3B5E10694CE44160D5727167A2D1E4033C47D4044BC3
:20456000FD850DD26BB50AA5FAA8B5356C98B242D6C9BBDB40F9BCACE36CD832755CDF4563
:20458000CF0DD6DC593DD1ABAC30D9263A00DE518051D7C81661D0BFB5F4B42123C4B35653
:2045A0009995BACF0FA5BDB89EB802280888055FB2D90CC624E90BB1877C6F2F114C6858C3
:2045C000AB1D61C13D2D66B69041DC760671DB01BC20D2982A10D5EF8985B1711FB5B606F1
:2045E000A5E4BF9F33D4B8E8A2C9077834F9000F8EA8099618980EE1BB0D6A7F2D3D6D0803
:20460000976C6491015C63E6F4516B6B62616C1CD83065854E0062F2ED95066C7BA5011BD2
:20462000C1F4088257C40FF5C6D9B06550E9B712EAB8BE8B7C88B9FCDF1DDD62492DDA1522
:20464000F37CD38C654CD4FB5861B24DCE51B53A7400BCA3E230BBD441A5DF4AD795D83D42
:204660006DC4D1A4FBF4D6D36AE96943FCD96E34468867ADD0B860DA732D0444E51D0333C2
:204680005F4C0AAAC97C0DDD3C710550AA41022710100BBE86200CC925B56857B3856F20B2
:2046A00009D466B99FE461CE0EF9DE5E98C9D9292298D0B0B4A8D7C7173DB359810DB42EA2
:2046C0003B5CBDB7AD6CBAC02083B8EDB6B3BF9A0CE2B6039AD2B1743947D5EAAF77D29D26
:2046E0001526DB048316DC73120B63E3843B64943E6A6D0DA85A6A7A0BCF0EE49DFF099392
:2047000027AE000AB19E077D44930FF0D2A3088768F2011EFEC206695D5762F7CB67658041
:2047200071366C19E7066B6E761BD4FEE02BD3895A7ADA10CC4ADD676FDFB9F9F9EFBE8E71
:2047400043BEB717D58EB060E8A3D6D67E93D1A1C4C2D83852F2DF4FF167BBD16757BCA651
:20476000DD06B53F4B36B248DA2B0DD84C1B0AAFF64A0336607A0441C3EF60DF55DF67A811
:20478000EF8E6E3179BE69468CB361CB1A8366BCA0D26F2536E2685295770CCC03470BBB21
:2047A000B91602222F260555BE3BBAC5280BBDB2925AB42B046AB35CA7FFD7C231CFD0B531
:2047C0008B9ED92C1DAEDE5BB0C2649B26F263EC9CA36A750A936D02A906099C3F360EEBE3
:2047E0008567077213570005824ABF95147AB8E2AE2BB17B381BB60C9B8ED2920DBED5E571
:20480000B7EFDC7C21DFDB0BD4D2D38642E2D4F1F8B3DD686E83DA1FCD16BE815B26B9F6A0
:20482000E177B06F7747B718E65A0888706A0FFFCA3B06665C0B0111FF9E658F69AE62F8D0
:20484000D3FF6B6145CF6C1678E20AA0EED20DD75483044EC2B30339612667A7F71660D0D0
:204860004D476949DB776E3E4A6AD1AEDC5AD6D9660BDF40F03BD83753AEBCA9C59EBBDEB0
:204880007FCFB247E9FFB5301CF2BDBD8AC2BACA3093B353A6A3B4240536D0BA9306D7CDC0
:2048A0002957DE54BF67D9232E7A66B3B84A61C4021B685D942B6F2A37BE0BB4A18E0CC350
:2048C0001BDF055A8DEF022DD6D000000F08080808FF080808080F0000000000F020202081
:2048E00020FF20202020F0000000CEA2081123CC017909F90979041BE80F08008000FF0115
:20490000027C40407C0811E618E60100B0AE0126342C2424374C44444C74C4450600008296
:20492000848991E1B2AAA4A4AAB281010100D0BE20202020F82024222120F8202020200050
:204940000810600000FC02020202020E8040300000000000000000000000000000000000DB
:204960000000001F00000000000000CC0C0000000008306008306000000000000000000010
:2049800002031E02031E020020FC2020FC202000000E113F100C0000001804FF84780000A6
:2049A0000F100F0007180000008438C078847800000F10110E0000007884C42498E4840890
:2049C0000000000000000000010D0E00000000000000000718204000000000E0180402003E
:2049E000004020180700000000020418E00000000202010F01020200404080F08040400031
:204A00000000000F00000000808080F8808080000000000000000000010D0E000000000073
:204A2000000000000000000000808080808080800000000000000000000C0C0000000000DE
:204A400000000000010618200006186080000000000708101008070000F008040408F000E3
:204A60000008081F00000000000404FC04040000000E101010110E00000C142444840C0086
:204A8000000C101111120C00001804040488700000000304081F000000E0202424FC240008
:204AA000001F1011111010000098840404887000000708111118000000F0880404887000A8
:204AC000001C1010131C1000000000FC00000000000E111010110E00003844848444380001
:204AE000000708101008070000008C444488F00000000003030000000000000C0C000000CE
:204B0000000000010000000000000106000000000000010204081000008040201008040072
:204B200002020202020202002020202020202000001008040201000000040810204080006C
:204B4000000E121010100F000000000C6C800000030C131417080700E018E424C428D000E6
:204B60000000031C07000000043CC44040E41C04101F1111110E000004FC04040488700013
:204B8000030C101010101C00E018040404081000101F10101008070004FC04040408F0001C
:204BA000101F11111710080004FC0404C4041800101F11111710080004FC0400C000000049
:204BC000030C1010101C0000E018040444784000101F100000101F1004FC84808084FC04F8
:204BE0000010101F10100000000404FC04040000000010101F10100003010101FE000000E7
:204C0000101F11031418100004FC0480641C0400101F10000000000004FC040404040C00B2
:204C2000101F1F001F1F100004FC00FC00FC0400101F0C0300101F1004FC0400E018FC0067
:204C40000708101010080700F00804040408F000101F101010100F0004FC84808080000088
:204C60000708101010080700F01824241C0AF200101F111111110E0004FC0400C0300C04F9
:204C8000000E111010101C00001C0484844438001810101F10101800000004FC0400000072
:204CA000101F100000101F1000F804040404F800101E110000131C100000E01C708000000C
:204CC0001F10001F00101F00C03CE000E03CC0001018160101161810040C34C0C0340C0419
:204CE000101C1300131C1000000004FC0400000008101010131C1000041C64840404180093
:204D00000000007F40404000000000FE0202020000300C030000000000000080601C030012
:204D2000004040407F00000000020202FE0000000000204040402000000000000000000030
:204D40000000000000000000010101010101010100300C030000000000000080601C03000D
:204D60000000010101010000009824444444FC04101F00010100000000FC880404887000F2
:204D8000000000010101000000708804040488000000000101111F00007088040408FC044A
:204DA000000001010101000000F844444444C8000001010F11111118000404FC04040000B7
:204DC000000001010101010000D6292929C90600101F00010101000004FC84000004FC04F4
:204DE0000001191900000000000404FC0404000000000001191900000003010101FE00003D
:204E0000101F00000101010004FC2440B40C04000010101F00000000000404FC04040000ED
:204E2000010101010101010004FC0400FC0400FC010100010101000004FC84000004FC04DE
:204E4000000001010101000000F804040404F800010100010100000001FF850404887000C5
:204E60000000000101010100007088040405FF0101010100010101000404FC840400800017
:204E8000000001010101010000CC2424242498000001010701010000000000F8040400000E
:204EA000010100000001010000F804040408FC0401010100000101010080700C10608000F0
:204EC0000101000100010101F00C30C0300CF000000101000101010000048C74708C0400AB
:204EE00001010100000101010181710E18608000000101010101010000840C3444840C0015
:204F000000000000013E40400000000000FC020200000000FF00000000000000FF000000D4
:204F20000040403E01000000000202FC000000000060808040402020000000000000000092
:204F4000070F3F3F7FFFFFFFFFFFFF7F3F3F1F07E0F0FCFEFEFFFFFFFFFFFFFEFEFCF8E08F
:204F6000070F3C3870E0C0C0C0C0E070383C0F07E0F83C0C0E0703030303070E0E3CF8E005
:204F8000A04F01080000002048030000A48500081451010848030020B84C0000082301086C
:204FA000411EE90A01087D0445450B01081AAF0C1A51041A5F04C11AD11069045ADD1C1426
:204FC0000902291301012580FA09042B02031210082111013301221D1607058103402D02C7
:204FE00007050207A91A313B0A06134340013CA24A040871DA200188094943313A504153BA
:205000005320290E8920CD4641494C307E783A495243182910BC524F4D10BC4F5054107CD0
:20502000454550104C57523A493B52440919201A205049153C6B487A608A4477291068095B
:2050400054494D45204F555410BC50524560680946494C4520455252106808554E4B4E4F51
:20506000574EB3380A4F50454E2053484F5241180F5650502020697320204572726F721034
:20508000AB4444102940CB434EC05D524F4C4C101139D06C52524FC729102C4E4F203339D4
:2050A00001031EFFFF024390021F011206100DFF0901A1010901954075081512262EFF81A2
:2050C0000209020D349102C01378021420DDAC1B08D9041AE104180ACD0C0108050D0108C7
:2050E00011041A2D041A55041AA5141AD90417040309041201320225407F1D040D1E02016E
:205100000203810929C4C5792301082A026A311AC5988100FFFFFFFFFFFFFFFFFFFFFFFFF6
:20512000FFFFFFFFFFFFFFFFFFFFFFFFFFFFFFFFFFFFFFFFFFFFFFFFFFFFFFFFFFFFFFFF8F
:20514000FFFFFFFFFFFFFFFFFFFFFFFFFFFFFFFFFFFFFFFFFFFFFFFFFFFFFFFFFFFFFFFF6F
:20516000FFFFFFFFFFFFFFFFFFFFFFFFFFFFFFFFFFFFFFFFFFFFFFFFFFFFFFFFFFFFFFFF4F
:20518000FFFFFFFFFFFFFFFFFFFFFFFFFFFFFFFFFFFFFFFFFFFFFFFFFFFFFFFFFFFFFFFF2F
:2051A000FFFFFFFFFFFFFFFFFFFFFFFFFFFFFFFFFFFFFFFFFFFFFFFFFFFFFFFFFFFFFFFF0F
:2051C000FFFFFFFFFFFFFFFFFFFFFFFFFFFFFFFFFFFFFFFFFFFFFFFFFFFFFFFFFFFFFFFFEF
:2051E000FFFFFFFFFFFFFFFFFFFFFFFFFFFFFFFFFFFFFFFFFFFFFFFFFFFFFFFFFFFFFFFFCF
:20520000FFFFFFFFFFFFFFFFFFFFFFFFFFFFFFFFFFFFFFFFFFFFFFFFFFFFFFFFFFFFFFFFAE
:20522000FFFFFFFFFFFFFFFFFFFFFFFFFFFFFFFFFFFFFFFFFFFFFFFFFFFFFFFFFFFFFFFF8E
:20524000FFFFFFFFFFFFFFFFFFFFFFFFFFFFFFFFFFFFFFFFFFFFFFFFFFFFFFFFFFFFFFFF6E
:20526000FFFFFFFFFFFFFFFFFFFFFFFFFFFFFFFFFFFFFFFFFFFFFFFFFFFFFFFFFFFFFFFF4E
:20528000FFFFFFFFFFFFFFFFFFFFFFFFFFFFFFFFFFFFFFFFFFFFFFFFFFFFFFFFFFFFFFFF2E
:2052A000FFFFFFFFFFFFFFFFFFFFFFFFFFFFFFFFFFFFFFFFFFFFFFFFFFFFFFFFFFFFFFFF0E
:2052C000FFFFFFFFFFFFFFFFFFFFFFFFFFFFFFFFFFFFFFFFFFFFFFFFFFFFFFFFFFFFFFFFEE
:2052E000FFFFFFFFFFFFFFFFFFFFFFFFFFFFFFFFFFFFFFFFFFFFFFFFFFFFFFFFFFFFFFFFCE
:20530000FFFFFFFFFFFFFFFFFFFFFFFFFFFFFFFFFFFFFFFFFFFFFFFFFFFFFFFFFFFFFFFFAD
:20532000FFFFFFFFFFFFFFFFFFFFFFFFFFFFFFFFFFFFFFFFFFFFFFFFFFFFFFFFFFFFFFFF8D
:20534000FFFFFFFFFFFFFFFFFFFFFFFFFFFFFFFFFFFFFFFFFFFFFFFFFFFFFFFFFFFFFFFF6D
:20536000FFFFFFFFFFFFFFFFFFFFFFFFFFFFFFFFFFFFFFFFFFFFFFFFFFFFFFFFFFFFFFFF4D
:20538000FFFFFFFFFFFFFFFFFFFFFFFFFFFFFFFFFFFFFFFFFFFFFFFFFFFFFFFFFFFFFFFF2D
:2053A000FFFFFFFFFFFFFFFFFFFFFFFFFFFFFFFFFFFFFFFFFFFFFFFFFFFFFFFFFFFFFFFF0D
:2053C000FFFFFFFFFFFFFFFFFFFFFFFFFFFFFFFFFFFFFFFFFFFFFFFFFFFFFFFFFFFFFFFFED
:2053E000FFFFFFFFFFFFFFFFFFFFFFFFFFFFFFFFFFFFFFFFFFFFFFFFFFFFFFFFFFFFFFFFCD
:20540000FFFFFFFFFFFFFFFFFFFFFFFFFFFFFFFFFFFFFFFFFFFFFFFFFFFFFFFFFFFFFFFFAC
:20542000FFFFFFFFFFFFFFFFFFFFFFFFFFFFFFFFFFFFFFFFFFFFFFFFFFFFFFFFFFFFFFFF8C
:20544000FFFFFFFFFFFFFFFFFFFFFFFFFFFFFFFFFFFFFFFFFFFFFFFFFFFFFFFFFFFFFFFF6C
:20546000FFFFFFFFFFFFFFFFFFFFFFFFFFFFFFFFFFFFFFFFFFFFFFFFFFFFFFFFFFFFFFFF4C
:20548000FFFFFFFFFFFFFFFFFFFFFFFFFFFFFFFFFFFFFFFFFFFFFFFFFFFFFFFFFFFFFFFF2C
:2054A000FFFFFFFFFFFFFFFFFFFFFFFFFFFFFFFFFFFFFFFFFFFFFFFFFFFFFFFFFFFFFFFF0C
:2054C000FFFFFFFFFFFFFFFFFFFFFFFFFFFFFFFFFFFFFFFFFFFFFFFFFFFFFFFFFFFFFFFFEC
:2054E000FFFFFFFFFFFFFFFFFFFFFFFFFFFFFFFFFFFFFFFFFFFFFFFFFFFFFFFFFFFFFFFFCC
:20550000FFFFFFFFFFFFFFFFFFFFFFFFFFFFFFFFFFFFFFFFFFFFFFFFFFFFFFFFFFFFFFFFAB
:20552000FFFFFFFFFFFFFFFFFFFFFFFFFFFFFFFFFFFFFFFFFFFFFFFFFFFFFFFFFFFFFFFF8B
:20554000FFFFFFFFFFFFFFFFFFFFFFFFFFFFFFFFFFFFFFFFFFFFFFFFFFFFFFFFFFFFFFFF6B
:20556000FFFFFFFFFFFFFFFFFFFFFFFFFFFFFFFFFFFFFFFFFFFFFFFFFFFFFFFFFFFFFFFF4B
:20558000FFFFFFFFFFFFFFFFFFFFFFFFFFFFFFFFFFFFFFFFFFFFFFFFFFFFFFFFFFFFFFFF2B
:2055A000FFFFFFFFFFFFFFFFFFFFFFFFFFFFFFFFFFFFFFFFFFFFFFFFFFFFFFFFFFFFFFFF0B
:2055C000FFFFFFFFFFFFFFFFFFFFFFFFFFFFFFFFFFFFFFFFFFFFFFFFFFFFFFFFFFFFFFFFEB
:2055E000FFFFFFFFFFFFFFFFFFFFFFFFFFFFFFFFFFFFFFFFFFFFFFFFFFFFFFFFFFFFFFFFCB
:20560000FFFFFFFFFFFFFFFFFFFFFFFFFFFFFFFFFFFFFFFFFFFFFFFFFFFFFFFFFFFFFFFFAA
:20562000FFFFFFFFFFFFFFFFFFFFFFFFFFFFFFFFFFFFFFFFFFFFFFFFFFFFFFFFFFFFFFFF8A
:20564000FFFFFFFFFFFFFFFFFFFFFFFFFFFFFFFFFFFFFFFFFFFFFFFFFFFFFFFFFFFFFFFF6A
:20566000FFFFFFFFFFFFFFFFFFFFFFFFFFFFFFFFFFFFFFFFFFFFFFFFFFFFFFFFFFFFFFFF4A
:20568000FFFFFFFFFFFFFFFFFFFFFFFFFFFFFFFFFFFFFFFFFFFFFFFFFFFFFFFFFFFFFFFF2A
:2056A000FFFFFFFFFFFFFFFFFFFFFFFFFFFFFFFFFFFFFFFFFFFFFFFFFFFFFFFFFFFFFFFF0A
:2056C000FFFFFFFFFFFFFFFFFFFFFFFFFFFFFFFFFFFFFFFFFFFFFFFFFFFFFFFFFFFFFFFFEA
:2056E000FFFFFFFFFFFFFFFFFFFFFFFFFFFFFFFFFFFFFFFFFFFFFFFFFFFFFFFFFFFFFFFFCA
:20570000FFFFFFFFFFFFFFFFFFFFFFFFFFFFFFFFFFFFFFFFFFFFFFFFFFFFFFFFFFFFFFFFA9
:20572000FFFFFFFFFFFFFFFFFFFFFFFFFFFFFFFFFFFFFFFFFFFFFFFFFFFFFFFFFFFFFFFF89
:20574000FFFFFFFFFFFFFFFFFFFFFFFFFFFFFFFFFFFFFFFFFFFFFFFFFFFFFFFFFFFFFFFF69
:20576000FFFFFFFFFFFFFFFFFFFFFFFFFFFFFFFFFFFFFFFFFFFFFFFFFFFFFFFFFFFFFFFF49
:20578000FFFFFFFFFFFFFFFFFFFFFFFFFFFFFFFFFFFFFFFFFFFFFFFFFFFFFFFFFFFFFFFF29
:2057A000FFFFFFFFFFFFFFFFFFFFFFFFFFFFFFFFFFFFFFFFFFFFFFFFFFFFFFFFFFFFFFFF09
:2057C000FFFFFFFFFFFFFFFFFFFFFFFFFFFFFFFFFFFFFFFFFFFFFFFFFFFFFFFFFFFFFFFFE9
:2057E000FFFFFFFFFFFFFFFFFFFFFFFFFFFFFFFFFFFFFFFFFFFFFFFFFFFFFFFFFFFFFFFFC9
:20580000FFFFFFFFFFFFFFFFFFFFFFFFFFFFFFFFFFFFFFFFFFFFFFFFFFFFFFFFFFFFFFFFA8
:20582000FFFFFFFFFFFFFFFFFFFFFFFFFFFFFFFFFFFFFFFFFFFFFFFFFFFFFFFFFFFFFFFF88
:20584000FFFFFFFFFFFFFFFFFFFFFFFFFFFFFFFFFFFFFFFFFFFFFFFFFFFFFFFFFFFFFFFF68
:20586000FFFFFFFFFFFFFFFFFFFFFFFFFFFFFFFFFFFFFFFFFFFFFFFFFFFFFFFFFFFFFFFF48
:20588000FFFFFFFFFFFFFFFFFFFFFFFFFFFFFFFFFFFFFFFFFFFFFFFFFFFFFFFFFFFFFFFF28
:2058A000FFFFFFFFFFFFFFFFFFFFFFFFFFFFFFFFFFFFFFFFFFFFFFFFFFFFFFFFFFFFFFFF08
:2058C000FFFFFFFFFFFFFFFFFFFFFFFFFFFFFFFFFFFFFFFFFFFFFFFFFFFFFFFFFFFFFFFFE8
:2058E000FFFFFFFFFFFFFFFFFFFFFFFFFFFFFFFFFFFFFFFFFFFFFFFFFFFFFFFFFFFFFFFFC8
:20590000FFFFFFFFFFFFFFFFFFFFFFFFFFFFFFFFFFFFFFFFFFFFFFFFFFFFFFFFFFFFFFFFA7
:20592000FFFFFFFFFFFFFFFFFFFFFFFFFFFFFFFFFFFFFFFFFFFFFFFFFFFFFFFFFFFFFFFF87
:20594000FFFFFFFFFFFFFFFFFFFFFFFFFFFFFFFFFFFFFFFFFFFFFFFFFFFFFFFFFFFFFFFF67
:20596000FFFFFFFFFFFFFFFFFFFFFFFFFFFFFFFFFFFFFFFFFFFFFFFFFFFFFFFFFFFFFFFF47
:20598000FFFFFFFFFFFFFFFFFFFFFFFFFFFFFFFFFFFFFFFFFFFFFFFFFFFFFFFFFFFFFFFF27
:2059A000FFFFFFFFFFFFFFFFFFFFFFFFFFFFFFFFFFFFFFFFFFFFFFFFFFFFFFFFFFFFFFFF07
:2059C000FFFFFFFFFFFFFFFFFFFFFFFFFFFFFFFFFFFFFFFFFFFFFFFFFFFFFFFFFFFFFFFFE7
:2059E000FFFFFFFFFFFFFFFFFFFFFFFFFFFFFFFFFFFFFFFFFFFFFFFFFFFFFFFFFFFFFFFFC7
:205A0000FFFFFFFFFFFFFFFFFFFFFFFFFFFFFFFFFFFFFFFFFFFFFFFFFFFFFFFFFFFFFFFFA6
:205A2000FFFFFFFFFFFFFFFFFFFFFFFFFFFFFFFFFFFFFFFFFFFFFFFFFFFFFFFFFFFFFFFF86
:205A4000FFFFFFFFFFFFFFFFFFFFFFFFFFFFFFFFFFFFFFFFFFFFFFFFFFFFFFFFFFFFFFFF66
:205A6000FFFFFFFFFFFFFFFFFFFFFFFFFFFFFFFFFFFFFFFFFFFFFFFFFFFFFFFFFFFFFFFF46
:205A8000FFFFFFFFFFFFFFFFFFFFFFFFFFFFFFFFFFFFFFFFFFFFFFFFFFFFFFFFFFFFFFFF26
:205AA000FFFFFFFFFFFFFFFFFFFFFFFFFFFFFFFFFFFFFFFFFFFFFFFFFFFFFFFFFFFFFFFF06
:205AC000FFFFFFFFFFFFFFFFFFFFFFFFFFFFFFFFFFFFFFFFFFFFFFFFFFFFFFFFFFFFFFFFE6
:205AE000FFFFFFFFFFFFFFFFFFFFFFFFFFFFFFFFFFFFFFFFFFFFFFFFFFFFFFFFFFFFFFFFC6
:205B0000FFFFFFFFFFFFFFFFFFFFFFFFFFFFFFFFFFFFFFFFFFFFFFFFFFFFFFFFFFFFFFFFA5
:205B2000FFFFFFFFFFFFFFFFFFFFFFFFFFFFFFFFFFFFFFFFFFFFFFFFFFFFFFFFFFFFFFFF85
:205B4000FFFFFFFFFFFFFFFFFFFFFFFFFFFFFFFFFFFFFFFFFFFFFFFFFFFFFFFFFFFFFFFF65
:205B6000FFFFFFFFFFFFFFFFFFFFFFFFFFFFFFFFFFFFFFFFFFFFFFFFFFFFFFFFFFFFFFFF45
:205B8000FFFFFFFFFFFFFFFFFFFFFFFFFFFFFFFFFFFFFFFFFFFFFFFFFFFFFFFFFFFFFFFF25
:205BA000FFFFFFFFFFFFFFFFFFFFFFFFFFFFFFFFFFFFFFFFFFFFFFFFFFFFFFFFFFFFFFFF05
:205BC000FFFFFFFFFFFFFFFFFFFFFFFFFFFFFFFFFFFFFFFFFFFFFFFFFFFFFFFFFFFFFFFFE5
:205BE000FFFFFFFFFFFFFFFFFFFFFFFFFFFFFFFFFFFFFFFFFFFFFFFFFFFFFFFFFFFFFFFFC5
:205C0000FFFFFFFFFFFFFFFFFFFFFFFFFFFFFFFFFFFFFFFFFFFFFFFFFFFFFFFFFFFFFFFFA4
:205C2000FFFFFFFFFFFFFFFFFFFFFFFFFFFFFFFFFFFFFFFFFFFFFFFFFFFFFFFFFFFFFFFF84
:205C4000FFFFFFFFFFFFFFFFFFFFFFFFFFFFFFFFFFFFFFFFFFFFFFFFFFFFFFFFFFFFFFFF64
:205C6000FFFFFFFFFFFFFFFFFFFFFFFFFFFFFFFFFFFFFFFFFFFFFFFFFFFFFFFFFFFFFFFF44
:205C8000FFFFFFFFFFFFFFFFFFFFFFFFFFFFFFFFFFFFFFFFFFFFFFFFFFFFFFFFFFFFFFFF24
:205CA000FFFFFFFFFFFFFFFFFFFFFFFFFFFFFFFFFFFFFFFFFFFFFFFFFFFFFFFFFFFFFFFF04
:205CC000FFFFFFFFFFFFFFFFFFFFFFFFFFFFFFFFFFFFFFFFFFFFFFFFFFFFFFFFFFFFFFFFE4
:205CE000FFFFFFFFFFFFFFFFFFFFFFFFFFFFFFFFFFFFFFFFFFFFFFFFFFFFFFFFFFFFFFFFC4
:205D0000FFFFFFFFFFFFFFFFFFFFFFFFFFFFFFFFFFFFFFFFFFFFFFFFFFFFFFFFFFFFFFFFA3
:205D2000FFFFFFFFFFFFFFFFFFFFFFFFFFFFFFFFFFFFFFFFFFFFFFFFFFFFFFFFFFFFFFFF83
:205D4000FFFFFFFFFFFFFFFFFFFFFFFFFFFFFFFFFFFFFFFFFFFFFFFFFFFFFFFFFFFFFFFF63
:205D6000FFFFFFFFFFFFFFFFFFFFFFFFFFFFFFFFFFFFFFFFFFFFFFFFFFFFFFFFFFFFFFFF43
:205D8000FFFFFFFFFFFFFFFFFFFFFFFFFFFFFFFFFFFFFFFFFFFFFFFFFFFFFFFFFFFFFFFF23
:205DA000FFFFFFFFFFFFFFFFFFFFFFFFFFFFFFFFFFFFFFFFFFFFFFFFFFFFFFFFFFFFFFFF03
:205DC000FFFFFFFFFFFFFFFFFFFFFFFFFFFFFFFFFFFFFFFFFFFFFFFFFFFFFFFFFFFFFFFFE3
:205DE000FFFFFFFFFFFFFFFFFFFFFFFFFFFFFFFFFFFFFFFFFFFFFFFFFFFFFFFFFFFFFFFFC3
:205E0000FFFFFFFFFFFFFFFFFFFFFFFFFFFFFFFFFFFFFFFFFFFFFFFFFFFFFFFFFFFFFFFFA2
:205E2000FFFFFFFFFFFFFFFFFFFFFFFFFFFFFFFFFFFFFFFFFFFFFFFFFFFFFFFFFFFFFFFF82
:205E4000FFFFFFFFFFFFFFFFFFFFFFFFFFFFFFFFFFFFFFFFFFFFFFFFFFFFFFFFFFFFFFFF62
:205E6000FFFFFFFFFFFFFFFFFFFFFFFFFFFFFFFFFFFFFFFFFFFFFFFFFFFFFFFFFFFFFFFF42
:205E8000FFFFFFFFFFFFFFFFFFFFFFFFFFFFFFFFFFFFFFFFFFFFFFFFFFFFFFFFFFFFFFFF22
:205EA000FFFFFFFFFFFFFFFFFFFFFFFFFFFFFFFFFFFFFFFFFFFFFFFFFFFFFFFFFFFFFFFF02
:205EC000FFFFFFFFFFFFFFFFFFFFFFFFFFFFFFFFFFFFFFFFFFFFFFFFFFFFFFFFFFFFFFFFE2
:205EE000FFFFFFFFFFFFFFFFFFFFFFFFFFFFFFFFFFFFFFFFFFFFFFFFFFFFFFFFFFFFFFFFC2
:205F0000FFFFFFFFFFFFFFFFFFFFFFFFFFFFFFFFFFFFFFFFFFFFFFFFFFFFFFFFFFFFFFFFA1
:205F2000FFFFFFFFFFFFFFFFFFFFFFFFFFFFFFFFFFFFFFFFFFFFFFFFFFFFFFFFFFFFFFFF81
:205F4000FFFFFFFFFFFFFFFFFFFFFFFFFFFFFFFFFFFFFFFFFFFFFFFFFFFFFFFFFFFFFFFF61
:205F6000FFFFFFFFFFFFFFFFFFFFFFFFFFFFFFFFFFFFFFFFFFFFFFFFFFFFFFFFFFFFFFFF41
:205F8000FFFFFFFFFFFFFFFFFFFFFFFFFFFFFFFFFFFFFFFFFFFFFFFFFFFFFFFFFFFFFFFF21
:205FA000FFFFFFFFFFFFFFFFFFFFFFFFFFFFFFFFFFFFFFFFFFFFFFFFFFFFFFFFFFFFFFFF01
:205FC000FFFFFFFFFFFFFFFFFFFFFFFFFFFFFFFFFFFFFFFFFFFFFFFFFFFFFFFFFFFFFFFFE1
:205FE000FFFFFFFFFFFFFFFFFFFFFFFFFFFFFFFFFFFFFFFFFFFFFFFFFFFFFFFFFFFFFFFFC1
:20600000FFFFFFFFFFFFFFFFFFFFFFFFFFFFFFFFFFFFFFFFFFFFFFFFFFFFFFFFFFFFFFFFA0
:20602000FFFFFFFFFFFFFFFFFFFFFFFFFFFFFFFFFFFFFFFFFFFFFFFFFFFFFFFFFFFFFFFF80
:20604000FFFFFFFFFFFFFFFFFFFFFFFFFFFFFFFFFFFFFFFFFFFFFFFFFFFFFFFFFFFFFFFF60
:20606000FFFFFFFFFFFFFFFFFFFFFFFFFFFFFFFFFFFFFFFFFFFFFFFFFFFFFFFFFFFFFFFF40
:20608000FFFFFFFFFFFFFFFFFFFFFFFFFFFFFFFFFFFFFFFFFFFFFFFFFFFFFFFFFFFFFFFF20
:2060A000FFFFFFFFFFFFFFFFFFFFFFFFFFFFFFFFFFFFFFFFFFFFFFFFFFFFFFFFFFFFFFFF00
:2060C000FFFFFFFFFFFFFFFFFFFFFFFFFFFFFFFFFFFFFFFFFFFFFFFFFFFFFFFFFFFFFFFFE0
:2060E000FFFFFFFFFFFFFFFFFFFFFFFFFFFFFFFFFFFFFFFFFFFFFFFFFFFFFFFFFFFFFFFFC0
:20610000FFFFFFFFFFFFFFFFFFFFFFFFFFFFFFFFFFFFFFFFFFFFFFFFFFFFFFFFFFFFFFFF9F
:20612000FFFFFFFFFFFFFFFFFFFFFFFFFFFFFFFFFFFFFFFFFFFFFFFFFFFFFFFFFFFFFFFF7F
:20614000FFFFFFFFFFFFFFFFFFFFFFFFFFFFFFFFFFFFFFFFFFFFFFFFFFFFFFFFFFFFFFFF5F
:20616000FFFFFFFFFFFFFFFFFFFFFFFFFFFFFFFFFFFFFFFFFFFFFFFFFFFFFFFFFFFFFFFF3F
:20618000FFFFFFFFFFFFFFFFFFFFFFFFFFFFFFFFFFFFFFFFFFFFFFFFFFFFFFFFFFFFFFFF1F
:2061A000FFFFFFFFFFFFFFFFFFFFFFFFFFFFFFFFFFFFFFFFFFFFFFFFFFFFFFFFFFFFFFFFFF
:2061C000FFFFFFFFFFFFFFFFFFFFFFFFFFFFFFFFFFFFFFFFFFFFFFFFFFFFFFFFFFFFFFFFDF
:2061E000FFFFFFFFFFFFFFFFFFFFFFFFFFFFFFFFFFFFFFFFFFFFFFFFFFFFFFFFFFFFFFFFBF
:20620000FFFFFFFFFFFFFFFFFFFFFFFFFFFFFFFFFFFFFFFFFFFFFFFFFFFFFFFFFFFFFFFF9E
:20622000FFFFFFFFFFFFFFFFFFFFFFFFFFFFFFFFFFFFFFFFFFFFFFFFFFFFFFFFFFFFFFFF7E
:20624000FFFFFFFFFFFFFFFFFFFFFFFFFFFFFFFFFFFFFFFFFFFFFFFFFFFFFFFFFFFFFFFF5E
:20626000FFFFFFFFFFFFFFFFFFFFFFFFFFFFFFFFFFFFFFFFFFFFFFFFFFFFFFFFFFFFFFFF3E
:20628000FFFFFFFFFFFFFFFFFFFFFFFFFFFFFFFFFFFFFFFFFFFFFFFFFFFFFFFFFFFFFFFF1E
:2062A000FFFFFFFFFFFFFFFFFFFFFFFFFFFFFFFFFFFFFFFFFFFFFFFFFFFFFFFFFFFFFFFFFE
:2062C000FFFFFFFFFFFFFFFFFFFFFFFFFFFFFFFFFFFFFFFFFFFFFFFFFFFFFFFFFFFFFFFFDE
:2062E000FFFFFFFFFFFFFFFFFFFFFFFFFFFFFFFFFFFFFFFFFFFFFFFFFFFFFFFFFFFFFFFFBE
:20630000FFFFFFFFFFFFFFFFFFFFFFFFFFFFFFFFFFFFFFFFFFFFFFFFFFFFFFFFFFFFFFFF9D
:20632000FFFFFFFFFFFFFFFFFFFFFFFFFFFFFFFFFFFFFFFFFFFFFFFFFFFFFFFFFFFFFFFF7D
:20634000FFFFFFFFFFFFFFFFFFFFFFFFFFFFFFFFFFFFFFFFFFFFFFFFFFFFFFFFFFFFFFFF5D
:20636000FFFFFFFFFFFFFFFFFFFFFFFFFFFFFFFFFFFFFFFFFFFFFFFFFFFFFFFFFFFFFFFF3D
:20638000FFFFFFFFFFFFFFFFFFFFFFFFFFFFFFFFFFFFFFFFFFFFFFFFFFFFFFFFFFFFFFFF1D
:2063A000FFFFFFFFFFFFFFFFFFFFFFFFFFFFFFFFFFFFFFFFFFFFFFFFFFFFFFFFFFFFFFFFFD
:2063C000FFFFFFFFFFFFFFFFFFFFFFFFFFFFFFFFFFFFFFFFFFFFFFFFFFFFFFFFFFFFFFFFDD
:2063E000FFFFFFFFFFFFFFFFFFFFFFFFFFFFFFFFFFFFFFFFFFFFFFFFFFFFFFFFFFFFFFFFBD
:20640000FFFFFFFFFFFFFFFFFFFFFFFFFFFFFFFFFFFFFFFFFFFFFFFFFFFFFFFFFFFFFFFF9C
:20642000FFFFFFFFFFFFFFFFFFFFFFFFFFFFFFFFFFFFFFFFFFFFFFFFFFFFFFFFFFFFFFFF7C
:20644000FFFFFFFFFFFFFFFFFFFFFFFFFFFFFFFFFFFFFFFFFFFFFFFFFFFFFFFFFFFFFFFF5C
:20646000FFFFFFFFFFFFFFFFFFFFFFFFFFFFFFFFFFFFFFFFFFFFFFFFFFFFFFFFFFFFFFFF3C
:20648000FFFFFFFFFFFFFFFFFFFFFFFFFFFFFFFFFFFFFFFFFFFFFFFFFFFFFFFFFFFFFFFF1C
:2064A000FFFFFFFFFFFFFFFFFFFFFFFFFFFFFFFFFFFFFFFFFFFFFFFFFFFFFFFFFFFFFFFFFC
:2064C000FFFFFFFFFFFFFFFFFFFFFFFFFFFFFFFFFFFFFFFFFFFFFFFFFFFFFFFFFFFFFFFFDC
:2064E000FFFFFFFFFFFFFFFFFFFFFFFFFFFFFFFFFFFFFFFFFFFFFFFFFFFFFFFFFFFFFFFFBC
:20650000FFFFFFFFFFFFFFFFFFFFFFFFFFFFFFFFFFFFFFFFFFFFFFFFFFFFFFFFFFFFFFFF9B
:20652000FFFFFFFFFFFFFFFFFFFFFFFFFFFFFFFFFFFFFFFFFFFFFFFFFFFFFFFFFFFFFFFF7B
:20654000FFFFFFFFFFFFFFFFFFFFFFFFFFFFFFFFFFFFFFFFFFFFFFFFFFFFFFFFFFFFFFFF5B
:20656000FFFFFFFFFFFFFFFFFFFFFFFFFFFFFFFFFFFFFFFFFFFFFFFFFFFFFFFFFFFFFFFF3B
:20658000FFFFFFFFFFFFFFFFFFFFFFFFFFFFFFFFFFFFFFFFFFFFFFFFFFFFFFFFFFFFFFFF1B
:2065A000FFFFFFFFFFFFFFFFFFFFFFFFFFFFFFFFFFFFFFFFFFFFFFFFFFFFFFFFFFFFFFFFFB
:2065C000FFFFFFFFFFFFFFFFFFFFFFFFFFFFFFFFFFFFFFFFFFFFFFFFFFFFFFFFFFFFFFFFDB
:2065E000FFFFFFFFFFFFFFFFFFFFFFFFFFFFFFFFFFFFFFFFFFFFFFFFFFFFFFFFFFFFFFFFBB
:20660000FFFFFFFFFFFFFFFFFFFFFFFFFFFFFFFFFFFFFFFFFFFFFFFFFFFFFFFFFFFFFFFF9A
:20662000FFFFFFFFFFFFFFFFFFFFFFFFFFFFFFFFFFFFFFFFFFFFFFFFFFFFFFFFFFFFFFFF7A
:20664000FFFFFFFFFFFFFFFFFFFFFFFFFFFFFFFFFFFFFFFFFFFFFFFFFFFFFFFFFFFFFFFF5A
:20666000FFFFFFFFFFFFFFFFFFFFFFFFFFFFFFFFFFFFFFFFFFFFFFFFFFFFFFFFFFFFFFFF3A
:20668000FFFFFFFFFFFFFFFFFFFFFFFFFFFFFFFFFFFFFFFFFFFFFFFFFFFFFFFFFFFFFFFF1A
:2066A000FFFFFFFFFFFFFFFFFFFFFFFFFFFFFFFFFFFFFFFFFFFFFFFFFFFFFFFFFFFFFFFFFA
:2066C000FFFFFFFFFFFFFFFFFFFFFFFFFFFFFFFFFFFFFFFFFFFFFFFFFFFFFFFFFFFFFFFFDA
:2066E000FFFFFFFFFFFFFFFFFFFFFFFFFFFFFFFFFFFFFFFFFFFFFFFFFFFFFFFFFFFFFFFFBA
:20670000FFFFFFFFFFFFFFFFFFFFFFFFFFFFFFFFFFFFFFFFFFFFFFFFFFFFFFFFFFFFFFFF99
:20672000FFFFFFFFFFFFFFFFFFFFFFFFFFFFFFFFFFFFFFFFFFFFFFFFFFFFFFFFFFFFFFFF79
:20674000FFFFFFFFFFFFFFFFFFFFFFFFFFFFFFFFFFFFFFFFFFFFFFFFFFFFFFFFFFFFFFFF59
:20676000FFFFFFFFFFFFFFFFFFFFFFFFFFFFFFFFFFFFFFFFFFFFFFFFFFFFFFFFFFFFFFFF39
:20678000FFFFFFFFFFFFFFFFFFFFFFFFFFFFFFFFFFFFFFFFFFFFFFFFFFFFFFFFFFFFFFFF19
:2067A000FFFFFFFFFFFFFFFFFFFFFFFFFFFFFFFFFFFFFFFFFFFFFFFFFFFFFFFFFFFFFFFFF9
:2067C000FFFFFFFFFFFFFFFFFFFFFFFFFFFFFFFFFFFFFFFFFFFFFFFFFFFFFFFFFFFFFFFFD9
:2067E000FFFFFFFFFFFFFFFFFFFFFFFFFFFFFFFFFFFFFFFFFFFFFFFFFFFFFFFFFFFFFFFFB9
:20680000FFFFFFFFFFFFFFFFFFFFFFFFFFFFFFFFFFFFFFFFFFFFFFFFFFFFFFFFFFFFFFFF98
:20682000FFFFFFFFFFFFFFFFFFFFFFFFFFFFFFFFFFFFFFFFFFFFFFFFFFFFFFFFFFFFFFFF78
:20684000FFFFFFFFFFFFFFFFFFFFFFFFFFFFFFFFFFFFFFFFFFFFFFFFFFFFFFFFFFFFFFFF58
:20686000FFFFFFFFFFFFFFFFFFFFFFFFFFFFFFFFFFFFFFFFFFFFFFFFFFFFFFFFFFFFFFFF38
:20688000FFFFFFFFFFFFFFFFFFFFFFFFFFFFFFFFFFFFFFFFFFFFFFFFFFFFFFFFFFFFFFFF18
:2068A000FFFFFFFFFFFFFFFFFFFFFFFFFFFFFFFFFFFFFFFFFFFFFFFFFFFFFFFFFFFFFFFFF8
:2068C000FFFFFFFFFFFFFFFFFFFFFFFFFFFFFFFFFFFFFFFFFFFFFFFFFFFFFFFFFFFFFFFFD8
:2068E000FFFFFFFFFFFFFFFFFFFFFFFFFFFFFFFFFFFFFFFFFFFFFFFFFFFFFFFFFFFFFFFFB8
:20690000FFFFFFFFFFFFFFFFFFFFFFFFFFFFFFFFFFFFFFFFFFFFFFFFFFFFFFFFFFFFFFFF97
:20692000FFFFFFFFFFFFFFFFFFFFFFFFFFFFFFFFFFFFFFFFFFFFFFFFFFFFFFFFFFFFFFFF77
:20694000FFFFFFFFFFFFFFFFFFFFFFFFFFFFFFFFFFFFFFFFFFFFFFFFFFFFFFFFFFFFFFFF57
:20696000FFFFFFFFFFFFFFFFFFFFFFFFFFFFFFFFFFFFFFFFFFFFFFFFFFFFFFFFFFFFFFFF37
:20698000FFFFFFFFFFFFFFFFFFFFFFFFFFFFFFFFFFFFFFFFFFFFFFFFFFFFFFFFFFFFFFFF17
:2069A000FFFFFFFFFFFFFFFFFFFFFFFFFFFFFFFFFFFFFFFFFFFFFFFFFFFFFFFFFFFFFFFFF7
:2069C000FFFFFFFFFFFFFFFFFFFFFFFFFFFFFFFFFFFFFFFFFFFFFFFFFFFFFFFFFFFFFFFFD7
:2069E000FFFFFFFFFFFFFFFFFFFFFFFFFFFFFFFFFFFFFFFFFFFFFFFFFFFFFFFFFFFFFFFFB7
:206A0000FFFFFFFFFFFFFFFFFFFFFFFFFFFFFFFFFFFFFFFFFFFFFFFFFFFFFFFFFFFFFFFF96
:206A2000FFFFFFFFFFFFFFFFFFFFFFFFFFFFFFFFFFFFFFFFFFFFFFFFFFFFFFFFFFFFFFFF76
:206A4000FFFFFFFFFFFFFFFFFFFFFFFFFFFFFFFFFFFFFFFFFFFFFFFFFFFFFFFFFFFFFFFF56
:206A6000FFFFFFFFFFFFFFFFFFFFFFFFFFFFFFFFFFFFFFFFFFFFFFFFFFFFFFFFFFFFFFFF36
:206A8000FFFFFFFFFFFFFFFFFFFFFFFFFFFFFFFFFFFFFFFFFFFFFFFFFFFFFFFFFFFFFFFF16
:206AA000FFFFFFFFFFFFFFFFFFFFFFFFFFFFFFFFFFFFFFFFFFFFFFFFFFFFFFFFFFFFFFFFF6
:206AC000FFFFFFFFFFFFFFFFFFFFFFFFFFFFFFFFFFFFFFFFFFFFFFFFFFFFFFFFFFFFFFFFD6
:206AE000FFFFFFFFFFFFFFFFFFFFFFFFFFFFFFFFFFFFFFFFFFFFFFFFFFFFFFFFFFFFFFFFB6
:206B0000FFFFFFFFFFFFFFFFFFFFFFFFFFFFFFFFFFFFFFFFFFFFFFFFFFFFFFFFFFFFFFFF95
:206B2000FFFFFFFFFFFFFFFFFFFFFFFFFFFFFFFFFFFFFFFFFFFFFFFFFFFFFFFFFFFFFFFF75
:206B4000FFFFFFFFFFFFFFFFFFFFFFFFFFFFFFFFFFFFFFFFFFFFFFFFFFFFFFFFFFFFFFFF55
:206B6000FFFFFFFFFFFFFFFFFFFFFFFFFFFFFFFFFFFFFFFFFFFFFFFFFFFFFFFFFFFFFFFF35
:206B8000FFFFFFFFFFFFFFFFFFFFFFFFFFFFFFFFFFFFFFFFFFFFFFFFFFFFFFFFFFFFFFFF15
:206BA000FFFFFFFFFFFFFFFFFFFFFFFFFFFFFFFFFFFFFFFFFFFFFFFFFFFFFFFFFFFFFFFFF5
:206BC000FFFFFFFFFFFFFFFFFFFFFFFFFFFFFFFFFFFFFFFFFFFFFFFFFFFFFFFFFFFFFFFFD5
:206BE000FFFFFFFFFFFFFFFFFFFFFFFFFFFFFFFFFFFFFFFFFFFFFFFFFFFFFFFFFFFFFFFFB5
:206C0000FFFFFFFFFFFFFFFFFFFFFFFFFFFFFFFFFFFFFFFFFFFFFFFFFFFFFFFFFFFFFFFF94
:206C2000FFFFFFFFFFFFFFFFFFFFFFFFFFFFFFFFFFFFFFFFFFFFFFFFFFFFFFFFFFFFFFFF74
:206C4000FFFFFFFFFFFFFFFFFFFFFFFFFFFFFFFFFFFFFFFFFFFFFFFFFFFFFFFFFFFFFFFF54
:206C6000FFFFFFFFFFFFFFFFFFFFFFFFFFFFFFFFFFFFFFFFFFFFFFFFFFFFFFFFFFFFFFFF34
:206C8000FFFFFFFFFFFFFFFFFFFFFFFFFFFFFFFFFFFFFFFFFFFFFFFFFFFFFFFFFFFFFFFF14
:206CA000FFFFFFFFFFFFFFFFFFFFFFFFFFFFFFFFFFFFFFFFFFFFFFFFFFFFFFFFFFFFFFFFF4
:206CC000FFFFFFFFFFFFFFFFFFFFFFFFFFFFFFFFFFFFFFFFFFFFFFFFFFFFFFFFFFFFFFFFD4
:206CE000FFFFFFFFFFFFFFFFFFFFFFFFFFFFFFFFFFFFFFFFFFFFFFFFFFFFFFFFFFFFFFFFB4
:206D0000FFFFFFFFFFFFFFFFFFFFFFFFFFFFFFFFFFFFFFFFFFFFFFFFFFFFFFFFFFFFFFFF93
:206D2000FFFFFFFFFFFFFFFFFFFFFFFFFFFFFFFFFFFFFFFFFFFFFFFFFFFFFFFFFFFFFFFF73
:206D4000FFFFFFFFFFFFFFFFFFFFFFFFFFFFFFFFFFFFFFFFFFFFFFFFFFFFFFFFFFFFFFFF53
:206D6000FFFFFFFFFFFFFFFFFFFFFFFFFFFFFFFFFFFFFFFFFFFFFFFFFFFFFFFFFFFFFFFF33
:206D8000FFFFFFFFFFFFFFFFFFFFFFFFFFFFFFFFFFFFFFFFFFFFFFFFFFFFFFFFFFFFFFFF13
:206DA000FFFFFFFFFFFFFFFFFFFFFFFFFFFFFFFFFFFFFFFFFFFFFFFFFFFFFFFFFFFFFFFFF3
:206DC000FFFFFFFFFFFFFFFFFFFFFFFFFFFFFFFFFFFFFFFFFFFFFFFFFFFFFFFFFFFFFFFFD3
:206DE000FFFFFFFFFFFFFFFFFFFFFFFFFFFFFFFFFFFFFFFFFFFFFFFFFFFFFFFFFFFFFFFFB3
:206E0000FFFFFFFFFFFFFFFFFFFFFFFFFFFFFFFFFFFFFFFFFFFFFFFFFFFFFFFFFFFFFFFF92
:206E2000FFFFFFFFFFFFFFFFFFFFFFFFFFFFFFFFFFFFFFFFFFFFFFFFFFFFFFFFFFFFFFFF72
:206E4000FFFFFFFFFFFFFFFFFFFFFFFFFFFFFFFFFFFFFFFFFFFFFFFFFFFFFFFFFFFFFFFF52
:206E6000FFFFFFFFFFFFFFFFFFFFFFFFFFFFFFFFFFFFFFFFFFFFFFFFFFFFFFFFFFFFFFFF32
:206E8000FFFFFFFFFFFFFFFFFFFFFFFFFFFFFFFFFFFFFFFFFFFFFFFFFFFFFFFFFFFFFFFF12
:206EA000FFFFFFFFFFFFFFFFFFFFFFFFFFFFFFFFFFFFFFFFFFFFFFFFFFFFFFFFFFFFFFFFF2
:206EC000FFFFFFFFFFFFFFFFFFFFFFFFFFFFFFFFFFFFFFFFFFFFFFFFFFFFFFFFFFFFFFFFD2
:206EE000FFFFFFFFFFFFFFFFFFFFFFFFFFFFFFFFFFFFFFFFFFFFFFFFFFFFFFFFFFFFFFFFB2
:206F0000FFFFFFFFFFFFFFFFFFFFFFFFFFFFFFFFFFFFFFFFFFFFFFFFFFFFFFFFFFFFFFFF91
:206F2000FFFFFFFFFFFFFFFFFFFFFFFFFFFFFFFFFFFFFFFFFFFFFFFFFFFFFFFFFFFFFFFF71
:206F4000FFFFFFFFFFFFFFFFFFFFFFFFFFFFFFFFFFFFFFFFFFFFFFFFFFFFFFFFFFFFFFFF51
:206F6000FFFFFFFFFFFFFFFFFFFFFFFFFFFFFFFFFFFFFFFFFFFFFFFFFFFFFFFFFFFFFFFF31
:206F8000FFFFFFFFFFFFFFFFFFFFFFFFFFFFFFFFFFFFFFFFFFFFFFFFFFFFFFFFFFFFFFFF11
:206FA000FFFFFFFFFFFFFFFFFFFFFFFFFFFFFFFFFFFFFFFFFFFFFFFFFFFFFFFFFFFFFFFFF1
:206FC000FFFFFFFFFFFFFFFFFFFFFFFFFFFFFFFFFFFFFFFFFFFFFFFFFFFFFFFFFFFFFFFFD1
:206FE000FFFFFFFFFFFFFFFFFFFFFFFFFFFFFFFFFFFFFFFFFFFFFFFFFFFFFFFFFFFFFFFFB1
:20700000FFFFFFFFFFFFFFFFFFFFFFFFFFFFFFFFFFFFFFFFFFFFFFFFFFFFFFFFFFFFFFFF90
:20702000FFFFFFFFFFFFFFFFFFFFFFFFFFFFFFFFFFFFFFFFFFFFFFFFFFFFFFFFFFFFFFFF70
:20704000FFFFFFFFFFFFFFFFFFFFFFFFFFFFFFFFFFFFFFFFFFFFFFFFFFFFFFFFFFFFFFFF50
:20706000FFFFFFFFFFFFFFFFFFFFFFFFFFFFFFFFFFFFFFFFFFFFFFFFFFFFFFFFFFFFFFFF30
:20708000FFFFFFFFFFFFFFFFFFFFFFFFFFFFFFFFFFFFFFFFFFFFFFFFFFFFFFFFFFFFFFFF10
:2070A000FFFFFFFFFFFFFFFFFFFFFFFFFFFFFFFFFFFFFFFFFFFFFFFFFFFFFFFFFFFFFFFFF0
:2070C000FFFFFFFFFFFFFFFFFFFFFFFFFFFFFFFFFFFFFFFFFFFFFFFFFFFFFFFFFFFFFFFFD0
:2070E000FFFFFFFFFFFFFFFFFFFFFFFFFFFFFFFFFFFFFFFFFFFFFFFFFFFFFFFFFFFFFFFFB0
:20710000FFFFFFFFFFFFFFFFFFFFFFFFFFFFFFFFFFFFFFFFFFFFFFFFFFFFFFFFFFFFFFFF8F
:20712000FFFFFFFFFFFFFFFFFFFFFFFFFFFFFFFFFFFFFFFFFFFFFFFFFFFFFFFFFFFFFFFF6F
:20714000FFFFFFFFFFFFFFFFFFFFFFFFFFFFFFFFFFFFFFFFFFFFFFFFFFFFFFFFFFFFFFFF4F
:20716000FFFFFFFFFFFFFFFFFFFFFFFFFFFFFFFFFFFFFFFFFFFFFFFFFFFFFFFFFFFFFFFF2F
:20718000FFFFFFFFFFFFFFFFFFFFFFFFFFFFFFFFFFFFFFFFFFFFFFFFFFFFFFFFFFFFFFFF0F
:2071A000FFFFFFFFFFFFFFFFFFFFFFFFFFFFFFFFFFFFFFFFFFFFFFFFFFFFFFFFFFFFFFFFEF
:2071C000FFFFFFFFFFFFFFFFFFFFFFFFFFFFFFFFFFFFFFFFFFFFFFFFFFFFFFFFFFFFFFFFCF
:2071E000FFFFFFFFFFFFFFFFFFFFFFFFFFFFFFFFFFFFFFFFFFFFFFFFFFFFFFFFFFFFFFFFAF
:20720000FFFFFFFFFFFFFFFFFFFFFFFFFFFFFFFFFFFFFFFFFFFFFFFFFFFFFFFFFFFFFFFF8E
:20722000FFFFFFFFFFFFFFFFFFFFFFFFFFFFFFFFFFFFFFFFFFFFFFFFFFFFFFFFFFFFFFFF6E
:20724000FFFFFFFFFFFFFFFFFFFFFFFFFFFFFFFFFFFFFFFFFFFFFFFFFFFFFFFFFFFFFFFF4E
:20726000FFFFFFFFFFFFFFFFFFFFFFFFFFFFFFFFFFFFFFFFFFFFFFFFFFFFFFFFFFFFFFFF2E
:20728000FFFFFFFFFFFFFFFFFFFFFFFFFFFFFFFFFFFFFFFFFFFFFFFFFFFFFFFFFFFFFFFF0E
:2072A000FFFFFFFFFFFFFFFFFFFFFFFFFFFFFFFFFFFFFFFFFFFFFFFFFFFFFFFFFFFFFFFFEE
:2072C000FFFFFFFFFFFFFFFFFFFFFFFFFFFFFFFFFFFFFFFFFFFFFFFFFFFFFFFFFFFFFFFFCE
:2072E000FFFFFFFFFFFFFFFFFFFFFFFFFFFFFFFFFFFFFFFFFFFFFFFFFFFFFFFFFFFFFFFFAE
:20730000FFFFFFFFFFFFFFFFFFFFFFFFFFFFFFFFFFFFFFFFFFFFFFFFFFFFFFFFFFFFFFFF8D
:20732000FFFFFFFFFFFFFFFFFFFFFFFFFFFFFFFFFFFFFFFFFFFFFFFFFFFFFFFFFFFFFFFF6D
:20734000FFFFFFFFFFFFFFFFFFFFFFFFFFFFFFFFFFFFFFFFFFFFFFFFFFFFFFFFFFFFFFFF4D
:20736000FFFFFFFFFFFFFFFFFFFFFFFFFFFFFFFFFFFFFFFFFFFFFFFFFFFFFFFFFFFFFFFF2D
:20738000FFFFFFFFFFFFFFFFFFFFFFFFFFFFFFFFFFFFFFFFFFFFFFFFFFFFFFFFFFFFFFFF0D
:2073A000FFFFFFFFFFFFFFFFFFFFFFFFFFFFFFFFFFFFFFFFFFFFFFFFFFFFFFFFFFFFFFFFED
:2073C000FFFFFFFFFFFFFFFFFFFFFFFFFFFFFFFFFFFFFFFFFFFFFFFFFFFFFFFFFFFFFFFFCD
:2073E000FFFFFFFFFFFFFFFFFFFFFFFFFFFFFFFFFFFFFFFFFFFFFFFFFFFFFFFFFFFFFFFFAD
:20740000FFFFFFFFFFFFFFFFFFFFFFFFFFFFFFFFFFFFFFFFFFFFFFFFFFFFFFFFFFFFFFFF8C
:20742000FFFFFFFFFFFFFFFFFFFFFFFFFFFFFFFFFFFFFFFFFFFFFFFFFFFFFFFFFFFFFFFF6C
:20744000FFFFFFFFFFFFFFFFFFFFFFFFFFFFFFFFFFFFFFFFFFFFFFFFFFFFFFFFFFFFFFFF4C
:20746000FFFFFFFFFFFFFFFFFFFFFFFFFFFFFFFFFFFFFFFFFFFFFFFFFFFFFFFFFFFFFFFF2C
:20748000FFFFFFFFFFFFFFFFFFFFFFFFFFFFFFFFFFFFFFFFFFFFFFFFFFFFFFFFFFFFFFFF0C
:2074A000FFFFFFFFFFFFFFFFFFFFFFFFFFFFFFFFFFFFFFFFFFFFFFFFFFFFFFFFFFFFFFFFEC
:2074C000FFFFFFFFFFFFFFFFFFFFFFFFFFFFFFFFFFFFFFFFFFFFFFFFFFFFFFFFFFFFFFFFCC
:2074E000FFFFFFFFFFFFFFFFFFFFFFFFFFFFFFFFFFFFFFFFFFFFFFFFFFFFFFFFFFFFFFFFAC
:20750000FFFFFFFFFFFFFFFFFFFFFFFFFFFFFFFFFFFFFFFFFFFFFFFFFFFFFFFFFFFFFFFF8B
:20752000FFFFFFFFFFFFFFFFFFFFFFFFFFFFFFFFFFFFFFFFFFFFFFFFFFFFFFFFFFFFFFFF6B
:20754000FFFFFFFFFFFFFFFFFFFFFFFFFFFFFFFFFFFFFFFFFFFFFFFFFFFFFFFFFFFFFFFF4B
:20756000FFFFFFFFFFFFFFFFFFFFFFFFFFFFFFFFFFFFFFFFFFFFFFFFFFFFFFFFFFFFFFFF2B
:20758000FFFFFFFFFFFFFFFFFFFFFFFFFFFFFFFFFFFFFFFFFFFFFFFFFFFFFFFFFFFFFFFF0B
:2075A000FFFFFFFFFFFFFFFFFFFFFFFFFFFFFFFFFFFFFFFFFFFFFFFFFFFFFFFFFFFFFFFFEB
:2075C000FFFFFFFFFFFFFFFFFFFFFFFFFFFFFFFFFFFFFFFFFFFFFFFFFFFFFFFFFFFFFFFFCB
:2075E000FFFFFFFFFFFFFFFFFFFFFFFFFFFFFFFFFFFFFFFFFFFFFFFFFFFFFFFFFFFFFFFFAB
:20760000FFFFFFFFFFFFFFFFFFFFFFFFFFFFFFFFFFFFFFFFFFFFFFFFFFFFFFFFFFFFFFFF8A
:20762000FFFFFFFFFFFFFFFFFFFFFFFFFFFFFFFFFFFFFFFFFFFFFFFFFFFFFFFFFFFFFFFF6A
:20764000FFFFFFFFFFFFFFFFFFFFFFFFFFFFFFFFFFFFFFFFFFFFFFFFFFFFFFFFFFFFFFFF4A
:20766000FFFFFFFFFFFFFFFFFFFFFFFFFFFFFFFFFFFFFFFFFFFFFFFFFFFFFFFFFFFFFFFF2A
:20768000FFFFFFFFFFFFFFFFFFFFFFFFFFFFFFFFFFFFFFFFFFFFFFFFFFFFFFFFFFFFFFFF0A
:2076A000FFFFFFFFFFFFFFFFFFFFFFFFFFFFFFFFFFFFFFFFFFFFFFFFFFFFFFFFFFFFFFFFEA
:2076C000FFFFFFFFFFFFFFFFFFFFFFFFFFFFFFFFFFFFFFFFFFFFFFFFFFFFFFFFFFFFFFFFCA
:2076E000FFFFFFFFFFFFFFFFFFFFFFFFFFFFFFFFFFFFFFFFFFFFFFFFFFFFFFFFFFFFFFFFAA
:20770000FFFFFFFFFFFFFFFFFFFFFFFFFFFFFFFFFFFFFFFFFFFFFFFFFFFFFFFFFFFFFFFF89
:20772000FFFFFFFFFFFFFFFFFFFFFFFFFFFFFFFFFFFFFFFFFFFFFFFFFFFFFFFFFFFFFFFF69
:20774000FFFFFFFFFFFFFFFFFFFFFFFFFFFFFFFFFFFFFFFFFFFFFFFFFFFFFFFFFFFFFFFF49
:20776000FFFFFFFFFFFFFFFFFFFFFFFFFFFFFFFFFFFFFFFFFFFFFFFFFFFFFFFFFFFFFFFF29
:20778000FFFFFFFFFFFFFFFFFFFFFFFFFFFFFFFFFFFFFFFFFFFFFFFFFFFFFFFFFFFFFFFF09
:2077A000FFFFFFFFFFFFFFFFFFFFFFFFFFFFFFFFFFFFFFFFFFFFFFFFFFFFFFFFFFFFFFFFE9
:2077C000FFFFFFFFFFFFFFFFFFFFFFFFFFFFFFFFFFFFFFFFFFFFFFFFFFFFFFFFFFFFFFFFC9
:2077E000FFFFFFFFFFFFFFFFFFFFFFFFFFFFFFFFFFFFFFFFFFFFFFFFFFFFFFFFFFFFFFFFA9
:20780000FFFFFFFFFFFFFFFFFFFFFFFFFFFFFFFFFFFFFFFFFFFFFFFFFFFFFFFFFFFFFFFF88
:20782000FFFFFFFFFFFFFFFFFFFFFFFFFFFFFFFFFFFFFFFFFFFFFFFFFFFFFFFFFFFFFFFF68
:20784000FFFFFFFFFFFFFFFFFFFFFFFFFFFFFFFFFFFFFFFFFFFFFFFFFFFFFFFFFFFFFFFF48
:20786000FFFFFFFFFFFFFFFFFFFFFFFFFFFFFFFFFFFFFFFFFFFFFFFFFFFFFFFFFFFFFFFF28
:20788000FFFFFFFFFFFFFFFFFFFFFFFFFFFFFFFFFFFFFFFFFFFFFFFFFFFFFFFFFFFFFFFF08
:2078A000FFFFFFFFFFFFFFFFFFFFFFFFFFFFFFFFFFFFFFFFFFFFFFFFFFFFFFFFFFFFFFFFE8
:2078C000FFFFFFFFFFFFFFFFFFFFFFFFFFFFFFFFFFFFFFFFFFFFFFFFFFFFFFFFFFFFFFFFC8
:2078E000FFFFFFFFFFFFFFFFFFFFFFFFFFFFFFFFFFFFFFFFFFFFFFFFFFFFFFFFFFFFFFFFA8
:20790000FFFFFFFFFFFFFFFFFFFFFFFFFFFFFFFFFFFFFFFFFFFFFFFFFFFFFFFFFFFFFFFF87
:20792000FFFFFFFFFFFFFFFFFFFFFFFFFFFFFFFFFFFFFFFFFFFFFFFFFFFFFFFFFFFFFFFF67
:20794000FFFFFFFFFFFFFFFFFFFFFFFFFFFFFFFFFFFFFFFFFFFFFFFFFFFFFFFFFFFFFFFF47
:20796000FFFFFFFFFFFFFFFFFFFFFFFFFFFFFFFFFFFFFFFFFFFFFFFFFFFFFFFFFFFFFFFF27
:20798000FFFFFFFFFFFFFFFFFFFFFFFFFFFFFFFFFFFFFFFFFFFFFFFFFFFFFFFFFFFFFFFF07
:2079A000FFFFFFFFFFFFFFFFFFFFFFFFFFFFFFFFFFFFFFFFFFFFFFFFFFFFFFFFFFFFFFFFE7
:2079C000FFFFFFFFFFFFFFFFFFFFFFFFFFFFFFFFFFFFFFFFFFFFFFFFFFFFFFFFFFFFFFFFC7
:2079E000FFFFFFFFFFFFFFFFFFFFFFFFFFFFFFFFFFFFFFFFFFFFFFFFFFFFFFFFFFFFFFFFA7
:207A0000FFFFFFFFFFFFFFFFFFFFFFFFFFFFFFFFFFFFFFFFFFFFFFFFFFFFFFFFFFFFFFFF86
:207A2000FFFFFFFFFFFFFFFFFFFFFFFFFFFFFFFFFFFFFFFFFFFFFFFFFFFFFFFFFFFFFFFF66
:207A4000FFFFFFFFFFFFFFFFFFFFFFFFFFFFFFFFFFFFFFFFFFFFFFFFFFFFFFFFFFFFFFFF46
:207A6000FFFFFFFFFFFFFFFFFFFFFFFFFFFFFFFFFFFFFFFFFFFFFFFFFFFFFFFFFFFFFFFF26
:207A8000FFFFFFFFFFFFFFFFFFFFFFFFFFFFFFFFFFFFFFFFFFFFFFFFFFFFFFFFFFFFFFFF06
:207AA000FFFFFFFFFFFFFFFFFFFFFFFFFFFFFFFFFFFFFFFFFFFFFFFFFFFFFFFFFFFFFFFFE6
:207AC000FFFFFFFFFFFFFFFFFFFFFFFFFFFFFFFFFFFFFFFFFFFFFFFFFFFFFFFFFFFFFFFFC6
:207AE000FFFFFFFFFFFFFFFFFFFFFFFFFFFFFFFFFFFFFFFFFFFFFFFFFFFFFFFFFFFFFFFFA6
:207B0000FFFFFFFFFFFFFFFFFFFFFFFFFFFFFFFFFFFFFFFFFFFFFFFFFFFFFFFFFFFFFFFF85
:207B2000FFFFFFFFFFFFFFFFFFFFFFFFFFFFFFFFFFFFFFFFFFFFFFFFFFFFFFFFFFFFFFFF65
:207B4000FFFFFFFFFFFFFFFFFFFFFFFFFFFFFFFFFFFFFFFFFFFFFFFFFFFFFFFFFFFFFFFF45
:207B6000FFFFFFFFFFFFFFFFFFFFFFFFFFFFFFFFFFFFFFFFFFFFFFFFFFFFFFFFFFFFFFFF25
:207B8000FFFFFFFFFFFFFFFFFFFFFFFFFFFFFFFFFFFFFFFFFFFFFFFFFFFFFFFFFFFFFFFF05
:207BA000FFFFFFFFFFFFFFFFFFFFFFFFFFFFFFFFFFFFFFFFFFFFFFFFFFFFFFFFFFFFFFFFE5
:207BC000FFFFFFFFFFFFFFFFFFFFFFFFFFFFFFFFFFFFFFFFFFFFFFFFFFFFFFFFFFFFFFFFC5
:207BE000FFFFFFFFFFFFFFFFFFFFFFFFFFFFFFFFFFFFFFFFFFFFFFFFFFFFFFFFFFFFFFFFA5
:207C0000FFFFFFFFFFFFFFFFFFFFFFFFFFFFFFFFFFFFFFFFFFFFFFFFFFFFFFFFFFFFFFFF84
:207C2000FFFFFFFFFFFFFFFFFFFFFFFFFFFFFFFFFFFFFFFFFFFFFFFFFFFFFFFFFFFFFFFF64
:207C4000FFFFFFFFFFFFFFFFFFFFFFFFFFFFFFFFFFFFFFFFFFFFFFFFFFFFFFFFFFFFFFFF44
:207C6000FFFFFFFFFFFFFFFFFFFFFFFFFFFFFFFFFFFFFFFFFFFFFFFFFFFFFFFFFFFFFFFF24
:207C8000FFFFFFFFFFFFFFFFFFFFFFFFFFFFFFFFFFFFFFFFFFFFFFFFFFFFFFFFFFFFFFFF04
:207CA000FFFFFFFFFFFFFFFFFFFFFFFFFFFFFFFFFFFFFFFFFFFFFFFFFFFFFFFFFFFFFFFFE4
:207CC000FFFFFFFFFFFFFFFFFFFFFFFFFFFFFFFFFFFFFFFFFFFFFFFFFFFFFFFFFFFFFFFFC4
:207CE000FFFFFFFFFFFFFFFFFFFFFFFFFFFFFFFFFFFFFFFFFFFFFFFFFFFFFFFFFFFFFFFFA4
:207D0000FFFFFFFFFFFFFFFFFFFFFFFFFFFFFFFFFFFFFFFFFFFFFFFFFFFFFFFFFFFFFFFF83
:207D2000FFFFFFFFFFFFFFFFFFFFFFFFFFFFFFFFFFFFFFFFFFFFFFFFFFFFFFFFFFFFFFFF63
:207D4000FFFFFFFFFFFFFFFFFFFFFFFFFFFFFFFFFFFFFFFFFFFFFFFFFFFFFFFFFFFFFFFF43
:207D6000FFFFFFFFFFFFFFFFFFFFFFFFFFFFFFFFFFFFFFFFFFFFFFFFFFFFFFFFFFFFFFFF23
:207D8000FFFFFFFFFFFFFFFFFFFFFFFFFFFFFFFFFFFFFFFFFFFFFFFFFFFFFFFFFFFFFFFF03
:207DA000FFFFFFFFFFFFFFFFFFFFFFFFFFFFFFFFFFFFFFFFFFFFFFFFFFFFFFFFFFFFFFFFE3
:207DC000FFFFFFFFFFFFFFFFFFFFFFFFFFFFFFFFFFFFFFFFFFFFFFFFFFFFFFFFFFFFFFFFC3
:207DE000FFFFFFFFFFFFFFFFFFFFFFFFFFFFFFFFFFFFFFFFFFFFFFFFFFFFFFFFFFFFFFFFA3
:207E0000FFFFFFFFFFFFFFFFFFFFFFFFFFFFFFFFFFFFFFFFFFFFFFFFFFFFFFFFFFFFFFFF82
:207E2000FFFFFFFFFFFFFFFFFFFFFFFFFFFFFFFFFFFFFFFFFFFFFFFFFFFFFFFFFFFFFFFF62
:207E4000FFFFFFFFFFFFFFFFFFFFFFFFFFFFFFFFFFFFFFFFFFFFFFFFFFFFFFFFFFFFFFFF42
:207E6000FFFFFFFFFFFFFFFFFFFFFFFFFFFFFFFFFFFFFFFFFFFFFFFFFFFFFFFFFFFFFFFF22
:207E8000FFFFFFFFFFFFFFFFFFFFFFFFFFFFFFFFFFFFFFFFFFFFFFFFFFFFFFFFFFFFFFFF02
:207EA000FFFFFFFFFFFFFFFFFFFFFFFFFFFFFFFFFFFFFFFFFFFFFFFFFFFFFFFFFFFFFFFFE2
:207EC000FFFFFFFFFFFFFFFFFFFFFFFFFFFFFFFFFFFFFFFFFFFFFFFFFFFFFFFFFFFFFFFFC2
:207EE000FFFFFFFFFFFFFFFFFFFFFFFFFFFFFFFFFFFFFFFFFFFFFFFFFFFFFFFFFFFFFFFFA2
:207F0000FFFFFFFFFFFFFFFFFFFFFFFFFFFFFFFFFFFFFFFFFFFFFFFFFFFFFFFFFFFFFFFF81
:207F2000FFFFFFFFFFFFFFFFFFFFFFFFFFFFFFFFFFFFFFFFFFFFFFFFFFFFFFFFFFFFFFFF61
:207F4000FFFFFFFFFFFFFFFFFFFFFFFFFFFFFFFFFFFFFFFFFFFFFFFFFFFFFFFFFFFFFFFF41
:207F6000FFFFFFFFFFFFFFFFFFFFFFFFFFFFFFFFFFFFFFFFFFFFFFFFFFFFFFFFFFFFFFFF21
:207F8000FFFFFFFFFFFFFFFFFFFFFFFFFFFFFFFFFFFFFFFFFFFFFFFFFFFFFFFFFFFFFFFF01
:207FA000FFFFFFFFFFFFFFFFFFFFFFFFFFFFFFFFFFFFFFFFFFFFFFFFFFFFFFFFFFFFFFFFE1
:207FC000FFFFFFFFFFFFFFFFFFFFFFFFFFFFFFFFFFFFFFFFFFFFFFFFFFFFFFFFFFFFFFFFC1
:207FE000FFFFFFFFFFFFFFFFFFFFFFFFFFFFFFFFFFFFFFFFFFFFFFFFFFFFFFFFFFFFFFFFA1
:20800000FFFFFFFFFFFFFFFFFFFFFFFFFFFFFFFFFFFFFFFFFFFFFFFFFFFFFFFFFFFFFFFF80
:20802000FFFFFFFFFFFFFFFFFFFFFFFFFFFFFFFFFFFFFFFFFFFFFFFFFFFFFFFFFFFFFFFF60
:20804000FFFFFFFFFFFFFFFFFFFFFFFFFFFFFFFFFFFFFFFFFFFFFFFFFFFFFFFFFFFFFFFF40
:20806000FFFFFFFFFFFFFFFFFFFFFFFFFFFFFFFFFFFFFFFFFFFFFFFFFFFFFFFFFFFFFFFF20
:20808000FFFFFFFFFFFFFFFFFFFFFFFFFFFFFFFFFFFFFFFFFFFFFFFFFFFFFFFFFFFFFFFF00
:2080A000FFFFFFFFFFFFFFFFFFFFFFFFFFFFFFFFFFFFFFFFFFFFFFFFFFFFFFFFFFFFFFFFE0
:2080C000FFFFFFFFFFFFFFFFFFFFFFFFFFFFFFFFFFFFFFFFFFFFFFFFFFFFFFFFFFFFFFFFC0
:2080E000FFFFFFFFFFFFFFFFFFFFFFFFFFFFFFFFFFFFFFFFFFFFFFFFFFFFFFFFFFFFFFFFA0
:20810000FFFFFFFFFFFFFFFFFFFFFFFFFFFFFFFFFFFFFFFFFFFFFFFFFFFFFFFFFFFFFFFF7F
:20812000FFFFFFFFFFFFFFFFFFFFFFFFFFFFFFFFFFFFFFFFFFFFFFFFFFFFFFFFFFFFFFFF5F
:20814000FFFFFFFFFFFFFFFFFFFFFFFFFFFFFFFFFFFFFFFFFFFFFFFFFFFFFFFFFFFFFFFF3F
:20816000FFFFFFFFFFFFFFFFFFFFFFFFFFFFFFFFFFFFFFFFFFFFFFFFFFFFFFFFFFFFFFFF1F
:20818000FFFFFFFFFFFFFFFFFFFFFFFFFFFFFFFFFFFFFFFFFFFFFFFFFFFFFFFFFFFFFFFFFF
:2081A000FFFFFFFFFFFFFFFFFFFFFFFFFFFFFFFFFFFFFFFFFFFFFFFFFFFFFFFFFFFFFFFFDF
:2081C000FFFFFFFFFFFFFFFFFFFFFFFFFFFFFFFFFFFFFFFFFFFFFFFFFFFFFFFFFFFFFFFFBF
:2081E000FFFFFFFFFFFFFFFFFFFFFFFFFFFFFFFFFFFFFFFFFFFFFFFFFFFFFFFFFFFFFFFF9F
:20820000FFFFFFFFFFFFFFFFFFFFFFFFFFFFFFFFFFFFFFFFFFFFFFFFFFFFFFFFFFFFFFFF7E
:20822000FFFFFFFFFFFFFFFFFFFFFFFFFFFFFFFFFFFFFFFFFFFFFFFFFFFFFFFFFFFFFFFF5E
:20824000FFFFFFFFFFFFFFFFFFFFFFFFFFFFFFFFFFFFFFFFFFFFFFFFFFFFFFFFFFFFFFFF3E
:20826000FFFFFFFFFFFFFFFFFFFFFFFFFFFFFFFFFFFFFFFFFFFFFFFFFFFFFFFFFFFFFFFF1E
:20828000FFFFFFFFFFFFFFFFFFFFFFFFFFFFFFFFFFFFFFFFFFFFFFFFFFFFFFFFFFFFFFFFFE
:2082A000FFFFFFFFFFFFFFFFFFFFFFFFFFFFFFFFFFFFFFFFFFFFFFFFFFFFFFFFFFFFFFFFDE
:2082C000FFFFFFFFFFFFFFFFFFFFFFFFFFFFFFFFFFFFFFFFFFFFFFFFFFFFFFFFFFFFFFFFBE
:2082E000FFFFFFFFFFFFFFFFFFFFFFFFFFFFFFFFFFFFFFFFFFFFFFFFFFFFFFFFFFFFFFFF9E
:20830000FFFFFFFFFFFFFFFFFFFFFFFFFFFFFFFFFFFFFFFFFFFFFFFFFFFFFFFFFFFFFFFF7D
:20832000FFFFFFFFFFFFFFFFFFFFFFFFFFFFFFFFFFFFFFFFFFFFFFFFFFFFFFFFFFFFFFFF5D
:20834000FFFFFFFFFFFFFFFFFFFFFFFFFFFFFFFFFFFFFFFFFFFFFFFFFFFFFFFFFFFFFFFF3D
:20836000FFFFFFFFFFFFFFFFFFFFFFFFFFFFFFFFFFFFFFFFFFFFFFFFFFFFFFFFFFFFFFFF1D
:20838000FFFFFFFFFFFFFFFFFFFFFFFFFFFFFFFFFFFFFFFFFFFFFFFFFFFFFFFFFFFFFFFFFD
:2083A000FFFFFFFFFFFFFFFFFFFFFFFFFFFFFFFFFFFFFFFFFFFFFFFFFFFFFFFFFFFFFFFFDD
:2083C000FFFFFFFFFFFFFFFFFFFFFFFFFFFFFFFFFFFFFFFFFFFFFFFFFFFFFFFFFFFFFFFFBD
:2083E000FFFFFFFFFFFFFFFFFFFFFFFFFFFFFFFFFFFFFFFFFFFFFFFFFFFFFFFFFFFFFFFF9D
:20840000FFFFFFFFFFFFFFFFFFFFFFFFFFFFFFFFFFFFFFFFFFFFFFFFFFFFFFFFFFFFFFFF7C
:20842000FFFFFFFFFFFFFFFFFFFFFFFFFFFFFFFFFFFFFFFFFFFFFFFFFFFFFFFFFFFFFFFF5C
:20844000FFFFFFFFFFFFFFFFFFFFFFFFFFFFFFFFFFFFFFFFFFFFFFFFFFFFFFFFFFFFFFFF3C
:20846000FFFFFFFFFFFFFFFFFFFFFFFFFFFFFFFFFFFFFFFFFFFFFFFFFFFFFFFFFFFFFFFF1C
:20848000FFFFFFFFFFFFFFFFFFFFFFFFFFFFFFFFFFFFFFFFFFFFFFFFFFFFFFFFFFFFFFFFFC
:2084A000FFFFFFFFFFFFFFFFFFFFFFFFFFFFFFFFFFFFFFFFFFFFFFFFFFFFFFFFFFFFFFFFDC
:2084C000FFFFFFFFFFFFFFFFFFFFFFFFFFFFFFFFFFFFFFFFFFFFFFFFFFFFFFFFFFFFFFFFBC
:2084E000FFFFFFFFFFFFFFFFFFFFFFFFFFFFFFFFFFFFFFFFFFFFFFFFFFFFFFFFFFFFFFFF9C
:20850000FFFFFFFFFFFFFFFFFFFFFFFFFFFFFFFFFFFFFFFFFFFFFFFFFFFFFFFFFFFFFFFF7B
:20852000FFFFFFFFFFFFFFFFFFFFFFFFFFFFFFFFFFFFFFFFFFFFFFFFFFFFFFFFFFFFFFFF5B
:20854000FFFFFFFFFFFFFFFFFFFFFFFFFFFFFFFFFFFFFFFFFFFFFFFFFFFFFFFFFFFFFFFF3B
:20856000FFFFFFFFFFFFFFFFFFFFFFFFFFFFFFFFFFFFFFFFFFFFFFFFFFFFFFFFFFFFFFFF1B
:20858000FFFFFFFFFFFFFFFFFFFFFFFFFFFFFFFFFFFFFFFFFFFFFFFFFFFFFFFFFFFFFFFFFB
:2085A000FFFFFFFFFFFFFFFFFFFFFFFFFFFFFFFFFFFFFFFFFFFFFFFFFFFFFFFFFFFFFFFFDB
:2085C000FFFFFFFFFFFFFFFFFFFFFFFFFFFFFFFFFFFFFFFFFFFFFFFFFFFFFFFFFFFFFFFFBB
:2085E000FFFFFFFFFFFFFFFFFFFFFFFFFFFFFFFFFFFFFFFFFFFFFFFFFFFFFFFFFFFFFFFF9B
:20860000FFFFFFFFFFFFFFFFFFFFFFFFFFFFFFFFFFFFFFFFFFFFFFFFFFFFFFFFFFFFFFFF7A
:20862000FFFFFFFFFFFFFFFFFFFFFFFFFFFFFFFFFFFFFFFFFFFFFFFFFFFFFFFFFFFFFFFF5A
:20864000FFFFFFFFFFFFFFFFFFFFFFFFFFFFFFFFFFFFFFFFFFFFFFFFFFFFFFFFFFFFFFFF3A
:20866000FFFFFFFFFFFFFFFFFFFFFFFFFFFFFFFFFFFFFFFFFFFFFFFFFFFFFFFFFFFFFFFF1A
:20868000FFFFFFFFFFFFFFFFFFFFFFFFFFFFFFFFFFFFFFFFFFFFFFFFFFFFFFFFFFFFFFFFFA
:2086A000FFFFFFFFFFFFFFFFFFFFFFFFFFFFFFFFFFFFFFFFFFFFFFFFFFFFFFFFFFFFFFFFDA
:2086C000FFFFFFFFFFFFFFFFFFFFFFFFFFFFFFFFFFFFFFFFFFFFFFFFFFFFFFFFFFFFFFFFBA
:2086E000FFFFFFFFFFFFFFFFFFFFFFFFFFFFFFFFFFFFFFFFFFFFFFFFFFFFFFFFFFFFFFFF9A
:20870000FFFFFFFFFFFFFFFFFFFFFFFFFFFFFFFFFFFFFFFFFFFFFFFFFFFFFFFFFFFFFFFF79
:20872000FFFFFFFFFFFFFFFFFFFFFFFFFFFFFFFFFFFFFFFFFFFFFFFFFFFFFFFFFFFFFFFF59
:20874000FFFFFFFFFFFFFFFFFFFFFFFFFFFFFFFFFFFFFFFFFFFFFFFFFFFFFFFFFFFFFFFF39
:20876000FFFFFFFFFFFFFFFFFFFFFFFFFFFFFFFFFFFFFFFFFFFFFFFFFFFFFFFFFFFFFFFF19
:20878000FFFFFFFFFFFFFFFFFFFFFFFFFFFFFFFFFFFFFFFFFFFFFFFFFFFFFFFFFFFFFFFFF9
:2087A000FFFFFFFFFFFFFFFFFFFFFFFFFFFFFFFFFFFFFFFFFFFFFFFFFFFFFFFFFFFFFFFFD9
:2087C000FFFFFFFFFFFFFFFFFFFFFFFFFFFFFFFFFFFFFFFFFFFFFFFFFFFFFFFFFFFFFFFFB9
:2087E000FFFFFFFFFFFFFFFFFFFFFFFFFFFFFFFFFFFFFFFFFFFFFFFFFFFFFFFFFFFFFFFF99
:20880000FFFFFFFFFFFFFFFFFFFFFFFFFFFFFFFFFFFFFFFFFFFFFFFFFFFFFFFFFFFFFFFF78
:20882000FFFFFFFFFFFFFFFFFFFFFFFFFFFFFFFFFFFFFFFFFFFFFFFFFFFFFFFFFFFFFFFF58
:20884000FFFFFFFFFFFFFFFFFFFFFFFFFFFFFFFFFFFFFFFFFFFFFFFFFFFFFFFFFFFFFFFF38
:20886000FFFFFFFFFFFFFFFFFFFFFFFFFFFFFFFFFFFFFFFFFFFFFFFFFFFFFFFFFFFFFFFF18
:20888000FFFFFFFFFFFFFFFFFFFFFFFFFFFFFFFFFFFFFFFFFFFFFFFFFFFFFFFFFFFFFFFFF8
:2088A000FFFFFFFFFFFFFFFFFFFFFFFFFFFFFFFFFFFFFFFFFFFFFFFFFFFFFFFFFFFFFFFFD8
:2088C000FFFFFFFFFFFFFFFFFFFFFFFFFFFFFFFFFFFFFFFFFFFFFFFFFFFFFFFFFFFFFFFFB8
:2088E000FFFFFFFFFFFFFFFFFFFFFFFFFFFFFFFFFFFFFFFFFFFFFFFFFFFFFFFFFFFFFFFF98
:20890000FFFFFFFFFFFFFFFFFFFFFFFFFFFFFFFFFFFFFFFFFFFFFFFFFFFFFFFFFFFFFFFF77
:20892000FFFFFFFFFFFFFFFFFFFFFFFFFFFFFFFFFFFFFFFFFFFFFFFFFFFFFFFFFFFFFFFF57
:20894000FFFFFFFFFFFFFFFFFFFFFFFFFFFFFFFFFFFFFFFFFFFFFFFFFFFFFFFFFFFFFFFF37
:20896000FFFFFFFFFFFFFFFFFFFFFFFFFFFFFFFFFFFFFFFFFFFFFFFFFFFFFFFFFFFFFFFF17
:20898000FFFFFFFFFFFFFFFFFFFFFFFFFFFFFFFFFFFFFFFFFFFFFFFFFFFFFFFFFFFFFFFFF7
:2089A000FFFFFFFFFFFFFFFFFFFFFFFFFFFFFFFFFFFFFFFFFFFFFFFFFFFFFFFFFFFFFFFFD7
:2089C000FFFFFFFFFFFFFFFFFFFFFFFFFFFFFFFFFFFFFFFFFFFFFFFFFFFFFFFFFFFFFFFFB7
:2089E000FFFFFFFFFFFFFFFFFFFFFFFFFFFFFFFFFFFFFFFFFFFFFFFFFFFFFFFFFFFFFFFF97
:208A0000FFFFFFFFFFFFFFFFFFFFFFFFFFFFFFFFFFFFFFFFFFFFFFFFFFFFFFFFFFFFFFFF76
:208A2000FFFFFFFFFFFFFFFFFFFFFFFFFFFFFFFFFFFFFFFFFFFFFFFFFFFFFFFFFFFFFFFF56
:208A4000FFFFFFFFFFFFFFFFFFFFFFFFFFFFFFFFFFFFFFFFFFFFFFFFFFFFFFFFFFFFFFFF36
:208A6000FFFFFFFFFFFFFFFFFFFFFFFFFFFFFFFFFFFFFFFFFFFFFFFFFFFFFFFFFFFFFFFF16
:208A8000FFFFFFFFFFFFFFFFFFFFFFFFFFFFFFFFFFFFFFFFFFFFFFFFFFFFFFFFFFFFFFFFF6
:208AA000FFFFFFFFFFFFFFFFFFFFFFFFFFFFFFFFFFFFFFFFFFFFFFFFFFFFFFFFFFFFFFFFD6
:208AC000FFFFFFFFFFFFFFFFFFFFFFFFFFFFFFFFFFFFFFFFFFFFFFFFFFFFFFFFFFFFFFFFB6
:208AE000FFFFFFFFFFFFFFFFFFFFFFFFFFFFFFFFFFFFFFFFFFFFFFFFFFFFFFFFFFFFFFFF96
:208B0000FFFFFFFFFFFFFFFFFFFFFFFFFFFFFFFFFFFFFFFFFFFFFFFFFFFFFFFFFFFFFFFF75
:208B2000FFFFFFFFFFFFFFFFFFFFFFFFFFFFFFFFFFFFFFFFFFFFFFFFFFFFFFFFFFFFFFFF55
:208B4000FFFFFFFFFFFFFFFFFFFFFFFFFFFFFFFFFFFFFFFFFFFFFFFFFFFFFFFFFFFFFFFF35
:208B6000FFFFFFFFFFFFFFFFFFFFFFFFFFFFFFFFFFFFFFFFFFFFFFFFFFFFFFFFFFFFFFFF15
:208B8000FFFFFFFFFFFFFFFFFFFFFFFFFFFFFFFFFFFFFFFFFFFFFFFFFFFFFFFFFFFFFFFFF5
:208BA000FFFFFFFFFFFFFFFFFFFFFFFFFFFFFFFFFFFFFFFFFFFFFFFFFFFFFFFFFFFFFFFFD5
:208BC000FFFFFFFFFFFFFFFFFFFFFFFFFFFFFFFFFFFFFFFFFFFFFFFFFFFFFFFFFFFFFFFFB5
:208BE000FFFFFFFFFFFFFFFFFFFFFFFFFFFFFFFFFFFFFFFFFFFFFFFFFFFFFFFFFFFFFFFF95
:208C0000FFFFFFFFFFFFFFFFFFFFFFFFFFFFFFFFFFFFFFFFFFFFFFFFFFFFFFFFFFFFFFFF74
:208C2000FFFFFFFFFFFFFFFFFFFFFFFFFFFFFFFFFFFFFFFFFFFFFFFFFFFFFFFFFFFFFFFF54
:208C4000FFFFFFFFFFFFFFFFFFFFFFFFFFFFFFFFFFFFFFFFFFFFFFFFFFFFFFFFFFFFFFFF34
:208C6000FFFFFFFFFFFFFFFFFFFFFFFFFFFFFFFFFFFFFFFFFFFFFFFFFFFFFFFFFFFFFFFF14
:208C8000FFFFFFFFFFFFFFFFFFFFFFFFFFFFFFFFFFFFFFFFFFFFFFFFFFFFFFFFFFFFFFFFF4
:208CA000FFFFFFFFFFFFFFFFFFFFFFFFFFFFFFFFFFFFFFFFFFFFFFFFFFFFFFFFFFFFFFFFD4
:208CC000FFFFFFFFFFFFFFFFFFFFFFFFFFFFFFFFFFFFFFFFFFFFFFFFFFFFFFFFFFFFFFFFB4
:208CE000FFFFFFFFFFFFFFFFFFFFFFFFFFFFFFFFFFFFFFFFFFFFFFFFFFFFFFFFFFFFFFFF94
:208D0000FFFFFFFFFFFFFFFFFFFFFFFFFFFFFFFFFFFFFFFFFFFFFFFFFFFFFFFFFFFFFFFF73
:208D2000FFFFFFFFFFFFFFFFFFFFFFFFFFFFFFFFFFFFFFFFFFFFFFFFFFFFFFFFFFFFFFFF53
:208D4000FFFFFFFFFFFFFFFFFFFFFFFFFFFFFFFFFFFFFFFFFFFFFFFFFFFFFFFFFFFFFFFF33
:208D6000FFFFFFFFFFFFFFFFFFFFFFFFFFFFFFFFFFFFFFFFFFFFFFFFFFFFFFFFFFFFFFFF13
:208D8000FFFFFFFFFFFFFFFFFFFFFFFFFFFFFFFFFFFFFFFFFFFFFFFFFFFFFFFFFFFFFFFFF3
:208DA000FFFFFFFFFFFFFFFFFFFFFFFFFFFFFFFFFFFFFFFFFFFFFFFFFFFFFFFFFFFFFFFFD3
:208DC000FFFFFFFFFFFFFFFFFFFFFFFFFFFFFFFFFFFFFFFFFFFFFFFFFFFFFFFFFFFFFFFFB3
:208DE000FFFFFFFFFFFFFFFFFFFFFFFFFFFFFFFFFFFFFFFFFFFFFFFFFFFFFFFFFFFFFFFF93
:208E0000FFFFFFFFFFFFFFFFFFFFFFFFFFFFFFFFFFFFFFFFFFFFFFFFFFFFFFFFFFFFFFFF72
:208E2000FFFFFFFFFFFFFFFFFFFFFFFFFFFFFFFFFFFFFFFFFFFFFFFFFFFFFFFFFFFFFFFF52
:208E4000FFFFFFFFFFFFFFFFFFFFFFFFFFFFFFFFFFFFFFFFFFFFFFFFFFFFFFFFFFFFFFFF32
:208E6000FFFFFFFFFFFFFFFFFFFFFFFFFFFFFFFFFFFFFFFFFFFFFFFFFFFFFFFFFFFFFFFF12
:208E8000FFFFFFFFFFFFFFFFFFFFFFFFFFFFFFFFFFFFFFFFFFFFFFFFFFFFFFFFFFFFFFFFF2
:208EA000FFFFFFFFFFFFFFFFFFFFFFFFFFFFFFFFFFFFFFFFFFFFFFFFFFFFFFFFFFFFFFFFD2
:208EC000FFFFFFFFFFFFFFFFFFFFFFFFFFFFFFFFFFFFFFFFFFFFFFFFFFFFFFFFFFFFFFFFB2
:208EE000FFFFFFFFFFFFFFFFFFFFFFFFFFFFFFFFFFFFFFFFFFFFFFFFFFFFFFFFFFFFFFFF92
:208F0000FFFFFFFFFFFFFFFFFFFFFFFFFFFFFFFFFFFFFFFFFFFFFFFFFFFFFFFFFFFFFFFF71
:208F2000FFFFFFFFFFFFFFFFFFFFFFFFFFFFFFFFFFFFFFFFFFFFFFFFFFFFFFFFFFFFFFFF51
:208F4000FFFFFFFFFFFFFFFFFFFFFFFFFFFFFFFFFFFFFFFFFFFFFFFFFFFFFFFFFFFFFFFF31
:208F6000FFFFFFFFFFFFFFFFFFFFFFFFFFFFFFFFFFFFFFFFFFFFFFFFFFFFFFFFFFFFFFFF11
:208F8000FFFFFFFFFFFFFFFFFFFFFFFFFFFFFFFFFFFFFFFFFFFFFFFFFFFFFFFFFFFFFFFFF1
:208FA000FFFFFFFFFFFFFFFFFFFFFFFFFFFFFFFFFFFFFFFFFFFFFFFFFFFFFFFFFFFFFFFFD1
:208FC000FFFFFFFFFFFFFFFFFFFFFFFFFFFFFFFFFFFFFFFFFFFFFFFFFFFFFFFFFFFFFFFFB1
:208FE000FFFFFFFFFFFFFFFFFFFFFFFFFFFFFFFFFFFFFFFFFFFFFFFFFFFFFFFFFFFFFFFF91
:20900000FFFFFFFFFFFFFFFFFFFFFFFFFFFFFFFFFFFFFFFFFFFFFFFFFFFFFFFFFFFFFFFF70
:20902000FFFFFFFFFFFFFFFFFFFFFFFFFFFFFFFFFFFFFFFFFFFFFFFFFFFFFFFFFFFFFFFF50
:20904000FFFFFFFFFFFFFFFFFFFFFFFFFFFFFFFFFFFFFFFFFFFFFFFFFFFFFFFFFFFFFFFF30
:20906000FFFFFFFFFFFFFFFFFFFFFFFFFFFFFFFFFFFFFFFFFFFFFFFFFFFFFFFFFFFFFFFF10
:20908000FFFFFFFFFFFFFFFFFFFFFFFFFFFFFFFFFFFFFFFFFFFFFFFFFFFFFFFFFFFFFFFFF0
:2090A000FFFFFFFFFFFFFFFFFFFFFFFFFFFFFFFFFFFFFFFFFFFFFFFFFFFFFFFFFFFFFFFFD0
:2090C000FFFFFFFFFFFFFFFFFFFFFFFFFFFFFFFFFFFFFFFFFFFFFFFFFFFFFFFFFFFFFFFFB0
:2090E000FFFFFFFFFFFFFFFFFFFFFFFFFFFFFFFFFFFFFFFFFFFFFFFFFFFFFFFFFFFFFFFF90
:20910000FFFFFFFFFFFFFFFFFFFFFFFFFFFFFFFFFFFFFFFFFFFFFFFFFFFFFFFFFFFFFFFF6F
:20912000FFFFFFFFFFFFFFFFFFFFFFFFFFFFFFFFFFFFFFFFFFFFFFFFFFFFFFFFFFFFFFFF4F
:20914000FFFFFFFFFFFFFFFFFFFFFFFFFFFFFFFFFFFFFFFFFFFFFFFFFFFFFFFFFFFFFFFF2F
:20916000FFFFFFFFFFFFFFFFFFFFFFFFFFFFFFFFFFFFFFFFFFFFFFFFFFFFFFFFFFFFFFFF0F
:20918000FFFFFFFFFFFFFFFFFFFFFFFFFFFFFFFFFFFFFFFFFFFFFFFFFFFFFFFFFFFFFFFFEF
:2091A000FFFFFFFFFFFFFFFFFFFFFFFFFFFFFFFFFFFFFFFFFFFFFFFFFFFFFFFFFFFFFFFFCF
:2091C000FFFFFFFFFFFFFFFFFFFFFFFFFFFFFFFFFFFFFFFFFFFFFFFFFFFFFFFFFFFFFFFFAF
:2091E000FFFFFFFFFFFFFFFFFFFFFFFFFFFFFFFFFFFFFFFFFFFFFFFFFFFFFFFFFFFFFFFF8F
:20920000FFFFFFFFFFFFFFFFFFFFFFFFFFFFFFFFFFFFFFFFFFFFFFFFFFFFFFFFFFFFFFFF6E
:20922000FFFFFFFFFFFFFFFFFFFFFFFFFFFFFFFFFFFFFFFFFFFFFFFFFFFFFFFFFFFFFFFF4E
:20924000FFFFFFFFFFFFFFFFFFFFFFFFFFFFFFFFFFFFFFFFFFFFFFFFFFFFFFFFFFFFFFFF2E
:20926000FFFFFFFFFFFFFFFFFFFFFFFFFFFFFFFFFFFFFFFFFFFFFFFFFFFFFFFFFFFFFFFF0E
:20928000FFFFFFFFFFFFFFFFFFFFFFFFFFFFFFFFFFFFFFFFFFFFFFFFFFFFFFFFFFFFFFFFEE
:2092A000FFFFFFFFFFFFFFFFFFFFFFFFFFFFFFFFFFFFFFFFFFFFFFFFFFFFFFFFFFFFFFFFCE
:2092C000FFFFFFFFFFFFFFFFFFFFFFFFFFFFFFFFFFFFFFFFFFFFFFFFFFFFFFFFFFFFFFFFAE
:2092E000FFFFFFFFFFFFFFFFFFFFFFFFFFFFFFFFFFFFFFFFFFFFFFFFFFFFFFFFFFFFFFFF8E
:20930000FFFFFFFFFFFFFFFFFFFFFFFFFFFFFFFFFFFFFFFFFFFFFFFFFFFFFFFFFFFFFFFF6D
:20932000FFFFFFFFFFFFFFFFFFFFFFFFFFFFFFFFFFFFFFFFFFFFFFFFFFFFFFFFFFFFFFFF4D
:20934000FFFFFFFFFFFFFFFFFFFFFFFFFFFFFFFFFFFFFFFFFFFFFFFFFFFFFFFFFFFFFFFF2D
:20936000FFFFFFFFFFFFFFFFFFFFFFFFFFFFFFFFFFFFFFFFFFFFFFFFFFFFFFFFFFFFFFFF0D
:20938000FFFFFFFFFFFFFFFFFFFFFFFFFFFFFFFFFFFFFFFFFFFFFFFFFFFFFFFFFFFFFFFFED
:2093A000FFFFFFFFFFFFFFFFFFFFFFFFFFFFFFFFFFFFFFFFFFFFFFFFFFFFFFFFFFFFFFFFCD
:2093C000FFFFFFFFFFFFFFFFFFFFFFFFFFFFFFFFFFFFFFFFFFFFFFFFFFFFFFFFFFFFFFFFAD
:2093E000FFFFFFFFFFFFFFFFFFFFFFFFFFFFFFFFFFFFFFFFFFFFFFFFFFFFFFFFFFFFFFFF8D
:20940000FFFFFFFFFFFFFFFFFFFFFFFFFFFFFFFFFFFFFFFFFFFFFFFFFFFFFFFFFFFFFFFF6C
:20942000FFFFFFFFFFFFFFFFFFFFFFFFFFFFFFFFFFFFFFFFFFFFFFFFFFFFFFFFFFFFFFFF4C
:20944000FFFFFFFFFFFFFFFFFFFFFFFFFFFFFFFFFFFFFFFFFFFFFFFFFFFFFFFFFFFFFFFF2C
:20946000FFFFFFFFFFFFFFFFFFFFFFFFFFFFFFFFFFFFFFFFFFFFFFFFFFFFFFFFFFFFFFFF0C
:20948000FFFFFFFFFFFFFFFFFFFFFFFFFFFFFFFFFFFFFFFFFFFFFFFFFFFFFFFFFFFFFFFFEC
:2094A000FFFFFFFFFFFFFFFFFFFFFFFFFFFFFFFFFFFFFFFFFFFFFFFFFFFFFFFFFFFFFFFFCC
:2094C000FFFFFFFFFFFFFFFFFFFFFFFFFFFFFFFFFFFFFFFFFFFFFFFFFFFFFFFFFFFFFFFFAC
:2094E000FFFFFFFFFFFFFFFFFFFFFFFFFFFFFFFFFFFFFFFFFFFFFFFFFFFFFFFFFFFFFFFF8C
:20950000FFFFFFFFFFFFFFFFFFFFFFFFFFFFFFFFFFFFFFFFFFFFFFFFFFFFFFFFFFFFFFFF6B
:20952000FFFFFFFFFFFFFFFFFFFFFFFFFFFFFFFFFFFFFFFFFFFFFFFFFFFFFFFFFFFFFFFF4B
:20954000FFFFFFFFFFFFFFFFFFFFFFFFFFFFFFFFFFFFFFFFFFFFFFFFFFFFFFFFFFFFFFFF2B
:20956000FFFFFFFFFFFFFFFFFFFFFFFFFFFFFFFFFFFFFFFFFFFFFFFFFFFFFFFFFFFFFFFF0B
:20958000FFFFFFFFFFFFFFFFFFFFFFFFFFFFFFFFFFFFFFFFFFFFFFFFFFFFFFFFFFFFFFFFEB
:2095A000FFFFFFFFFFFFFFFFFFFFFFFFFFFFFFFFFFFFFFFFFFFFFFFFFFFFFFFFFFFFFFFFCB
:2095C000FFFFFFFFFFFFFFFFFFFFFFFFFFFFFFFFFFFFFFFFFFFFFFFFFFFFFFFFFFFFFFFFAB
:2095E000FFFFFFFFFFFFFFFFFFFFFFFFFFFFFFFFFFFFFFFFFFFFFFFFFFFFFFFFFFFFFFFF8B
:20960000FFFFFFFFFFFFFFFFFFFFFFFFFFFFFFFFFFFFFFFFFFFFFFFFFFFFFFFFFFFFFFFF6A
:20962000FFFFFFFFFFFFFFFFFFFFFFFFFFFFFFFFFFFFFFFFFFFFFFFFFFFFFFFFFFFFFFFF4A
:20964000FFFFFFFFFFFFFFFFFFFFFFFFFFFFFFFFFFFFFFFFFFFFFFFFFFFFFFFFFFFFFFFF2A
:20966000FFFFFFFFFFFFFFFFFFFFFFFFFFFFFFFFFFFFFFFFFFFFFFFFFFFFFFFFFFFFFFFF0A
:20968000FFFFFFFFFFFFFFFFFFFFFFFFFFFFFFFFFFFFFFFFFFFFFFFFFFFFFFFFFFFFFFFFEA
:2096A000FFFFFFFFFFFFFFFFFFFFFFFFFFFFFFFFFFFFFFFFFFFFFFFFFFFFFFFFFFFFFFFFCA
:2096C000FFFFFFFFFFFFFFFFFFFFFFFFFFFFFFFFFFFFFFFFFFFFFFFFFFFFFFFFFFFFFFFFAA
:2096E000FFFFFFFFFFFFFFFFFFFFFFFFFFFFFFFFFFFFFFFFFFFFFFFFFFFFFFFFFFFFFFFF8A
:20970000FFFFFFFFFFFFFFFFFFFFFFFFFFFFFFFFFFFFFFFFFFFFFFFFFFFFFFFFFFFFFFFF69
:20972000FFFFFFFFFFFFFFFFFFFFFFFFFFFFFFFFFFFFFFFFFFFFFFFFFFFFFFFFFFFFFFFF49
:20974000FFFFFFFFFFFFFFFFFFFFFFFFFFFFFFFFFFFFFFFFFFFFFFFFFFFFFFFFFFFFFFFF29
:20976000FFFFFFFFFFFFFFFFFFFFFFFFFFFFFFFFFFFFFFFFFFFFFFFFFFFFFFFFFFFFFFFF09
:20978000FFFFFFFFFFFFFFFFFFFFFFFFFFFFFFFFFFFFFFFFFFFFFFFFFFFFFFFFFFFFFFFFE9
:2097A000FFFFFFFFFFFFFFFFFFFFFFFFFFFFFFFFFFFFFFFFFFFFFFFFFFFFFFFFFFFFFFFFC9
:2097C000FFFFFFFFFFFFFFFFFFFFFFFFFFFFFFFFFFFFFFFFFFFFFFFFFFFFFFFFFFFFFFFFA9
:2097E000FFFFFFFFFFFFFFFFFFFFFFFFFFFFFFFFFFFFFFFFFFFFFFFFFFFFFFFFFFFFFFFF89
:20980000FFFFFFFFFFFFFFFFFFFFFFFFFFFFFFFFFFFFFFFFFFFFFFFFFFFFFFFFFFFFFFFF68
:20982000FFFFFFFFFFFFFFFFFFFFFFFFFFFFFFFFFFFFFFFFFFFFFFFFFFFFFFFFFFFFFFFF48
:20984000FFFFFFFFFFFFFFFFFFFFFFFFFFFFFFFFFFFFFFFFFFFFFFFFFFFFFFFFFFFFFFFF28
:20986000FFFFFFFFFFFFFFFFFFFFFFFFFFFFFFFFFFFFFFFFFFFFFFFFFFFFFFFFFFFFFFFF08
:20988000FFFFFFFFFFFFFFFFFFFFFFFFFFFFFFFFFFFFFFFFFFFFFFFFFFFFFFFFFFFFFFFFE8
:2098A000FFFFFFFFFFFFFFFFFFFFFFFFFFFFFFFFFFFFFFFFFFFFFFFFFFFFFFFFFFFFFFFFC8
:2098C000FFFFFFFFFFFFFFFFFFFFFFFFFFFFFFFFFFFFFFFFFFFFFFFFFFFFFFFFFFFFFFFFA8
:2098E000FFFFFFFFFFFFFFFFFFFFFFFFFFFFFFFFFFFFFFFFFFFFFFFFFFFFFFFFFFFFFFFF88
:20990000FFFFFFFFFFFFFFFFFFFFFFFFFFFFFFFFFFFFFFFFFFFFFFFFFFFFFFFFFFFFFFFF67
:20992000FFFFFFFFFFFFFFFFFFFFFFFFFFFFFFFFFFFFFFFFFFFFFFFFFFFFFFFFFFFFFFFF47
:20994000FFFFFFFFFFFFFFFFFFFFFFFFFFFFFFFFFFFFFFFFFFFFFFFFFFFFFFFFFFFFFFFF27
:20996000FFFFFFFFFFFFFFFFFFFFFFFFFFFFFFFFFFFFFFFFFFFFFFFFFFFFFFFFFFFFFFFF07
:20998000FFFFFFFFFFFFFFFFFFFFFFFFFFFFFFFFFFFFFFFFFFFFFFFFFFFFFFFFFFFFFFFFE7
:2099A000FFFFFFFFFFFFFFFFFFFFFFFFFFFFFFFFFFFFFFFFFFFFFFFFFFFFFFFFFFFFFFFFC7
:2099C000FFFFFFFFFFFFFFFFFFFFFFFFFFFFFFFFFFFFFFFFFFFFFFFFFFFFFFFFFFFFFFFFA7
:2099E000FFFFFFFFFFFFFFFFFFFFFFFFFFFFFFFFFFFFFFFFFFFFFFFFFFFFFFFFFFFFFFFF87
:209A0000FFFFFFFFFFFFFFFFFFFFFFFFFFFFFFFFFFFFFFFFFFFFFFFFFFFFFFFFFFFFFFFF66
:209A2000FFFFFFFFFFFFFFFFFFFFFFFFFFFFFFFFFFFFFFFFFFFFFFFFFFFFFFFFFFFFFFFF46
:209A4000FFFFFFFFFFFFFFFFFFFFFFFFFFFFFFFFFFFFFFFFFFFFFFFFFFFFFFFFFFFFFFFF26
:209A6000FFFFFFFFFFFFFFFFFFFFFFFFFFFFFFFFFFFFFFFFFFFFFFFFFFFFFFFFFFFFFFFF06
:209A8000FFFFFFFFFFFFFFFFFFFFFFFFFFFFFFFFFFFFFFFFFFFFFFFFFFFFFFFFFFFFFFFFE6
:209AA000FFFFFFFFFFFFFFFFFFFFFFFFFFFFFFFFFFFFFFFFFFFFFFFFFFFFFFFFFFFFFFFFC6
:209AC000FFFFFFFFFFFFFFFFFFFFFFFFFFFFFFFFFFFFFFFFFFFFFFFFFFFFFFFFFFFFFFFFA6
:209AE000FFFFFFFFFFFFFFFFFFFFFFFFFFFFFFFFFFFFFFFFFFFFFFFFFFFFFFFFFFFFFFFF86
:209B0000FFFFFFFFFFFFFFFFFFFFFFFFFFFFFFFFFFFFFFFFFFFFFFFFFFFFFFFFFFFFFFFF65
:209B2000FFFFFFFFFFFFFFFFFFFFFFFFFFFFFFFFFFFFFFFFFFFFFFFFFFFFFFFFFFFFFFFF45
:209B4000FFFFFFFFFFFFFFFFFFFFFFFFFFFFFFFFFFFFFFFFFFFFFFFFFFFFFFFFFFFFFFFF25
:209B6000FFFFFFFFFFFFFFFFFFFFFFFFFFFFFFFFFFFFFFFFFFFFFFFFFFFFFFFFFFFFFFFF05
:209B8000FFFFFFFFFFFFFFFFFFFFFFFFFFFFFFFFFFFFFFFFFFFFFFFFFFFFFFFFFFFFFFFFE5
:209BA000FFFFFFFFFFFFFFFFFFFFFFFFFFFFFFFFFFFFFFFFFFFFFFFFFFFFFFFFFFFFFFFFC5
:209BC000FFFFFFFFFFFFFFFFFFFFFFFFFFFFFFFFFFFFFFFFFFFFFFFFFFFFFFFFFFFFFFFFA5
:209BE000FFFFFFFFFFFFFFFFFFFFFFFFFFFFFFFFFFFFFFFFFFFFFFFFFFFFFFFFFFFFFFFF85
:209C0000FFFFFFFFFFFFFFFFFFFFFFFFFFFFFFFFFFFFFFFFFFFFFFFFFFFFFFFFFFFFFFFF64
:209C2000FFFFFFFFFFFFFFFFFFFFFFFFFFFFFFFFFFFFFFFFFFFFFFFFFFFFFFFFFFFFFFFF44
:209C4000FFFFFFFFFFFFFFFFFFFFFFFFFFFFFFFFFFFFFFFFFFFFFFFFFFFFFFFFFFFFFFFF24
:209C6000FFFFFFFFFFFFFFFFFFFFFFFFFFFFFFFFFFFFFFFFFFFFFFFFFFFFFFFFFFFFFFFF04
:209C8000FFFFFFFFFFFFFFFFFFFFFFFFFFFFFFFFFFFFFFFFFFFFFFFFFFFFFFFFFFFFFFFFE4
:209CA000FFFFFFFFFFFFFFFFFFFFFFFFFFFFFFFFFFFFFFFFFFFFFFFFFFFFFFFFFFFFFFFFC4
:209CC000FFFFFFFFFFFFFFFFFFFFFFFFFFFFFFFFFFFFFFFFFFFFFFFFFFFFFFFFFFFFFFFFA4
:209CE000FFFFFFFFFFFFFFFFFFFFFFFFFFFFFFFFFFFFFFFFFFFFFFFFFFFFFFFFFFFFFFFF84
:209D0000FFFFFFFFFFFFFFFFFFFFFFFFFFFFFFFFFFFFFFFFFFFFFFFFFFFFFFFFFFFFFFFF63
:209D2000FFFFFFFFFFFFFFFFFFFFFFFFFFFFFFFFFFFFFFFFFFFFFFFFFFFFFFFFFFFFFFFF43
:209D4000FFFFFFFFFFFFFFFFFFFFFFFFFFFFFFFFFFFFFFFFFFFFFFFFFFFFFFFFFFFFFFFF23
:209D6000FFFFFFFFFFFFFFFFFFFFFFFFFFFFFFFFFFFFFFFFFFFFFFFFFFFFFFFFFFFFFFFF03
:209D8000FFFFFFFFFFFFFFFFFFFFFFFFFFFFFFFFFFFFFFFFFFFFFFFFFFFFFFFFFFFFFFFFE3
:209DA000FFFFFFFFFFFFFFFFFFFFFFFFFFFFFFFFFFFFFFFFFFFFFFFFFFFFFFFFFFFFFFFFC3
:209DC000FFFFFFFFFFFFFFFFFFFFFFFFFFFFFFFFFFFFFFFFFFFFFFFFFFFFFFFFFFFFFFFFA3
:209DE000FFFFFFFFFFFFFFFFFFFFFFFFFFFFFFFFFFFFFFFFFFFFFFFFFFFFFFFFFFFFFFFF83
:209E0000FFFFFFFFFFFFFFFFFFFFFFFFFFFFFFFFFFFFFFFFFFFFFFFFFFFFFFFFFFFFFFFF62
:209E2000FFFFFFFFFFFFFFFFFFFFFFFFFFFFFFFFFFFFFFFFFFFFFFFFFFFFFFFFFFFFFFFF42
:209E4000FFFFFFFFFFFFFFFFFFFFFFFFFFFFFFFFFFFFFFFFFFFFFFFFFFFFFFFFFFFFFFFF22
:209E6000FFFFFFFFFFFFFFFFFFFFFFFFFFFFFFFFFFFFFFFFFFFFFFFFFFFFFFFFFFFFFFFF02
:209E8000FFFFFFFFFFFFFFFFFFFFFFFFFFFFFFFFFFFFFFFFFFFFFFFFFFFFFFFFFFFFFFFFE2
:209EA000FFFFFFFFFFFFFFFFFFFFFFFFFFFFFFFFFFFFFFFFFFFFFFFFFFFFFFFFFFFFFFFFC2
:209EC000FFFFFFFFFFFFFFFFFFFFFFFFFFFFFFFFFFFFFFFFFFFFFFFFFFFFFFFFFFFFFFFFA2
:209EE000FFFFFFFFFFFFFFFFFFFFFFFFFFFFFFFFFFFFFFFFFFFFFFFFFFFFFFFFFFFFFFFF82
:209F0000FFFFFFFFFFFFFFFFFFFFFFFFFFFFFFFFFFFFFFFFFFFFFFFFFFFFFFFFFFFFFFFF61
:209F2000FFFFFFFFFFFFFFFFFFFFFFFFFFFFFFFFFFFFFFFFFFFFFFFFFFFFFFFFFFFFFFFF41
:209F4000FFFFFFFFFFFFFFFFFFFFFFFFFFFFFFFFFFFFFFFFFFFFFFFFFFFFFFFFFFFFFFFF21
:209F6000FFFFFFFFFFFFFFFFFFFFFFFFFFFFFFFFFFFFFFFFFFFFFFFFFFFFFFFFFFFFFFFF01
:209F8000FFFFFFFFFFFFFFFFFFFFFFFFFFFFFFFFFFFFFFFFFFFFFFFFFFFFFFFFFFFFFFFFE1
:209FA000FFFFFFFFFFFFFFFFFFFFFFFFFFFFFFFFFFFFFFFFFFFFFFFFFFFFFFFFFFFFFFFFC1
:209FC000FFFFFFFFFFFFFFFFFFFFFFFFFFFFFFFFFFFFFFFFFFFFFFFFFFFFFFFFFFFFFFFFA1
:209FE000FFFFFFFFFFFFFFFFFFFFFFFFFFFFFFFFFFFFFFFFFFFFFFFFFFFFFFFFFFFFFFFF81
:20A00000FFFFFFFFFFFFFFFFFFFFFFFFFFFFFFFFFFFFFFFFFFFFFFFFFFFFFFFFFFFFFFFF60
:20A02000FFFFFFFFFFFFFFFFFFFFFFFFFFFFFFFFFFFFFFFFFFFFFFFFFFFFFFFFFFFFFFFF40
:20A04000FFFFFFFFFFFFFFFFFFFFFFFFFFFFFFFFFFFFFFFFFFFFFFFFFFFFFFFFFFFFFFFF20
:20A06000FFFFFFFFFFFFFFFFFFFFFFFFFFFFFFFFFFFFFFFFFFFFFFFFFFFFFFFFFFFFFFFF00
:20A08000FFFFFFFFFFFFFFFFFFFFFFFFFFFFFFFFFFFFFFFFFFFFFFFFFFFFFFFFFFFFFFFFE0
:20A0A000FFFFFFFFFFFFFFFFFFFFFFFFFFFFFFFFFFFFFFFFFFFFFFFFFFFFFFFFFFFFFFFFC0
:20A0C000FFFFFFFFFFFFFFFFFFFFFFFFFFFFFFFFFFFFFFFFFFFFFFFFFFFFFFFFFFFFFFFFA0
:20A0E000FFFFFFFFFFFFFFFFFFFFFFFFFFFFFFFFFFFFFFFFFFFFFFFFFFFFFFFFFFFFFFFF80
:20A10000FFFFFFFFFFFFFFFFFFFFFFFFFFFFFFFFFFFFFFFFFFFFFFFFFFFFFFFFFFFFFFFF5F
:20A12000FFFFFFFFFFFFFFFFFFFFFFFFFFFFFFFFFFFFFFFFFFFFFFFFFFFFFFFFFFFFFFFF3F
:20A14000FFFFFFFFFFFFFFFFFFFFFFFFFFFFFFFFFFFFFFFFFFFFFFFFFFFFFFFFFFFFFFFF1F
:20A16000FFFFFFFFFFFFFFFFFFFFFFFFFFFFFFFFFFFFFFFFFFFFFFFFFFFFFFFFFFFFFFFFFF
:20A18000FFFFFFFFFFFFFFFFFFFFFFFFFFFFFFFFFFFFFFFFFFFFFFFFFFFFFFFFFFFFFFFFDF
:20A1A000FFFFFFFFFFFFFFFFFFFFFFFFFFFFFFFFFFFFFFFFFFFFFFFFFFFFFFFFFFFFFFFFBF
:20A1C000FFFFFFFFFFFFFFFFFFFFFFFFFFFFFFFFFFFFFFFFFFFFFFFFFFFFFFFFFFFFFFFF9F
:20A1E000FFFFFFFFFFFFFFFFFFFFFFFFFFFFFFFFFFFFFFFFFFFFFFFFFFFFFFFFFFFFFFFF7F
:20A20000FFFFFFFFFFFFFFFFFFFFFFFFFFFFFFFFFFFFFFFFFFFFFFFFFFFFFFFFFFFFFFFF5E
:20A22000FFFFFFFFFFFFFFFFFFFFFFFFFFFFFFFFFFFFFFFFFFFFFFFFFFFFFFFFFFFFFFFF3E
:20A24000FFFFFFFFFFFFFFFFFFFFFFFFFFFFFFFFFFFFFFFFFFFFFFFFFFFFFFFFFFFFFFFF1E
:20A26000FFFFFFFFFFFFFFFFFFFFFFFFFFFFFFFFFFFFFFFFFFFFFFFFFFFFFFFFFFFFFFFFFE
:20A28000FFFFFFFFFFFFFFFFFFFFFFFFFFFFFFFFFFFFFFFFFFFFFFFFFFFFFFFFFFFFFFFFDE
:20A2A000FFFFFFFFFFFFFFFFFFFFFFFFFFFFFFFFFFFFFFFFFFFFFFFFFFFFFFFFFFFFFFFFBE
:20A2C000FFFFFFFFFFFFFFFFFFFFFFFFFFFFFFFFFFFFFFFFFFFFFFFFFFFFFFFFFFFFFFFF9E
:20A2E000FFFFFFFFFFFFFFFFFFFFFFFFFFFFFFFFFFFFFFFFFFFFFFFFFFFFFFFFFFFFFFFF7E
:20A30000FFFFFFFFFFFFFFFFFFFFFFFFFFFFFFFFFFFFFFFFFFFFFFFFFFFFFFFFFFFFFFFF5D
:20A32000FFFFFFFFFFFFFFFFFFFFFFFFFFFFFFFFFFFFFFFFFFFFFFFFFFFFFFFFFFFFFFFF3D
:20A34000FFFFFFFFFFFFFFFFFFFFFFFFFFFFFFFFFFFFFFFFFFFFFFFFFFFFFFFFFFFFFFFF1D
:20A36000FFFFFFFFFFFFFFFFFFFFFFFFFFFFFFFFFFFFFFFFFFFFFFFFFFFFFFFFFFFFFFFFFD
:20A38000FFFFFFFFFFFFFFFFFFFFFFFFFFFFFFFFFFFFFFFFFFFFFFFFFFFFFFFFFFFFFFFFDD
:20A3A000FFFFFFFFFFFFFFFFFFFFFFFFFFFFFFFFFFFFFFFFFFFFFFFFFFFFFFFFFFFFFFFFBD
:20A3C000FFFFFFFFFFFFFFFFFFFFFFFFFFFFFFFFFFFFFFFFFFFFFFFFFFFFFFFFFFFFFFFF9D
:20A3E000FFFFFFFFFFFFFFFFFFFFFFFFFFFFFFFFFFFFFFFFFFFFFFFFFFFFFFFFFFFFFFFF7D
:20A40000FFFFFFFFFFFFFFFFFFFFFFFFFFFFFFFFFFFFFFFFFFFFFFFFFFFFFFFFFFFFFFFF5C
:20A42000FFFFFFFFFFFFFFFFFFFFFFFFFFFFFFFFFFFFFFFFFFFFFFFFFFFFFFFFFFFFFFFF3C
:20A44000FFFFFFFFFFFFFFFFFFFFFFFFFFFFFFFFFFFFFFFFFFFFFFFFFFFFFFFFFFFFFFFF1C
:20A46000FFFFFFFFFFFFFFFFFFFFFFFFFFFFFFFFFFFFFFFFFFFFFFFFFFFFFFFFFFFFFFFFFC
:20A48000FFFFFFFFFFFFFFFFFFFFFFFFFFFFFFFFFFFFFFFFFFFFFFFFFFFFFFFFFFFFFFFFDC
:20A4A000FFFFFFFFFFFFFFFFFFFFFFFFFFFFFFFFFFFFFFFFFFFFFFFFFFFFFFFFFFFFFFFFBC
:20A4C000FFFFFFFFFFFFFFFFFFFFFFFFFFFFFFFFFFFFFFFFFFFFFFFFFFFFFFFFFFFFFFFF9C
:20A4E000FFFFFFFFFFFFFFFFFFFFFFFFFFFFFFFFFFFFFFFFFFFFFFFFFFFFFFFFFFFFFFFF7C
:20A50000FFFFFFFFFFFFFFFFFFFFFFFFFFFFFFFFFFFFFFFFFFFFFFFFFFFFFFFFFFFFFFFF5B
:20A52000FFFFFFFFFFFFFFFFFFFFFFFFFFFFFFFFFFFFFFFFFFFFFFFFFFFFFFFFFFFFFFFF3B
:20A54000FFFFFFFFFFFFFFFFFFFFFFFFFFFFFFFFFFFFFFFFFFFFFFFFFFFFFFFFFFFFFFFF1B
:20A56000FFFFFFFFFFFFFFFFFFFFFFFFFFFFFFFFFFFFFFFFFFFFFFFFFFFFFFFFFFFFFFFFFB
:20A58000FFFFFFFFFFFFFFFFFFFFFFFFFFFFFFFFFFFFFFFFFFFFFFFFFFFFFFFFFFFFFFFFDB
:20A5A000FFFFFFFFFFFFFFFFFFFFFFFFFFFFFFFFFFFFFFFFFFFFFFFFFFFFFFFFFFFFFFFFBB
:20A5C000FFFFFFFFFFFFFFFFFFFFFFFFFFFFFFFFFFFFFFFFFFFFFFFFFFFFFFFFFFFFFFFF9B
:20A5E000FFFFFFFFFFFFFFFFFFFFFFFFFFFFFFFFFFFFFFFFFFFFFFFFFFFFFFFFFFFFFFFF7B
:20A60000FFFFFFFFFFFFFFFFFFFFFFFFFFFFFFFFFFFFFFFFFFFFFFFFFFFFFFFFFFFFFFFF5A
:20A62000FFFFFFFFFFFFFFFFFFFFFFFFFFFFFFFFFFFFFFFFFFFFFFFFFFFFFFFFFFFFFFFF3A
:20A64000FFFFFFFFFFFFFFFFFFFFFFFFFFFFFFFFFFFFFFFFFFFFFFFFFFFFFFFFFFFFFFFF1A
:20A66000FFFFFFFFFFFFFFFFFFFFFFFFFFFFFFFFFFFFFFFFFFFFFFFFFFFFFFFFFFFFFFFFFA
:20A68000FFFFFFFFFFFFFFFFFFFFFFFFFFFFFFFFFFFFFFFFFFFFFFFFFFFFFFFFFFFFFFFFDA
:20A6A000FFFFFFFFFFFFFFFFFFFFFFFFFFFFFFFFFFFFFFFFFFFFFFFFFFFFFFFFFFFFFFFFBA
:20A6C000FFFFFFFFFFFFFFFFFFFFFFFFFFFFFFFFFFFFFFFFFFFFFFFFFFFFFFFFFFFFFFFF9A
:20A6E000FFFFFFFFFFFFFFFFFFFFFFFFFFFFFFFFFFFFFFFFFFFFFFFFFFFFFFFFFFFFFFFF7A
:20A70000FFFFFFFFFFFFFFFFFFFFFFFFFFFFFFFFFFFFFFFFFFFFFFFFFFFFFFFFFFFFFFFF59
:20A72000FFFFFFFFFFFFFFFFFFFFFFFFFFFFFFFFFFFFFFFFFFFFFFFFFFFFFFFFFFFFFFFF39
:20A74000FFFFFFFFFFFFFFFFFFFFFFFFFFFFFFFFFFFFFFFFFFFFFFFFFFFFFFFFFFFFFFFF19
:20A76000FFFFFFFFFFFFFFFFFFFFFFFFFFFFFFFFFFFFFFFFFFFFFFFFFFFFFFFFFFFFFFFFF9
:20A78000FFFFFFFFFFFFFFFFFFFFFFFFFFFFFFFFFFFFFFFFFFFFFFFFFFFFFFFFFFFFFFFFD9
:20A7A000FFFFFFFFFFFFFFFFFFFFFFFFFFFFFFFFFFFFFFFFFFFFFFFFFFFFFFFFFFFFFFFFB9
:20A7C000FFFFFFFFFFFFFFFFFFFFFFFFFFFFFFFFFFFFFFFFFFFFFFFFFFFFFFFFFFFFFFFF99
:20A7E000FFFFFFFFFFFFFFFFFFFFFFFFFFFFFFFFFFFFFFFFFFFFFFFFFFFFFFFFFFFFFFFF79
:20A80000FFFFFFFFFFFFFFFFFFFFFFFFFFFFFFFFFFFFFFFFFFFFFFFFFFFFFFFFFFFFFFFF58
:20A82000FFFFFFFFFFFFFFFFFFFFFFFFFFFFFFFFFFFFFFFFFFFFFFFFFFFFFFFFFFFFFFFF38
:20A84000FFFFFFFFFFFFFFFFFFFFFFFFFFFFFFFFFFFFFFFFFFFFFFFFFFFFFFFFFFFFFFFF18
:20A86000FFFFFFFFFFFFFFFFFFFFFFFFFFFFFFFFFFFFFFFFFFFFFFFFFFFFFFFFFFFFFFFFF8
:20A88000FFFFFFFFFFFFFFFFFFFFFFFFFFFFFFFFFFFFFFFFFFFFFFFFFFFFFFFFFFFFFFFFD8
:20A8A000FFFFFFFFFFFFFFFFFFFFFFFFFFFFFFFFFFFFFFFFFFFFFFFFFFFFFFFFFFFFFFFFB8
:20A8C000FFFFFFFFFFFFFFFFFFFFFFFFFFFFFFFFFFFFFFFFFFFFFFFFFFFFFFFFFFFFFFFF98
:20A8E000FFFFFFFFFFFFFFFFFFFFFFFFFFFFFFFFFFFFFFFFFFFFFFFFFFFFFFFFFFFFFFFF78
:20A90000FFFFFFFFFFFFFFFFFFFFFFFFFFFFFFFFFFFFFFFFFFFFFFFFFFFFFFFFFFFFFFFF57
:20A92000FFFFFFFFFFFFFFFFFFFFFFFFFFFFFFFFFFFFFFFFFFFFFFFFFFFFFFFFFFFFFFFF37
:20A94000FFFFFFFFFFFFFFFFFFFFFFFFFFFFFFFFFFFFFFFFFFFFFFFFFFFFFFFFFFFFFFFF17
:20A96000FFFFFFFFFFFFFFFFFFFFFFFFFFFFFFFFFFFFFFFFFFFFFFFFFFFFFFFFFFFFFFFFF7
:20A98000FFFFFFFFFFFFFFFFFFFFFFFFFFFFFFFFFFFFFFFFFFFFFFFFFFFFFFFFFFFFFFFFD7
:20A9A000FFFFFFFFFFFFFFFFFFFFFFFFFFFFFFFFFFFFFFFFFFFFFFFFFFFFFFFFFFFFFFFFB7
:20A9C000FFFFFFFFFFFFFFFFFFFFFFFFFFFFFFFFFFFFFFFFFFFFFFFFFFFFFFFFFFFFFFFF97
:20A9E000FFFFFFFFFFFFFFFFFFFFFFFFFFFFFFFFFFFFFFFFFFFFFFFFFFFFFFFFFFFFFFFF77
:20AA0000FFFFFFFFFFFFFFFFFFFFFFFFFFFFFFFFFFFFFFFFFFFFFFFFFFFFFFFFFFFFFFFF56
:20AA2000FFFFFFFFFFFFFFFFFFFFFFFFFFFFFFFFFFFFFFFFFFFFFFFFFFFFFFFFFFFFFFFF36
:20AA4000FFFFFFFFFFFFFFFFFFFFFFFFFFFFFFFFFFFFFFFFFFFFFFFFFFFFFFFFFFFFFFFF16
:20AA6000FFFFFFFFFFFFFFFFFFFFFFFFFFFFFFFFFFFFFFFFFFFFFFFFFFFFFFFFFFFFFFFFF6
:20AA8000FFFFFFFFFFFFFFFFFFFFFFFFFFFFFFFFFFFFFFFFFFFFFFFFFFFFFFFFFFFFFFFFD6
:20AAA000FFFFFFFFFFFFFFFFFFFFFFFFFFFFFFFFFFFFFFFFFFFFFFFFFFFFFFFFFFFFFFFFB6
:20AAC000FFFFFFFFFFFFFFFFFFFFFFFFFFFFFFFFFFFFFFFFFFFFFFFFFFFFFFFFFFFFFFFF96
:20AAE000FFFFFFFFFFFFFFFFFFFFFFFFFFFFFFFFFFFFFFFFFFFFFFFFFFFFFFFFFFFFFFFF76
:20AB0000FFFFFFFFFFFFFFFFFFFFFFFFFFFFFFFFFFFFFFFFFFFFFFFFFFFFFFFFFFFFFFFF55
:20AB2000FFFFFFFFFFFFFFFFFFFFFFFFFFFFFFFFFFFFFFFFFFFFFFFFFFFFFFFFFFFFFFFF35
:20AB4000FFFFFFFFFFFFFFFFFFFFFFFFFFFFFFFFFFFFFFFFFFFFFFFFFFFFFFFFFFFFFFFF15
:20AB6000FFFFFFFFFFFFFFFFFFFFFFFFFFFFFFFFFFFFFFFFFFFFFFFFFFFFFFFFFFFFFFFFF5
:20AB8000FFFFFFFFFFFFFFFFFFFFFFFFFFFFFFFFFFFFFFFFFFFFFFFFFFFFFFFFFFFFFFFFD5
:20ABA000FFFFFFFFFFFFFFFFFFFFFFFFFFFFFFFFFFFFFFFFFFFFFFFFFFFFFFFFFFFFFFFFB5
:20ABC000FFFFFFFFFFFFFFFFFFFFFFFFFFFFFFFFFFFFFFFFFFFFFFFFFFFFFFFFFFFFFFFF95
:20ABE000FFFFFFFFFFFFFFFFFFFFFFFFFFFFFFFFFFFFFFFFFFFFFFFFFFFFFFFFFFFFFFFF75
:20AC0000FFFFFFFFFFFFFFFFFFFFFFFFFFFFFFFFFFFFFFFFFFFFFFFFFFFFFFFFFFFFFFFF54
:20AC2000FFFFFFFFFFFFFFFFFFFFFFFFFFFFFFFFFFFFFFFFFFFFFFFFFFFFFFFFFFFFFFFF34
:20AC4000FFFFFFFFFFFFFFFFFFFFFFFFFFFFFFFFFFFFFFFFFFFFFFFFFFFFFFFFFFFFFFFF14
:20AC6000FFFFFFFFFFFFFFFFFFFFFFFFFFFFFFFFFFFFFFFFFFFFFFFFFFFFFFFFFFFFFFFFF4
:20AC8000FFFFFFFFFFFFFFFFFFFFFFFFFFFFFFFFFFFFFFFFFFFFFFFFFFFFFFFFFFFFFFFFD4
:20ACA000FFFFFFFFFFFFFFFFFFFFFFFFFFFFFFFFFFFFFFFFFFFFFFFFFFFFFFFFFFFFFFFFB4
:20ACC000FFFFFFFFFFFFFFFFFFFFFFFFFFFFFFFFFFFFFFFFFFFFFFFFFFFFFFFFFFFFFFFF94
:20ACE000FFFFFFFFFFFFFFFFFFFFFFFFFFFFFFFFFFFFFFFFFFFFFFFFFFFFFFFFFFFFFFFF74
:20AD0000FFFFFFFFFFFFFFFFFFFFFFFFFFFFFFFFFFFFFFFFFFFFFFFFFFFFFFFFFFFFFFFF53
:20AD2000FFFFFFFFFFFFFFFFFFFFFFFFFFFFFFFFFFFFFFFFFFFFFFFFFFFFFFFFFFFFFFFF33
:20AD4000FFFFFFFFFFFFFFFFFFFFFFFFFFFFFFFFFFFFFFFFFFFFFFFFFFFFFFFFFFFFFFFF13
:20AD6000FFFFFFFFFFFFFFFFFFFFFFFFFFFFFFFFFFFFFFFFFFFFFFFFFFFFFFFFFFFFFFFFF3
:20AD8000FFFFFFFFFFFFFFFFFFFFFFFFFFFFFFFFFFFFFFFFFFFFFFFFFFFFFFFFFFFFFFFFD3
:20ADA000FFFFFFFFFFFFFFFFFFFFFFFFFFFFFFFFFFFFFFFFFFFFFFFFFFFFFFFFFFFFFFFFB3
:20ADC000FFFFFFFFFFFFFFFFFFFFFFFFFFFFFFFFFFFFFFFFFFFFFFFFFFFFFFFFFFFFFFFF93
:20ADE000FFFFFFFFFFFFFFFFFFFFFFFFFFFFFFFFFFFFFFFFFFFFFFFFFFFFFFFFFFFFFFFF73
:20AE0000FFFFFFFFFFFFFFFFFFFFFFFFFFFFFFFFFFFFFFFFFFFFFFFFFFFFFFFFFFFFFFFF52
:20AE2000FFFFFFFFFFFFFFFFFFFFFFFFFFFFFFFFFFFFFFFFFFFFFFFFFFFFFFFFFFFFFFFF32
:20AE4000FFFFFFFFFFFFFFFFFFFFFFFFFFFFFFFFFFFFFFFFFFFFFFFFFFFFFFFFFFFFFFFF12
:20AE6000FFFFFFFFFFFFFFFFFFFFFFFFFFFFFFFFFFFFFFFFFFFFFFFFFFFFFFFFFFFFFFFFF2
:20AE8000FFFFFFFFFFFFFFFFFFFFFFFFFFFFFFFFFFFFFFFFFFFFFFFFFFFFFFFFFFFFFFFFD2
:20AEA000FFFFFFFFFFFFFFFFFFFFFFFFFFFFFFFFFFFFFFFFFFFFFFFFFFFFFFFFFFFFFFFFB2
:20AEC000FFFFFFFFFFFFFFFFFFFFFFFFFFFFFFFFFFFFFFFFFFFFFFFFFFFFFFFFFFFFFFFF92
:20AEE000FFFFFFFFFFFFFFFFFFFFFFFFFFFFFFFFFFFFFFFFFFFFFFFFFFFFFFFFFFFFFFFF72
:20AF0000FFFFFFFFFFFFFFFFFFFFFFFFFFFFFFFFFFFFFFFFFFFFFFFFFFFFFFFFFFFFFFFF51
:20AF2000FFFFFFFFFFFFFFFFFFFFFFFFFFFFFFFFFFFFFFFFFFFFFFFFFFFFFFFFFFFFFFFF31
:20AF4000FFFFFFFFFFFFFFFFFFFFFFFFFFFFFFFFFFFFFFFFFFFFFFFFFFFFFFFFFFFFFFFF11
:20AF6000FFFFFFFFFFFFFFFFFFFFFFFFFFFFFFFFFFFFFFFFFFFFFFFFFFFFFFFFFFFFFFFFF1
:20AF8000FFFFFFFFFFFFFFFFFFFFFFFFFFFFFFFFFFFFFFFFFFFFFFFFFFFFFFFFFFFFFFFFD1
:20AFA000FFFFFFFFFFFFFFFFFFFFFFFFFFFFFFFFFFFFFFFFFFFFFFFFFFFFFFFFFFFFFFFFB1
:20AFC000FFFFFFFFFFFFFFFFFFFFFFFFFFFFFFFFFFFFFFFFFFFFFFFFFFFFFFFFFFFFFFFF91
:20AFE000FFFFFFFFFFFFFFFFFFFFFFFFFFFFFFFFFFFFFFFFFFFFFFFFFFFFFFFFFFFFFFFF71
:20B00000FFFFFFFFFFFFFFFFFFFFFFFFFFFFFFFFFFFFFFFFFFFFFFFFFFFFFFFFFFFFFFFF50
:20B02000FFFFFFFFFFFFFFFFFFFFFFFFFFFFFFFFFFFFFFFFFFFFFFFFFFFFFFFFFFFFFFFF30
:20B04000FFFFFFFFFFFFFFFFFFFFFFFFFFFFFFFFFFFFFFFFFFFFFFFFFFFFFFFFFFFFFFFF10
:20B06000FFFFFFFFFFFFFFFFFFFFFFFFFFFFFFFFFFFFFFFFFFFFFFFFFFFFFFFFFFFFFFFFF0
:20B08000FFFFFFFFFFFFFFFFFFFFFFFFFFFFFFFFFFFFFFFFFFFFFFFFFFFFFFFFFFFFFFFFD0
:20B0A000FFFFFFFFFFFFFFFFFFFFFFFFFFFFFFFFFFFFFFFFFFFFFFFFFFFFFFFFFFFFFFFFB0
:20B0C000FFFFFFFFFFFFFFFFFFFFFFFFFFFFFFFFFFFFFFFFFFFFFFFFFFFFFFFFFFFFFFFF90
:20B0E000FFFFFFFFFFFFFFFFFFFFFFFFFFFFFFFFFFFFFFFFFFFFFFFFFFFFFFFFFFFFFFFF70
:20B10000FFFFFFFFFFFFFFFFFFFFFFFFFFFFFFFFFFFFFFFFFFFFFFFFFFFFFFFFFFFFFFFF4F
:20B12000FFFFFFFFFFFFFFFFFFFFFFFFFFFFFFFFFFFFFFFFFFFFFFFFFFFFFFFFFFFFFFFF2F
:20B14000FFFFFFFFFFFFFFFFFFFFFFFFFFFFFFFFFFFFFFFFFFFFFFFFFFFFFFFFFFFFFFFF0F
:20B16000FFFFFFFFFFFFFFFFFFFFFFFFFFFFFFFFFFFFFFFFFFFFFFFFFFFFFFFFFFFFFFFFEF
:20B18000FFFFFFFFFFFFFFFFFFFFFFFFFFFFFFFFFFFFFFFFFFFFFFFFFFFFFFFFFFFFFFFFCF
:20B1A000FFFFFFFFFFFFFFFFFFFFFFFFFFFFFFFFFFFFFFFFFFFFFFFFFFFFFFFFFFFFFFFFAF
:20B1C000FFFFFFFFFFFFFFFFFFFFFFFFFFFFFFFFFFFFFFFFFFFFFFFFFFFFFFFFFFFFFFFF8F
:20B1E000FFFFFFFFFFFFFFFFFFFFFFFFFFFFFFFFFFFFFFFFFFFFFFFFFFFFFFFFFFFFFFFF6F
:20B20000FFFFFFFFFFFFFFFFFFFFFFFFFFFFFFFFFFFFFFFFFFFFFFFFFFFFFFFFFFFFFFFF4E
:20B22000FFFFFFFFFFFFFFFFFFFFFFFFFFFFFFFFFFFFFFFFFFFFFFFFFFFFFFFFFFFFFFFF2E
:20B24000FFFFFFFFFFFFFFFFFFFFFFFFFFFFFFFFFFFFFFFFFFFFFFFFFFFFFFFFFFFFFFFF0E
:20B26000FFFFFFFFFFFFFFFFFFFFFFFFFFFFFFFFFFFFFFFFFFFFFFFFFFFFFFFFFFFFFFFFEE
:20B28000FFFFFFFFFFFFFFFFFFFFFFFFFFFFFFFFFFFFFFFFFFFFFFFFFFFFFFFFFFFFFFFFCE
:20B2A000FFFFFFFFFFFFFFFFFFFFFFFFFFFFFFFFFFFFFFFFFFFFFFFFFFFFFFFFFFFFFFFFAE
:20B2C000FFFFFFFFFFFFFFFFFFFFFFFFFFFFFFFFFFFFFFFFFFFFFFFFFFFFFFFFFFFFFFFF8E
:20B2E000FFFFFFFFFFFFFFFFFFFFFFFFFFFFFFFFFFFFFFFFFFFFFFFFFFFFFFFFFFFFFFFF6E
:20B30000FFFFFFFFFFFFFFFFFFFFFFFFFFFFFFFFFFFFFFFFFFFFFFFFFFFFFFFFFFFFFFFF4D
:20B32000FFFFFFFFFFFFFFFFFFFFFFFFFFFFFFFFFFFFFFFFFFFFFFFFFFFFFFFFFFFFFFFF2D
:20B34000FFFFFFFFFFFFFFFFFFFFFFFFFFFFFFFFFFFFFFFFFFFFFFFFFFFFFFFFFFFFFFFF0D
:20B36000FFFFFFFFFFFFFFFFFFFFFFFFFFFFFFFFFFFFFFFFFFFFFFFFFFFFFFFFFFFFFFFFED
:20B38000FFFFFFFFFFFFFFFFFFFFFFFFFFFFFFFFFFFFFFFFFFFFFFFFFFFFFFFFFFFFFFFFCD
:20B3A000FFFFFFFFFFFFFFFFFFFFFFFFFFFFFFFFFFFFFFFFFFFFFFFFFFFFFFFFFFFFFFFFAD
:20B3C000FFFFFFFFFFFFFFFFFFFFFFFFFFFFFFFFFFFFFFFFFFFFFFFFFFFFFFFFFFFFFFFF8D
:20B3E000FFFFFFFFFFFFFFFFFFFFFFFFFFFFFFFFFFFFFFFFFFFFFFFFFFFFFFFFFFFFFFFF6D
:20B40000FFFFFFFFFFFFFFFFFFFFFFFFFFFFFFFFFFFFFFFFFFFFFFFFFFFFFFFFFFFFFFFF4C
:20B42000FFFFFFFFFFFFFFFFFFFFFFFFFFFFFFFFFFFFFFFFFFFFFFFFFFFFFFFFFFFFFFFF2C
:20B44000FFFFFFFFFFFFFFFFFFFFFFFFFFFFFFFFFFFFFFFFFFFFFFFFFFFFFFFFFFFFFFFF0C
:20B46000FFFFFFFFFFFFFFFFFFFFFFFFFFFFFFFFFFFFFFFFFFFFFFFFFFFFFFFFFFFFFFFFEC
:20B48000FFFFFFFFFFFFFFFFFFFFFFFFFFFFFFFFFFFFFFFFFFFFFFFFFFFFFFFFFFFFFFFFCC
:20B4A000FFFFFFFFFFFFFFFFFFFFFFFFFFFFFFFFFFFFFFFFFFFFFFFFFFFFFFFFFFFFFFFFAC
:20B4C000FFFFFFFFFFFFFFFFFFFFFFFFFFFFFFFFFFFFFFFFFFFFFFFFFFFFFFFFFFFFFFFF8C
:20B4E000FFFFFFFFFFFFFFFFFFFFFFFFFFFFFFFFFFFFFFFFFFFFFFFFFFFFFFFFFFFFFFFF6C
:20B50000FFFFFFFFFFFFFFFFFFFFFFFFFFFFFFFFFFFFFFFFFFFFFFFFFFFFFFFFFFFFFFFF4B
:20B52000FFFFFFFFFFFFFFFFFFFFFFFFFFFFFFFFFFFFFFFFFFFFFFFFFFFFFFFFFFFFFFFF2B
:20B54000FFFFFFFFFFFFFFFFFFFFFFFFFFFFFFFFFFFFFFFFFFFFFFFFFFFFFFFFFFFFFFFF0B
:20B56000FFFFFFFFFFFFFFFFFFFFFFFFFFFFFFFFFFFFFFFFFFFFFFFFFFFFFFFFFFFFFFFFEB
:20B58000FFFFFFFFFFFFFFFFFFFFFFFFFFFFFFFFFFFFFFFFFFFFFFFFFFFFFFFFFFFFFFFFCB
:20B5A000FFFFFFFFFFFFFFFFFFFFFFFFFFFFFFFFFFFFFFFFFFFFFFFFFFFFFFFFFFFFFFFFAB
:20B5C000FFFFFFFFFFFFFFFFFFFFFFFFFFFFFFFFFFFFFFFFFFFFFFFFFFFFFFFFFFFFFFFF8B
:20B5E000FFFFFFFFFFFFFFFFFFFFFFFFFFFFFFFFFFFFFFFFFFFFFFFFFFFFFFFFFFFFFFFF6B
:20B60000FFFFFFFFFFFFFFFFFFFFFFFFFFFFFFFFFFFFFFFFFFFFFFFFFFFFFFFFFFFFFFFF4A
:20B62000FFFFFFFFFFFFFFFFFFFFFFFFFFFFFFFFFFFFFFFFFFFFFFFFFFFFFFFFFFFFFFFF2A
:20B64000FFFFFFFFFFFFFFFFFFFFFFFFFFFFFFFFFFFFFFFFFFFFFFFFFFFFFFFFFFFFFFFF0A
:20B66000FFFFFFFFFFFFFFFFFFFFFFFFFFFFFFFFFFFFFFFFFFFFFFFFFFFFFFFFFFFFFFFFEA
:20B68000FFFFFFFFFFFFFFFFFFFFFFFFFFFFFFFFFFFFFFFFFFFFFFFFFFFFFFFFFFFFFFFFCA
:20B6A000FFFFFFFFFFFFFFFFFFFFFFFFFFFFFFFFFFFFFFFFFFFFFFFFFFFFFFFFFFFFFFFFAA
:20B6C000FFFFFFFFFFFFFFFFFFFFFFFFFFFFFFFFFFFFFFFFFFFFFFFFFFFFFFFFFFFFFFFF8A
:20B6E000FFFFFFFFFFFFFFFFFFFFFFFFFFFFFFFFFFFFFFFFFFFFFFFFFFFFFFFFFFFFFFFF6A
:20B70000FFFFFFFFFFFFFFFFFFFFFFFFFFFFFFFFFFFFFFFFFFFFFFFFFFFFFFFFFFFFFFFF49
:20B72000FFFFFFFFFFFFFFFFFFFFFFFFFFFFFFFFFFFFFFFFFFFFFFFFFFFFFFFFFFFFFFFF29
:20B74000FFFFFFFFFFFFFFFFFFFFFFFFFFFFFFFFFFFFFFFFFFFFFFFFFFFFFFFFFFFFFFFF09
:20B76000FFFFFFFFFFFFFFFFFFFFFFFFFFFFFFFFFFFFFFFFFFFFFFFFFFFFFFFFFFFFFFFFE9
:20B78000FFFFFFFFFFFFFFFFFFFFFFFFFFFFFFFFFFFFFFFFFFFFFFFFFFFFFFFFFFFFFFFFC9
:20B7A000FFFFFFFFFFFFFFFFFFFFFFFFFFFFFFFFFFFFFFFFFFFFFFFFFFFFFFFFFFFFFFFFA9
:20B7C000FFFFFFFFFFFFFFFFFFFFFFFFFFFFFFFFFFFFFFFFFFFFFFFFFFFFFFFFFFFFFFFF89
:20B7E000FFFFFFFFFFFFFFFFFFFFFFFFFFFFFFFFFFFFFFFFFFFFFFFFFFFFFFFFFFFFFFFF69
:20B80000FFFFFFFFFFFFFFFFFFFFFFFFFFFFFFFFFFFFFFFFFFFFFFFFFFFFFFFFFFFFFFFF48
:20B82000FFFFFFFFFFFFFFFFFFFFFFFFFFFFFFFFFFFFFFFFFFFFFFFFFFFFFFFFFFFFFFFF28
:20B84000FFFFFFFFFFFFFFFFFFFFFFFFFFFFFFFFFFFFFFFFFFFFFFFFFFFFFFFFFFFFFFFF08
:20B86000FFFFFFFFFFFFFFFFFFFFFFFFFFFFFFFFFFFFFFFFFFFFFFFFFFFFFFFFFFFFFFFFE8
:20B88000FFFFFFFFFFFFFFFFFFFFFFFFFFFFFFFFFFFFFFFFFFFFFFFFFFFFFFFFFFFFFFFFC8
:20B8A000FFFFFFFFFFFFFFFFFFFFFFFFFFFFFFFFFFFFFFFFFFFFFFFFFFFFFFFFFFFFFFFFA8
:20B8C000FFFFFFFFFFFFFFFFFFFFFFFFFFFFFFFFFFFFFFFFFFFFFFFFFFFFFFFFFFFFFFFF88
:20B8E000FFFFFFFFFFFFFFFFFFFFFFFFFFFFFFFFFFFFFFFFFFFFFFFFFFFFFFFFFFFFFFFF68
:20B90000FFFFFFFFFFFFFFFFFFFFFFFFFFFFFFFFFFFFFFFFFFFFFFFFFFFFFFFFFFFFFFFF47
:20B92000FFFFFFFFFFFFFFFFFFFFFFFFFFFFFFFFFFFFFFFFFFFFFFFFFFFFFFFFFFFFFFFF27
:20B94000FFFFFFFFFFFFFFFFFFFFFFFFFFFFFFFFFFFFFFFFFFFFFFFFFFFFFFFFFFFFFFFF07
:20B96000FFFFFFFFFFFFFFFFFFFFFFFFFFFFFFFFFFFFFFFFFFFFFFFFFFFFFFFFFFFFFFFFE7
:20B98000FFFFFFFFFFFFFFFFFFFFFFFFFFFFFFFFFFFFFFFFFFFFFFFFFFFFFFFFFFFFFFFFC7
:20B9A000FFFFFFFFFFFFFFFFFFFFFFFFFFFFFFFFFFFFFFFFFFFFFFFFFFFFFFFFFFFFFFFFA7
:20B9C000FFFFFFFFFFFFFFFFFFFFFFFFFFFFFFFFFFFFFFFFFFFFFFFFFFFFFFFFFFFFFFFF87
:20B9E000FFFFFFFFFFFFFFFFFFFFFFFFFFFFFFFFFFFFFFFFFFFFFFFFFFFFFFFFFFFFFFFF67
:20BA0000FFFFFFFFFFFFFFFFFFFFFFFFFFFFFFFFFFFFFFFFFFFFFFFFFFFFFFFFFFFFFFFF46
:20BA2000FFFFFFFFFFFFFFFFFFFFFFFFFFFFFFFFFFFFFFFFFFFFFFFFFFFFFFFFFFFFFFFF26
:20BA4000FFFFFFFFFFFFFFFFFFFFFFFFFFFFFFFFFFFFFFFFFFFFFFFFFFFFFFFFFFFFFFFF06
:20BA6000FFFFFFFFFFFFFFFFFFFFFFFFFFFFFFFFFFFFFFFFFFFFFFFFFFFFFFFFFFFFFFFFE6
:20BA8000FFFFFFFFFFFFFFFFFFFFFFFFFFFFFFFFFFFFFFFFFFFFFFFFFFFFFFFFFFFFFFFFC6
:20BAA000FFFFFFFFFFFFFFFFFFFFFFFFFFFFFFFFFFFFFFFFFFFFFFFFFFFFFFFFFFFFFFFFA6
:20BAC000FFFFFFFFFFFFFFFFFFFFFFFFFFFFFFFFFFFFFFFFFFFFFFFFFFFFFFFFFFFFFFFF86
:20BAE000FFFFFFFFFFFFFFFFFFFFFFFFFFFFFFFFFFFFFFFFFFFFFFFFFFFFFFFFFFFFFFFF66
:20BB0000FFFFFFFFFFFFFFFFFFFFFFFFFFFFFFFFFFFFFFFFFFFFFFFFFFFFFFFFFFFFFFFF45
:20BB2000FFFFFFFFFFFFFFFFFFFFFFFFFFFFFFFFFFFFFFFFFFFFFFFFFFFFFFFFFFFFFFFF25
:20BB4000FFFFFFFFFFFFFFFFFFFFFFFFFFFFFFFFFFFFFFFFFFFFFFFFFFFFFFFFFFFFFFFF05
:20BB6000FFFFFFFFFFFFFFFFFFFFFFFFFFFFFFFFFFFFFFFFFFFFFFFFFFFFFFFFFFFFFFFFE5
:20BB8000FFFFFFFFFFFFFFFFFFFFFFFFFFFFFFFFFFFFFFFFFFFFFFFFFFFFFFFFFFFFFFFFC5
:20BBA000FFFFFFFFFFFFFFFFFFFFFFFFFFFFFFFFFFFFFFFFFFFFFFFFFFFFFFFFFFFFFFFFA5
:20BBC000FFFFFFFFFFFFFFFFFFFFFFFFFFFFFFFFFFFFFFFFFFFFFFFFFFFFFFFFFFFFFFFF85
:20BBE000FFFFFFFFFFFFFFFFFFFFFFFFFFFFFFFFFFFFFFFFFFFFFFFFFFFFFFFFFFFFFFFF65
:20BC0000FFFFFFFFFFFFFFFFFFFFFFFFFFFFFFFFFFFFFFFFFFFFFFFFFFFFFFFFFFFFFFFF44
:20BC2000FFFFFFFFFFFFFFFFFFFFFFFFFFFFFFFFFFFFFFFFFFFFFFFFFFFFFFFFFFFFFFFF24
:20BC4000FFFFFFFFFFFFFFFFFFFFFFFFFFFFFFFFFFFFFFFFFFFFFFFFFFFFFFFFFFFFFFFF04
:20BC6000FFFFFFFFFFFFFFFFFFFFFFFFFFFFFFFFFFFFFFFFFFFFFFFFFFFFFFFFFFFFFFFFE4
:20BC8000FFFFFFFFFFFFFFFFFFFFFFFFFFFFFFFFFFFFFFFFFFFFFFFFFFFFFFFFFFFFFFFFC4
:20BCA000FFFFFFFFFFFFFFFFFFFFFFFFFFFFFFFFFFFFFFFFFFFFFFFFFFFFFFFFFFFFFFFFA4
:20BCC000FFFFFFFFFFFFFFFFFFFFFFFFFFFFFFFFFFFFFFFFFFFFFFFFFFFFFFFFFFFFFFFF84
:20BCE000FFFFFFFFFFFFFFFFFFFFFFFFFFFFFFFFFFFFFFFFFFFFFFFFFFFFFFFFFFFFFFFF64
:20BD0000FFFFFFFFFFFFFFFFFFFFFFFFFFFFFFFFFFFFFFFFFFFFFFFFFFFFFFFFFFFFFFFF43
:20BD2000FFFFFFFFFFFFFFFFFFFFFFFFFFFFFFFFFFFFFFFFFFFFFFFFFFFFFFFFFFFFFFFF23
:20BD4000FFFFFFFFFFFFFFFFFFFFFFFFFFFFFFFFFFFFFFFFFFFFFFFFFFFFFFFFFFFFFFFF03
:20BD6000FFFFFFFFFFFFFFFFFFFFFFFFFFFFFFFFFFFFFFFFFFFFFFFFFFFFFFFFFFFFFFFFE3
:20BD8000FFFFFFFFFFFFFFFFFFFFFFFFFFFFFFFFFFFFFFFFFFFFFFFFFFFFFFFFFFFFFFFFC3
:20BDA000FFFFFFFFFFFFFFFFFFFFFFFFFFFFFFFFFFFFFFFFFFFFFFFFFFFFFFFFFFFFFFFFA3
:20BDC000FFFFFFFFFFFFFFFFFFFFFFFFFFFFFFFFFFFFFFFFFFFFFFFFFFFFFFFFFFFFFFFF83
:20BDE000FFFFFFFFFFFFFFFFFFFFFFFFFFFFFFFFFFFFFFFFFFFFFFFFFFFFFFFFFFFFFFFF63
:20BE0000FFFFFFFFFFFFFFFFFFFFFFFFFFFFFFFFFFFFFFFFFFFFFFFFFFFFFFFFFFFFFFFF42
:20BE2000FFFFFFFFFFFFFFFFFFFFFFFFFFFFFFFFFFFFFFFFFFFFFFFFFFFFFFFFFFFFFFFF22
:20BE4000FFFFFFFFFFFFFFFFFFFFFFFFFFFFFFFFFFFFFFFFFFFFFFFFFFFFFFFFFFFFFFFF02
:20BE6000FFFFFFFFFFFFFFFFFFFFFFFFFFFFFFFFFFFFFFFFFFFFFFFFFFFFFFFFFFFFFFFFE2
:20BE8000FFFFFFFFFFFFFFFFFFFFFFFFFFFFFFFFFFFFFFFFFFFFFFFFFFFFFFFFFFFFFFFFC2
:20BEA000FFFFFFFFFFFFFFFFFFFFFFFFFFFFFFFFFFFFFFFFFFFFFFFFFFFFFFFFFFFFFFFFA2
:20BEC000FFFFFFFFFFFFFFFFFFFFFFFFFFFFFFFFFFFFFFFFFFFFFFFFFFFFFFFFFFFFFFFF82
:20BEE000FFFFFFFFFFFFFFFFFFFFFFFFFFFFFFFFFFFFFFFFFFFFFFFFFFFFFFFFFFFFFFFF62
:20BF0000FFFFFFFFFFFFFFFFFFFFFFFFFFFFFFFFFFFFFFFFFFFFFFFFFFFFFFFFFFFFFFFF41
:20BF2000FFFFFFFFFFFFFFFFFFFFFFFFFFFFFFFFFFFFFFFFFFFFFFFFFFFFFFFFFFFFFFFF21
:20BF4000FFFFFFFFFFFFFFFFFFFFFFFFFFFFFFFFFFFFFFFFFFFFFFFFFFFFFFFFFFFFFFFF01
:20BF6000FFFFFFFFFFFFFFFFFFFFFFFFFFFFFFFFFFFFFFFFFFFFFFFFFFFFFFFFFFFFFFFFE1
:20BF8000FFFFFFFFFFFFFFFFFFFFFFFFFFFFFFFFFFFFFFFFFFFFFFFFFFFFFFFFFFFFFFFFC1
:20BFA000FFFFFFFFFFFFFFFFFFFFFFFFFFFFFFFFFFFFFFFFFFFFFFFFFFFFFFFFFFFFFFFFA1
:20BFC000FFFFFFFFFFFFFFFFFFFFFFFFFFFFFFFFFFFFFFFFFFFFFFFFFFFFFFFFFFFFFFFF81
:20BFE000FFFFFFFFFFFFFFFFFFFFFFFFFFFFFFFFFFFFFFFFFFFFFFFFFFFFFFFFFFFFFFFF61
:20C00000FFFFFFFFFFFFFFFFFFFFFFFFFFFFFFFFFFFFFFFFFFFFFFFFFFFFFFFFFFFFFFFF40
:20C02000FFFFFFFFFFFFFFFFFFFFFFFFFFFFFFFFFFFFFFFFFFFFFFFFFFFFFFFFFFFFFFFF20
:20C04000FFFFFFFFFFFFFFFFFFFFFFFFFFFFFFFFFFFFFFFFFFFFFFFFFFFFFFFFFFFFFFFF00
:20C06000FFFFFFFFFFFFFFFFFFFFFFFFFFFFFFFFFFFFFFFFFFFFFFFFFFFFFFFFFFFFFFFFE0
:20C08000FFFFFFFFFFFFFFFFFFFFFFFFFFFFFFFFFFFFFFFFFFFFFFFFFFFFFFFFFFFFFFFFC0
:20C0A000FFFFFFFFFFFFFFFFFFFFFFFFFFFFFFFFFFFFFFFFFFFFFFFFFFFFFFFFFFFFFFFFA0
:20C0C000FFFFFFFFFFFFFFFFFFFFFFFFFFFFFFFFFFFFFFFFFFFFFFFFFFFFFFFFFFFFFFFF80
:20C0E000FFFFFFFFFFFFFFFFFFFFFFFFFFFFFFFFFFFFFFFFFFFFFFFFFFFFFFFFFFFFFFFF60
:20C10000FFFFFFFFFFFFFFFFFFFFFFFFFFFFFFFFFFFFFFFFFFFFFFFFFFFFFFFFFFFFFFFF3F
:20C12000FFFFFFFFFFFFFFFFFFFFFFFFFFFFFFFFFFFFFFFFFFFFFFFFFFFFFFFFFFFFFFFF1F
:20C14000FFFFFFFFFFFFFFFFFFFFFFFFFFFFFFFFFFFFFFFFFFFFFFFFFFFFFFFFFFFFFFFFFF
:20C16000FFFFFFFFFFFFFFFFFFFFFFFFFFFFFFFFFFFFFFFFFFFFFFFFFFFFFFFFFFFFFFFFDF
:20C18000FFFFFFFFFFFFFFFFFFFFFFFFFFFFFFFFFFFFFFFFFFFFFFFFFFFFFFFFFFFFFFFFBF
:20C1A000FFFFFFFFFFFFFFFFFFFFFFFFFFFFFFFFFFFFFFFFFFFFFFFFFFFFFFFFFFFFFFFF9F
:20C1C000FFFFFFFFFFFFFFFFFFFFFFFFFFFFFFFFFFFFFFFFFFFFFFFFFFFFFFFFFFFFFFFF7F
:20C1E000FFFFFFFFFFFFFFFFFFFFFFFFFFFFFFFFFFFFFFFFFFFFFFFFFFFFFFFFFFFFFFFF5F
:20C20000FFFFFFFFFFFFFFFFFFFFFFFFFFFFFFFFFFFFFFFFFFFFFFFFFFFFFFFFFFFFFFFF3E
:20C22000FFFFFFFFFFFFFFFFFFFFFFFFFFFFFFFFFFFFFFFFFFFFFFFFFFFFFFFFFFFFFFFF1E
:20C24000FFFFFFFFFFFFFFFFFFFFFFFFFFFFFFFFFFFFFFFFFFFFFFFFFFFFFFFFFFFFFFFFFE
:20C26000FFFFFFFFFFFFFFFFFFFFFFFFFFFFFFFFFFFFFFFFFFFFFFFFFFFFFFFFFFFFFFFFDE
:20C28000FFFFFFFFFFFFFFFFFFFFFFFFFFFFFFFFFFFFFFFFFFFFFFFFFFFFFFFFFFFFFFFFBE
:20C2A000FFFFFFFFFFFFFFFFFFFFFFFFFFFFFFFFFFFFFFFFFFFFFFFFFFFFFFFFFFFFFFFF9E
:20C2C000FFFFFFFFFFFFFFFFFFFFFFFFFFFFFFFFFFFFFFFFFFFFFFFFFFFFFFFFFFFFFFFF7E
:20C2E000FFFFFFFFFFFFFFFFFFFFFFFFFFFFFFFFFFFFFFFFFFFFFFFFFFFFFFFFFFFFFFFF5E
:20C30000FFFFFFFFFFFFFFFFFFFFFFFFFFFFFFFFFFFFFFFFFFFFFFFFFFFFFFFFFFFFFFFF3D
:20C32000FFFFFFFFFFFFFFFFFFFFFFFFFFFFFFFFFFFFFFFFFFFFFFFFFFFFFFFFFFFFFFFF1D
:20C34000FFFFFFFFFFFFFFFFFFFFFFFFFFFFFFFFFFFFFFFFFFFFFFFFFFFFFFFFFFFFFFFFFD
:20C36000FFFFFFFFFFFFFFFFFFFFFFFFFFFFFFFFFFFFFFFFFFFFFFFFFFFFFFFFFFFFFFFFDD
:20C38000FFFFFFFFFFFFFFFFFFFFFFFFFFFFFFFFFFFFFFFFFFFFFFFFFFFFFFFFFFFFFFFFBD
:20C3A000FFFFFFFFFFFFFFFFFFFFFFFFFFFFFFFFFFFFFFFFFFFFFFFFFFFFFFFFFFFFFFFF9D
:20C3C000FFFFFFFFFFFFFFFFFFFFFFFFFFFFFFFFFFFFFFFFFFFFFFFFFFFFFFFFFFFFFFFF7D
:20C3E000FFFFFFFFFFFFFFFFFFFFFFFFFFFFFFFFFFFFFFFFFFFFFFFFFFFFFFFFFFFFFFFF5D
:20C40000FFFFFFFFFFFFFFFFFFFFFFFFFFFFFFFFFFFFFFFFFFFFFFFFFFFFFFFFFFFFFFFF3C
:20C42000FFFFFFFFFFFFFFFFFFFFFFFFFFFFFFFFFFFFFFFFFFFFFFFFFFFFFFFFFFFFFFFF1C
:20C44000FFFFFFFFFFFFFFFFFFFFFFFFFFFFFFFFFFFFFFFFFFFFFFFFFFFFFFFFFFFFFFFFFC
:20C46000FFFFFFFFFFFFFFFFFFFFFFFFFFFFFFFFFFFFFFFFFFFFFFFFFFFFFFFFFFFFFFFFDC
:20C48000FFFFFFFFFFFFFFFFFFFFFFFFFFFFFFFFFFFFFFFFFFFFFFFFFFFFFFFFFFFFFFFFBC
:20C4A000FFFFFFFFFFFFFFFFFFFFFFFFFFFFFFFFFFFFFFFFFFFFFFFFFFFFFFFFFFFFFFFF9C
:20C4C000FFFFFFFFFFFFFFFFFFFFFFFFFFFFFFFFFFFFFFFFFFFFFFFFFFFFFFFFFFFFFFFF7C
:20C4E000FFFFFFFFFFFFFFFFFFFFFFFFFFFFFFFFFFFFFFFFFFFFFFFFFFFFFFFFFFFFFFFF5C
:20C50000FFFFFFFFFFFFFFFFFFFFFFFFFFFFFFFFFFFFFFFFFFFFFFFFFFFFFFFFFFFFFFFF3B
:20C52000FFFFFFFFFFFFFFFFFFFFFFFFFFFFFFFFFFFFFFFFFFFFFFFFFFFFFFFFFFFFFFFF1B
:20C54000FFFFFFFFFFFFFFFFFFFFFFFFFFFFFFFFFFFFFFFFFFFFFFFFFFFFFFFFFFFFFFFFFB
:20C56000FFFFFFFFFFFFFFFFFFFFFFFFFFFFFFFFFFFFFFFFFFFFFFFFFFFFFFFFFFFFFFFFDB
:20C58000FFFFFFFFFFFFFFFFFFFFFFFFFFFFFFFFFFFFFFFFFFFFFFFFFFFFFFFFFFFFFFFFBB
:20C5A000FFFFFFFFFFFFFFFFFFFFFFFFFFFFFFFFFFFFFFFFFFFFFFFFFFFFFFFFFFFFFFFF9B
:20C5C000FFFFFFFFFFFFFFFFFFFFFFFFFFFFFFFFFFFFFFFFFFFFFFFFFFFFFFFFFFFFFFFF7B
:20C5E000FFFFFFFFFFFFFFFFFFFFFFFFFFFFFFFFFFFFFFFFFFFFFFFFFFFFFFFFFFFFFFFF5B
:20C60000FFFFFFFFFFFFFFFFFFFFFFFFFFFFFFFFFFFFFFFFFFFFFFFFFFFFFFFFFFFFFFFF3A
:20C62000FFFFFFFFFFFFFFFFFFFFFFFFFFFFFFFFFFFFFFFFFFFFFFFFFFFFFFFFFFFFFFFF1A
:20C64000FFFFFFFFFFFFFFFFFFFFFFFFFFFFFFFFFFFFFFFFFFFFFFFFFFFFFFFFFFFFFFFFFA
:20C66000FFFFFFFFFFFFFFFFFFFFFFFFFFFFFFFFFFFFFFFFFFFFFFFFFFFFFFFFFFFFFFFFDA
:20C68000FFFFFFFFFFFFFFFFFFFFFFFFFFFFFFFFFFFFFFFFFFFFFFFFFFFFFFFFFFFFFFFFBA
:20C6A000FFFFFFFFFFFFFFFFFFFFFFFFFFFFFFFFFFFFFFFFFFFFFFFFFFFFFFFFFFFFFFFF9A
:20C6C000FFFFFFFFFFFFFFFFFFFFFFFFFFFFFFFFFFFFFFFFFFFFFFFFFFFFFFFFFFFFFFFF7A
:20C6E000FFFFFFFFFFFFFFFFFFFFFFFFFFFFFFFFFFFFFFFFFFFFFFFFFFFFFFFFFFFFFFFF5A
:20C70000FFFFFFFFFFFFFFFFFFFFFFFFFFFFFFFFFFFFFFFFFFFFFFFFFFFFFFFFFFFFFFFF39
:20C72000FFFFFFFFFFFFFFFFFFFFFFFFFFFFFFFFFFFFFFFFFFFFFFFFFFFFFFFFFFFFFFFF19
:20C74000FFFFFFFFFFFFFFFFFFFFFFFFFFFFFFFFFFFFFFFFFFFFFFFFFFFFFFFFFFFFFFFFF9
:20C76000FFFFFFFFFFFFFFFFFFFFFFFFFFFFFFFFFFFFFFFFFFFFFFFFFFFFFFFFFFFFFFFFD9
:20C78000FFFFFFFFFFFFFFFFFFFFFFFFFFFFFFFFFFFFFFFFFFFFFFFFFFFFFFFFFFFFFFFFB9
:20C7A000FFFFFFFFFFFFFFFFFFFFFFFFFFFFFFFFFFFFFFFFFFFFFFFFFFFFFFFFFFFFFFFF99
:20C7C000FFFFFFFFFFFFFFFFFFFFFFFFFFFFFFFFFFFFFFFFFFFFFFFFFFFFFFFFFFFFFFFF79
:20C7E000FFFFFFFFFFFFFFFFFFFFFFFFFFFFFFFFFFFFFFFFFFFFFFFFFFFFFFFFFFFFFFFF59
:20C80000FFFFFFFFFFFFFFFFFFFFFFFFFFFFFFFFFFFFFFFFFFFFFFFFFFFFFFFFFFFFFFFF38
:20C82000FFFFFFFFFFFFFFFFFFFFFFFFFFFFFFFFFFFFFFFFFFFFFFFFFFFFFFFFFFFFFFFF18
:20C84000FFFFFFFFFFFFFFFFFFFFFFFFFFFFFFFFFFFFFFFFFFFFFFFFFFFFFFFFFFFFFFFFF8
:20C86000FFFFFFFFFFFFFFFFFFFFFFFFFFFFFFFFFFFFFFFFFFFFFFFFFFFFFFFFFFFFFFFFD8
:20C88000FFFFFFFFFFFFFFFFFFFFFFFFFFFFFFFFFFFFFFFFFFFFFFFFFFFFFFFFFFFFFFFFB8
:20C8A000FFFFFFFFFFFFFFFFFFFFFFFFFFFFFFFFFFFFFFFFFFFFFFFFFFFFFFFFFFFFFFFF98
:20C8C000FFFFFFFFFFFFFFFFFFFFFFFFFFFFFFFFFFFFFFFFFFFFFFFFFFFFFFFFFFFFFFFF78
:20C8E000FFFFFFFFFFFFFFFFFFFFFFFFFFFFFFFFFFFFFFFFFFFFFFFFFFFFFFFFFFFFFFFF58
:20C90000FFFFFFFFFFFFFFFFFFFFFFFFFFFFFFFFFFFFFFFFFFFFFFFFFFFFFFFFFFFFFFFF37
:20C92000FFFFFFFFFFFFFFFFFFFFFFFFFFFFFFFFFFFFFFFFFFFFFFFFFFFFFFFFFFFFFFFF17
:20C94000FFFFFFFFFFFFFFFFFFFFFFFFFFFFFFFFFFFFFFFFFFFFFFFFFFFFFFFFFFFFFFFFF7
:20C96000FFFFFFFFFFFFFFFFFFFFFFFFFFFFFFFFFFFFFFFFFFFFFFFFFFFFFFFFFFFFFFFFD7
:20C98000FFFFFFFFFFFFFFFFFFFFFFFFFFFFFFFFFFFFFFFFFFFFFFFFFFFFFFFFFFFFFFFFB7
:20C9A000FFFFFFFFFFFFFFFFFFFFFFFFFFFFFFFFFFFFFFFFFFFFFFFFFFFFFFFFFFFFFFFF97
:20C9C000FFFFFFFFFFFFFFFFFFFFFFFFFFFFFFFFFFFFFFFFFFFFFFFFFFFFFFFFFFFFFFFF77
:20C9E000FFFFFFFFFFFFFFFFFFFFFFFFFFFFFFFFFFFFFFFFFFFFFFFFFFFFFFFFFFFFFFFF57
:20CA0000FFFFFFFFFFFFFFFFFFFFFFFFFFFFFFFFFFFFFFFFFFFFFFFFFFFFFFFFFFFFFFFF36
:20CA2000FFFFFFFFFFFFFFFFFFFFFFFFFFFFFFFFFFFFFFFFFFFFFFFFFFFFFFFFFFFFFFFF16
:20CA4000FFFFFFFFFFFFFFFFFFFFFFFFFFFFFFFFFFFFFFFFFFFFFFFFFFFFFFFFFFFFFFFFF6
:20CA6000FFFFFFFFFFFFFFFFFFFFFFFFFFFFFFFFFFFFFFFFFFFFFFFFFFFFFFFFFFFFFFFFD6
:20CA8000FFFFFFFFFFFFFFFFFFFFFFFFFFFFFFFFFFFFFFFFFFFFFFFFFFFFFFFFFFFFFFFFB6
:20CAA000FFFFFFFFFFFFFFFFFFFFFFFFFFFFFFFFFFFFFFFFFFFFFFFFFFFFFFFFFFFFFFFF96
:20CAC000FFFFFFFFFFFFFFFFFFFFFFFFFFFFFFFFFFFFFFFFFFFFFFFFFFFFFFFFFFFFFFFF76
:20CAE000FFFFFFFFFFFFFFFFFFFFFFFFFFFFFFFFFFFFFFFFFFFFFFFFFFFFFFFFFFFFFFFF56
:20CB0000FFFFFFFFFFFFFFFFFFFFFFFFFFFFFFFFFFFFFFFFFFFFFFFFFFFFFFFFFFFFFFFF35
:20CB2000FFFFFFFFFFFFFFFFFFFFFFFFFFFFFFFFFFFFFFFFFFFFFFFFFFFFFFFFFFFFFFFF15
:20CB4000FFFFFFFFFFFFFFFFFFFFFFFFFFFFFFFFFFFFFFFFFFFFFFFFFFFFFFFFFFFFFFFFF5
:20CB6000FFFFFFFFFFFFFFFFFFFFFFFFFFFFFFFFFFFFFFFFFFFFFFFFFFFFFFFFFFFFFFFFD5
:20CB8000FFFFFFFFFFFFFFFFFFFFFFFFFFFFFFFFFFFFFFFFFFFFFFFFFFFFFFFFFFFFFFFFB5
:20CBA000FFFFFFFFFFFFFFFFFFFFFFFFFFFFFFFFFFFFFFFFFFFFFFFFFFFFFFFFFFFFFFFF95
:20CBC000FFFFFFFFFFFFFFFFFFFFFFFFFFFFFFFFFFFFFFFFFFFFFFFFFFFFFFFFFFFFFFFF75
:20CBE000FFFFFFFFFFFFFFFFFFFFFFFFFFFFFFFFFFFFFFFFFFFFFFFFFFFFFFFFFFFFFFFF55
:20CC0000FFFFFFFFFFFFFFFFFFFFFFFFFFFFFFFFFFFFFFFFFFFFFFFFFFFFFFFFFFFFFFFF34
:20CC2000FFFFFFFFFFFFFFFFFFFFFFFFFFFFFFFFFFFFFFFFFFFFFFFFFFFFFFFFFFFFFFFF14
:20CC4000FFFFFFFFFFFFFFFFFFFFFFFFFFFFFFFFFFFFFFFFFFFFFFFFFFFFFFFFFFFFFFFFF4
:20CC6000FFFFFFFFFFFFFFFFFFFFFFFFFFFFFFFFFFFFFFFFFFFFFFFFFFFFFFFFFFFFFFFFD4
:20CC8000FFFFFFFFFFFFFFFFFFFFFFFFFFFFFFFFFFFFFFFFFFFFFFFFFFFFFFFFFFFFFFFFB4
:20CCA000FFFFFFFFFFFFFFFFFFFFFFFFFFFFFFFFFFFFFFFFFFFFFFFFFFFFFFFFFFFFFFFF94
:20CCC000FFFFFFFFFFFFFFFFFFFFFFFFFFFFFFFFFFFFFFFFFFFFFFFFFFFFFFFFFFFFFFFF74
:20CCE000FFFFFFFFFFFFFFFFFFFFFFFFFFFFFFFFFFFFFFFFFFFFFFFFFFFFFFFFFFFFFFFF54
:20CD0000FFFFFFFFFFFFFFFFFFFFFFFFFFFFFFFFFFFFFFFFFFFFFFFFFFFFFFFFFFFFFFFF33
:20CD2000FFFFFFFFFFFFFFFFFFFFFFFFFFFFFFFFFFFFFFFFFFFFFFFFFFFFFFFFFFFFFFFF13
:20CD4000FFFFFFFFFFFFFFFFFFFFFFFFFFFFFFFFFFFFFFFFFFFFFFFFFFFFFFFFFFFFFFFFF3
:20CD6000FFFFFFFFFFFFFFFFFFFFFFFFFFFFFFFFFFFFFFFFFFFFFFFFFFFFFFFFFFFFFFFFD3
:20CD8000FFFFFFFFFFFFFFFFFFFFFFFFFFFFFFFFFFFFFFFFFFFFFFFFFFFFFFFFFFFFFFFFB3
:20CDA000FFFFFFFFFFFFFFFFFFFFFFFFFFFFFFFFFFFFFFFFFFFFFFFFFFFFFFFFFFFFFFFF93
:20CDC000FFFFFFFFFFFFFFFFFFFFFFFFFFFFFFFFFFFFFFFFFFFFFFFFFFFFFFFFFFFFFFFF73
:20CDE000FFFFFFFFFFFFFFFFFFFFFFFFFFFFFFFFFFFFFFFFFFFFFFFFFFFFFFFFFFFFFFFF53
:20CE0000FFFFFFFFFFFFFFFFFFFFFFFFFFFFFFFFFFFFFFFFFFFFFFFFFFFFFFFFFFFFFFFF32
:20CE2000FFFFFFFFFFFFFFFFFFFFFFFFFFFFFFFFFFFFFFFFFFFFFFFFFFFFFFFFFFFFFFFF12
:20CE4000FFFFFFFFFFFFFFFFFFFFFFFFFFFFFFFFFFFFFFFFFFFFFFFFFFFFFFFFFFFFFFFFF2
:20CE6000FFFFFFFFFFFFFFFFFFFFFFFFFFFFFFFFFFFFFFFFFFFFFFFFFFFFFFFFFFFFFFFFD2
:20CE8000FFFFFFFFFFFFFFFFFFFFFFFFFFFFFFFFFFFFFFFFFFFFFFFFFFFFFFFFFFFFFFFFB2
:20CEA000FFFFFFFFFFFFFFFFFFFFFFFFFFFFFFFFFFFFFFFFFFFFFFFFFFFFFFFFFFFFFFFF92
:20CEC000FFFFFFFFFFFFFFFFFFFFFFFFFFFFFFFFFFFFFFFFFFFFFFFFFFFFFFFFFFFFFFFF72
:20CEE000FFFFFFFFFFFFFFFFFFFFFFFFFFFFFFFFFFFFFFFFFFFFFFFFFFFFFFFFFFFFFFFF52
:20CF0000FFFFFFFFFFFFFFFFFFFFFFFFFFFFFFFFFFFFFFFFFFFFFFFFFFFFFFFFFFFFFFFF31
:20CF2000FFFFFFFFFFFFFFFFFFFFFFFFFFFFFFFFFFFFFFFFFFFFFFFFFFFFFFFFFFFFFFFF11
:20CF4000FFFFFFFFFFFFFFFFFFFFFFFFFFFFFFFFFFFFFFFFFFFFFFFFFFFFFFFFFFFFFFFFF1
:20CF6000FFFFFFFFFFFFFFFFFFFFFFFFFFFFFFFFFFFFFFFFFFFFFFFFFFFFFFFFFFFFFFFFD1
:20CF8000FFFFFFFFFFFFFFFFFFFFFFFFFFFFFFFFFFFFFFFFFFFFFFFFFFFFFFFFFFFFFFFFB1
:20CFA000FFFFFFFFFFFFFFFFFFFFFFFFFFFFFFFFFFFFFFFFFFFFFFFFFFFFFFFFFFFFFFFF91
:20CFC000FFFFFFFFFFFFFFFFFFFFFFFFFFFFFFFFFFFFFFFFFFFFFFFFFFFFFFFFFFFFFFFF71
:20CFE000FFFFFFFFFFFFFFFFFFFFFFFFFFFFFFFFFFFFFFFFFFFFFFFFFFFFFFFFFFFFFFFF51
:20D00000FFFFFFFFFFFFFFFFFFFFFFFFFFFFFFFFFFFFFFFFFFFFFFFFFFFFFFFFFFFFFFFF30
:20D02000FFFFFFFFFFFFFFFFFFFFFFFFFFFFFFFFFFFFFFFFFFFFFFFFFFFFFFFFFFFFFFFF10
:20D04000FFFFFFFFFFFFFFFFFFFFFFFFFFFFFFFFFFFFFFFFFFFFFFFFFFFFFFFFFFFFFFFFF0
:20D06000FFFFFFFFFFFFFFFFFFFFFFFFFFFFFFFFFFFFFFFFFFFFFFFFFFFFFFFFFFFFFFFFD0
:20D08000FFFFFFFFFFFFFFFFFFFFFFFFFFFFFFFFFFFFFFFFFFFFFFFFFFFFFFFFFFFFFFFFB0
:20D0A000FFFFFFFFFFFFFFFFFFFFFFFFFFFFFFFFFFFFFFFFFFFFFFFFFFFFFFFFFFFFFFFF90
:20D0C000FFFFFFFFFFFFFFFFFFFFFFFFFFFFFFFFFFFFFFFFFFFFFFFFFFFFFFFFFFFFFFFF70
:20D0E000FFFFFFFFFFFFFFFFFFFFFFFFFFFFFFFFFFFFFFFFFFFFFFFFFFFFFFFFFFFFFFFF50
:20D10000FFFFFFFFFFFFFFFFFFFFFFFFFFFFFFFFFFFFFFFFFFFFFFFFFFFFFFFFFFFFFFFF2F
:20D12000FFFFFFFFFFFFFFFFFFFFFFFFFFFFFFFFFFFFFFFFFFFFFFFFFFFFFFFFFFFFFFFF0F
:20D14000FFFFFFFFFFFFFFFFFFFFFFFFFFFFFFFFFFFFFFFFFFFFFFFFFFFFFFFFFFFFFFFFEF
:20D16000FFFFFFFFFFFFFFFFFFFFFFFFFFFFFFFFFFFFFFFFFFFFFFFFFFFFFFFFFFFFFFFFCF
:20D18000FFFFFFFFFFFFFFFFFFFFFFFFFFFFFFFFFFFFFFFFFFFFFFFFFFFFFFFFFFFFFFFFAF
:20D1A000FFFFFFFFFFFFFFFFFFFFFFFFFFFFFFFFFFFFFFFFFFFFFFFFFFFFFFFFFFFFFFFF8F
:20D1C000FFFFFFFFFFFFFFFFFFFFFFFFFFFFFFFFFFFFFFFFFFFFFFFFFFFFFFFFFFFFFFFF6F
:20D1E000FFFFFFFFFFFFFFFFFFFFFFFFFFFFFFFFFFFFFFFFFFFFFFFFFFFFFFFFFFFFFFFF4F
:20D20000FFFFFFFFFFFFFFFFFFFFFFFFFFFFFFFFFFFFFFFFFFFFFFFFFFFFFFFFFFFFFFFF2E
:20D22000FFFFFFFFFFFFFFFFFFFFFFFFFFFFFFFFFFFFFFFFFFFFFFFFFFFFFFFFFFFFFFFF0E
:20D24000FFFFFFFFFFFFFFFFFFFFFFFFFFFFFFFFFFFFFFFFFFFFFFFFFFFFFFFFFFFFFFFFEE
:20D26000FFFFFFFFFFFFFFFFFFFFFFFFFFFFFFFFFFFFFFFFFFFFFFFFFFFFFFFFFFFFFFFFCE
:20D28000FFFFFFFFFFFFFFFFFFFFFFFFFFFFFFFFFFFFFFFFFFFFFFFFFFFFFFFFFFFFFFFFAE
:20D2A000FFFFFFFFFFFFFFFFFFFFFFFFFFFFFFFFFFFFFFFFFFFFFFFFFFFFFFFFFFFFFFFF8E
:20D2C000FFFFFFFFFFFFFFFFFFFFFFFFFFFFFFFFFFFFFFFFFFFFFFFFFFFFFFFFFFFFFFFF6E
:20D2E000FFFFFFFFFFFFFFFFFFFFFFFFFFFFFFFFFFFFFFFFFFFFFFFFFFFFFFFFFFFFFFFF4E
:20D30000FFFFFFFFFFFFFFFFFFFFFFFFFFFFFFFFFFFFFFFFFFFFFFFFFFFFFFFFFFFFFFFF2D
:20D32000FFFFFFFFFFFFFFFFFFFFFFFFFFFFFFFFFFFFFFFFFFFFFFFFFFFFFFFFFFFFFFFF0D
:20D34000FFFFFFFFFFFFFFFFFFFFFFFFFFFFFFFFFFFFFFFFFFFFFFFFFFFFFFFFFFFFFFFFED
:20D36000FFFFFFFFFFFFFFFFFFFFFFFFFFFFFFFFFFFFFFFFFFFFFFFFFFFFFFFFFFFFFFFFCD
:20D38000FFFFFFFFFFFFFFFFFFFFFFFFFFFFFFFFFFFFFFFFFFFFFFFFFFFFFFFFFFFFFFFFAD
:20D3A000FFFFFFFFFFFFFFFFFFFFFFFFFFFFFFFFFFFFFFFFFFFFFFFFFFFFFFFFFFFFFFFF8D
:20D3C000FFFFFFFFFFFFFFFFFFFFFFFFFFFFFFFFFFFFFFFFFFFFFFFFFFFFFFFFFFFFFFFF6D
:20D3E000FFFFFFFFFFFFFFFFFFFFFFFFFFFFFFFFFFFFFFFFFFFFFFFFFFFFFFFFFFFFFFFF4D
:20D40000FFFFFFFFFFFFFFFFFFFFFFFFFFFFFFFFFFFFFFFFFFFFFFFFFFFFFFFFFFFFFFFF2C
:20D42000FFFFFFFFFFFFFFFFFFFFFFFFFFFFFFFFFFFFFFFFFFFFFFFFFFFFFFFFFFFFFFFF0C
:20D44000FFFFFFFFFFFFFFFFFFFFFFFFFFFFFFFFFFFFFFFFFFFFFFFFFFFFFFFFFFFFFFFFEC
:20D46000FFFFFFFFFFFFFFFFFFFFFFFFFFFFFFFFFFFFFFFFFFFFFFFFFFFFFFFFFFFFFFFFCC
:20D48000FFFFFFFFFFFFFFFFFFFFFFFFFFFFFFFFFFFFFFFFFFFFFFFFFFFFFFFFFFFFFFFFAC
:20D4A000FFFFFFFFFFFFFFFFFFFFFFFFFFFFFFFFFFFFFFFFFFFFFFFFFFFFFFFFFFFFFFFF8C
:20D4C000FFFFFFFFFFFFFFFFFFFFFFFFFFFFFFFFFFFFFFFFFFFFFFFFFFFFFFFFFFFFFFFF6C
:20D4E000FFFFFFFFFFFFFFFFFFFFFFFFFFFFFFFFFFFFFFFFFFFFFFFFFFFFFFFFFFFFFFFF4C
:20D50000FFFFFFFFFFFFFFFFFFFFFFFFFFFFFFFFFFFFFFFFFFFFFFFFFFFFFFFFFFFFFFFF2B
:20D52000FFFFFFFFFFFFFFFFFFFFFFFFFFFFFFFFFFFFFFFFFFFFFFFFFFFFFFFFFFFFFFFF0B
:20D54000FFFFFFFFFFFFFFFFFFFFFFFFFFFFFFFFFFFFFFFFFFFFFFFFFFFFFFFFFFFFFFFFEB
:20D56000FFFFFFFFFFFFFFFFFFFFFFFFFFFFFFFFFFFFFFFFFFFFFFFFFFFFFFFFFFFFFFFFCB
:20D58000FFFFFFFFFFFFFFFFFFFFFFFFFFFFFFFFFFFFFFFFFFFFFFFFFFFFFFFFFFFFFFFFAB
:20D5A000FFFFFFFFFFFFFFFFFFFFFFFFFFFFFFFFFFFFFFFFFFFFFFFFFFFFFFFFFFFFFFFF8B
:20D5C000FFFFFFFFFFFFFFFFFFFFFFFFFFFFFFFFFFFFFFFFFFFFFFFFFFFFFFFFFFFFFFFF6B
:20D5E000FFFFFFFFFFFFFFFFFFFFFFFFFFFFFFFFFFFFFFFFFFFFFFFFFFFFFFFFFFFFFFFF4B
:20D60000FFFFFFFFFFFFFFFFFFFFFFFFFFFFFFFFFFFFFFFFFFFFFFFFFFFFFFFFFFFFFFFF2A
:20D62000FFFFFFFFFFFFFFFFFFFFFFFFFFFFFFFFFFFFFFFFFFFFFFFFFFFFFFFFFFFFFFFF0A
:20D64000FFFFFFFFFFFFFFFFFFFFFFFFFFFFFFFFFFFFFFFFFFFFFFFFFFFFFFFFFFFFFFFFEA
:20D66000FFFFFFFFFFFFFFFFFFFFFFFFFFFFFFFFFFFFFFFFFFFFFFFFFFFFFFFFFFFFFFFFCA
:20D68000FFFFFFFFFFFFFFFFFFFFFFFFFFFFFFFFFFFFFFFFFFFFFFFFFFFFFFFFFFFFFFFFAA
:20D6A000FFFFFFFFFFFFFFFFFFFFFFFFFFFFFFFFFFFFFFFFFFFFFFFFFFFFFFFFFFFFFFFF8A
:20D6C000FFFFFFFFFFFFFFFFFFFFFFFFFFFFFFFFFFFFFFFFFFFFFFFFFFFFFFFFFFFFFFFF6A
:20D6E000FFFFFFFFFFFFFFFFFFFFFFFFFFFFFFFFFFFFFFFFFFFFFFFFFFFFFFFFFFFFFFFF4A
:20D70000FFFFFFFFFFFFFFFFFFFFFFFFFFFFFFFFFFFFFFFFFFFFFFFFFFFFFFFFFFFFFFFF29
:20D72000FFFFFFFFFFFFFFFFFFFFFFFFFFFFFFFFFFFFFFFFFFFFFFFFFFFFFFFFFFFFFFFF09
:20D74000FFFFFFFFFFFFFFFFFFFFFFFFFFFFFFFFFFFFFFFFFFFFFFFFFFFFFFFFFFFFFFFFE9
:20D76000FFFFFFFFFFFFFFFFFFFFFFFFFFFFFFFFFFFFFFFFFFFFFFFFFFFFFFFFFFFFFFFFC9
:20D78000FFFFFFFFFFFFFFFFFFFFFFFFFFFFFFFFFFFFFFFFFFFFFFFFFFFFFFFFFFFFFFFFA9
:20D7A000FFFFFFFFFFFFFFFFFFFFFFFFFFFFFFFFFFFFFFFFFFFFFFFFFFFFFFFFFFFFFFFF89
:20D7C000FFFFFFFFFFFFFFFFFFFFFFFFFFFFFFFFFFFFFFFFFFFFFFFFFFFFFFFFFFFFFFFF69
:20D7E000FFFFFFFFFFFFFFFFFFFFFFFFFFFFFFFFFFFFFFFFFFFFFFFFFFFFFFFFFFFFFFFF49
:20D80000FFFFFFFFFFFFFFFFFFFFFFFFFFFFFFFFFFFFFFFFFFFFFFFFFFFFFFFFFFFFFFFF28
:20D82000FFFFFFFFFFFFFFFFFFFFFFFFFFFFFFFFFFFFFFFFFFFFFFFFFFFFFFFFFFFFFFFF08
:20D84000FFFFFFFFFFFFFFFFFFFFFFFFFFFFFFFFFFFFFFFFFFFFFFFFFFFFFFFFFFFFFFFFE8
:20D86000FFFFFFFFFFFFFFFFFFFFFFFFFFFFFFFFFFFFFFFFFFFFFFFFFFFFFFFFFFFFFFFFC8
:20D88000FFFFFFFFFFFFFFFFFFFFFFFFFFFFFFFFFFFFFFFFFFFFFFFFFFFFFFFFFFFFFFFFA8
:20D8A000FFFFFFFFFFFFFFFFFFFFFFFFFFFFFFFFFFFFFFFFFFFFFFFFFFFFFFFFFFFFFFFF88
:20D8C000FFFFFFFFFFFFFFFFFFFFFFFFFFFFFFFFFFFFFFFFFFFFFFFFFFFFFFFFFFFFFFFF68
:20D8E000FFFFFFFFFFFFFFFFFFFFFFFFFFFFFFFFFFFFFFFFFFFFFFFFFFFFFFFFFFFFFFFF48
:20D90000FFFFFFFFFFFFFFFFFFFFFFFFFFFFFFFFFFFFFFFFFFFFFFFFFFFFFFFFFFFFFFFF27
:20D92000FFFFFFFFFFFFFFFFFFFFFFFFFFFFFFFFFFFFFFFFFFFFFFFFFFFFFFFFFFFFFFFF07
:20D94000FFFFFFFFFFFFFFFFFFFFFFFFFFFFFFFFFFFFFFFFFFFFFFFFFFFFFFFFFFFFFFFFE7
:20D96000FFFFFFFFFFFFFFFFFFFFFFFFFFFFFFFFFFFFFFFFFFFFFFFFFFFFFFFFFFFFFFFFC7
:20D98000FFFFFFFFFFFFFFFFFFFFFFFFFFFFFFFFFFFFFFFFFFFFFFFFFFFFFFFFFFFFFFFFA7
:20D9A000FFFFFFFFFFFFFFFFFFFFFFFFFFFFFFFFFFFFFFFFFFFFFFFFFFFFFFFFFFFFFFFF87
:20D9C000FFFFFFFFFFFFFFFFFFFFFFFFFFFFFFFFFFFFFFFFFFFFFFFFFFFFFFFFFFFFFFFF67
:20D9E000FFFFFFFFFFFFFFFFFFFFFFFFFFFFFFFFFFFFFFFFFFFFFFFFFFFFFFFFFFFFFFFF47
:20DA0000FFFFFFFFFFFFFFFFFFFFFFFFFFFFFFFFFFFFFFFFFFFFFFFFFFFFFFFFFFFFFFFF26
:20DA2000FFFFFFFFFFFFFFFFFFFFFFFFFFFFFFFFFFFFFFFFFFFFFFFFFFFFFFFFFFFFFFFF06
:20DA4000FFFFFFFFFFFFFFFFFFFFFFFFFFFFFFFFFFFFFFFFFFFFFFFFFFFFFFFFFFFFFFFFE6
:20DA6000FFFFFFFFFFFFFFFFFFFFFFFFFFFFFFFFFFFFFFFFFFFFFFFFFFFFFFFFFFFFFFFFC6
:20DA8000FFFFFFFFFFFFFFFFFFFFFFFFFFFFFFFFFFFFFFFFFFFFFFFFFFFFFFFFFFFFFFFFA6
:20DAA000FFFFFFFFFFFFFFFFFFFFFFFFFFFFFFFFFFFFFFFFFFFFFFFFFFFFFFFFFFFFFFFF86
:20DAC000FFFFFFFFFFFFFFFFFFFFFFFFFFFFFFFFFFFFFFFFFFFFFFFFFFFFFFFFFFFFFFFF66
:20DAE000FFFFFFFFFFFFFFFFFFFFFFFFFFFFFFFFFFFFFFFFFFFFFFFFFFFFFFFFFFFFFFFF46
:20DB0000FFFFFFFFFFFFFFFFFFFFFFFFFFFFFFFFFFFFFFFFFFFFFFFFFFFFFFFFFFFFFFFF25
:20DB2000FFFFFFFFFFFFFFFFFFFFFFFFFFFFFFFFFFFFFFFFFFFFFFFFFFFFFFFFFFFFFFFF05
:20DB4000FFFFFFFFFFFFFFFFFFFFFFFFFFFFFFFFFFFFFFFFFFFFFFFFFFFFFFFFFFFFFFFFE5
:20DB6000FFFFFFFFFFFFFFFFFFFFFFFFFFFFFFFFFFFFFFFFFFFFFFFFFFFFFFFFFFFFFFFFC5
:20DB8000FFFFFFFFFFFFFFFFFFFFFFFFFFFFFFFFFFFFFFFFFFFFFFFFFFFFFFFFFFFFFFFFA5
:20DBA000FFFFFFFFFFFFFFFFFFFFFFFFFFFFFFFFFFFFFFFFFFFFFFFFFFFFFFFFFFFFFFFF85
:20DBC000FFFFFFFFFFFFFFFFFFFFFFFFFFFFFFFFFFFFFFFFFFFFFFFFFFFFFFFFFFFFFFFF65
:20DBE000FFFFFFFFFFFFFFFFFFFFFFFFFFFFFFFFFFFFFFFFFFFFFFFFFFFFFFFFFFFFFFFF45
:20DC0000FFFFFFFFFFFFFFFFFFFFFFFFFFFFFFFFFFFFFFFFFFFFFFFFFFFFFFFFFFFFFFFF24
:20DC2000FFFFFFFFFFFFFFFFFFFFFFFFFFFFFFFFFFFFFFFFFFFFFFFFFFFFFFFFFFFFFFFF04
:20DC4000FFFFFFFFFFFFFFFFFFFFFFFFFFFFFFFFFFFFFFFFFFFFFFFFFFFFFFFFFFFFFFFFE4
:20DC6000FFFFFFFFFFFFFFFFFFFFFFFFFFFFFFFFFFFFFFFFFFFFFFFFFFFFFFFFFFFFFFFFC4
:20DC8000FFFFFFFFFFFFFFFFFFFFFFFFFFFFFFFFFFFFFFFFFFFFFFFFFFFFFFFFFFFFFFFFA4
:20DCA000FFFFFFFFFFFFFFFFFFFFFFFFFFFFFFFFFFFFFFFFFFFFFFFFFFFFFFFFFFFFFFFF84
:20DCC000FFFFFFFFFFFFFFFFFFFFFFFFFFFFFFFFFFFFFFFFFFFFFFFFFFFFFFFFFFFFFFFF64
:20DCE000FFFFFFFFFFFFFFFFFFFFFFFFFFFFFFFFFFFFFFFFFFFFFFFFFFFFFFFFFFFFFFFF44
:20DD0000FFFFFFFFFFFFFFFFFFFFFFFFFFFFFFFFFFFFFFFFFFFFFFFFFFFFFFFFFFFFFFFF23
:20DD2000FFFFFFFFFFFFFFFFFFFFFFFFFFFFFFFFFFFFFFFFFFFFFFFFFFFFFFFFFFFFFFFF03
:20DD4000FFFFFFFFFFFFFFFFFFFFFFFFFFFFFFFFFFFFFFFFFFFFFFFFFFFFFFFFFFFFFFFFE3
:20DD6000FFFFFFFFFFFFFFFFFFFFFFFFFFFFFFFFFFFFFFFFFFFFFFFFFFFFFFFFFFFFFFFFC3
:20DD8000FFFFFFFFFFFFFFFFFFFFFFFFFFFFFFFFFFFFFFFFFFFFFFFFFFFFFFFFFFFFFFFFA3
:20DDA000FFFFFFFFFFFFFFFFFFFFFFFFFFFFFFFFFFFFFFFFFFFFFFFFFFFFFFFFFFFFFFFF83
:20DDC000FFFFFFFFFFFFFFFFFFFFFFFFFFFFFFFFFFFFFFFFFFFFFFFFFFFFFFFFFFFFFFFF63
:20DDE000FFFFFFFFFFFFFFFFFFFFFFFFFFFFFFFFFFFFFFFFFFFFFFFFFFFFFFFFFFFFFFFF43
:20DE0000FFFFFFFFFFFFFFFFFFFFFFFFFFFFFFFFFFFFFFFFFFFFFFFFFFFFFFFFFFFFFFFF22
:20DE2000FFFFFFFFFFFFFFFFFFFFFFFFFFFFFFFFFFFFFFFFFFFFFFFFFFFFFFFFFFFFFFFF02
:20DE4000FFFFFFFFFFFFFFFFFFFFFFFFFFFFFFFFFFFFFFFFFFFFFFFFFFFFFFFFFFFFFFFFE2
:20DE6000FFFFFFFFFFFFFFFFFFFFFFFFFFFFFFFFFFFFFFFFFFFFFFFFFFFFFFFFFFFFFFFFC2
:20DE8000FFFFFFFFFFFFFFFFFFFFFFFFFFFFFFFFFFFFFFFFFFFFFFFFFFFFFFFFFFFFFFFFA2
:20DEA000FFFFFFFFFFFFFFFFFFFFFFFFFFFFFFFFFFFFFFFFFFFFFFFFFFFFFFFFFFFFFFFF82
:20DEC000FFFFFFFFFFFFFFFFFFFFFFFFFFFFFFFFFFFFFFFFFFFFFFFFFFFFFFFFFFFFFFFF62
:20DEE000FFFFFFFFFFFFFFFFFFFFFFFFFFFFFFFFFFFFFFFFFFFFFFFFFFFFFFFFFFFFFFFF42
:20DF0000FFFFFFFFFFFFFFFFFFFFFFFFFFFFFFFFFFFFFFFFFFFFFFFFFFFFFFFFFFFFFFFF21
:20DF2000FFFFFFFFFFFFFFFFFFFFFFFFFFFFFFFFFFFFFFFFFFFFFFFFFFFFFFFFFFFFFFFF01
:20DF4000FFFFFFFFFFFFFFFFFFFFFFFFFFFFFFFFFFFFFFFFFFFFFFFFFFFFFFFFFFFFFFFFE1
:20DF6000FFFFFFFFFFFFFFFFFFFFFFFFFFFFFFFFFFFFFFFFFFFFFFFFFFFFFFFFFFFFFFFFC1
:20DF8000FFFFFFFFFFFFFFFFFFFFFFFFFFFFFFFFFFFFFFFFFFFFFFFFFFFFFFFFFFFFFFFFA1
:20DFA000FFFFFFFFFFFFFFFFFFFFFFFFFFFFFFFFFFFFFFFFFFFFFFFFFFFFFFFFFFFFFFFF81
:20DFC000FFFFFFFFFFFFFFFFFFFFFFFFFFFFFFFFFFFFFFFFFFFFFFFFFFFFFFFFFFFFFFFF61
:20DFE000FFFFFFFFFFFFFFFFFFFFFFFFFFFFFFFFFFFFFFFFFFFFFFFFFFFFFFFFFFFFFFFF41
:20E00000FFFFFFFFFFFFFFFFFFFFFFFFFFFFFFFFFFFFFFFFFFFFFFFFFFFFFFFFFFFFFFFF20
:20E02000FFFFFFFFFFFFFFFFFFFFFFFFFFFFFFFFFFFFFFFFFFFFFFFFFFFFFFFFFFFFFFFF00
:20E04000FFFFFFFFFFFFFFFFFFFFFFFFFFFFFFFFFFFFFFFFFFFFFFFFFFFFFFFFFFFFFFFFE0
:20E06000FFFFFFFFFFFFFFFFFFFFFFFFFFFFFFFFFFFFFFFFFFFFFFFFFFFFFFFFFFFFFFFFC0
:20E08000FFFFFFFFFFFFFFFFFFFFFFFFFFFFFFFFFFFFFFFFFFFFFFFFFFFFFFFFFFFFFFFFA0
:20E0A000FFFFFFFFFFFFFFFFFFFFFFFFFFFFFFFFFFFFFFFFFFFFFFFFFFFFFFFFFFFFFFFF80
:20E0C000FFFFFFFFFFFFFFFFFFFFFFFFFFFFFFFFFFFFFFFFFFFFFFFFFFFFFFFFFFFFFFFF60
:20E0E000FFFFFFFFFFFFFFFFFFFFFFFFFFFFFFFFFFFFFFFFFFFFFFFFFFFFFFFFFFFFFFFF40
:20E10000FFFFFFFFFFFFFFFFFFFFFFFFFFFFFFFFFFFFFFFFFFFFFFFFFFFFFFFFFFFFFFFF1F
:20E12000FFFFFFFFFFFFFFFFFFFFFFFFFFFFFFFFFFFFFFFFFFFFFFFFFFFFFFFFFFFFFFFFFF
:20E14000FFFFFFFFFFFFFFFFFFFFFFFFFFFFFFFFFFFFFFFFFFFFFFFFFFFFFFFFFFFFFFFFDF
:20E16000FFFFFFFFFFFFFFFFFFFFFFFFFFFFFFFFFFFFFFFFFFFFFFFFFFFFFFFFFFFFFFFFBF
:20E18000FFFFFFFFFFFFFFFFFFFFFFFFFFFFFFFFFFFFFFFFFFFFFFFFFFFFFFFFFFFFFFFF9F
:20E1A000FFFFFFFFFFFFFFFFFFFFFFFFFFFFFFFFFFFFFFFFFFFFFFFFFFFFFFFFFFFFFFFF7F
:20E1C000FFFFFFFFFFFFFFFFFFFFFFFFFFFFFFFFFFFFFFFFFFFFFFFFFFFFFFFFFFFFFFFF5F
:20E1E000FFFFFFFFFFFFFFFFFFFFFFFFFFFFFFFFFFFFFFFFFFFFFFFFFFFFFFFFFFFFFFFF3F
:20E20000FFFFFFFFFFFFFFFFFFFFFFFFFFFFFFFFFFFFFFFFFFFFFFFFFFFFFFFFFFFFFFFF1E
:20E22000FFFFFFFFFFFFFFFFFFFFFFFFFFFFFFFFFFFFFFFFFFFFFFFFFFFFFFFFFFFFFFFFFE
:20E24000FFFFFFFFFFFFFFFFFFFFFFFFFFFFFFFFFFFFFFFFFFFFFFFFFFFFFFFFFFFFFFFFDE
:20E26000FFFFFFFFFFFFFFFFFFFFFFFFFFFFFFFFFFFFFFFFFFFFFFFFFFFFFFFFFFFFFFFFBE
:20E28000FFFFFFFFFFFFFFFFFFFFFFFFFFFFFFFFFFFFFFFFFFFFFFFFFFFFFFFFFFFFFFFF9E
:20E2A000FFFFFFFFFFFFFFFFFFFFFFFFFFFFFFFFFFFFFFFFFFFFFFFFFFFFFFFFFFFFFFFF7E
:20E2C000FFFFFFFFFFFFFFFFFFFFFFFFFFFFFFFFFFFFFFFFFFFFFFFFFFFFFFFFFFFFFFFF5E
:20E2E000FFFFFFFFFFFFFFFFFFFFFFFFFFFFFFFFFFFFFFFFFFFFFFFFFFFFFFFFFFFFFFFF3E
:20E30000FFFFFFFFFFFFFFFFFFFFFFFFFFFFFFFFFFFFFFFFFFFFFFFFFFFFFFFFFFFFFFFF1D
:20E32000FFFFFFFFFFFFFFFFFFFFFFFFFFFFFFFFFFFFFFFFFFFFFFFFFFFFFFFFFFFFFFFFFD
:20E34000FFFFFFFFFFFFFFFFFFFFFFFFFFFFFFFFFFFFFFFFFFFFFFFFFFFFFFFFFFFFFFFFDD
:20E36000FFFFFFFFFFFFFFFFFFFFFFFFFFFFFFFFFFFFFFFFFFFFFFFFFFFFFFFFFFFFFFFFBD
:20E38000FFFFFFFFFFFFFFFFFFFFFFFFFFFFFFFFFFFFFFFFFFFFFFFFFFFFFFFFFFFFFFFF9D
:20E3A000FFFFFFFFFFFFFFFFFFFFFFFFFFFFFFFFFFFFFFFFFFFFFFFFFFFFFFFFFFFFFFFF7D
:20E3C000FFFFFFFFFFFFFFFFFFFFFFFFFFFFFFFFFFFFFFFFFFFFFFFFFFFFFFFFFFFFFFFF5D
:20E3E000FFFFFFFFFFFFFFFFFFFFFFFFFFFFFFFFFFFFFFFFFFFFFFFFFFFFFFFFFFFFFFFF3D
:20E40000FFFFFFFFFFFFFFFFFFFFFFFFFFFFFFFFFFFFFFFFFFFFFFFFFFFFFFFFFFFFFFFF1C
:20E42000FFFFFFFFFFFFFFFFFFFFFFFFFFFFFFFFFFFFFFFFFFFFFFFFFFFFFFFFFFFFFFFFFC
:20E44000FFFFFFFFFFFFFFFFFFFFFFFFFFFFFFFFFFFFFFFFFFFFFFFFFFFFFFFFFFFFFFFFDC
:20E46000FFFFFFFFFFFFFFFFFFFFFFFFFFFFFFFFFFFFFFFFFFFFFFFFFFFFFFFFFFFFFFFFBC
:20E48000FFFFFFFFFFFFFFFFFFFFFFFFFFFFFFFFFFFFFFFFFFFFFFFFFFFFFFFFFFFFFFFF9C
:20E4A000FFFFFFFFFFFFFFFFFFFFFFFFFFFFFFFFFFFFFFFFFFFFFFFFFFFFFFFFFFFFFFFF7C
:20E4C000FFFFFFFFFFFFFFFFFFFFFFFFFFFFFFFFFFFFFFFFFFFFFFFFFFFFFFFFFFFFFFFF5C
:20E4E000FFFFFFFFFFFFFFFFFFFFFFFFFFFFFFFFFFFFFFFFFFFFFFFFFFFFFFFFFFFFFFFF3C
:20E50000FFFFFFFFFFFFFFFFFFFFFFFFFFFFFFFFFFFFFFFFFFFFFFFFFFFFFFFFFFFFFFFF1B
:20E52000FFFFFFFFFFFFFFFFFFFFFFFFFFFFFFFFFFFFFFFFFFFFFFFFFFFFFFFFFFFFFFFFFB
:20E54000FFFFFFFFFFFFFFFFFFFFFFFFFFFFFFFFFFFFFFFFFFFFFFFFFFFFFFFFFFFFFFFFDB
:20E56000FFFFFFFFFFFFFFFFFFFFFFFFFFFFFFFFFFFFFFFFFFFFFFFFFFFFFFFFFFFFFFFFBB
:20E58000FFFFFFFFFFFFFFFFFFFFFFFFFFFFFFFFFFFFFFFFFFFFFFFFFFFFFFFFFFFFFFFF9B
:20E5A000FFFFFFFFFFFFFFFFFFFFFFFFFFFFFFFFFFFFFFFFFFFFFFFFFFFFFFFFFFFFFFFF7B
:20E5C000FFFFFFFFFFFFFFFFFFFFFFFFFFFFFFFFFFFFFFFFFFFFFFFFFFFFFFFFFFFFFFFF5B
:20E5E000FFFFFFFFFFFFFFFFFFFFFFFFFFFFFFFFFFFFFFFFFFFFFFFFFFFFFFFFFFFFFFFF3B
:20E60000FFFFFFFFFFFFFFFFFFFFFFFFFFFFFFFFFFFFFFFFFFFFFFFFFFFFFFFFFFFFFFFF1A
:20E62000FFFFFFFFFFFFFFFFFFFFFFFFFFFFFFFFFFFFFFFFFFFFFFFFFFFFFFFFFFFFFFFFFA
:20E64000FFFFFFFFFFFFFFFFFFFFFFFFFFFFFFFFFFFFFFFFFFFFFFFFFFFFFFFFFFFFFFFFDA
:20E66000FFFFFFFFFFFFFFFFFFFFFFFFFFFFFFFFFFFFFFFFFFFFFFFFFFFFFFFFFFFFFFFFBA
:20E68000FFFFFFFFFFFFFFFFFFFFFFFFFFFFFFFFFFFFFFFFFFFFFFFFFFFFFFFFFFFFFFFF9A
:20E6A000FFFFFFFFFFFFFFFFFFFFFFFFFFFFFFFFFFFFFFFFFFFFFFFFFFFFFFFFFFFFFFFF7A
:20E6C000FFFFFFFFFFFFFFFFFFFFFFFFFFFFFFFFFFFFFFFFFFFFFFFFFFFFFFFFFFFFFFFF5A
:20E6E000FFFFFFFFFFFFFFFFFFFFFFFFFFFFFFFFFFFFFFFFFFFFFFFFFFFFFFFFFFFFFFFF3A
:20E70000FFFFFFFFFFFFFFFFFFFFFFFFFFFFFFFFFFFFFFFFFFFFFFFFFFFFFFFFFFFFFFFF19
:20E72000FFFFFFFFFFFFFFFFFFFFFFFFFFFFFFFFFFFFFFFFFFFFFFFFFFFFFFFFFFFFFFFFF9
:20E74000FFFFFFFFFFFFFFFFFFFFFFFFFFFFFFFFFFFFFFFFFFFFFFFFFFFFFFFFFFFFFFFFD9
:20E76000FFFFFFFFFFFFFFFFFFFFFFFFFFFFFFFFFFFFFFFFFFFFFFFFFFFFFFFFFFFFFFFFB9
:20E78000FFFFFFFFFFFFFFFFFFFFFFFFFFFFFFFFFFFFFFFFFFFFFFFFFFFFFFFFFFFFFFFF99
:20E7A000FFFFFFFFFFFFFFFFFFFFFFFFFFFFFFFFFFFFFFFFFFFFFFFFFFFFFFFFFFFFFFFF79
:20E7C000FFFFFFFFFFFFFFFFFFFFFFFFFFFFFFFFFFFFFFFFFFFFFFFFFFFFFFFFFFFFFFFF59
:20E7E000FFFFFFFFFFFFFFFFFFFFFFFFFFFFFFFFFFFFFFFFFFFFFFFFFFFFFFFFFFFFFFFF39
:20E80000FFFFFFFFFFFFFFFFFFFFFFFFFFFFFFFFFFFFFFFFFFFFFFFFFFFFFFFFFFFFFFFF18
:20E82000FFFFFFFFFFFFFFFFFFFFFFFFFFFFFFFFFFFFFFFFFFFFFFFFFFFFFFFFFFFFFFFFF8
:20E84000FFFFFFFFFFFFFFFFFFFFFFFFFFFFFFFFFFFFFFFFFFFFFFFFFFFFFFFFFFFFFFFFD8
:20E86000FFFFFFFFFFFFFFFFFFFFFFFFFFFFFFFFFFFFFFFFFFFFFFFFFFFFFFFFFFFFFFFFB8
:20E88000FFFFFFFFFFFFFFFFFFFFFFFFFFFFFFFFFFFFFFFFFFFFFFFFFFFFFFFFFFFFFFFF98
:20E8A000FFFFFFFFFFFFFFFFFFFFFFFFFFFFFFFFFFFFFFFFFFFFFFFFFFFFFFFFFFFFFFFF78
:20E8C000FFFFFFFFFFFFFFFFFFFFFFFFFFFFFFFFFFFFFFFFFFFFFFFFFFFFFFFFFFFFFFFF58
:20E8E000FFFFFFFFFFFFFFFFFFFFFFFFFFFFFFFFFFFFFFFFFFFFFFFFFFFFFFFFFFFFFFFF38
:20E90000FFFFFFFFFFFFFFFFFFFFFFFFFFFFFFFFFFFFFFFFFFFFFFFFFFFFFFFFFFFFFFFF17
:20E92000FFFFFFFFFFFFFFFFFFFFFFFFFFFFFFFFFFFFFFFFFFFFFFFFFFFFFFFFFFFFFFFFF7
:20E94000FFFFFFFFFFFFFFFFFFFFFFFFFFFFFFFFFFFFFFFFFFFFFFFFFFFFFFFFFFFFFFFFD7
:20E96000FFFFFFFFFFFFFFFFFFFFFFFFFFFFFFFFFFFFFFFFFFFFFFFFFFFFFFFFFFFFFFFFB7
:20E98000FFFFFFFFFFFFFFFFFFFFFFFFFFFFFFFFFFFFFFFFFFFFFFFFFFFFFFFFFFFFFFFF97
:20E9A000FFFFFFFFFFFFFFFFFFFFFFFFFFFFFFFFFFFFFFFFFFFFFFFFFFFFFFFFFFFFFFFF77
:20E9C000FFFFFFFFFFFFFFFFFFFFFFFFFFFFFFFFFFFFFFFFFFFFFFFFFFFFFFFFFFFFFFFF57
:20E9E000FFFFFFFFFFFFFFFFFFFFFFFFFFFFFFFFFFFFFFFFFFFFFFFFFFFFFFFFFFFFFFFF37
:20EA0000FFFFFFFFFFFFFFFFFFFFFFFFFFFFFFFFFFFFFFFFFFFFFFFFFFFFFFFFFFFFFFFF16
:20EA2000FFFFFFFFFFFFFFFFFFFFFFFFFFFFFFFFFFFFFFFFFFFFFFFFFFFFFFFFFFFFFFFFF6
:20EA4000FFFFFFFFFFFFFFFFFFFFFFFFFFFFFFFFFFFFFFFFFFFFFFFFFFFFFFFFFFFFFFFFD6
:20EA6000FFFFFFFFFFFFFFFFFFFFFFFFFFFFFFFFFFFFFFFFFFFFFFFFFFFFFFFFFFFFFFFFB6
:20EA8000FFFFFFFFFFFFFFFFFFFFFFFFFFFFFFFFFFFFFFFFFFFFFFFFFFFFFFFFFFFFFFFF96
:20EAA000FFFFFFFFFFFFFFFFFFFFFFFFFFFFFFFFFFFFFFFFFFFFFFFFFFFFFFFFFFFFFFFF76
:20EAC000FFFFFFFFFFFFFFFFFFFFFFFFFFFFFFFFFFFFFFFFFFFFFFFFFFFFFFFFFFFFFFFF56
:20EAE000FFFFFFFFFFFFFFFFFFFFFFFFFFFFFFFFFFFFFFFFFFFFFFFFFFFFFFFFFFFFFFFF36
:20EB0000FFFFFFFFFFFFFFFFFFFFFFFFFFFFFFFFFFFFFFFFFFFFFFFFFFFFFFFFFFFFFFFF15
:20EB2000FFFFFFFFFFFFFFFFFFFFFFFFFFFFFFFFFFFFFFFFFFFFFFFFFFFFFFFFFFFFFFFFF5
:20EB4000FFFFFFFFFFFFFFFFFFFFFFFFFFFFFFFFFFFFFFFFFFFFFFFFFFFFFFFFFFFFFFFFD5
:20EB6000FFFFFFFFFFFFFFFFFFFFFFFFFFFFFFFFFFFFFFFFFFFFFFFFFFFFFFFFFFFFFFFFB5
:20EB8000FFFFFFFFFFFFFFFFFFFFFFFFFFFFFFFFFFFFFFFFFFFFFFFFFFFFFFFFFFFFFFFF95
:20EBA000FFFFFFFFFFFFFFFFFFFFFFFFFFFFFFFFFFFFFFFFFFFFFFFFFFFFFFFFFFFFFFFF75
:20EBC000FFFFFFFFFFFFFFFFFFFFFFFFFFFFFFFFFFFFFFFFFFFFFFFFFFFFFFFFFFFFFFFF55
:20EBE000FFFFFFFFFFFFFFFFFFFFFFFFFFFFFFFFFFFFFFFFFFFFFFFFFFFFFFFFFFFFFFFF35
:20EC0000FFFFFFFFFFFFFFFFFFFFFFFFFFFFFFFFFFFFFFFFFFFFFFFFFFFFFFFFFFFFFFFF14
:20EC2000FFFFFFFFFFFFFFFFFFFFFFFFFFFFFFFFFFFFFFFFFFFFFFFFFFFFFFFFFFFFFFFFF4
:20EC4000FFFFFFFFFFFFFFFFFFFFFFFFFFFFFFFFFFFFFFFFFFFFFFFFFFFFFFFFFFFFFFFFD4
:20EC6000FFFFFFFFFFFFFFFFFFFFFFFFFFFFFFFFFFFFFFFFFFFFFFFFFFFFFFFFFFFFFFFFB4
:20EC8000FFFFFFFFFFFFFFFFFFFFFFFFFFFFFFFFFFFFFFFFFFFFFFFFFFFFFFFFFFFFFFFF94
:20ECA000FFFFFFFFFFFFFFFFFFFFFFFFFFFFFFFFFFFFFFFFFFFFFFFFFFFFFFFFFFFFFFFF74
:20ECC000FFFFFFFFFFFFFFFFFFFFFFFFFFFFFFFFFFFFFFFFFFFFFFFFFFFFFFFFFFFFFFFF54
:20ECE000FFFFFFFFFFFFFFFFFFFFFFFFFFFFFFFFFFFFFFFFFFFFFFFFFFFFFFFFFFFFFFFF34
:20ED0000FFFFFFFFFFFFFFFFFFFFFFFFFFFFFFFFFFFFFFFFFFFFFFFFFFFFFFFFFFFFFFFF13
:20ED2000FFFFFFFFFFFFFFFFFFFFFFFFFFFFFFFFFFFFFFFFFFFFFFFFFFFFFFFFFFFFFFFFF3
:20ED4000FFFFFFFFFFFFFFFFFFFFFFFFFFFFFFFFFFFFFFFFFFFFFFFFFFFFFFFFFFFFFFFFD3
:20ED6000FFFFFFFFFFFFFFFFFFFFFFFFFFFFFFFFFFFFFFFFFFFFFFFFFFFFFFFFFFFFFFFFB3
:20ED8000FFFFFFFFFFFFFFFFFFFFFFFFFFFFFFFFFFFFFFFFFFFFFFFFFFFFFFFFFFFFFFFF93
:20EDA000FFFFFFFFFFFFFFFFFFFFFFFFFFFFFFFFFFFFFFFFFFFFFFFFFFFFFFFFFFFFFFFF73
:20EDC000FFFFFFFFFFFFFFFFFFFFFFFFFFFFFFFFFFFFFFFFFFFFFFFFFFFFFFFFFFFFFFFF53
:20EDE000FFFFFFFFFFFFFFFFFFFFFFFFFFFFFFFFFFFFFFFFFFFFFFFFFFFFFFFFFFFFFFFF33
:20EE0000FFFFFFFFFFFFFFFFFFFFFFFFFFFFFFFFFFFFFFFFFFFFFFFFFFFFFFFFFFFFFFFF12
:20EE2000FFFFFFFFFFFFFFFFFFFFFFFFFFFFFFFFFFFFFFFFFFFFFFFFFFFFFFFFFFFFFFFFF2
:20EE4000FFFFFFFFFFFFFFFFFFFFFFFFFFFFFFFFFFFFFFFFFFFFFFFFFFFFFFFFFFFFFFFFD2
:20EE6000FFFFFFFFFFFFFFFFFFFFFFFFFFFFFFFFFFFFFFFFFFFFFFFFFFFFFFFFFFFFFFFFB2
:20EE8000FFFFFFFFFFFFFFFFFFFFFFFFFFFFFFFFFFFFFFFFFFFFFFFFFFFFFFFFFFFFFFFF92
:20EEA000FFFFFFFFFFFFFFFFFFFFFFFFFFFFFFFFFFFFFFFFFFFFFFFFFFFFFFFFFFFFFFFF72
:20EEC000FFFFFFFFFFFFFFFFFFFFFFFFFFFFFFFFFFFFFFFFFFFFFFFFFFFFFFFFFFFFFFFF52
:20EEE000FFFFFFFFFFFFFFFFFFFFFFFFFFFFFFFFFFFFFFFFFFFFFFFFFFFFFFFFFFFFFFFF32
:20EF0000FFFFFFFFFFFFFFFFFFFFFFFFFFFFFFFFFFFFFFFFFFFFFFFFFFFFFFFFFFFFFFFF11
:20EF2000FFFFFFFFFFFFFFFFFFFFFFFFFFFFFFFFFFFFFFFFFFFFFFFFFFFFFFFFFFFFFFFFF1
:20EF4000FFFFFFFFFFFFFFFFFFFFFFFFFFFFFFFFFFFFFFFFFFFFFFFFFFFFFFFFFFFFFFFFD1
:20EF6000FFFFFFFFFFFFFFFFFFFFFFFFFFFFFFFFFFFFFFFFFFFFFFFFFFFFFFFFFFFFFFFFB1
:20EF8000FFFFFFFFFFFFFFFFFFFFFFFFFFFFFFFFFFFFFFFFFFFFFFFFFFFFFFFFFFFFFFFF91
:20EFA000FFFFFFFFFFFFFFFFFFFFFFFFFFFFFFFFFFFFFFFFFFFFFFFFFFFFFFFFFFFFFFFF71
:20EFC000FFFFFFFFFFFFFFFFFFFFFFFFFFFFFFFFFFFFFFFFFFFFFFFFFFFFFFFFFFFFFFFF51
:20EFE000FFFFFFFFFFFFFFFFFFFFFFFFFFFFFFFFFFFFFFFFFFFFFFFFFFFFFFFFFFFFFFFF31
:20F00000FFFFFFFFFFFFFFFFFFFFFFFFFFFFFFFFFFFFFFFFFFFFFFFFFFFFFFFFFFFFFFFF10
:20F02000FFFFFFFFFFFFFFFFFFFFFFFFFFFFFFFFFFFFFFFFFFFFFFFFFFFFFFFFFFFFFFFFF0
:20F04000FFFFFFFFFFFFFFFFFFFFFFFFFFFFFFFFFFFFFFFFFFFFFFFFFFFFFFFFFFFFFFFFD0
:20F06000FFFFFFFFFFFFFFFFFFFFFFFFFFFFFFFFFFFFFFFFFFFFFFFFFFFFFFFFFFFFFFFFB0
:20F08000FFFFFFFFFFFFFFFFFFFFFFFFFFFFFFFFFFFFFFFFFFFFFFFFFFFFFFFFFFFFFFFF90
:20F0A000FFFFFFFFFFFFFFFFFFFFFFFFFFFFFFFFFFFFFFFFFFFFFFFFFFFFFFFFFFFFFFFF70
:20F0C000FFFFFFFFFFFFFFFFFFFFFFFFFFFFFFFFFFFFFFFFFFFFFFFFFFFFFFFFFFFFFFFF50
:20F0E000FFFFFFFFFFFFFFFFFFFFFFFFFFFFFFFFFFFFFFFFFFFFFFFFFFFFFFFFFFFFFFFF30
:20F10000FFFFFFFFFFFFFFFFFFFFFFFFFFFFFFFFFFFFFFFFFFFFFFFFFFFFFFFFFFFFFFFF0F
:20F12000FFFFFFFFFFFFFFFFFFFFFFFFFFFFFFFFFFFFFFFFFFFFFFFFFFFFFFFFFFFFFFFFEF
:20F14000FFFFFFFFFFFFFFFFFFFFFFFFFFFFFFFFFFFFFFFFFFFFFFFFFFFFFFFFFFFFFFFFCF
:20F16000FFFFFFFFFFFFFFFFFFFFFFFFFFFFFFFFFFFFFFFFFFFFFFFFFFFFFFFFFFFFFFFFAF
:20F18000FFFFFFFFFFFFFFFFFFFFFFFFFFFFFFFFFFFFFFFFFFFFFFFFFFFFFFFFFFFFFFFF8F
:20F1A000FFFFFFFFFFFFFFFFFFFFFFFFFFFFFFFFFFFFFFFFFFFFFFFFFFFFFFFFFFFFFFFF6F
:20F1C000FFFFFFFFFFFFFFFFFFFFFFFFFFFFFFFFFFFFFFFFFFFFFFFFFFFFFFFFFFFFFFFF4F
:20F1E000FFFFFFFFFFFFFFFFFFFFFFFFFFFFFFFFFFFFFFFFFFFFFFFFFFFFFFFFFFFFFFFF2F
:20F20000FFFFFFFFFFFFFFFFFFFFFFFFFFFFFFFFFFFFFFFFFFFFFFFFFFFFFFFFFFFFFFFF0E
:20F22000FFFFFFFFFFFFFFFFFFFFFFFFFFFFFFFFFFFFFFFFFFFFFFFFFFFFFFFFFFFFFFFFEE
:20F24000FFFFFFFFFFFFFFFFFFFFFFFFFFFFFFFFFFFFFFFFFFFFFFFFFFFFFFFFFFFFFFFFCE
:20F26000FFFFFFFFFFFFFFFFFFFFFFFFFFFFFFFFFFFFFFFFFFFFFFFFFFFFFFFFFFFFFFFFAE
:20F28000FFFFFFFFFFFFFFFFFFFFFFFFFFFFFFFFFFFFFFFFFFFFFFFFFFFFFFFFFFFFFFFF8E
:20F2A000FFFFFFFFFFFFFFFFFFFFFFFFFFFFFFFFFFFFFFFFFFFFFFFFFFFFFFFFFFFFFFFF6E
:20F2C000FFFFFFFFFFFFFFFFFFFFFFFFFFFFFFFFFFFFFFFFFFFFFFFFFFFFFFFFFFFFFFFF4E
:20F2E000FFFFFFFFFFFFFFFFFFFFFFFFFFFFFFFFFFFFFFFFFFFFFFFFFFFFFFFFFFFFFFFF2E
:20F30000FFFFFFFFFFFFFFFFFFFFFFFFFFFFFFFFFFFFFFFFFFFFFFFFFFFFFFFFFFFFFFFF0D
:20F32000FFFFFFFFFFFFFFFFFFFFFFFFFFFFFFFFFFFFFFFFFFFFFFFFFFFFFFFFFFFFFFFFED
:20F34000FFFFFFFFFFFFFFFFFFFFFFFFFFFFFFFFFFFFFFFFFFFFFFFFFFFFFFFFFFFFFFFFCD
:20F36000FFFFFFFFFFFFFFFFFFFFFFFFFFFFFFFFFFFFFFFFFFFFFFFFFFFFFFFFFFFFFFFFAD
:20F38000FFFFFFFFFFFFFFFFFFFFFFFFFFFFFFFFFFFFFFFFFFFFFFFFFFFFFFFFFFFFFFFF8D
:20F3A000FFFFFFFFFFFFFFFFFFFFFFFFFFFFFFFFFFFFFFFFFFFFFFFFFFFFFFFFFFFFFFFF6D
:20F3C000FFFFFFFFFFFFFFFFFFFFFFFFFFFFFFFFFFFFFFFFFFFFFFFFFFFFFFFFFFFFFFFF4D
:20F3E000FFFFFFFFFFFFFFFFFFFFFFFFFFFFFFFFFFFFFFFFFFFFFFFFFFFFFFFFFFFFFFFF2D
:20F40000FFFFFFFFFFFFFFFFFFFFFFFFFFFFFFFFFFFFFFFFFFFFFFFFFFFFFFFFFFFFFFFF0C
:20F42000FFFFFFFFFFFFFFFFFFFFFFFFFFFFFFFFFFFFFFFFFFFFFFFFFFFFFFFFFFFFFFFFEC
:20F44000FFFFFFFFFFFFFFFFFFFFFFFFFFFFFFFFFFFFFFFFFFFFFFFFFFFFFFFFFFFFFFFFCC
:20F46000FFFFFFFFFFFFFFFFFFFFFFFFFFFFFFFFFFFFFFFFFFFFFFFFFFFFFFFFFFFFFFFFAC
:20F48000FFFFFFFFFFFFFFFFFFFFFFFFFFFFFFFFFFFFFFFFFFFFFFFFFFFFFFFFFFFFFFFF8C
:20F4A000FFFFFFFFFFFFFFFFFFFFFFFFFFFFFFFFFFFFFFFFFFFFFFFFFFFFFFFFFFFFFFFF6C
:20F4C000FFFFFFFFFFFFFFFFFFFFFFFFFFFFFFFFFFFFFFFFFFFFFFFFFFFFFFFFFFFFFFFF4C
:20F4E000FFFFFFFFFFFFFFFFFFFFFFFFFFFFFFFFFFFFFFFFFFFFFFFFFFFFFFFFFFFFFFFF2C
:20F50000FFFFFFFFFFFFFFFFFFFFFFFFFFFFFFFFFFFFFFFFFFFFFFFFFFFFFFFFFFFFFFFF0B
:20F52000FFFFFFFFFFFFFFFFFFFFFFFFFFFFFFFFFFFFFFFFFFFFFFFFFFFFFFFFFFFFFFFFEB
:20F54000FFFFFFFFFFFFFFFFFFFFFFFFFFFFFFFFFFFFFFFFFFFFFFFFFFFFFFFFFFFFFFFFCB
:20F56000FFFFFFFFFFFFFFFFFFFFFFFFFFFFFFFFFFFFFFFFFFFFFFFFFFFFFFFFFFFFFFFFAB
:20F58000FFFFFFFFFFFFFFFFFFFFFFFFFFFFFFFFFFFFFFFFFFFFFFFFFFFFFFFFFFFFFFFF8B
:20F5A000FFFFFFFFFFFFFFFFFFFFFFFFFFFFFFFFFFFFFFFFFFFFFFFFFFFFFFFFFFFFFFFF6B
:20F5C000FFFFFFFFFFFFFFFFFFFFFFFFFFFFFFFFFFFFFFFFFFFFFFFFFFFFFFFFFFFFFFFF4B
:20F5E000FFFFFFFFFFFFFFFFFFFFFFFFFFFFFFFFFFFFFFFFFFFFFFFFFFFFFFFFFFFFFFFF2B
:20F60000FFFFFFFFFFFFFFFFFFFFFFFFFFFFFFFFFFFFFFFFFFFFFFFFFFFFFFFFFFFFFFFF0A
:20F62000FFFFFFFFFFFFFFFFFFFFFFFFFFFFFFFFFFFFFFFFFFFFFFFFFFFFFFFFFFFFFFFFEA
:20F64000FFFFFFFFFFFFFFFFFFFFFFFFFFFFFFFFFFFFFFFFFFFFFFFFFFFFFFFFFFFFFFFFCA
:20F66000FFFFFFFFFFFFFFFFFFFFFFFFFFFFFFFFFFFFFFFFFFFFFFFFFFFFFFFFFFFFFFFFAA
:20F68000FFFFFFFFFFFFFFFFFFFFFFFFFFFFFFFFFFFFFFFFFFFFFFFFFFFFFFFFFFFFFFFF8A
:20F6A000FFFFFFFFFFFFFFFFFFFFFFFFFFFFFFFFFFFFFFFFFFFFFFFFFFFFFFFFFFFFFFFF6A
:20F6C000FFFFFFFFFFFFFFFFFFFFFFFFFFFFFFFFFFFFFFFFFFFFFFFFFFFFFFFFFFFFFFFF4A
:20F6E000FFFFFFFFFFFFFFFFFFFFFFFFFFFFFFFFFFFFFFFFFFFFFFFFFFFFFFFFFFFFFFFF2A
:20F70000FFFFFFFFFFFFFFFFFFFFFFFFFFFFFFFFFFFFFFFFFFFFFFFFFFFFFFFFFFFFFFFF09
:20F72000FFFFFFFFFFFFFFFFFFFFFFFFFFFFFFFFFFFFFFFFFFFFFFFFFFFFFFFFFFFFFFFFE9
:20F74000FFFFFFFFFFFFFFFFFFFFFFFFFFFFFFFFFFFFFFFFFFFFFFFFFFFFFFFFFFFFFFFFC9
:20F76000FFFFFFFFFFFFFFFFFFFFFFFFFFFFFFFFFFFFFFFFFFFFFFFFFFFFFFFFFFFFFFFFA9
:20F78000FFFFFFFFFFFFFFFFFFFFFFFFFFFFFFFFFFFFFFFFFFFFFFFFFFFFFFFFFFFFFFFF89
:20F7A000FFFFFFFFFFFFFFFFFFFFFFFFFFFFFFFFFFFFFFFFFFFFFFFFFFFFFFFFFFFFFFFF69
:20F7C000FFFFFFFFFFFFFFFFFFFFFFFFFFFFFFFFFFFFFFFFFFFFFFFFFFFFFFFFFFFFFFFF49
:20F7E000FFFFFFFFFFFFFFFFFFFFFFFFFFFFFFFFFFFFFFFFFFFFFFFFFFFFFFFFFFFFFFFF29
:20F80000FFFFFFFFFFFFFFFFFFFFFFFFFFFFFFFFFFFFFFFFFFFFFFFFFFFFFFFFFFFFFFFF08
:20F82000FFFFFFFFFFFFFFFFFFFFFFFFFFFFFFFFFFFFFFFFFFFFFFFFFFFFFFFFFFFFFFFFE8
:20F84000FFFFFFFFFFFFFFFFFFFFFFFFFFFFFFFFFFFFFFFFFFFFFFFFFFFFFFFFFFFFFFFFC8
:20F86000FFFFFFFFFFFFFFFFFFFFFFFFFFFFFFFFFFFFFFFFFFFFFFFFFFFFFFFFFFFFFFFFA8
:20F88000FFFFFFFFFFFFFFFFFFFFFFFFFFFFFFFFFFFFFFFFFFFFFFFFFFFFFFFFFFFFFFFF88
:20F8A000FFFFFFFFFFFFFFFFFFFFFFFFFFFFFFFFFFFFFFFFFFFFFFFFFFFFFFFFFFFFFFFF68
:20F8C000FFFFFFFFFFFFFFFFFFFFFFFFFFFFFFFFFFFFFFFFFFFFFFFFFFFFFFFFFFFFFFFF48
:20F8E000FFFFFFFFFFFFFFFFFFFFFFFFFFFFFFFFFFFFFFFFFFFFFFFFFFFFFFFFFFFFFFFF28
:20F90000FFFFFFFFFFFFFFFFFFFFFFFFFFFFFFFFFFFFFFFFFFFFFFFFFFFFFFFFFFFFFFFF07
:20F92000FFFFFFFFFFFFFFFFFFFFFFFFFFFFFFFFFFFFFFFFFFFFFFFFFFFFFFFFFFFFFFFFE7
:20F94000FFFFFFFFFFFFFFFFFFFFFFFFFFFFFFFFFFFFFFFFFFFFFFFFFFFFFFFFFFFFFFFFC7
:20F96000FFFFFFFFFFFFFFFFFFFFFFFFFFFFFFFFFFFFFFFFFFFFFFFFFFFFFFFFFFFFFFFFA7
:20F98000FFFFFFFFFFFFFFFFFFFFFFFFFFFFFFFFFFFFFFFFFFFFFFFFFFFFFFFFFFFFFFFF87
:20F9A000FFFFFFFFFFFFFFFFFFFFFFFFFFFFFFFFFFFFFFFFFFFFFFFFFFFFFFFFFFFFFFFF67
:20F9C000FFFFFFFFFFFFFFFFFFFFFFFFFFFFFFFFFFFFFFFFFFFFFFFFFFFFFFFFFFFFFFFF47
:20F9E000FFFFFFFFFFFFFFFFFFFFFFFFFFFFFFFFFFFFFFFFFFFFFFFFFFFFFFFFFFFFFFFF27
:20FA0000FFFFFFFFFFFFFFFFFFFFFFFFFFFFFFFFFFFFFFFFFFFFFFFFFFFFFFFFFFFFFFFF06
:20FA2000FFFFFFFFFFFFFFFFFFFFFFFFFFFFFFFFFFFFFFFFFFFFFFFFFFFFFFFFFFFFFFFFE6
:20FA4000FFFFFFFFFFFFFFFFFFFFFFFFFFFFFFFFFFFFFFFFFFFFFFFFFFFFFFFFFFFFFFFFC6
:20FA6000FFFFFFFFFFFFFFFFFFFFFFFFFFFFFFFFFFFFFFFFFFFFFFFFFFFFFFFFFFFFFFFFA6
:20FA8000FFFFFFFFFFFFFFFFFFFFFFFFFFFFFFFFFFFFFFFFFFFFFFFFFFFFFFFFFFFFFFFF86
:20FAA000FFFFFFFFFFFFFFFFFFFFFFFFFFFFFFFFFFFFFFFFFFFFFFFFFFFFFFFFFFFFFFFF66
:20FAC000FFFFFFFFFFFFFFFFFFFFFFFFFFFFFFFFFFFFFFFFFFFFFFFFFFFFFFFFFFFFFFFF46
:20FAE000FFFFFFFFFFFFFFFFFFFFFFFFFFFFFFFFFFFFFFFFFFFFFFFFFFFFFFFFFFFFFFFF26
:20FB0000FFFFFFFFFFFFFFFFFFFFFFFFFFFFFFFFFFFFFFFFFFFFFFFFFFFFFFFFFFFFFFFF05
:20FB2000FFFFFFFFFFFFFFFFFFFFFFFFFFFFFFFFFFFFFFFFFFFFFFFFFFFFFFFFFFFFFFFFE5
:20FB4000FFFFFFFFFFFFFFFFFFFFFFFFFFFFFFFFFFFFFFFFFFFFFFFFFFFFFFFFFFFFFFFFC5
:20FB6000FFFFFFFFFFFFFFFFFFFFFFFFFFFFFFFFFFFFFFFFFFFFFFFFFFFFFFFFFFFFFFFFA5
:20FB8000FFFFFFFFFFFFFFFFFFFFFFFFFFFFFFFFFFFFFFFFFFFFFFFFFFFFFFFFFFFFFFFF85
:20FBA000FFFFFFFFFFFFFFFFFFFFFFFFFFFFFFFFFFFFFFFFFFFFFFFFFFFFFFFFFFFFFFFF65
:20FBC000FFFFFFFFFFFFFFFFFFFFFFFFFFFFFFFFFFFFFFFFFFFFFFFFFFFFFFFFFFFFFFFF45
:20FBE000FFFFFFFFFFFFFFFFFFFFFFFFFFFFFFFFFFFFFFFFFFFFFFFFFFFFFFFFFFFFFFFF25
:20FC0000FFFFFFFFFFFFFFFFFFFFFFFFFFFFFFFFFFFFFFFFFFFFFFFFFFFFFFFFFFFFFFFF04
:20FC2000FFFFFFFFFFFFFFFFFFFFFFFFFFFFFFFFFFFFFFFFFFFFFFFFFFFFFFFFFFFFFFFFE4
:20FC4000FFFFFFFFFFFFFFFFFFFFFFFFFFFFFFFFFFFFFFFFFFFFFFFFFFFFFFFFFFFFFFFFC4
:20FC6000FFFFFFFFFFFFFFFFFFFFFFFFFFFFFFFFFFFFFFFFFFFFFFFFFFFFFFFFFFFFFFFFA4
:20FC8000FFFFFFFFFFFFFFFFFFFFFFFFFFFFFFFFFFFFFFFFFFFFFFFFFFFFFFFFFFFFFFFF84
:20FCA000FFFFFFFFFFFFFFFFFFFFFFFFFFFFFFFFFFFFFFFFFFFFFFFFFFFFFFFFFFFFFFFF64
:20FCC000FFFFFFFFFFFFFFFFFFFFFFFFFFFFFFFFFFFFFFFFFFFFFFFFFFFFFFFFFFFFFFFF44
:20FCE000FFFFFFFFFFFFFFFFFFFFFFFFFFFFFFFFFFFFFFFFFFFFFFFFFFFFFFFFFFFFFFFF24
:20FD0000FFFFFFFFFFFFFFFFFFFFFFFFFFFFFFFFFFFFFFFFFFFFFFFFFFFFFFFFFFFFFFFF03
:20FD2000FFFFFFFFFFFFFFFFFFFFFFFFFFFFFFFFFFFFFFFFFFFFFFFFFFFFFFFFFFFFFFFFE3
:20FD4000FFFFFFFFFFFFFFFFFFFFFFFFFFFFFFFFFFFFFFFFFFFFFFFFFFFFFFFFFFFFFFFFC3
:20FD6000FFFFFFFFFFFFFFFFFFFFFFFFFFFFFFFFFFFFFFFFFFFFFFFFFFFFFFFFFFFFFFFFA3
:20FD8000FFFFFFFFFFFFFFFFFFFFFFFFFFFFFFFFFFFFFFFFFFFFFFFFFFFFFFFFFFFFFFFF83
:20FDA000FFFFFFFFFFFFFFFFFFFFFFFFFFFFFFFFFFFFFFFFFFFFFFFFFFFFFFFFFFFFFFFF63
:20FDC000FFFFFFFFFFFFFFFFFFFFFFFFFFFFFFFFFFFFFFFFFFFFFFFFFFFFFFFFFFFFFFFF43
:20FDE000FFFFFFFFFFFFFFFFFFFFFFFFFFFFFFFFFFFFFFFFFFFFFFFFFFFFFFFFFFFFFFFF23
:20FE0000FFFFFFFFFFFFFFFFFFFFFFFFFFFFFFFFFFFFFFFFFFFFFFFFFFFFFFFFFFFFFFFF02
:20FE2000FFFFFFFFFFFFFFFFFFFFFFFFFFFFFFFFFFFFFFFFFFFFFFFFFFFFFFFFFFFFFFFFE2
:20FE4000FFFFFFFFFFFFFFFFFFFFFFFFFFFFFFFFFFFFFFFFFFFFFFFFFFFFFFFFFFFFFFFFC2
:20FE6000FFFFFFFFFFFFFFFFFFFFFFFFFFFFFFFFFFFFFFFFFFFFFFFFFFFFFFFFFFFFFFFFA2
:20FE8000FFFFFFFFFFFFFFFFFFFFFFFFFFFFFFFFFFFFFFFFFFFFFFFFFFFFFFFFFFFFFFFF82
:20FEA000FFFFFFFFFFFFFFFFFFFFFFFFFFFFFFFFFFFFFFFFFFFFFFFFFFFFFFFFFFFFFFFF62
:20FEC000FFFFFFFFFFFFFFFFFFFFFFFFFFFFFFFFFFFFFFFFFFFFFFFFFFFFFFFFFFFFFFFF42
:20FEE000FFFFFFFFFFFFFFFFFFFFFFFFFFFFFFFFFFFFFFFFFFFFFFFFFFFFFFFFFFFFFFFF22
:04FF0000347D4B58A9
:20FFC00035313135000000000000000000000000462F57204445534352495054494F4E2005
:20FFE0004D4355202047414E472D342056312E31000000000000000085FE8F0617350000F4
:04000005080084ED7E
:00000001FF
