:020000040800F2
:20840000983D0020058500081BF700083DF3000819F70008AF890008FD2C010800000000F9
:20842000000000000000000000000000FD0601082BB8000800000000D5FA0008D111010883
:208440001F8500089FFA00081F8500081F8500081F8500081F8500081F850008A7B900080B
:20846000ADB900081F8500081F8500081F850008F5B7000801B800081F8500081F850008BD
:208480001F8500081F8500081F8500081F850008452801081F8500081F8500081F850008B2
:2084A0001F8500081F8500081F8500081F850008911201089D1201081F8500081F85000850
:2084C0001F8500081F8500081F8500081F8500081F8500081F850008191701081F850008AF
:2084E00089B900081F8500081F850008DFF810D000F046F800480047E1400108AFF300801A
:20850000983D00200648804706480047FEE7FEE7FEE7FEE7FEE7FEE7FEE7FEE7FEE7FEE7CA
:2085200045120108ED84000840EA01039B0703D009E008C9121F08C0042AFAD203E011F826
:20854000013B00F8013B521EF9D27047D2B201E000F8012B491EFBD270470022F6E710B581
:2085600013460A4604461946FFF7F0FF204610BD421C10F8011B0029FBD1801A70470000C9
:20858000064C074D06E0E06840F0010394E8070098471034AC42F6D3FFF7ACFF805C0108F0
:2085A000A05C010870B58C1810F8015B15F0070301D110F8013B2A1106D110F8012B03E03B
:2085C00010F8016B01F8016B5B1EF9D12B0705D40023521E0DD401F8013BFAE710F8013BA6
:2085E000CB1A921C03E013F8015B01F8015B521EF9D5A142D8D3002070BD000070B50446C1
:2086000000688168C943C9071CD1816821F00101816004F025FC05460FE000BF04F020FC45
:20862000401B022809D9A06A40F01000A062E06A40F00100E062012070BD20688068C04309
:20864000C007EBD0002070BDF8B500260446009600688168C943C90728D0816841F0010157
:208660008160134813490068B0FBF1F000E0401E00900028FBD104F0F3FB054611E000BFCF
:2086800004F0EEFB401B02280BD9A06A40F01000A062E06A40F00100E06284F8246001206A
:2086A000F8BD20688068C043C007E9D10020F8BD8400002040420F0010B500F093F8302077
:2086C00000F0A4F8942000F0A1F8D12000F09EF8202000F09BF80B2000F0B2F8812000F041
:2086E00095F83F2000F0ACF8032000F0A9F8F02000F08CF8102000F0A3F8CA2000F086F8AF
:20870000002000F09DF8872000F09AF8202000F097F8BC2000F07AF8002000F091F8A6202F
:2087200000F074F8762000F071F8752000F06EF8002000F085F8282000F082F8152000F09F
:2087400065F8002000F07CF8FF2000F079F8312000F05CF8322000F059F8002000F070F818
:20876000022000F06DF8012000F06AF8512000F04DF8FB2000F064F8402000F047F8F4205F
:2087800000F044F8002000F05BF8002000F058F8002000F055F8002000F052F8002000F023
:2087A0004FF8002000F04CF8002000F049F8002000F046F8F02000F029F8152000F040F801
:2087C000152000F03DF8152000F03AF8152000F037F8302000F01AF8BDE81040AF2000F08E
:2087E00015B8000010B5084C0020C4F8AC01322004F5D6740AF050FC01202060BDE8104099
:2088000032200AF049BC00000000224231B509490020C1F8A801084CC4F8BC010A230122CC
:208820006946064804F5DE7405F033FE0120206038BD00000000224200002142B42F00206A
:2088400031B509480124C0F8A841084D0020C5F8BC010A2322466946054805F5DE7505F059
:2088600018FE2C6038BD00000000224200002142B42F002000F024BF00F03EBF70470120FF
:2088800001F00CBA012001F075BB0000114810B5008800EB001101EB40110F4800EB81003D
:2088A000C17B807B00EBC00202EB001001EB800000F60740B0F5005F08D08720074A002139
:2088C0005318491C58700429FADB10BD01F0CEF8F4E70000920000203C0300207C0F0020E3
:2088E00070B5274D04464FF0000649B114E001221021284604F0AEFA64200AF0E3FB761C16
:20890000A642F4D334E001221021284604F0A2FA64200AF0D7FB761CA642F4D3002210215E
:20892000284604F097FA64200AF0B6FB002608E001221021284604F08DFA64200AF0C2FB8F
:20894000761CA642F4D300221021284604F082FA64200AF0A1FB002608E0012210212846BB
:2089600004F078FA64200AF0ADFB761CA642F4D32846BDE870400022102104F06BBA0000FB
:208980000010014030B50246002001465FF0010422FA01F3DB0705D0C1F1070504FA05F323
:2089A0000343D8B2491CC9B20729F1D330BDFEE7084882B0416941F0400141614069074908
:2089C00000F04000009004480860084602B003F083BE000000100240003002400403002004
:2089E00010B50AF0A5FE002404E000211B480155601CC4B2042CF8DB00F032F8002000F014
:208A0000D9FB00F065FA00F025FA002000F0D2FB102000F04FFA00F01DFA1048401E407869
:208A200058B10E48401E807838B10C48401EC07818B10A48401E007960B90AF049FE002042
:208A400000F0B8FB00F026FD0AF02CFF00F08EFA00F000FA00F0FEF910BD00007D0F002079
:208A600010B504201149087018E0012000F0A2FB00F02EFA0E48407840B10D48807828B158
:208A80000B48C07810B10A48007900B90AE000F0E1F906480078801C044908700348007868
:208AA0000A28E2DB00BF00F0D5F910BD210300207C0F00202DE9F04705460E4617464FF006
:208AC000A5084FF00009A94600F090FCDD4800784FF4F00101EAC040DB49086000242FE0BB
:208AE00008F0010040B1D74800784FF4707101EA8010D649086107E0D24800784FF0707135
:208B000001EA8050D1490861D14800688047CD480078782101EAC000CB490860CC48006806
:208B20008047C84800784FF4F00101EAC040C64908604FEA5808C64800688047601CC4B288
:208B4000082CCDDBBF4800784FF4707101EA8010BE490861BE4800688047BA480078782163
:208B600001EAC000B8490860B94800688047B54800784FF4F00101EAC040B3490860B448BD
:208B800000688047AF480078782101EAC000AE490860AF4800688047AA4800784FF4F001D0
:208BA00001EAC040A8490860A94800688047A5480078782101EAC000A3490860A448006800
:208BC0008047A04800784FF4F00101EAC0409E4908609F48006880479A480078782101EA0C
:208BE000C000994908609A4800688047954800784FF4F00101EAC04093490860944800685E
:208C0000804790480078782101EAC0008E4908608F48006880478B4800784FF4F00101EA4A
:208C2000C040894908608A480068804700242EE007F0010040B1834800784FF4707101EA8C
:208C400080108249086107E07E4800784FF0707101EA80507D4908617D480068804779486C
:208C60000078782101EAC00077490860784800688047744800784FF4F00101EAC040724913
:208C800008607F10724800688047601CC4B2102CCEDB00242EE006F0010040B169480078DA
:208CA0004FF4707101EA80106849086107E0654800784FF0707101EA805064490861644852
:208CC000006880475F480078782101EAC0005E4908605F48006880475A4800784FF4F001CF
:208CE00001EAC040584908607610594800688047601CC4B2062CCEDB00242FE009F0010030
:208D000040B1504800784FF4707101EA80104F49086107E04B4800784FF0707101EA8050E5
:208D20004A4908614A480068804746480078782101EAC000444908604548006880474148F2
:208D400000784FF4F00101EAC0403F4908604FEA69093F4800688047601CC4B2082CCDDB5D
:208D600085EA251585EAA50585EA650505F0010040B1344800784FF4707101EA8010334962
:208D8000086107E02F4800784FF0707101EA80502E4908612E48006880472A4800787821B1
:208DA00001EAC00028490860294800688047254800784FF4F00101EAC0402349086024484B
:208DC000006880471F4800784FF4707101EA80101E4908611E4800688047002416E0194806
:208DE0000078782101EAC00017490860184800688047144800784FF4F00101EAC040124912
:208E00000860134800688047601CC4B2032CE6DB0C480078782101EAC0000B4908600C485E
:208E200000688047074800784FF4F00101EAC0400549086006480068804700F005FBBDE855
:208E4000F08700008E000020100C0140001001402403002010B5144800784FF4F00101EA40
:208E6000C04012490860104800784FF0707101EA80500F490861002008F044F91E200AF036
:208E800000F909480078FFF77DFD00F0F004204608F038F914200AF0F4F8002008F032F9D0
:208EA00019200AF0F9F810BD8E000020100C01400010014010B5044606200AF0EDF800222F
:208EC00021461046FFF7F6FD0F200AF0E5F810BD1CB54FF4004220210020FFF7EBFD01A8DB
:208EE00000F07CF8684600F079F8002417E001A8005D87280ED11DF8040001280AD11A48D1
:208F0000005D18B11848005D012806D100211648015502E0982114480155601CC4B2042C2A
:208F2000E5DB9DF80400872803D19DF80000012819D09DF80500872803D19DF801000128D2
:208F400011D09DF80600872803D19DF80200012809D09DF80700872803D19DF80300012899
:208F600001D0FFF777FF1CBD7D0F002038B5002202211046FFF79EFD002527E0684600F04C
:208F80002DF800240BE01DF80400552805D01248005D10B9932110480155601C84B2042C6E
:208FA000F1DB9DF8000055280ED09DF8010055280AD09DF80200552806D09DF80300552809
:208FC00002D0FFF747FF38BD681C85B2B5F5006FD4DB00BFF7E700007D0F002070B5044653
:208FE00000F004FA05200AF06DF86E48006820F07F4040F088406B4908600846406820F0F8
:20900000FF0040F0440048600804086105200AF059F8002542E02078401020706078401069
:209020006070A0784010A070E0784010E0705E480078782101EAC0005C4908605C48006875
:2090400080475848806800F4007010B12078803020705448806800F4807010B16078803013
:2090600060705048806800F0800010B1A0788030A0704C48806800F0400010B1E078803022
:20908000E070494800784FF4F00101EAC04047490860474800688047681CC5B2082DBADBDD
:2090A00043480068804740480078782101EAC0003E4908603E48006880473B4800784FF4D0
:2090C000F00101EAC040394908603948006880473448006820F07F4040F08850314908607D
:2090E0000846406820F0FF0040F011004860881408612D4800784FF0707101EA8050294943
:2091000008612B480068804727480078782101EAC0002649086026480068804722480078C3
:209120004FF4F00101EAC040204908602048006880471D480078782101EAC0001B490860BB
:209140001B4800688047184800784FF4F00101EAC040164908601648006880471248007860
:20916000782101EAC000114908601148006880470D4800784FF4F00101EAC0400B490860B9
:209180000B480068804708480078782101EAC0000649086006480068804700F055F90020AF
:2091A00070BD0000001001408E000020100C0140240300202DE9F0410646884800784FF4C1
:2091C000F00101EAC04086490860844800784FF0707101EA805083490861642009F072FF3A
:2091E000002007F08FFF322009F04BFF7B480078FFF7C8FB0709384607F084FF7A480078FF
:2092000009F04AFF75480078782101EAC000744908600A2009F056FF002417E06F480078AC
:209220004FF0707101EA80506E4908610A2009F049FF6A4800784FF4707101EA801069494D
:2092400008610A2009F03EFF601CC4B20D2CE5DB0A2009F037FF002416E0604800784FF484
:20926000F00101EAC0405E4908600A2009F02AFF5A480078782101EAC000594908600A2025
:2092800009F020FF601CC4B20D2CE6DB0A2009F019FF002417E0514800784FF0707101EA58
:2092A0008050504908610A2009F00CFF4B4800784FF4707101EA80104A4908610A2009F0E5
:2092C00001FF601CC4B20D2CE5DB1EB90A2009F0F9FE02E00A2009F0DFFE404800784FF48D
:2092E000F00101EAC0403E4908604BF25A15002431E005F4004040B1384800784FF470717C
:2093000001EA80103749086107E0344800784FF0707101EA8050334908610A2009F0D2FE5B
:209320002E480078782101EAC0002D4908600A2009F0C8FE294800784FF4F00101EAC0402C
:20934000274908604FF6FF7000EA45050A2009F0B9FE601CC4B2102CCBDB0A2009F0B2FECC
:209360004AF21B55002431E005F4004040B11B4800784FF4707101EA80101A49086107E0B5
:20938000164800784FF0707101EA8050154908610A2009F097FE11480078782101EAC00088
:2093A0000F4908600A2009F08DFE0C4800784FF4F00101EAC0400A4908604FF6FF7000EAFB
:2093C00045050A2009F07EFE601CC4B2102CCBDB1E2009F061FEBDE8F08100008E00002076
:2093E000100C0140001001402103002010B5134800784FF4707101EA8010114908610F482A
:209400000078782101EAC0000E490860052009F059FE0A4800784FF0707101EA8050084966
:209420000861052009F04EFE044800784FF4F00101EAC0400349086010BD00008E00002047
:2094400000100140100C014010B50F4800784FF0707101EA80500D4908610B4800787821CC
:2094600001EAC0000A490860052009F02BFE064800784FF4707101EA8010044908610520FF
:2094800009F020FE10BD00008E00002000100140100C014070B55525002204212846FFF742
:2094A00009FB0A2009F00EFE0A2009F00BFE0A2009F008FE012407E0284600F00BF80A208D
:2094C00009F000FE601C84B2B4F5006FF4DB002070BD000070B504462546FFF787FF74489D
:2094E00000784FF4F00101EAC0407249086000262EE005F0010040B16D4800784FF4707146
:2095000001EA80106C49086107E0694800784FF0707101EA805068490861684800688047CE
:2095200063480078782101EAC000624908606348006880475E4800784FF4F00101EAC0409A
:209540005C4908606D105D4800688047701CC6B2082ECEDB84EA241484EAA40484EA640438
:2095600004F0010040B1524800784FF4707101EA80105149086107E04D4800784FF070713D
:2095800001EA80504C4908614C480068804748480078782101EAC000464908604748006815
:2095A0008047434800784FF4F00101EAC040414908604248006880473F48006820F07F4059
:2095C00040F088403C4908600846406820F0FF0040F0440048600804086138480068804761
:2095E00033480078782101EAC000324908603348006880472E4800784FF4F00101EAC0409A
:209600002C4908602D48006880472B48006820F07F4040F08850284908600846406820F038
:20962000FF0040F01100486088140861204800784FF0707101EA80501F4908611F480068E2
:2096400080471B480078782101EAC000194908601A4800688047164800784FF4F00101EAD4
:20966000C0401449086015480068804710480078782101EAC0000F4908601048006880473E
:209680000B4800784FF4F00101EAC040094908600A480068804706480078782101EAC0009B
:2096A00004490860054800688047FFF7CDFE70BD8E000020100C01400010014024030020E8
:2096C00010B501F0C5FD00F09FF9034800F048FA00F068F910BD00007D0F002008B103493E
:2096E00000E00349034A1160704700004BB5000841B500083003002010B509F0E9FF01F0D9
:20970000A7FD00F081F91F4800F02AFA06F0E4F978B31D48008800EB001101EB40101B4939
:2097200001EB800090F84400C0F3800038B10021AF2000F073F900F091F900F065F9124867
:20974000008800EB001101EB4010104901EB8000B0F84400C0F3003008B100F0E9F901F039
:20976000BFFD06F0B9F920B10AF09CF8002000F001FC06F0B1F908B100F0D0FE00F012F907
:2097800010BD00007D0F0020920000203C0300202DE9F84F064688461546474800884FF413
:2097A000A02101EB404A06F00309C9F10400404501DA082700E004274FF6FC71314001EB09
:2097C0000A003A463D4906F0D9F9002411E03A48008800EB001101EB4010394901EB80006C
:2097E0005C3010F8140004EB0901344A5054601CC4B23148008800EB001101EB4010304902
:2098000001EB800090F84600A042E0DC01F04CFD2946032001F036F82946322001F0CCFC0B
:209820004FF6FC7106EA0100294601F013FC2946082001F0C1FC2348006820F07F4040F0FF
:209840008840204908600846406820F0FF0040F04400486008040861002416E0684600F021
:2098600001FE1DF805001549095D88420BD01648405D40B915480078A84000F0080010B1FC
:20988000932111484155601CC4B2BC42E6DB0D48006820F07F4040F088500A4908600846D7
:2098A000406820F0FF0040F0110048608814086101F0FAFCBDE8F88F920000202C120020E0
:2098C0003C030020001001407D0F00208E0000202DE9F04705460F4690462F4800884FF479
:2098E000A02101EB404A01F0DFFC41460F2000F0C9FF4146322001F05FFC4FF6FC7105EA31
:209900000100414601F0A6FB05F00309C9F10400B84201DA082600E004264FF6FC71294046
:2099200001EB0A0032461D4906F028F9002411E01948008800EB001101EB4010184901EBB9
:2099400080005C3010F8140004EB0901134A5054601CC4B21048008800EB001101EB4010DB
:209960000F4901EB800090F84600A042E0DC002406E00A49085D414601F0A2FA601CC4B2EF
:20998000B442F6DB41464FF0FF3001F0D3F901F08BFCBDE8F0870000920000202C120020AA
:2099A0003C03002010B5154800784FF4F00101EAC04013490860114800784FF0707101EAEF
:2099C000805010490861002007F09CFB1E2009F058FB0A480078FEF7D5FF00F0F0042046E0
:2099E00007F090FB142009F04CFB002007F08AFB4FF4967009F050FB10BD00008E000020CD
:209A0000100C01400010014010B501F04DFC912000F060FE322001F0ABFB10BD70B5044675
:209A20000D4601F041FC204600F054FE322001F09FFB284601F0D0FA002001F03FF900208E
:209A400001F03CF9AF2C01D06F2C03D1192009F018FB02E00F2009F014FB70BD10B501F084
:209A600023FC992000F036FE10BD00002DE9F0470027B846BA46294800884FF4A02101EBC2
:209A800040462648008800EB001101EB4010244901EB80004069C0F3872900242AE04FF4BC
:209AA00080622049304606F069F8002508E01D48405D384487B21B48405D8044681C85B24B
:209AC000B5F5806FF3DBC2464FF00008BAF57F3F09D115480078401C13490870C24600205C
:209AE0001249085502E001201049085506F58066601CC4B24C45D2DB0848008800EB001110
:209B000001EB4010064901EB8000B0F86600B84202D08620BDE8F0870020FBE792000020FE
:209B20003C0300202C1200202E0300205433002010B500240FE00948005D50B14FF6FF7035
:209B400000EA44210B20FFF769FFFFF787FFFFF75BFF601CC4B2402CEDDB10BD54330020C7
:209B60007CB5054601F0A0FB732000F0B3FD684600F01AF8002412E03DF8140045F2AA5169
:209B8000884208D007480078A04000F0080010B19820285501E000202855601CC4B2042CEE
:209BA000EADB7CBD8E00002070B504463748006820F07F4040F08840344908600846406801
:209BC00020F0FF0040F04400486008040861002548E020884FF6FF7101EA40002080608888
:209BE00001EA40006080A08801EA4000A080E08801EA4000E080264800784FF4F00101EAEF
:209C0000C040244908602448006880471F48806800F4007010B12088401C20801B48806871
:209C200000F4807010B16088401C60801748806800F0800010B1A088401CA08013488068FC
:209C400000F0400010B1E088401CE08010480078782101EAC0000F4908600F480068804795
:209C6000681CC5B2102DB4DB0848006820F07F4040F08850054908600846406820F0FF00D3
:209C800040F0110048608814086170BD001001408E000020100C014030030020F8B5064601
:209CA00001F002FB012000F015FD322001F060FA002001F091F9082001F05AFA002E72D17D
:209CC000A748006820F07F4040F08840A44908600846406820F0FF0040F0440048600804E4
:209CE000086100254CE0684600F0BCFB002443E01DF804009B4901EB8411495D88420BD045
:209D00009948005D40B999480078A04000F0080010B19421944801559DF800009149495D1E
:209D2000884227D09DF801108E484030405D814220D09DF802108B488030405D814219D0B3
:209D40009DF803108748C030405D814212D08448006820F07F4040F08850814908600846CF
:209D6000406820F0FF0040F0110048608814086101F09AFA601CC4B2042CB9DB681CC5B208
:209D8000202DB0DB7648006820F07F4040F08850734908600846406820F0FF0040F0110084
:209DA000486088140861012E33D16D48006820F07F4040F088406A4908600846406820F0BE
:209DC000FF0040F04400486008040861002508E0684600F047FB9DF8000065494855681CA2
:209DE000C5B2202DF4DB20200AF092FD5C48006820F07F4040F08850594908600846406824
:209E000020F0FF0040F01100486088140861FFF7C9FD022E7DD15248006820F07F4040F00A
:209E200088404F4908600846406820F0FF0040F04400486008040861002510E0684600F011
:209E400011FB002407E01DF80400464901EB84114855601CC4B2042CF5DB681CC5B2202DEB
:209E6000ECDB3F48006820F07F4040F088503C4908600846406820F0FF0040F0110048607A
:209E80008814086101F010FA012000F023FC322001F06EF9002001F09FF8082001F068F9C6
:209EA0002F48006820F07F4040F088402C4908600846406820F0FF0040F0440048600804F2
:209EC0000861202510E0684600F0CCFA002407E01DF80400234901EB84114855601CC4B2E0
:209EE000042CF5DB681CC5B2402DECDB1C48006820F07F4040F088501949086008464068D0
:209F000020F0FF0040F01100486088140861002520E021E0002419E0124800EB8410415D8A
:209F2000104800EB841205F12000105C81420BD00D48005D40B90D480078A04000F00800D8
:209F400010B1972108480155601CC4B2042CE3DB681CC5B2202DDDDB01F0A6F90020F8BD9D
:209F600000100140543200207D0F00208E0000202C1200202DE9FE4F804600200190FA4816
:209F8000008800EB001101EB4010F84901EB8000806CC0F38729F448008800EB001101EB59
:209FA0004010F24901EB8000B0F84800C0F3090BED48008800EB001101EB4010EB4901EBDE
:209FC000800090F84670B8F1010F06D101F040F9FFF71AFDE648FFF7C3FDE348008800EB7A
:209FE000001101EB4010E14901EB80004069C0F387200290B8F1000F7BD1DB4800884FF4F7
:20A00000A02101EB404A4FF48062DA49504605F0B5FD0120D8490870D849087000259AE191
:20A02000284605EBD0714910A5EB410100297DD10AF5806AD249681C085C012805D10123D0
:20A040008202D049504605F0C3FDCD48405D01286DD100BFC84800780028FBD001F024F9B7
:20A06000032000F037FB322001F082F84FF6FF7101EA452000F0B0FF082001F079F8C248A6
:20A08000006820F07F4040F08840BF4908600846406820F0FF0040F044004860080408618B
:20A0A000002479E0684600F0DDF94D4522D1AE48008800EB001101EB4010AC4901EB800013
:20A0C00090F8460000B35C451ED3A748008800EB001101EB4010A54901EB800090F8460096
:20A0E0005844A04210D9FF20A2490855781EC7B20AE034E147B109F10100854204D1FF20D6
:20A100009C490855781EC7B2002616E01DF806009849095D88420ED09548805D58B99B481A
:20A120000078B04000F0080028B101E049E036E093218F488155701C86B2042EE6DB9DF819
:20A1400000008C49095D884224D09DF801008949095D88421ED09DF802008649095D8842EA
:20A1600018D09DF803008349095D884212D08648006820F07F4040F08850834908600846F2
:20A18000406820F0FF0040F0110048608814086101F08AF8601C84B2B4F5806F82DB7A483E
:20A1A000006820F07F4040F08850774908600846406820F0FF0040F0110048608814086145
:20A1C000C7E00AF5806A6E49681C085C012805D1002382026749504605F0FAFC6848405D2C
:20A1E00001287DD100BF6A4800780028FBD001F05BF8032000F06EFA322000F0B9FF4FF60E
:20A20000FF7101EA452000F0E7FE082000F0B0FF5D48006820F07F4040F088405A49086003
:20A220000846406820F0FF0040F04400486008040861841479E0684600F014F94D4523D166
:20A240004948008800EB001101EB4010474901EB800090F8460008B3A4F5806058451DD322
:20A260004149098801EB011202EB41113F4A02EB810191F84610594488420FD2FF203D49C1
:20A280000855781EC7B209E047B109F10100854204D1FF2037490855781EC7B2002613E0B6
:20A2A0001DF806003349095D88420BD03048805D40B936480078B04000F0080010B193215B
:20A2C0002B488155701C86B2042EE9DB9DF800002849095D884226D09DF80100254900E06B
:20A2E00026E0095D88421ED09DF802002149095D884218D09DF803001E49095D884212D010
:20A300002148006820F07F4040F088501E4908600846406820F0FF0040F01100486088143C
:20A32000086100F0C1FF601C84B2B4F5006F82DB1548006820F07F4040F08850124908607E
:20A340000846406820F0FF0040F01100486088140861681CC5B202988542FFF661AEB8F101
:20A36000010F5ED1002420E0920000203C0300207D0F00202C120020540200205602002071
:20A38000543300202C160020001001408E0000205502002030480078A04000F0080010B1B5
:20A3A000E0B2019003E0601C84B2042CF2DB00BF00F07AFF032000F08DF9322000F0D8FE0F
:20A3C000002000F009FE082000F0D2FE2348006820F07F4040F0884020490860084640681D
:20A3E00020F0FF0040F04400486008040861002514E0002409E0684600F034F801981DF81F
:20A40000000017490855601C84B2B4F5806FF2DB4FF480600AF07CFA681CC5B20298854279
:20A42000E7DB0E48006820F07F4040F088500B4908600846406820F0FF0040F0110048601B
:20A440008814086100F030FFB8F1010F01D1FFF7A9FA0020BDE8FE8F8E0000200010014063
:20A460002C12002070B50446002020706070A070E070002546E020784006000E2070607890
:20A480004006000E6070A0784006000EA070E0784006000EE0701D4800784FF4F00101EA24
:20A4A000C0401B4908601B48006880471A48806800F4007010B12078401C20701648806805
:20A4C00000F4807010B16078401C60701248806800F0800010B1A078401CA0700E4880689E
:20A4E00000F0400010B1E078401CE07007480078782101EAC0000649086006480068804728
:20A50000681CC5B2082DB6DB70BD00008E000020100C0140300300200010014070B56948C8
:20A52000008800EB001101EB4010674901EB800090F8460000B970BD0024BEE06348005DC1
:20A5400000287DD162480078A04000F00800002876D05C48008800EB001101EB40105A4916
:20A5600001EB800090F85C505648008800EB001101EB4010544901EB800090F85E0005EBFE
:20A5800000255048008800EB001101EB40104E4901EB800090F8600005EB00454948008805
:20A5A00000EB001101EB4010474901EB800090F8620005EB0065434A128802EB021303EB11
:20A5C00042120B4603EB820292F846103D4A128802EB021303EB42123B4B03EB8202B2F87D
:20A5E000482090B22246FFF773F9642008F054FD344A128802EB021303EB4212324B03EB53
:20A60000820292F846102F4A128802EB021303EB42122D4B03EB8202B2F8482090B22246D9
:20A62000FFF7B6F82948005D98B929480078A04000F0080068B12348008800EB001100E0AE
:20A6400039E001EB4010204901EB800090F964000544E8B21B49098801EB011202EB4111CD
:20A66000194A02EB8101A1F85C00C5F307211548008800EB001202EB4010134A02EB80004A
:20A68000A0F85E10C5F307410E48008800EB001202EB40100C4A02EB8000A0F86010280E9B
:20A6A0000849098801EB011202EB4111064A02EB8101A1F86200601CC4B2042CFFF63EAFBC
:20A6C00000BF38E7920000203C0300207D0F00208E0000202DE9F041054648268A274FF041
:20A6E0005C0800242CE006F0800040B1614800784FF4707101EA80105F49086107E05D4802
:20A7000000784FF0707101EA80505B490861594800784FF4F00101EAC040584908605848F8
:20A720000068804753480078782101EAC000534908605348006880477006060E601CC4B249
:20A74000082CD0DB00242CE007F0800040B1494800784FF4707101EA80104749086107E0FA
:20A76000444800784FF0707101EA805042490861404800784FF4F00101EAC0403F490860F7
:20A780003F48006880473B480078782101EAC0003A4908603A48006880477806070E601C19
:20A7A000C4B2082CD0DB00242EE008F0800040B1304800784FF4707101EA80102E4908613A
:20A7C00007E02C4800784FF0707101EA80502A490861284800784FF4F00101EAC040274978
:20A7E000086027480068804722480078782101EAC000224908602248006880474FEA4860E0
:20A800004FEA1068601CC4B2082CCEDB00242CE005F0800040B1174800784FF4707101EA3C
:20A8200080101549086107E0124800784FF0707101EA8050104908610E4800784FF4F00169
:20A8400001EAC0400D4908600D480068804709480078782101EAC00008490860084800684D
:20A8600080476806050E601CC4B2082CD0DBBDE8F08100008E00002000100140100C01404D
:20A88000300300202DE9F04706460C4648274FF08A084FF05C0900257CE007F08000D8B115
:20A8A00034B1012C08D0022C0BD0032C13D10DE00120FE4908600EE00120FC49091F0860F1
:20A8C00009E00120F9490839086004E00120F7490C39086000BF1BE034B1012C08D0022CBF
:20A8E0000BD0032C13D10DE00020F04908600EE00020EE49091F086009E00020EB49083969
:20A90000086004E00020E9490C39086000BF00BF34B1012C08D0022C0BD0032C13D10DE07B
:20A920000020E34908600EE00020E149091F086009E00020DE490839086004E00020DC4999
:20A940000C39086000BF00BFDA480068804734B1012C08D0022C0BD0032C13D10DE0012067
:20A96000D34908600EE00120D149091F086009E00120CF490839086004E00120CC490C3970
:20A98000086000BF00BFCB48006880477806070E681CC5B2082D80DB00257EE008F0800076
:20A9A000D8B134B1012C08D0022C0BD0032C13D10DE00120BD4908600EE00120BB49091F51
:20A9C000086009E00120B9490839086004E00120B6490C39086000BF1BE034B1012C08D005
:20A9E000022C0BD0032C13D10DE00020AF4908600EE00020AD49091F086009E00020AB493D
:20AA00000839086004E00020A8490C39086000BF00BF34B1012C08D0022C0BD0032C13D167
:20AA20000DE00020A24908600EE00020A049091F086009E000209E490839086004E0002092
:20AA40009B490C39086000BF00BF9A480068804734B1012C08D0022C0BD0032C13D10DE0E3
:20AA60000120934908600EE001209149091F086009E001208E490839086004E001208C4994
:20AA80000C39086000BF00BF8A48006880474FEA48604FEA1068681CC5B2082DFFF67EAFA6
:20AAA00000257EE009F08000D8B134B1012C08D0022C0BD0032C13D10DE001207B490860D1
:20AAC0000EE001207949091F086009E0012077490839086004E0012074490C39086000BF74
:20AAE0001BE034B1012C08D0022C0BD0032C13D10DE000206D4908600EE000206B49091F40
:20AB0000086009E0002069490839086004E0002066490C39086000BF00BF34B1012C08D0A1
:20AB2000022C0BD0032C13D10DE00020604908600EE000205E49091F086009E000205C49E8
:20AB40000839086004E0002059490C39086000BF00BF58480068804734B1012C08D0022C94
:20AB60000BD0032C13D10DE00120514908600EE001204F49091F086009E001204C490839C0
:20AB8000086004E001204A490C39086000BF00BF4848006880474FEA49604FEA1069681CB3
:20ABA000C5B2082DFFF67EAF00257CE006F08000D8B134B1012C08D0022C0BD0032C13D141
:20ABC0000DE00120394908600EE001203749091F086009E0012035490839086004E0012028
:20ABE00032490C39086000BF1BE034B1012C08D0022C0BD0032C13D10DE000202B49086084
:20AC00000EE000202949091F086009E0002027490839086004E0002024490C39086000BF25
:20AC200000BF34B1012C08D0022C0BD0032C13D10DE000201E4908600EE000201C49091FD8
:20AC4000086009E000201A490839086004E0002017490C39086000BF00BF1648006880475B
:20AC600034B1012C08D0022C0BD0032C13D10DE001200F4908600EE001200D49091F08600B
:20AC800009E001200A490839086004E0012008490C39086000BF00BF06480068804770063A
:20ACA000060E681CC5B2082D80DB05E0A40122429881214230030020BDE8F08770B50446AD
:20ACC00000252BE004F0004040B1164800784FF4707101EA80101449086107E0114800782C
:20ACE0004FF0707101EA80500F4908610F48006880470C4800784FF4F00101EAC0400C49F2
:20AD000008600A480068804706480078782101EAC000074908606400681CC5B2202DD1DB30
:20AD200070BD00008E0000200010014030030020100C014070B505460C4600267BE005F0FF
:20AD40000040D8B134B1012C08D0022C0BD0032C13D10DE00120394908600EE0012037499D
:20AD6000091F086009E0012034490839086004E0012032490C39086000BF1BE034B1012C1A
:20AD800008D0022C0BD0032C13D10DE000202B4908600EE000202949091F086009E00020BD
:20ADA00026490839086004E0002024490C39086000BF00BF22480068804734B1012C08D05C
:20ADC000022C0BD0032C13D10DE000201D4908600EE000201B49091F086009E0002019490F
:20ADE0000839086004E0002016490C39086000BF00BF13480068804734B1012C08D0022C7A
:20AE00000BD0032C13D10DE001200E4908600EE001200C49091F086009E0012009490839E6
:20AE2000086004E0012007490C39086000BF00BF6D00701CC6B2202E81DB70BDA4012242D9
:20AE4000300300209881214270B5044600252CE004F0800040B1164800784FF4707101EA39
:20AE600080101449086107E0114800784FF0707101EA80500F4908610D4800784FF4F00127
:20AE800001EAC0400C4908600C480068804708480078782101EAC00007490860074800680C
:20AEA00080476006040E681CC5B2082DD0DB70BD8E00002000100140100C0140300300209C
:20AEC00070B505460C4600267CE005F08000D8B134B1012C08D0022C0BD0032C13D10DE03D
:20AEE00001203A4908600EE001203849091F086009E0012035490839086004E00120334974
:20AF00000C39086000BF1BE034B1012C08D0022C0BD0032C13D10DE000202C4908600EE0EC
:20AF200000202A49091F086009E0002027490839086004E0002025490C39086000BF00BF2F
:20AF400034B1012C08D0022C0BD0032C13D10DE000201F4908600EE000201D49091F08600A
:20AF600009E000201A490839086004E0002018490C39086000BF00BF16480068804734B1BA
:20AF8000012C08D0022C0BD0032C13D10DE001200F4908600EE001200D49091F086009E0E4
:20AFA00001200B490839086004E0012008490C39086000BF00BF0748006880476806050EF3
:20AFC000701CC6B2082E80DB70BD0000A4012242988121423003002070B5044600252EE035
:20AFE00004F4804040B1174800784FF4707101EA80101549086107E0124800784FF0707192
:20B0000001EA8050104908610E4800784FF4F00101EAC0400D4908600D4800688047094833
:20B020000078782101EAC000084908600848006880474FF6FF7000EA4404681CC5B2102DFE
:20B04000CEDB70BD8E00002000100140100C01403003002070B505460C4600267EE005F42C
:20B060000040D8B134B1012C08D0022C0BD0032C13D10DE001203B4908600EE00120394976
:20B08000091F086009E0012036490839086004E0012034490C39086000BF1BE034B1012CF3
:20B0A00008D0022C0BD0032C13D10DE000202D4908600EE000202B49091F086009E0002096
:20B0C00028490839086004E0002026490C39086000BF00BF34B1012C08D0022C0BD0032C96
:20B0E00013D10DE00020204908600EE000201E49091F086009E000201B490839086004E08F
:20B10000002019490C39086000BF00BF17480068804734B1012C08D0022C0BD0032C13D1EE
:20B120000DE00120104908600EE001200E49091F086009E001200C490839086004E001203D
:20B1400009490C39086000BF00BF0848006880474FF6FF7000EA4505701CC6B2102EFFF6D4
:20B160007EAF70BDA4012242988121423003002070B50446002516E00C4800784FF4F00113
:20B1800001EAC0400A4908600A480068804707480078782101EAC000054908600548006812
:20B1A0008047681CC5B2A542E6DB70BD8E000020100C01403003002070B505460C460026B2
:20B1C0003FE034B1012C08D0022C0BD0032C13D10DE000201C4908600EE000201A49091FD7
:20B1E000086009E0002018490839086004E0002015490C39086000BF00BF144800688047BC
:20B2000034B1012C08D0022C0BD0032C13D10DE001200D4908600EE001200B49091F086069
:20B2200009E0012008490839086004E0012006490C39086000BF00BF044800688047701C84
:20B24000C6B2AE42BDDB70BD988121423003002010B5124800784FF4F00101EAC0401049E3
:20B2600008600E4800784FF0707101EA80500D49086107F0FFFE002005F044FF322007F069
:20B2800000FF06480078FDF77DFB0409204605F039FF0F2007F000FF10BD00008E0000203D
:20B2A000100C01400010014010B50B4800784FF4F00101EAC04009490860FA2007F002FF65
:20B2C00005480078782101EAC00004490860FA2007F0F8FE10BD00008E000020100C0140D1
:20B2E0002DE9F05F4FF0000B8D48008800EB001101EB40108B4901EB80004069C0F3872ABD
:20B30000874800884FF4A02101EB40494FF480628549484604F032FC012084490870844987
:20B3200008707F48008800EB001101EB40107D4901EB8000806CC0F387277948008800EB5B
:20B34000001101EB4010774901EB8000B0F84800C0F309087248008800EB001101EB401046
:20B36000704901EB800090F8466000200446D2E0204604EBD0714910A4EB4101002962D142
:20B3800009F580696B49601C085C012805D1012382026949484604F01BFC6648005D01280C
:20B3A00050D100BF614800780028FBD0FFF77CFF0F20FFF78FF93220FFF7DAFE4FF6FF71A6
:20B3C00001EA4420FFF708FE002532E0BC4221D15348008800EB001101EB4010514901EB1A
:20B3E000800090F84600F0B145451CD34C48008800EB001101EB40104A4901EB800090F80A
:20B4000046004044A8420ED9FF2047494855701EC6B208E03EB1781C844204D1FF2042498F
:20B420004855701EC6B24049485DFFF70DFD681C85B2B5F5806FC9DB4FF0FF30FFF73EFCA5
:20B44000FFF732FF64E009F580693A49601C085C012805D1002382023349484604F0B8FBE0
:20B460003448005D012853D100BF344800780028FBD0FFF719FF0F20FFF72CF93220FFF760
:20B4800077FE4FF6FF7101EA4420FFF7A5FD4FF4806534E0BC4223D12148008800EB001180
:20B4A00001EB40101F4901EB800090F8460000B3A5F5806040451CD31949098801EB01121B
:20B4C00002EB4111174A02EB810191F84610414488420ED2FF2014494855701EC6B208E048
:20B4E0003EB1781C844204D1FF200F494855701EC6B20D49485DFFF7A7FC681C85B2B5F51B
:20B50000006FC7DB4FF0FF30FFF7D8FBFFF7CCFE601CC0B204465445FFF62AAFBDE8F09F50
:20B52000920000203C0300202C1200205402002056020020543300202C160020550200202E
:20B5400010B5012007F0BEFD10BD10B5022007F0B9FD10BD002070470020704700207047A0
:20B5600070B50024064D07E0165D4640F6B2641C55F8266086EA10209C42F5D3484070BD59
:20B58000C85101082DE9F8432C482E4F002501784278DFF8AC8001EB02218278C078120495
:20B5A00002EB006001EB00093878A52801D1002038702548FCF7DCFFC1B2234809F0FEF82A
:20B5C00004462248008800EB001101EB4012204908EB404001EB820100F52F00CA7B897B3D
:20B5E00001EBC10303EB011102EB81060422694604F0C4FA9DF800009DF803109DF80120AD
:20B6000040EA01609DF80210090441EA02210843B9F1D70F0FD0B44201D004B10125B4424B
:20B6200003D10C490968884201D1002D03D0A520387001F0D7FCBDE8F8830000F87F000804
:20B64000F87B0100F84F0020C0FF0108920000203C030020F8FF010810B52F48008800EB87
:20B6600080002E4B53F830002B4B1B8803EB83032A4C04EBC3035B681844274B1B8803EB7C
:20B68000830304EBC3039B681844234B1B8803EB830304EBC303DB68C2181F48008800EBDF
:20B6A000001303EB40101E4B03EB800090F8440000F0010068B11848008800EB001303EBB8
:20B6C0004010174B03EB8000806F904201D8012010BD00211CE01048008800EB80000F4B00
:20B6E00003EBC00050F821000E4B98420CD80A48008800EB8000094B03EBC000103050F84D
:20B700002100084B984201D90120E1E7481CC1B20429E0DB0020DBE792000020900F002006
:20B720003C0300203F420F00F0B52C48008800EB001101EB40112A4800EB810090F80EE0EC
:20B74000B0F85C40B0F85EC0B0F86020B0F86270B0F85430B0F85660B0F85810B0F85A5051
:20B76000BEF10A0F18D0E0B20CF0FF0400EB0420D2B200EB0240DAB2F3B202EB0322C9B20A
:20B7800002EB014100EB076001EB0561421C01D0884220D98920F0BD4FEA0C4C00201CEBD6
:20B7A000040440EB000C10EB040E42EB0C023C0410EB0E0754413204D21840EB0006831831
:20B7C0007141C01841EB05426FEA07012143E1D0C01BA241DED30020F0BD00009200002008
:20B7E0003C03002010B505F0D3FCBDE8104005F0BBBC0000014801F041B80000A4300020D9
:20B80000014801F03BB80000DC30002010B5046863604368102B036803D099600068C26034
:20B8200010BD9A600068C16010BD704710B504464FF4803000EB0431002000F001F94FF4C5
:20B84000A02000EB4441012000F0FAF84FF4C02000EB4441012000F0F3F810BDF0B5074667
:20B8600038A00E4691B007C801AB83E8070038A004AB07C883E8070038A207AB07CA83E8DE
:20B88000070039A00AAB07C883E8070039A20DAB07CA83E80700002007F0B7FB0C2546B10B
:20B8A000300907282CD2DFE800F02B222428262B2A00072F0ED2DFE807F00D04060A080D4D
:20B8C0000C0001AC06E004AC04E00DAC02E00AAC00E007AC1023224605213820009507F0AC
:20B8E0007AFC10230821264A4020009521E001AC06E004AC04E00AAC02E00DAC00E007AC05
:20B900001023224605213820009507F064FC06F002001C4A012108F0E7FF1A4A0221083203
:20B92000304608F0E1FF174A1023921E08213820009507F050FC4FF4FA7007F0A2FB11B01A
:20B94000F0BD00002056444420434845434B20202056505720434845434B202020464C41B0
:20B960005348205445535420205541525420205445535420434F4E4E454354205445535446
:20B98000B4000020D601002010B54FF4804001F077F94FF4006001F073F9BDE810404FF47B
:20B9A000806001F06DB9022001F06AB9042001F067B9000030B51E4885B0816941F0040185
:20B9C0008161816901F004010491816941F0080181618069174C00F00800049002200125EA
:20B9E0008DE831006946144801F056F944F604408DE831006946114801F04EF90222114677
:20BA0000082001F0BDFA082001F0AFFA03220221072001F0B5FA072001F09CFA052202218D
:20BA2000282001F0ADFA282001F09FFA05B030BD001002400000211000080140000C014099
:20BA400070B505460C4607F067FA07F0B5FA00221021184801F0FEF925B1012D06D0022D82
:20BA60000CD107E020201449087007E0D8201249087003E0C7201049087000BF00BF4FF4DF
:20BA80007A7301220C490D4802F003FD022D0BD0200C09490870200A48708C704FF47A73EC
:20BAA0000322064802F0F5FC01221021014801F0D1F970BD00080140140200205C2F002081
:20BAC000FEE700003EB5174B044600250A21186803E0B0FBF1F06D1CEDB20028F9D16A46D9
:20BAE0002946186808F09AFE9DF8000020702E2060709DF80110A170E0709DF80200207155
:20BB00009DF8030060712020A071002069462D1F05E00A1823181279401CDA71C0B2A84280
:20BB2000F7DB3EBDF8FF010810B505F093FAFF2005F0BCFA0A2007F0AFFAF02005F0B6FAA8
:20BB40000A2007F0A9FABDE81040FF2005F0AEBA2DE9F0474FF00009002426E0E1B200203E
:20BB600008F06AF94FF4803000EB044702115349384604F003F8002508E05048405DFF28BC
:20BB800002D04FF0010904E0681C85B2B5F5805FF3DB00BFB9F1010F05D139460120FFF7AF
:20BBA0004FFF4FF00009601C84B2CD2CD6DB00267FE000210846FFF743FF16B14FF0550804
:20BBC00001E04FF0AA08711CC8B2002108F034F9002404E0394800F80480601C84B2FF2C64
:20BBE000F8DD00274FF480723449384607F0BEF94FF480723149384603F0C0FF002408E080
:20BC00002E48005D404502D06020BDE8F087601C84B2FF2CF4DD00210846FFF711FF16B174
:20BC20004FF0550801E04FF0AA08002404E0234800F80480601C84B2FF2CF8DD4FF48037FB
:20BC4000002509E04FF480721C49384607F08EF907F58037681C85B2CD2DF3DB4FF4803710
:20BC6000002515E04FF480721449384603F086FF07F58037002407E01048005D404501D059
:20BC80006020C2E7601C84B2FF2CF5DD681C85B2CD2DE7DB002408E04FF4803000EB044126
:20BCA0000020FFF7CDFE601C84B2CD2CF4DB701C86B2022EFFF67DAF0020A6E72C12002009
:20BCC0002DE9F04107460C464FF00008FF224FF480511048FCF73AFC16E0B4F5806F01D220
:20BCE000A5B201E04FF480652A460A49384603F045FF002604E00748805D8044701C86B2AE
:20BD0000AE42F8DB2F44641B002CE6D14046BDE8F08100002C1200202DE9F04107460C46AB
:20BD20004FF00008FF224FF480512C48FCF70EFCB4F5803F35D916E0B4F5806F01D2A5B2E8
:20BD400001E04FF480652A462449384603F016FF002604E02148805D8044701C86B2AE42AF
:20BD6000F8DB2F44641BB4F5803FE5D816E0B4F5806F01D2A5B201E04FF480652A46174948
:20BD8000384603F0FBFE002604E01448805D8044701C86B2AE42F8DB2F44641B002CE6D1D6
:20BDA00019E016E0B4F5806F01D2A5B201E04FF480652A460949384603F0E0FE002604E0AE
:20BDC0000648805D8044701C86B2AE42F8DB2F44641B002CE6D14046BDE8F0812C1200201E
:20BDE0007FB504461022C9496846FCF79DFBC848008800EB8000C74951F83000C44909881E
:20BE000001EB8101C34A02EBC10149680844C049098801EB810102EBC10189680844BC4902
:20BE2000098801EB810102EBC101C9684618E5202070422060707A20A07004F02DFAB4493C
:20BE4000087803F007FF04F0C1F8002505E0B248415DE81C2154681CC5B2102DF7DBAF48A0
:20BE60000088000AE074AD4800782075AC480068000E6075AA480068000CA075A8480088A8
:20BE8000000AE075A64800782076002508E0A548284490F8E81705F119002154681CC5B2DB
:20BEA0000C2DF4DB00250EE09948008800EB001101EB40109C4901EB8000415D05F12500BC
:20BEC0002154681CC5B20E2DEEDB9148008800EB001101EB4010944901EB8000807B04F815
:20BEE000330F8B48008800EB001101EB40108E4901EB8000C07B60708548008800EB0011CE
:20BF000001EB4010884901EB8000B0F84400000AA0707F48008800EB001101EB4010824950
:20BF200001EB800090F84400E0707948008800EB001101EB40107C4901EB8000B0F86600B9
:20BF4000000A20717248008800EB001101EB4010754901EB800090F8660060716C480088A7
:20BF600000EB001101EB40106F4901EB8000B0F86A00000AA0716648008800EB001101EB1A
:20BF80004010694901EB800090F86A00E0716048008800EB001101EB4010634901EB800070
:20BFA000B0F86E00000A20725948008800EB001101EB40105C4901EB800090F86E00607295
:20BFC0005348008800EB001101EB4010564901EB8000007CA072333C4D48008800EB0012E4
:20BFE00002EB40100A4602EB800000F12401102204F14000FCF798FA4548008800EB001134
:20C0000001EB4010484901EB800090F8460084F850003F48008800EB001101EB401042497B
:20C0200001EB800090F8640084F851003848008800EB001101EB40103B4901EB8000806CBF
:20C04000C4F8520000252EE03148008800EB001101EB4010344901EB80004C3030F81510B4
:20C060006800563021522A48008800EB001101EB40102D4901EB8000543030F81510680012
:20C080005E3021522248008800EB001101EB4010254901EB80005C3030F8151068006630C4
:20C0A0002152681CC5B2042DCEDB44F86E6F1848008800EB001101EB40101B4901EB80002F
:20C0C000808BA0801248008800EB001101EB4010154901EB8000C08BE0800D48008800EBDE
:20C0E000001101EB4010104901EB8000008C20810748008800EB001101EB40100A4901EBB3
:20C100008000408C60816E3C7FBD0000C0FF010892000020900F0020E0FF0108FC7F000868
:20C12000F8FF010800F0FF1F3C030020F8B500250446009590F82400012808D0012084F897
:20C1400024002046FCF75AFA060002D04BE00220F8BDA06A20F4885040F00200A0620220E8
:20C1600001F02CFA22490968B1FBF0F0400000E0401E00900028FBD12046FCF765FA2068FE
:20C18000816841F00801816000F06AFE074604E000F066FEC01B0A2811D820688068000751
:20C1A000F6D42068816841F00401816000F058FE07460EE000F054FEC01B0A2809D9A06A71
:20C1C00020F0020040F01000A06284F824500120F8BD206880684007ECD4A06A20F00200B2
:20C1E00040F00100A06284F824503046F8BD000084000020F8B50025009590F82420AE4626
:20C20000012A1ED0012280F824204A681F244FF47873072A17D20668776B93FAA3FCBCFAB7
:20C220008CFC521E02FB0CFC04FA0CF4A74393FAA3F3B3FA83F30C685A43944027437763AA
:20C240002DE00220F8BD06680D2A14D2376B93FAA3FCBCFA8CFCD21F02FB0CFC04FA0CF46F
:20C26000A74393FAA3F3B3FA83F30C685A4394402743376313E0F76A93FAA3FCBCFA8CFCE7
:20C280000D3A02FB0CFC04FA0CF4A74393FAA3F3B3FA83F30C685A4394402743F7620A680A
:20C2A0003823072406680A2A14D3F76893FAA3FCBCFA8CFC0A3A02FB0CFC04FA0CF4A74375
:20C2C00093FAA3F3B3FA83F38C685A4394402743F76012E0376993FAA3FCBCFA8CFC02FBF9
:20C2E0000CFC04FA0CF4A74393FAA3F3B3FA83F38C685A439440274337610A68102A01D024
:20C30000112A20D1124B02689A4217D193681B0219D4936843F4000393600968102912D1AC
:20C320000C490D4A0968B1FBF2F101EB8101490000E0491E00910029FBD104E0816A41F0CD
:20C3400020018162012580F824E02846F8BD0000002401408400002040420F000068C06CE6
:20C36000704700002DE9F04104004FF0000513D0A06A002628B9E66284F82460204600F0E5
:20C380008BF82046FCF73AF9A16AC90600D420B1A06A40F01000A06278E0A16A21F4885172
:20C3A00041F00201A1626268E16902270A43E16897FAA7F70B46B7FA87F7B9400A43A16875
:20C3C0004FF48077B94209D0012907D05FF00001D4F814C0BCF1010F02D00AE03946F7E788
:20C3E000F3B1A36A43F02003A362E36A43F00103E3622368D3F804C02CF4694C4CEA010C36
:20C40000C3F804C021688B68DFF884C003EA0C0313438B60A168B94210D001290ED016E0E7
:20C420004FF4604CA3699CFAACFCBCFA8CFC5B1E03FA0CF30B4343F40061DAE74FF47001B5
:20C44000256991FAA1F1B1FA81F16D1E8D402168CB6A23F470032B43CB62216889680D4B07
:20C460001940914208D1E662A16A21F0020141F00101A162BDE8F081A06A20F0020040F0B8
:20C480001000A062E06A40F00100E0620120F1E7FDF7E1FFFE0E1FFF10B500680E4986B01C
:20C4A000884217D10D48816941F4007181618069032400F4007004900F20CDE90004694663
:20C4C000074800F0E9FB0120CDE900046946054800F0E2FB06B010BD00240140001002405B
:20C4E00000100140000801402DE9F84300260D460446009600F0B4FC804620688168C90553
:20C5000008D5A06A40F02000A06284F824600120BDE8F8834168C90503D4C06A10F4700FA6
:20C5200026D0022001F04AF838490968B1FBF0F72068036936490B424FEA61014FEAA112E4
:20C540001BD1C3684FEA611C13EA0C0F15D103690B4221D1C06810421ED114201FE0681C45
:20C5600006D045B300F07CFCA0EB0800A84222D8206800688007F2D52AE003690B4202D13A
:20C58000C168114206D0026922490A4206D1C068084203D1542002E0292000E0FC204743E5
:20C5A000009813E0681C0ED02DB100F059FCA0EB0800A84207D9A06A40F00400A06284F852
:20C5C00024600320A4E70098401C0090B842E9D321686FF012000860A06A40F40070A062DD
:20C5E00020688068C0F3424007280CD1E06850B9A06A20F48070A062A06AC00403D4A06A7A
:20C6000040F00100A062002082E7000084000020244992244992240070B5044690F824007D
:20C6200001280DD0012084F824002046FCF70CF802004FF0000005D084F82400104670BD9D
:20C64000022070BDA16A40F20123994341F48071A1621F4D23681F49AB4218D10E6816F470
:20C66000702F14D0A66A46F48016A6620E68760505D5A66A26F4005646F48056A662A66ADC
:20C68000F6040AD5E66A26F00606E66206E0A66A26F48016A6625E68E9E7E06284F82400E1
:20C6A0006FF00200186020688368C3F34243072B05D1A84208D1096811F4702F04D0816856
:20C6C00041F480118160B9E7816841F4A001F9E7002801400424014010B5040002D060792E
:20C6E00010B106E0012010BD00202071204600F004F801206071002010BD70472DE9F041C5
:20C7000004460068016821F00101016000F0A8FB054600264FF47A7710E000BF00F0A0FB18
:20C72000401BB8420AD954F8340F40F0200044F81409032060702670BDE8F08120680068FA
:20C74000C007EBD1012084F8210084F820600020F2E70000F0B540B390F82110022924D033
:20C7600001680A6822F001020A6001684FF0000EC1F800E00168C1F804E00168C1F808E000
:20C780000168C1F80CE03C4C3B4D3B4E3A4F3A4ADFF8E4C00168143428353C3650370CF166
:20C7A000640C914203D102211BE00120F0BDA14201D1202115E0A94202D14FF4007110E029
:20C7C000B14202D14FF400510BE0B94202D14FF4003106E0614502D14FF4001101E04FF0FF
:20C7E0000071254B083B59600168914201D1082119E0A14201D1802115E0A94202D14FF4E0
:20C80000006110E0B14202D14FF400410BE0B94202D14FF4002106E0614502D14FF40001BD
:20C8200001E04FF0006159600168914201D1042119E0A14201D1402115E0A94202D14FF486
:20C84000806110E0B14202D14FF480410BE0B94202D14FF4802106E0614502D14FF480017D
:20C8600001E04FF080615960C0F834E080F821E080F820E00020F0BD080002402DE9F05FC5
:20C88000DFF860820446D8F80020DFF858B2954D944E944F0068DFF84C92DFF848A20BF143
:20C8A000080B1C35303644374FF400614FF4004C4FF4002E09F158090AF16C0A584501D154
:20C8C000082316E0A84201D1802312E0B04201D10B460EE0B84201D163460AE0484501D125
:20C8E000734606E0504502D14FF4000301E04FF000631A4231D00268D24312072DD4026808
:20C9000022F0080202602068584501D1082114E0A84201D1802110E0B0420ED0B84201D19C
:20C9200061460AE0484501D1714606E0504502D14FF4000101E04FF00061C8F80410606B9E
:20C9400040F001006063042084F82100002084F82000216B09B1204688476248D0F800C0B9
:20C960004FF4806120680A010B044FF4802E584502D14FF0040816E0A84202D14FF040080B
:20C9800011E0B04201D188460DE0B84201D1904609E0484501D1F04605E0504502D14FF477
:20C9A000800800E098461CEA080F33D0D0F800C06FEA0C0C5FEA4C7C2CD4D0F800C05FEA36
:20C9C0008C6C05D4D0F800C02CF0040CC0F800C02068584501D1042113E0A84201D140212E
:20C9E0000FE0B0420DD0B84201D1114609E0484501D1714605E0504502D14FF4800100E066
:20CA0000194638484160112084F82100E16A09B120468847334AD2F800C05B4620685115F8
:20CA20004FF4005B4FF4003E984202D14FF0020817E0A84202D14FF0200812E0B04201D110
:20CA400088460EE0B84201D1D8460AE0484501D1F04606E0504502D14FF4001801E04FF0E8
:20CA600000781CEA080F3BD0D0F800C06FEA0C0C5FEA8C7C34D4D0F800C05FEA8C6C05D422
:20CA8000D0F800C02CF0020CC0F800C02068984201D1022114E0A84201D1202110E0B04242
:20CAA0000ED0B84201D159460AE0484501D1714606E0504502D14FF4001101E04FF00071FA
:20CAC0005160606B6063012084F82100002084F82000A16A002903D02046BDE8F05F0847ED
:20CAE000BDE8F09F0000024070B520B190F82110002411B103E0012070BD80F820400221FF
:20CB000080F8211003681A6843F6F0718A43D0E901152943D0E903563543294345692943CD
:20CB200085692943C5692943114319604463012180F82110002070BD70B5044690F820005E
:20CB4000012823D0012084F82000022084F821002068056825F0010505602046FEF756FE19
:20CB60002068016841F0020101602068016841F0040101602068016841F008010160206893
:20CB8000016841F001010160002070BD022070BD31B500F065F9044600F062F90099001B7F
:20CBA0008842F9D338BD000070B506460A2006F068FA2F4C2F4DB6F5806F3AD012DC022E3E
:20CBC00025D0042E34D1D5F80801002830D10A2006F062FAD5F80801002829D1207840F0EE
:20CBE000010034E0B6F5006F33D0B6F5804F1FD1D5F8380100281BD10A2006F04DFAD5F84B
:20CC00003801002814D1207840F008001FE01A4CD4F8040100280BD1642006F03DFAD4F847
:20CC20000401002804D11548017881F00101017070BDD5F828010028FAD10A2006F02CFADC
:20CC4000D5F828010028F3D1207840F00200207070BDD5F82C010028FAD10A2006F01CFA48
:20CC6000D5F82C010028F3D1207840F00400EEE78D00002000802142000021428C0000208E
:20CC8000044910B50A68024202D00860FFF78CFF10BD0000140401402DE9F84FDFF890A186
:20CCA00000220AF1040B144601274FF00F090BF1040E00BF0B6807FA04F52B40AB4274D198
:20CCC000DFF870C14E68A6EB0C0866452BD00DDC032E34D005DC36B3012E19D0022E2FD11B
:20CCE0001BE0112E16D0122E2AD119E0B8F5881F19D006DCB8F5803F15D0B8F5801F1FD134
:20CD000011E0B8F5001F0ED0B8F5041F18D10AE0CA6815E0CA68121D12E0CA6808320FE000
:20CD2000CA680C320CE08A682AB1012A4FF0080203D0456104E0042202E0056100E0002289
:20CD4000FF2B01D8064601E000F104064FEA840501D9A5F12005D6F800C009FA05F82CEAAD
:20CD6000080C02FA05F54CEA050CC6F800C04D68ED0057D5304DAE6946F00106AE61AD6920
:20CD800024F0030605F0010500952C4D06EB050CDCF80850A6074FEA167809FA08F6B543D2
:20CDA000274EB04202D1002610E03BE0254EB04201D101260AE0244EB04201D1022605E07D
:20CDC000224EB04201D1032600E0042606FA08F62E43CCF808604D68DAF80060ED035546DF
:20CDE00001D51E4300E09E432E604D68DBF80060AD035D4601D51E4300E09E432E604D6837
:20CE0000DEF80060ED02754601D51E4300E09E432E604D68AD020E4D2E6801D51E4300E040
:20CE20009E432E60641C102CFFF444AFBDE8F88F00040140000011100010024000000140BC
:20CE400000080140000C014000100140001401400C0401400AB1016170470904FBE7000082
:20CE600001480068704700001003002002480168491C01607047000010030020074810B5A0
:20CE8000016841F010010160032000F099F8002000F006F800F016F8002010BD0020024087
:20CEA00010B5044600F05CFD4FF47A71B0FBF1F001F077FD00222146501E00F061F800209B
:20CEC00010BD0000214808B5816941F001018161806900F001000090032000F071F8002258
:20CEE00011466FF00B0000F04BF8002211466FF00A0000F045F8002211466FF0090000F05E
:20CF00003FF800221146501F00F03AF800221146101F00F035F800221146901E00F030F8CC
:20CF200000221146501E00F02BF800221146012000F026F8012000F018F80548416821F027
:20CF4000E06141F00071416008BD0000001002400000014000F01F02012191404009800028
:20CF600000F1E020C0F88011704700F01F02012191404009800000F1E020C0F80011704782
:20CF8000F0B40E4B1B680C46C3F30223C3F10705042D00D90425191D072901D2002300E0B5
:20CFA000DB1E012606FA05F1491E214099409E40761E16403143F0BC02F0B0BB0CED00E09C
:20CFC000064900F0070208684FF6FF03184040EA0220034A10430860704700000CED00E016
:20CFE0000000FA05BFF34F8F05480168054A01F4E06111430160BFF34F8F00BFFDE700007F
:20D000000CED00E00400FA0510B50C0605D501F07F0100EB4110283003E000EB411000F56A
:20D02000027099B232B101228272C180190C0181002010BD002282728180F9E7704700EBCB
:20D040004112D0F81C04D26B04F0E1BD00EB4112D0F81C04D2F81C2204F02EBE10B50446A9
:20D060000A460B0601F07F0004EB401101D5283101E001F502710870D009487094F8E803A6
:20D08000012809D0012084F8E803206805F0FCF9002084F8E80310BD022010BD70B50A46DC
:20D0A0000446090602F07F0003D504EB4011283103E004EB421101F5027100258D7008700D
:20D0C000D009487094F8E803012809D0012084F8E803206805F080FA84F8E853002070BDC3
:20D0E000022070BD70B504460D460E0601F07F0004EB401101D5283101E001F5027108706A
:20D10000E80948700A61CB7094F8E803012809D0012084F8E803206805F086F8002084F828
:20D12000E80370BD022070BD70B504460E4601F07F0004EB401101F5077100252CC101F89C
:20D140001F5C01F8200D94F8E80301280AD0012084F8E8037006206805F098FA84F8E853F0
:20D16000002070BD022070BD70B50D460446090605F07F0003D504EB4011283103E004EB8B
:20D18000451101F5027101228A700870E809487094F8E803012807D084F8E823206805F017
:20D1A00050FA680602D006E0022070BD04F57B71206805F00FFA002084F8E80370BD70B56C
:20D1C00004460E4601F07F0004EB40113C3100252CC1012201F81F2C01F8200D94F8E8037E
:20D1E000012809D084F8E8237006206805F04EFA84F8E853002070BD022070BD10B5044609
:20D20000006805F025FB000402D5204602F096FA206805F01DFB40050CD5206830F8441F00
:20D2200021F480610180204600F0ECF80021204600F0FDF8206805F00BFB400405D52068A8
:20D2400030F8441F21F480410180206805F000FB800405D5206830F8441F21F4005101801C
:20D26000206805F0F5FAC00413D5206830F8401F21F00401018021684FF43D40A1F84000CE
:20D28000204600F0CCF8206830F8441F21F480510180206805F0DCFA00051AD5206830F803
:20D2A000441F21F400610180206830F8401F41F008010180206830F8401F41F00401018084
:20D2C000206805F0C5FAC043C00402D5204600F0E3F8206805F0BCFA800508D5206830F8FE
:20D2E000441F21F400710180204600F09CF8206805F0AEFAC00505D5206830F8441F21F4EE
:20D300008071018010BD00002DE9F04186B004004FF0000504D094F8E903002620B108E0DE
:20D32000012006B0BDE8F08184F8E863204600F04BF8032084F8E903206805F044F904F166
:20D340001001142288466846FBF7EEF894E80F0005F098F80021206805F08DFA5FF00107A6
:20D3600004EB451080F8297000F8285F8581C670066146616D1C86610F2DF1D35FF00000D0
:20D3800004EB401181F8096281F80802888681F80B62C1F81862C1F81C62401CC1F82062F1
:20D3A0000F28EDD3142241466846FBF7BDF894E80F0005F0FFF884F8246084F8E97320688D
:20D3C00005F0F6F80020ACE708B500680B49884212D10B48C16941F40001C161C069002271
:20D3E00000F40000009011461420FFF7C9FDBDE808401420FFF7B9BD08BD0000005C004074
:20D400000010024010B504460121D0F81C0404F025FDD4F81C04BDE8104004F0EEBCD0F844
:20D420001C0404F009BDD0F81C0404F00BBD10B5044690F8E80301280BD0012084F8E80360
:20D4400084F82410206805F018FA002084F8E80310BD022010BDD0F81C2400F57B7110460B
:20D4600004F00FBD10B5044690F8E803012810D0012084F8E80301462046FFF7DFFD2068D2
:20D4800005F094F8206805F0D6F9002084F8E80310BD022010BD000010B50446D0F81C0485
:20D4A00004F03CFDA069002804D00348016841F00601016010BD000010ED00E030B51C49F9
:20D4C0000A68036822F0E0021A430A6019490A6822F480320A600C1F226822F480322260AF
:20D4E000144A0832136823F4803313600B1D1D6825F480351D604568ED0303D5256845F4A9
:20D50000803525604468A40303D50C6844F480340C600179C90703D0196841F480311960DD
:20D520000079800703D5106840F48030106030BD00700040040401400120102191FAA1F1F2
:20D54000024AB1FA81F142F82100704700000E4270B505F0ABF906F061F94FF496740E4D4A
:20D560000FE0FF2003F076FD01212046FBF7B8F9C82005F086FDAA2003F06CFDC82005F0A9
:20D5800080FD68684007ECD40448008802F062FBBDE8704006F0B6B90070004092000020F8
:20D5A00010B5054C2068C00304D5FFF7D1FF4FF48030206010BD00001404014010B533A436
:20D5C00001461DCC86B08DE81D0034A0344C006804900020012931D0022948D010292BD140
:20D5E00061682268D20127D54FF4701292FAA2F201F47010B2FA82F2D040C9031DF800009E
:20D6000010D561684FF4003292FAA2F201F40031B2FA82F2D14004AA515C224AB2FBF1F11A
:20D62000484301E0204948436168490204D440005FF00301B0FBF1F006B010BD226AC2F3BB
:20D640000121012903D1920701D5C803F4E7022905D1626A920702D549F64040ECE703299A
:20D66000EAD121688903E7D54FF22440E4E700F095F961684FF4804292FAA2F201F44041CC
:20D68000B2FA82F2D140491C4900D3E702030405060708090A0B0C0D0E0F10100102000057
:20D6A0000010024000127A0000093D002DE9F84305460078454CC00774D0E06940F080504D
:20D6C000E061E069424E00F080500090306840F480703060FFF7C4FB074604E0FFF7C0FBFD
:20D6E000C01B642833D83068C005F7D5206A10F4407051D0A98801F4407181424CD0206AF0
:20D700000126310491FAA1F2B2FA82F29300314A20F440701344C3F8006491FAA1F1B1FA5F
:20D7200081F102EB81010023C1F800342062C00732D0FFF795FB074641F288394FF002089D
:20D7400008E000BFFFF78CFBC11B494502D90320BDE8F88398FAA8F1B1FA81F141F0400163
:20D760004046B6EB511F01D121680BE090FAA0F1B1FA81F141F04001B0EB511F01D1216ABA
:20D7800000E0616A98FAA8F0B0FA80F000F01F0206FA02F00142D5D0206A696820F4407090
:20D7A000084320622878800705D56068A96820F44040084360602878C00605D56068E968CA
:20D7C00020F48000084360600020C1E70010024000700040000042422DE9F047DFF8708147
:20D7E00005460E46D8F8000000F00700B0420CD2D8F8001021F007013143C8F80010D8F8E6
:20D80000000000F00700B04277D12878514C800705D56068A96820F0F000084360602878B5
:20D82000C00759D06968012001290DD0022929D05FF0020393FAA3F2B2FA82F242F02002F1
:20D84000520904D0226803E04FF40033F2E7626A93FAA3F3B3FA83F303F01F03984002429A
:20D860004BD0606820F0030008436060FFF7F8FA6968074641F2883001290DD002298146BD
:20D8800017D025E04FF00073D4E700BFFFF7E8FAC11B494501D918E081466068C0F3810099
:20D8A0000128F3D118E000BFFFF7DAFAC11B49450BD86068C0F381000228F5D10CE000BF16
:20D8C000FFF7CEFAC11B494502D90320BDE8F087606810F00C0FF3D1D8F80010404601F008
:20D8E0000701B1420BD9016821F0070131430160006800F00700B04201D00120E6E7287842
:20D90000400705D56068E96820F4E060084360602878000706D56068296920F4605040EAA4
:20D92000C100606000F052F86168F02292FAA2F201F0F001B2FA82F2D140074A515CC84018
:20D94000064908600020FFF7ABFA0020BEE7000000200240001002406C5101088400002072
:20D9600001480068704700008400002008480949006849684FF4E06292FAA2F201F4E06105
:20D98000B2FA82F2D140044A515CC8407047000084000020001002407C510108084809492E
:20D9A000006849684FF4605292FAA2F201F46051B2FA82F2D140044A515CC84070470000A8
:20D9C00084000020001002407C51010810B519A385B00FCB8DE80F001AA01B4B006804904B
:20D9E0005A681A4802F00C0104291DD008291BD14FF4701494FAA4F402F47011B4FA84F443
:20DA0000E140D2031DF8011010D55A684FF4003393FAA3F302F40032B3FA83F3DA4004AB96
:20DA20009A5CB0FBF2F0484305B010BD08484843FAE7000002030405060708090A0B0C0D40
:20DA40000E0F1010010200000010024000127A0000093D002DE9F84F04460078F74DC00738
:20DA60004FF0010625D068687704C0F38100012807D06868C0F3810002281BD16868C0033F
:20DA800018D597FAA7F0B0FA80F040F02000400901D0286800E0686A97FAA7F1B1FA81F165
:20DAA00001F01F0106FA01F108425ED0606800287CD05AE06068B0F5803F0BD010B1B0F508
:20DAC000A02F11D0286820F480302860286820F4802002E0286840F480302860606828B3F5
:20DAE000FFF7BEF980460BE0286840F480202860F0E700BFFFF7B4F9A0EB0800642871D83B
:20DB000097FAA7F0B0FA80F040F02000400901D0286800E0686A97FAA7F1B1FA81F101F0E0
:20DB20001F0106FA01F10842E4D01EE0FFF798F9804605E0FFF794F9A0EB08006428DED84D
:20DB400097FAA7F0B0FA80F040F02000400901D0286800E0686A97FAA7F1B1FA81F101F0A0
:20DB60001F0106FA01F10842E4D12078DFF8D08280074FF000094FF002075BD568684FF07D
:20DB8000F80B10F00C0F07D06868C0F3810002281CD16868C00319D497FAA7F0B0FA80F0B3
:20DBA00040F02000400902D0286801E08BE0686A97FAA7F1B1FA81F101F01F0106FA01F103
:20DBC00008422CD0206901287DD128E0206990B396FAA6F0B0FA80F048F82060FFF740F9FC
:20DBE000824607E011E100BFFFF73AF9A0EB0A00022884D897FAA7F0B0FA80F040F02000EF
:20DC0000400901D0286800E0686A97FAA7F1B1FA81F101F01F0106FA01F10842E4D02868D1
:20DC20009BFAABF26169B2FA82F220F0F80091400843286025E0FFE796FAA6F1B1FA81F1ED
:20DC400048F82190FFF70CF9824605E0FFF708F9A0EB0A000228CCD897FAA7F0B0FA80F08F
:20DC600040F02000400901D0286800E0686A97FAA7F1B1FA81F101F01F0106FA01F1084265
:20DC8000E4D1207800076ED5A069B8B396FAA6F0B0FA80F008EB8000C0F88064FFF7E0F85C
:20DCA000824605E0FFF7DCF8A0EB0A000228A0D897FAA7F0B0FA80F040F06000B6EB501FD4
:20DCC00002D128680CE062E197FAA7F0B0FA80F040F06000B7EB501F01D1286A00E0686AB9
:20DCE00097FAA7F1B1FA81F101F01F0106FA01F21042D7D00120FEF74BFF34E0FFE796FAF7
:20DD0000A6F1B1FA81F108EB8101C1F88094FFF7A7F8824606E000BFFFF7A2F8A0EB0A00E6
:20DD2000022872D897FAA7F0B0FA80F040F06000B6EB501F01D128680BE097FAA7F0B0FA6E
:20DD400080F040F06000B7EB501F01D1286A00E0686A97FAA7F1B1FA81F101F01F0106FA45
:20DD600001F21042D8D12078400765D5E86940F08050E861E869DFF8CCB000F0805000900E
:20DD8000DBF8001041F48071CBF80010FFF768F8824605E0FFF764F8A0EB0A00642834D825
:20DDA000DBF80000C005F5D5E06801280AD008B1052813D0286A20F001002862286A20F01E
:20DDC000040002E0286A40F001002862E06841F2883B90B3FFF744F882460BE0286A40F0E8
:20DDE00004002862EEE700BFFFF73AF8A0EB0A0159450AD897FAA7F0B0FA80F040F0400011
:20DE0000B6EB501F02D128680CE0A3E097FAA7F0B0FA80F040F04000B7EB501F01D1286AF9
:20DE200000E0686A97FAA7F1B1FA81F101F01F0206FA02F10842D7D031E005E000100240AC
:20DE40000000424200700040FFF70AF8824605E0FFF706F8A0EB0A0159457BD897FAA7F046
:20DE6000B0FA80F040F04000B6EB501F01D128680BE097FAA7F0B0FA80F040F04000B7EB67
:20DE8000501F01D1286A00E0686A97FAA7F1B1FA81F101F01F0206FA02F10842D8D1E06976
:20DEA00080B36968C1F38101022970D04FF080714F000228484609D091FAA1F1B1FA81F173
:20DEC00048F82100FEF7CCFF044669E08A4691FAA1F1B1FA81F1C14648F82100FEF7C0FF68
:20DEE000804605E0FEF7BCFFA0EB0800022854D897FAA7F0B0FA80F040F02000400902D031
:20DF0000286801E061E0686A97FAA7F1B1FA81F101F01F0106FA01F10842E3D1206AB0F507
:20DF2000803F05D16868A16820F4003008436860D4E908010843696821F47411084368608D
:20DF40009AFAAAF0B0FA80F049F82060FEF788FF044606E021E000BFFEF782FF001B022891
:20DF60001BD897FAA7F0B0FA80F040F02000400901D0286800E0686A97FAA7F1B1FA81F17A
:20DF800001F01F0106FA01F10842E5D01DE01EE0FEF766FF001B022802D90320BDE8F88FBB
:20DFA00097FAA7F0B0FA80F040F02000400901D0286800E0686A97FAA7F1B1FA81F101F03C
:20DFC0001F0106FA01F10842E2D10020E6E70120E4E7704710B5040003D094F8510010B168
:20DFE00004E0012010BD204600F038F8022084F851002068016821F040010160D4E9010177
:20E000000843D4E903121143084361690843218B01F400710843E1690843216A0843A16A5C
:20E02000084321680860A069042101EA1040616A0843216848602168E06A08612068C16906
:20E0400021F40061C1610449002008706065012084F85100002010BD140300202DE9F04F17
:20E06000054600683F49DFF80081032685B088425CD1D8F8181041F48051C8F81810D8F802
:20E080001800DFF8E8B000F480500490A02000900220019069465C4603965846FEF7FCFD28
:20E0A0004FF000094020CDE900094F4669462046CDF80890FEF7F0FD2E4C2D484FF0800A58
:20E0C000C4E90007C4E9027A27616761A7612046E761FEF709FD08B1FDF7F2FC6C64656230
:20E0E0002348254C14301027C4E90007C4E9029AC4F81090C4F81490C4F818902046C4F88A
:20E100001C90FEF7F1FC08B1FDF7DAFC2C6465620120CDE9007069465C4603965846FEF7D3
:20E12000BBFD012210212046FEF794FE13492868884214D1D8F81C1041F48041C8F81C106D
:20E14000D8F81C00694600F4804004904FF4204000900220019003960948FEF79DFD05B0C8
:20E16000BDE8F08F0030014000100240000801401C000240A4300020DC3000200038004079
:20E18000000C01402DE9F84F00259A460446ADF8005090F8510001287ED1E9B3E2B394F883
:20E1A0005000012878D0012684F85060222084F851006565A163A287E287A564E564256302
:20E1C000A586E586A0684FF40049484504D12068036823F480430360A06A4FF40057B842E5
:20E1E00009D12068036823F4005303602068036843F40053036060684FF48278404501D149
:20E20000A06878B120680168490603D4016841F040010160E06800E001E0E8B131E00120A6
:20E22000BDE8F88F84F8505013460A462046CDF800A000F0D1F9F3E753460022012120464B
:20E2400002F0DFF948BB2068C168A06B421CA2630170E08F401EE087E08F0128ECD813E0DE
:20E26000534600220121204602F0CBF9A8B92068C068A16B0880A06B801CA063E08F401E89
:20E28000E087E08F0128EBD8A06AB84207D12068016841F4805101E068E007E001605346DF
:20E2A00000220121204602F0ACF908B10320B7E7E0680028206817D0C068A16B0880A06BFD
:20E2C000801CA063E08F401EE087A06AB84217D1534600220121204602F093F950B1606DF0
:20E2E00040F002006065E1E7C168A06B421CA2630170E7E72068C068ADF80000BDF800007F
:20E30000606840450AD1A068484502D0B0F5806F04D12068016821F04001016084F8516034
:20E32000A06AB8420DD120688068C043C00608D4204602F064F9012807D021686FF0100039
:20E34000886084F8505000206AE7606D40F0020060652068016821F40051016020680168DB
:20E3600041F40051016084F8505058E7022057E770B5044690F85100012860D1D1B1CAB15C
:20E3800094F8500001285AD0012084F85000222084F8510000256565A163A287E287A564C4
:20E3A000E5642563A586E586A068B0F5004F03D040B10BE0012070BD2068016821F4804136
:20E3C000016003E06068B0F5827F04D0A06AB0F5005F09D012E084F850502046BDE8704007
:20E3E00013460A4600F052BA2068016821F4005101602068016841F400510160616C1148C2
:20E40000C862616C10488862616C104808632168E38F0C31A26B606CFEF78EFB2068416873
:20E4200041F00101416084F8505020680168490603D4016841F040010160002070BD02202A
:20E4400070BD000053040108670401083504010810B50446012210210848FEF7FBFC08488A
:20E46000007818B101200749087005E00648007810B101200549087010BD00000008014009
:20E480005602002054020020570200205502002070472DE9F843044690F85100984601286C
:20E4A00070D139B332B394F8500001286AD0012684F85060122084F8510000256565216346
:20E4C000A286E286E564A564A563A587E587A06A7703B84209D12068016821F400510160AA
:20E4E0002068016841F400510160A068B0F5004F03D007E00120BDE8F8832068016841F427
:20E500008041016020680168490603D4016841F040010160E0680028606804D0D8B1E08E83
:20E52000012818D021E010B1E08E012808D1206B411C216321680078C860E08E401EE086D1
:20E540000004000C1FD0434600220221204602F058F8A8B9EBE7206B21680088C860206BC4
:20E56000801C2063E08E401EE0860004000C0AD0434600220221204602F043F80028EAD01D
:20E580000320B8E726E0A06AB84204D12068016841F480510160434600220221204602F05C
:20E5A00030F830B9434601228021204602F029F820B1606D40F010006065E1E7A06818B940
:20E5C0002068C1688068009084F8516084F85050002090E702208EE72DE9F8430025DDF850
:20E5E00020800446ADF8005090F85100012803D094F8510022287DD169B162B15BB194F82D
:20E600005000012876D0012684F8506094F85100012803D005E00120BDE8F883322084F81B
:20E6200051006565A263A387E3872163A386E386A564E564A06A4FF40057B84209D12068BE
:20E64000016821F4005101602068016841F40051016020680168490603D4016841F04001C0
:20E660000160E0684FF48271B0F5006F606807D0002867D088426ED1E08E012862D06AE08D
:20E6800020B188420CD1E08E012809D1206B21680088C860206B801C2063E08E401EE086F1
:20E6A000E08E80B9A06AB84244D12068016841F4805101603EE02068C068A16B0880A06BD5
:20E6C000801CA0639EE0434600220221204601F098FF002874D1206B21680088C860206BA5
:20E6E000801C2063E08E401E0004000CE08609D1A06A00E0C7E0B84204D12068016841F459
:20E7000080510160434600220121204601F079FF00286FD12068C068A16B0880A06B801CD8
:20E72000A063E08F401EE087E08E0028CBD1606800286AD1434600220121204601F061FFC1
:20E74000F0BBB8E7206B411C216321680078C860E08E401EE086E08E98B9A06AB84204D110
:20E760002068016841F480510160434600220121204601F046FF18BB2068C068A16B0870D1
:20E7800040E0434600220221204601F03AFFB8B9206B411C216321680078C860E08E401E29
:20E7A0000004000CE08607D1A06AB84204D12068016841F48051016000224346012100E02D
:20E7C00018E0204601F01DFFA0B92068C168A06B421CA2630170E08F401EE087E08E00281B
:20E7E000CFD1606888B9434600220121204601F008FF08B103200FE72068C168A06B421C59
:20E80000A2630170E08F401EE087A06AB84210D1434600220121204601F0F3FE18B1606DBE
:20E8200040F002000FE02068C068ADF80000BDF80000434601228021204601F0E2FE20B158
:20E84000606D40F010006065D4E784F85160A06AB84214D120688168C943C9060FD4616D18
:20E8600041F002016165016821F4005101602068016841F40051016084F85050CBE684F84D
:20E8800050500020C8E60220C6E6000070B5044690F8510001280AD06068B0F5827F71D141
:20E8A000A06800286ED194F8510022286AD1F1B1EAB1E3B194F85000012863D0012084F8E1
:20E8C000500094F85100222802D0322084F85100002565652163A386E386A263A387E38732
:20E8E000A564E564A06AB0F5005F02D00BE0012070BD2068016821F4005101602068016804
:20E9000041F40051016094F85100222832D0616C1D48C8621D48616C1D4E8862606C0663CF
:20E920002168E38F0C31A26B606CFEF705F92068416841F00101416094F851003228206C0B
:20E940001ED005632268E38E0C32216B206CFEF7F3F820680168490603D4016841F040013E
:20E9600001602068416841F00201416084F85050002070BD616C0748C8620748CBE701E09F
:20E980000663DFE7022070BD5D0401084105010835040108530401086704010870477047BC
:20E9A000704710B5401EB0F1807F01D3012010BD4FF0E02460610F21601700F0AFFE0020B3
:20E9C000A06107202061002010BD10B5FFF7E8FF10BD7047704730B590F83820012A20D0E4
:20E9E000012280F83820022380F8393003685C6824F070045C6003685C680D682C435C60DC
:20EA000003689C6824F080049C6003689C6849680C439C6080F83920002180F83810084688
:20EA200030BD022030BD10B5040003D094F8390010B107E0012010BD002084F838002046A9
:20EA400000F00CF8022084F83900211D206802F02BFC012084F83900002010BD00B51E4A2C
:20EA600001681E4885B0914222D1C16941F00201C161C069694600F0020004904FF47070CB
:20EA800000900020019002901548FEF705F9002211461D20FEF774FA1D20FEF766FA11484F
:20EAA0004168114A21F0A0611143416005B000BDB1F1804FFAD1C16941F00101C161C069F5
:20EAC000002200F00100049011461C20FEF758FA1C20FEF74AFAE9E70004004000100240DA
:20EAE0000010014000000140000C00020168CA6842F00102CA600068016841F00101016017
:20EB0000002070470168CA6822F00102CA600068016A41F21112114207D1016A9210114290
:20EB200003D1016821F0010101600020704700002DE9F05F5B4E0446007EDFF86CB1A6F1EC
:20EB40000C054FF0000A06F1080706F1100805F10409012820D1EA7812B399F803108A4292
:20EB600017D12068406BF880F288801A4F4A80B25143B1FBF0F1A8F80600CBF80C10311F2D
:20EB8000204681F803A0002100F092F82046FFF7B9FFE878401CE870207E022804D025E08F
:20EBA0002068406BF080F4E7AA781AB399F802108A4218D12068806BB880B288801A3B4A8C
:20EBC00080B25143B1FBF0F1A8F80400CBF8081034492046091F81F802A0042100F068F8C8
:20EBE0002046FFF78FFFA878401CA870207E042804D025E02068806BB080F4E76878E8B3FB
:20EC000099F80110884218D12068C06B78807288801A264A80B25143B1FBF0F1A8F80200FB
:20EC2000CBF804101F492046091F81F801A0082100F03EF82046FFF765FF6878401C6870CA
:20EC4000207E082823D1297839B399F8000081421AD12168096C39803288891A134A89B27A
:20EC6000A8F800105043B0FBF1F1CBF800100D492046091F81F800A00C2100E009E000F00E
:20EC800017F82046FFF73EFF2878401C2870BDE8F09F2068C06B7080CFE72068006C308007
:20ECA000F2E70000EC02002094300020001BB70010B50268044631B1042908D008291ED038
:20ECC0000C2908D11FE0D06820F0020002E0D06820F00400D0600022206802F017FB206849
:20ECE000016A41F21112114207D1016A9210114203D1016821F001010160002010BDD068F2
:20ED000020F00800E6E7D06820F01000E2E770B50446006801694FF00005C943890715D4E3
:20ED2000C168C943890711D4E91E016101202076206880698007204602D0FFF7F9FE04E008
:20ED400000F098F8204600F096F8257620680169C943490717D4C168C943490713D46FF0B0
:20ED600004010161022020762068806910F4407F204602D0FFF7DCFE04E000F07BF820468B
:20ED800000F079F8257620680169C943090716D4C168C943090712D46FF008010161042066
:20EDA00020762068C0698007204602D0FFF7C0FE04E000F05FF8204600F05DF825762068A0
:20EDC0000169C943C90617D4C168C943C90613D46FF010010161082020762068C06910F4D3
:20EDE000407F204602D0FFF7A3FE04E000F042F8204600F040F8257620680169C943C90780
:20EE000008D1C168C943C90704D1891E0161204600F032F820680169C943090609D4C168A3
:20EE2000C943090605D46FF0800101612046FFF7D0FD20680169C943490609D4C168C94314
:20EE4000490605D46FF040010161204600F032F820680169C94389060BD4C168C9438906D8
:20EE600007D46FF0200101612046BDE87040FFF7B1BD70BD704770470B4A0168914209D1B0
:20EE80000A4A0021116051609160D160084A11709170D1700068B0F1804F04D104480C3867
:20EEA0000168491C016070470004004094300020E8020020704710B504460068416921F051
:20EEC000C0014161206B08B1FDF718FC606B08B1FDF714FC012084F83900002010BD704781
:20EEE00090F839007047000038B5044600680168C26811F0010F02F4807204D01AB1E16B84
:20EF000041F00101E1630168C1F34002416901F0010122B119B1E26B42F00402E2630268AD
:20EF2000C2F3800222B119B1E26B42F00202E2630268C2F3C00222B119B1E16B41F0080131
:20EF4000E1630168C068C1F3401100F0200019B110B1204602F058FA20680168C068C1F3C5
:20EF6000C01100F0800019B110B1204602F058FB21680868CA68C0F3801002F04002012552
:20EF800070B16AB1CA68204622F04002CA6094F83910322911D080F8395000BF00F0B4F9B1
:20EFA000E06B002808D0206801684068009084F839502046FFF793FF38BD222180F83910F1
:20EFC000ECE770B5040004D094F83900002510B106E0012070BD84F83850204600F020F810
:20EFE000022084F839002068C16821F40051C160204602F05DFA2068016921F49041016119
:20F000002068416921F02A0141612068C16841F40051C160E563012084F83900002070BD1D
:20F0200010B500681D4986B0884235D11C48816941F004018161816901F004010491C16932
:20F0400041F40031C161C16901F400310491816941F0010181618069124C00F00100049078
:20F060000420009002200190012002900320039069462046FDF710FE082000900020019040
:20F0800069462046FDF708FE2620FDF76EFF032211462620FDF774FF06B010BD004400408A
:20F0A00000100240000801402DE9F047044690F8390099460D46012801D0122858D12DB3EE
:20F0C00022B394F83800012852D0012684F838600027E76394F8390012281AD05FF0220046
:20F0E00084F83900A285E2854FF48058E08D4B46401EE085A0684FF0000240454FF02001C3
:20F10000204616D102F0BFFAB0B904E00120BDE8F0873220E4E7206900282068406803D09C
:20F12000C1B225F8011B12E0C0F3080125F8021B0DE002F0A8FA08B10320E8E7206900285E
:20F140002068406801D000F07F0005F8010BE08D0028CBD194F83900322805D084F83960FC
:20F1600084F838700020D2E7122084F83900F7E70220CCE770B5044690F83900012801D0CE
:20F18000122832D169B362B394F8380001282CD0012084F83800A162A2850025E56394F820
:20F1A000390012281FD0222084F83900636B10489862636B0F48D862636B0F481863084689
:20F1C0001346666B216802463046091DFDF7B4FC2068416941F04001416184F8385000208A
:20F1E00070BD012070BD3220DEE7022070BD000041130108771301082313010830B50068B2
:20F20000194988421ED119484FF000030246418812780C0423D54C0419D58C0413D5C1F323
:20F220000B04134D491C89B22A5541804478C1F30B02A24202D141F480514180C1F30B01C4
:20F24000C7290AD830BD427041F4005103E0AA2A03D141F48041418030BD438030BD552A59
:20F26000FBD141F40041F6E7004400400C030020143100207047000070B5044690F8390070
:20F28000012801D0222836D181B37AB394F83800012830D0012084F838002162A284E284F1
:20F2A0000025E56394F83900222822D05FF0120084F83900236B11489862236B1048D862C9
:20F2C000236B1048186326681346321D206BFDF733FC21686FF0400008602068416941F0F6
:20F2E0008001416184F83850002070BDFFE70120FBE73220DCE70220F7E7000081130108FF
:20F30000AF130108231301087047704718B5044609486A460321006805F080FA9DF80000CD
:20F3200020702E2060709DF80110A170E0709DF80200207118BD0000FC7F0008FEE70000B3
:20F3400010B500F0A9FF0024E0B200F083FC641C102CF9DB164C207830B900F037FE207003
:20F3600010B903F0CDFC2070FCF73CFA00224FF400411048FDF76EFD21780F4C4FF00000BF
:20F3800011B1FCF76BFA0120207004F0BBFA4FF0FF300A4B0A4A0146FCF7E2F8094909680B
:20F3A000814203D0BDE8104004F046BC10BD00007C0F0020001001408B000020007B0100DC
:20F3C0000084000800FF01080A4810B50849016000218160C1604FF460224161C261416082
:20F3E00001210161FCF7BEFF002800D0FEE710BD002401402C2F00200D4808B5416941F062
:20F40000010141614069002200F00100009011460C20FDF7B5FD0C20FDF7A7FD0022114696
:20F420000D20FDF7ADFDBDE808400D20FDF79DBD001002402DE9F04F754885B0816941F0E5
:20F4400020018161816901F020010491816941F010018161816901F010010491816941F06E
:20F4600004018161816901F004010491816941F0080181618069002200F0080004904FF450
:20F48000D8416448FDF7E6FCDFF88CA100224FF407415046FDF7DEFCDFF880B1002240F260
:20F4A00082315846FDF7D6FC4FF400470124CDE900740225694650460395FDF7EDFB4FF439
:20F4C0004060CDE90004694603955248FDF7E4FB4FF4E060CDE90004694603955046FDF710
:20F4E000DBFB4FF46070CDE90004694603955846FDF7D2FB4FF4C040CDE90004694603957F
:20F500004448FDF7C9FBCDE90054694658460395FDF7C2FB002278215846FDF79BFC002201
:20F520004FF470713B48FDF795FCDFF8F490012204214846FDF78EFC4FF48058012241462B
:20F540003448FDF787FC7820CDE900040326694603965846FDF7A0FB0420CDE9000469463B
:20F5600003964846FDF798FB4FF49E50CDE90004694603962748FDF78FFB1120CDE9008056
:20F5800069465846FDF788FB002241465846FDF761FC012239461F48FDF75CFCCDE9007490
:20F5A00069461C480395FDF777FB1027CDE90074694650460396FDF76FFB00260095CDE92C
:20F5C000016469465046FDF767FBCDE90046694658460294FDF760FB2020CDE90006694652
:20F5E00002940C48FDF758FB44F60440CDE90006694602945846FDF74FFBCDE900746946A6
:20F6000004480395FDF748FB05B0BDE8F08F0000001002400010014000080140000C0140BD
:20F62000001401400E4810B50C4901604FF48271416000218160C1604FF400720161C0E9EA
:20F6400005121822C0E90721416281620A21C162FEF7C0FC002800D0FEE710BD00300140E8
:20F660005C2F00200F4810B50D4901604FF4827141604FF4004181600021C1604FF40072D9
:20F680000161C0E905122022C0E90721416281620A21C162FEF79EFC002800D0FEE710BD28
:20F6A00000380040B42F00201CB50C484FF08041002401603F21C0E9011440F26541C1600E
:20F6C000FFF7B1F900B1FEE70094694603480194FFF781F9002800D0FEE71CBD4830002013
:20F6E00010B500220849094802F05CFA0849074802F041FC0749054802F096F8BDE8104058
:20F70000024802F085BC0000A8020020902600200400002098020020FEE770470907090E2B
:20F72000002806DA00F00F0000F1E02080F8141D704700F1E02080F8001470472DE9FC5FCC
:20F740004FF000080446ADF80480ADF8008048F60F7B4FF002094FF4806692E1BDF8041053
:20F7600011F00F072BD030F82710ADF80010BDF80010090478D530F8272040F68F710A4055
:20F7800020F8272004EB471595F8120205F502750028206869D0297830F8212052047DD512
:20F7A000B0F8503009EBC101194406EB4101415AC1F309015FEA010A71D0EA88D0E0BDF816
:20F7C0000410C9062AD4018801EA0B010180206804F12805B0F850202B7809EBC3011144D5
:20F7E00006EB4101405AC0F309006064E16B0844E06300212046FDF722FC94F82400002870
:20F80000ABD0A8690028A8D194F82400216840F08000A1F84C0084F8248032E1018804F538
:20F820000275ADF80010BDF8001009051ED5B0F850302978062202EBC101194406EB4101A6
:20F84000405A04F57B71C0F30903EB61AA88206803F002F82068018840F68F72114001805D
:20F860002046FDF7F8FD0CE1A0E055E0BDF800100904D2D5028840F68F710A40028020680A
:20F88000B0F850302978062202EBC101194406EB4101405A83059B0DEB6101E051E063E0CD
:20F8A00008D0AA886969206802F0D6FFE96968690844686100212046FDF7C8FB2068B0F877
:20F8C0005010891D06EB4101014428693E280CD9C0F34F12C00601D1521E92B24FF6FF70BA
:20F8E00000EA822040F4004009E0C0F34F02C00701D0521C92B24FF6FF7000EA8220086029
:20F90000216808884BF68F72104080F4405048F2800210430880B4E0B0F850202B7806212B
:20F9200001EBC301114406EB4101415AC1F309015FEA010A24D0AA885346696902F08CFFD4
:20F940001EE0B0F85020062303EBC101114406EB4101415AC1F309015FEA010A04D02A89FC
:20F960005346696902F078FF2978206830F8213048F68F72134048F2C002134320F82130C4
:20F98000E96901EB0A00E861696901EB0A026A61AB6913B12869504504D929782046FDF76B
:20F9A00055FB03E029782046FDF7BEFBBDF80000000666D5206804EB471530F8271001EA4D
:20F9C0000B0120F8271095F8320028350028206812D0297830F82120B0F8503052061ED5A1
:20F9E00009EBC101194406EB4101405A83059B0DEB6124D0EA881EE0B0F850302A7809EB89
:20FA0000C201194406EB4101405A83059B0DEB6121D0AA886969206802F035FF1BE00622B7
:20FA200002EBC101194406EB4101405A83059B0DEB6104D02A896969206802F024FF2978DA
:20FA4000206830F8212048F68F731A404CF280031A4320F821202068B0F850202B7809EB6D
:20FA6000C301114406EB4101405AC0F30900E86169690A186A612978AB69204663B1FDF7B9
:20FA80009EFB2068B0F84410ADF8041009043FF565AE0020BDE8FC9FFDF7D1FAF1E7FDF751
:20FAA0007FBD00000EB50A48C16941F08051C161C06900F080500290C02000904FF001106C
:20FAC00001906846FDF7FAFCFDF736FD0EBD0000001002407047000030B50B4A0020094C53
:20FAE00013780146082265186D7835B903FA01F52D0702D522FA01F52843491CC9B2042932
:20FB0000F1D330BD7C0F00208E00002070B5002404F0F8F816490020144B097808221D18F0
:20FB20006D7835B901FA00F52D0702D522FA00F52C43401CC0B20428F1D30E48008800EBF0
:20FB4000001202EB40100C4A02EB8000B0F84400000507D58C4201D1002100E0012196204D
:20FB6000F8F7BEFEBDE8704004F002BE7C0F00208E000020920000203C03002070B50446F8
:20FB80000D46164603F0C8F9002210210D48FDF761F903200C490870200C4870200A887016
:20FBA000CC700A2304220948FEF773FC0A23324629460648FEF7E6FA012210210148FDF739
:20FBC00049F970BD00080140140200205C2F00202DE9F04104460E4617461D4603F09CF95F
:20FBE000002210211448FDF735F9032013490870200C4870200A8870CC700A230422104850
:20FC0000FEF747FC45B901200E49087000200E4908700E49087007E001200C49087000200B
:20FC20000B490870074908703A4631460448FEF79FFBBDE8F08100000008014014020020C9
:20FC40005C2F0020560200205402002057020020550200202DE9F04780460026D0E04FF4EF
:20FC60001C1101EB483106EB061201EB42404FF48072D149FFF782FFFF2500241BE0CE485C
:20FC8000015D04F18000CC4A105C814202D08821CA488155C848005DFF2804D0FF2D02D083
:20FCA0008821C6488155C448005D10B1FF2D00D12546601C84B2802CE1DBFF2D02D1882163
:20FCC000BE4881554FF00009002411E0BA48405D00F0010048B909F1010000F0FF09B64869
:20FCE000405D4010B449485500E003E0601C84B2082CEBDB00BF2846E91705EB9171891056
:20FD0000A5EB8101490301EB89211FFA81FA4FF4241101EB484106EB061201EB424101EB0A
:20FD20000A004FF48062A449FFF728FF4FF4261101EB484106EB061201EB424101EB0A002D
:20FD40004FF480629E49FFF719FF4FF6FF7700241FE09948015D04F58060974A105C814283
:20FD600002D08821954881559348005DFF2806D04FF6FF70874202D08821904881558E48A4
:20FD8000005D20B14FF6FF70874200D12746601C84B2B4F5806FDCDB4FF6FF70874202D129
:20FDA0008821864881554FF00009002411E08248C05D00F0010048B909F1010000F0FF09CD
:20FDC0007D48C05D40107C49C85500E003E0601C84B2082CEBDB00BF2846E91705EB917181
:20FDE0008910890401EBCA0101EBC701494408EB8802744B03EBC20242F82610701CC6B283
:20FE0000042EFFF62CAF0026D1E06F4901EB483106EB061201EB42404FF480726649FFF79B
:20FE2000ADFEFF2500241BE06348015D04F18000614A105C814202D08821604881555E48DD
:20FE4000005DFF2804D0FF2D02D088215B4881555948005D10B1FF2D00D12546601C84B251
:20FE6000802CE1DBFF2D02D18821544881554FF00009002411E05048405D00F0010048B97C
:20FE800009F1010000F0FF094B48405D40104A49485500E003E0601C84B2082CEBDB00BF91
:20FEA0002846E91705EB91718910A5EB8101490301EB89211FFA81FA4FF4281101EB4841D0
:20FEC00006EB061201EB424101EB0A004FF480623949FFF753FE4FF42A1101EB484106EBE2
:20FEE000061201EB424101EB0A004FF480623449FFF744FE4FF6FF7700241FE02E48015DF9
:20FF000004F580602C4A105C814202D088212B4881552948005DFF2806D04FF6FF70874257
:20FF200002D08821254881552348005D20B14FF6FF70874200D12746601C84B2B4F5806F65
:20FF4000DCDB4FF6FF70874202D188211B4881554FF00009002411E01748C05D00F00100EE
:20FF600048B909F1010000F0FF091348C05D40101149C85500E003E0601C84B2082CEBDBDF
:20FF800000BF2846E91705EB91718910890401EBCA0101EBC70101EB090208EB8801094BEA
:20FFA00003EBC101103141F82620701CC6B2042EFFF62BAFBDE8F0872C1200207D0F0020A6
:20FFC0002C160020900F002000102700F0B58F48008800EB80008E4D55F830008B4D2D8875
:20FFE00005EB85058A4E06EBC5056D682844874D2D8805EB850506EBC505AD682844834DA4
:020000040801F1
:200000002D8805EB850506EBC505ED6844197F48008800EB001505EB40107E4D05EB80007A
:20002000807B0A287FD17948008800EB001505EB4010784D05EB8000B0F84C200023734893
:20004000008800EB001505EB4010724D05EB8000B0F84E000004821843F100036B480088A3
:2000600000EB001505EB40106A4D05EB8000B0F85000121C43416548008800EB001505EB4A
:200080004010644D05EB8000B0F85200121C43EB00435E48008800EB001505EB40105D4D3E
:2000A00005EB800090F964004FEAE0764FF00007A0FB045C06FB04C600FB0760AA184341A0
:2000C000524D2D8805EB051606EB4515514E06EB8505A5F85C20100C40EA034085B24B48F0
:2000E000008800EB001606EB40104A4E06EB8000A0F85E504548008800EB001606EB401090
:20010000444E06EB8000A0F860301D0C3F48008800EB001606EB40103E4E06EB8000A0F8A5
:20012000625071E0FFE73948008800EB001505EB4010384D05EB800090F84C1033480088B1
:2001400000EB001505EB4010324D05EB800090F84E0001EB00212D48008800EB001505EBA0
:2001600040102C4D05EB800090F8500001EB00412648008800EB001505EB4010254D05EBA9
:20018000800090F8520001EB00612048008800EB001505EB40101F4D05EB800090F96400BF
:2001A00000FB0411C8B2194D2D8805EB051606EB4515184E06EB8505A5F85C00C1F307258A
:2001C0001248008800EB001606EB4010114E06EB8000A0F85E50C1F307450C48008800EB1E
:2001E000001606EB40100B4E06EB8000A0F86050080E064D2D8805EB051606EB4515054ECF
:2002000006EB8505A5F862000020F0BD92000020900F00203C0300207CB504460D464B208E
:20022000019000200090002210211948FCF712FE4FF47A73012201A91648FEF72AF94FF410
:200240007A73012269461348FEF723F94FF47A73012269460F48FEF71CF94FF47A730122BD
:2002600069460C48FEF715F94FF47A73012269460848FEF70EF94FF47A732A4621460548D6
:20028000FDF780FF012210210148FCF7E3FD7CBD00080140B42F002010B5002418E004EB26
:2002A000041202EB4412314B03EB8201220302F58030C422FFF762FC2D4A02EB4401220324
:2002C00002F58030C6300222FFF758FC601CC4B2102CE4DB022227490020FFF74FFC2548C4
:2002E0000088102802DB0020224908802148008800EB001101EB40101C4901EB800090F8CC
:20030000BC00BB2810D01B48008800EB001101EB4010164901EB800090F8C0001649087051
:200320000846007815490870042215499002FFF725FC13480068401C28B900201049086013
:200340001049087011E00E4800680D490968C1F3074181EA10600A490988C1F30721484037
:200360000749097848400749087010BD3C030020F4010020920000208D0000208E0000200E
:20038000680200205902002010B5002448E000202549098801EB8101244A02EBC10141F864
:2003A000240000212048008800EB800002EBC000103040F824101C4800884FF41C1202EBFA
:2003C000403004EB041200EB42410020FBF738FB15480088164A02EB403004EB041200EB63
:2003E00042410020FBF72CFB0F4800884FF4241202EB404004EB041200EB42410120FBF7F6
:200400001FFB094800884FF4281202EB404004EB041200EB42410120FBF712FB601CC4B27A
:20042000042CB4DB10BD000092000020900F00200010270010B5406A0021C186C187012147
:2004400080F85110416D41F008014165FDF7C1FD10BD10B5406AFEF71BF810BD10B5406A03
:20046000FEF79DFA10BD38B50025ADF80050446A0068006880065FD42068416821F00101A1
:2004800041602068416821F002014160A06AB0F5005F37D10A2300220121204600F0B1F84F
:2004A00018B1606D40F0100060652068C068ADF80000BDF8000001220A231146204600F09A
:2004C000A0F818B1606D40F01000606520688068C043C00616D4204600F091F801280DD1E0
:2004E000606D40F0020060652068016821F4005101602068016841F40051016021686FF0C0
:20050000100088606068B0F5827F0BD1A068B0F5004F02D0B0F5806F04D12068016821F060
:2005200040010160E587012084F85100606D18B12046FDF74EFD38BD2046FDF789FF38BDB8
:2005400038B50025ADF80050446A00680068800651D4A06AB0F5005F22D101220A231146C3
:20056000204600F04EF850B90A2300220121204600F047F818B1606D40F0100060652068AD
:20058000C168ADF80010BDF800108168C943C90606D4616D41F0020161656FF01001816001
:2005A0000A2300220221204600F02BF818B1606D40F0100060652068416821F002014160CF
:2005C0000A2301228021204600F01BF818B1606D40F0100060652068416821F00101416041
:2005E000E586E587012084F85100606D18B12046FDF7EFFC38BD2046FEF7D0F938BD01202C
:2006000070472DE9F0471D4690460E460446FCF727FC07465FEA08004FF000084FF4005A67
:200620004FF0010926D034E0681C23D025B1FCF717FCC01BA8421DD92068416821F0E00136
:2006400041602068016821F040010160A06A504509D12068016821F4005101602068016833
:2006600041F40051016084F8519084F850800320BDE8F0872068806836EA0000D4D10DE089
:20068000681C06D0002DD7D0FCF7EAFBC01BA842D2D82068806836EA0000F1D00020E7E7A6
:2006A00070B504460D46164602F036FC02F084FC002210210E48FCF7CDFB02200D49087032
:2006C000200C4870200A8870CC704FF47A7304220948FDF7DEFE4FF47A73324629460648FC
:2006E000FDF7D7FE012210210148FCF7B3FB70BD00080140140200205C2F002070470000E5
:2007000010B5002449E026480078A04000F00800002841D02348005D98B92348008800EBD9
:200720008000224901EBC00050F82400401C1E49098801EB81011D4A02EBC10141F8240081
:2007400014E01948008800EB8000184901EBC000103050F82400401C1349098801EB8101E1
:20076000124A02EBC101103141F824000D48005D48B9E0B202F09AF80A48005D60B1012026
:200780000B49087008E0E0B202F090F80548005D10B1012006490870641C042CB3DB10BD3B
:2007A0008E0000207D0F002092000020900F00208B0000202DE9F047ADF5016D06460F46C5
:2007C0004FF00008002500207F49087030788DF80C0070788DF80D00B0788DF80E00F07877
:2007E0008DF80F00802204A94FF44050FFF7C6F9002416E004A8005D10B104F0FF0812E0BD
:200800007F2C0CD104A8005D48B94FF440510020FBF716F94FF400510020FBF711F9601C25
:2008200084B2802CE6DB00BF002412E004A810F8080000F0010018B104EBC800C5B20AE0B2
:2008400004A810F80800401004A901F80800601C84B2082CEADB00BF04225C499002FFF721
:200860008DF9002451E0E11704EB91518912A4EB812139B904F500504FF480620DF58261C3
:20088000FFF77CF99DF80C000DF58261095D884236D19DF80D100DF58262601C105C8142ED
:2008A0002ED19DF80E10A01C105C814228D19DF80F10E01C105C814222D11046005D387075
:2008C0001146601C085C7870A01C085CB870E01C085CF8700420C0EB8500A0420CD13B4853
:2008E00000683B490968884206D10120364908700DF5016DBDE8F087022033490870F7E762
:20090000002031490870201D84B2B4EB850FAADB2D480078F0BB2846E91705EB5171C91009
:20092000A5EBC10201219140C9B202919DF80800C043C0B202902846E91705EB5171C910C6
:20094000A5EBC102FF2191409DF8082001EA0209AA46E91705EB5171C91001F5405001227C
:2009600002A902F003FBE91705EB5171C91001F54050012201A9FFF701F99DF804008145AF
:2009800020D14FF4005101EB8500042203A902F0EDFA00E016E04FF4005101EB85000422B5
:2009A0003946FFF7EBF84FF480510020FBF748F804220749900202F0D9FA042204499002A7
:2009C000FFF7DCF8002093E758020020740200206802002070B5FE49B1F8141101EB0112E0
:2009E00002EB4111FB4A02EB8100C421F7F7B5FD00240FE0F6481430005DF549B1F8141182
:200A000001EB011202EB4111F24A02EB81010855601CC4B20E2CEDDBED4890F82200EC4988
:200A2000B1F8141101EB011202EB4111E94A02EB81018873E64890F82300E549B1F8141138
:200A400001EB011202EB4111E24A02EB8101C873DF4890F82400DE49B1F8141101EB0112BB
:200A600002EB4111DB4A02EB81010874D84890F82500D749B1F8141101EB011202EB41112E
:200A8000D44A02EB81014874D148D0F82600D049B1F8141101EB011202EB4111CD4A02EBDD
:200AA00081014861CA48408DC949B1F8141101EB011202EB4111C74A02EB81010883C448F7
:200AC000808DC349B1F8141101EB011202EB4111C04A02EB81014883BD48B0F8140100EB00
:200AE000001101EB4010114601EB8001B848D0E90E35426B006CC1E90A354A6208630024AC
:200B000012E004F13000B2491431095CB048B0F8140100EB001202EB4010AE4A02EB8000C5
:200B200034300155601CC4B2102CEADBA848B0F85400A749B1F8141101EB011202EB411120
:200B4000A44A02EB8101A1F86600A148B0F856009F49B1F8141101EB011202EB41119D4A77
:200B600002EB8101A1F868009948B0F858009849B1F8141101EB011202EB4111954A02EB6B
:200B80008101A1F86A009248B0F85A009049B1F8141101EB011202EB41118E4A02EB8101C8
:200BA000A1F86C008A48B0F85C008949B1F8141101EB011202EB4111864A02EB8101A1F8A4
:200BC0006E008348B0F85E008149B1F8141101EB011202EB41117F4A02EB8101A1F87000BF
:200BE0007B48B0F860007A49B1F8141101EB011202EB4111774A02EB8101A1F84400744892
:200C000090F862007249B1F8141101EB011202EB4111704A02EB810181F846006C48D0F8BF
:200C200063006B49B1F8141101EB011202EB4111684A02EB81018864002437E06000533066
:200C400063491431095A6248B0F8140100EB001202EB40105F4A02EB80004C3020F81410D1
:200C600060005B305A491431095A5948B0F8140100EB001202EB4010564A02EB8000543015
:200C800020F814106000633051491431095A5048B0F8140100EB001202EB40104D4A02EBD0
:200CA00080005C3020F81410601CC4B2042CC5DB474890F87F0040B24549B1F8141101EB5A
:200CC000011202EB4111434A02EB810181F864003F48B0F880003E49B1F8141101EB0112E6
:200CE00002EB41113B4A02EB810188833848B0F882003749B1F8141101EB011202EB411180
:200D0000344A02EB8101C8833148B0F884003049B1F8141101EB011202EB41112D4A02EB0D
:200D2000810108842A48B0F886002949B1F8141101EB011202EB4111264A02EB81014884DC
:200D40002348D0F888002249B1F8141101EB011202EB41111F4A02EB810188671C48B0F88E
:200D60008C001B49B1F8141101EB011202EB4111184A02EB8101A1F872001548B0F88E0008
:200D80001349B1F8141101EB011202EB4111114A02EB8101A1F874000D4890F890000C4952
:200DA000B1F8141101EB011202EB4111094A02EB810181F8BC00064890F891000449B1F8D3
:200DC000141101EB011202EB4111024A04E00000782500203C03002002EB810181F8BD00BF
:200DE000484890F892004749B1F8141101EB011202EB4111444A02EB810181F8BE004148F0
:200E000090F893003F49B1F8141101EB011202EB41113D4A02EB810181F8BF00002011E0E4
:200E200000F18001374A1432525C3649B1F8141101EB011303EB4111334B03EB81017C31A3
:200E40000A54401C4028EBDB2E4890F8D4002D49B1F8141101EB011202EB41112A4A02EBF5
:200E6000810181F8C00000202649B1F81411274A22F811002348B0F814014FF4803202EBB4
:200E800000310020FAF7DCFD1E4AB2F8142102EB021303EB42121C4B03EB8201194AB2F8C7
:200EA00014214FF4803303EB0230C42202F05EF81449B1F814114FF4803202EB013101F188
:200EC000C40002220F49103102F050F80D4AB2F814210E4B03EB42010A4AB2F814214FF421
:200EE000803303EB023202F1C600022202F03EF800210846FAF7A4FD02220549002002F093
:200F000035F870BD782500203C030020F40100208C2600200125642002F0B3F894E04B4826
:200F2000006808B1012DF9D14848006808B1012DF4D100204649087002F064F90025FF203A
:200F400000F088F8FF2000F0B1F8FA2002F099F800240DE0552000F07DF8FA2002F091F84C
:200F6000AA2000F077F8FA2002F08BF8601CC4B2022CEFDBFF2000F06DF8FAF7E9FD344907
:200F80000870084601780620FAF768FC3048007840B901F0B5FE2E49087008460178012033
:200FA000FAF75CFC2A48007840B901F01BFF28490870084601780220FAF750FC2448007807
:200FC00040B903F05DFC22490870084601780320FAF744FC1E480078A0B9F7F701FD002487
:200FE00008E01B48401C005D18B104F130001849087001E0042CF4DB00BF1548017804208D
:20100000FAF72CFC1248007818B1AA2000F022F802E0552000F01EF8FA2000F047F84FF45F
:20102000C87002F02EF8F52000F040F84FF4C87002F027F8FF2000F039F84FF4C87002F0EA
:2010400020F8F02000F032F869E70000040121427C0F00202DE9F0410026134C0546B046DE
:201060000127280602D5C4F8A07101E0C4F8A0816806050E022002F025F8C4F8A87102200F
:2010800002F020F8C4F8A881022002F01BF8761CF6B2082EE5D3C4F8A4710A2002F012F81B
:2010A000C4F8A481BDE8F081000021422DE9F0410026134C0546B0460127280602D5C4F8E0
:2010C0009C7101E0C4F89C816806050E022001F0F9FFC4F8A471022001F0F4FFC4F8A48105
:2010E000022001F0EFFF761CF6B2082EE5D3C4F8A0710A2001F0E6FFC4F8A081BDE8F08107
:20110000008021422DE9F0470025DFF85490154E04462F464FF00108200602D5C9F8B48162
:2011200001E0C9F8B4716006040E022001F0CAFFC6F88481022001F0C5FFC6F88471022025
:2011400001F0C0FF6D1CEDB2082DE5D34C46C9F8B8810A2001F0B6FFC4F8B871BDE8F0876D
:20116000000022420080214200B50749098801EB011202EB4111054A02EB810191F8BD0050
:20118000F8F7ACFA00BD0000920000203C0300200C4810B5008800EB001101EB40110A48C0
:2011A00000EB81004FF4805190F8BF200748012A00D00AB9FBF74EFEBDE810400A2001F0ED
:2011C00060BF0000920000203C030020000C014010B5FBF74BFEBDE81040FDF7F6BB30B513
:2011E00093B001210804CDE900100024029402250491CDE907504FF4E01009906846FCF7C8
:2012000029FC00B1FEE70F20CDE90A054FF48060CDE90C4002210AA80E94FCF7DDFA00B108
:20122000FEE712200F904FF40040CDE911040FA8FCF73CFA00B1FEE74FF0E020046113B0CD
:2012400030BD00000D48016841F00101016041680B4A1140416001680A4A11400160016887
:2012600021F480210160416821F4FE0141604FF41F018160054904480860704700100240AA
:201280000000FFF8FFFFF6FE0084000808ED00E00148FDF73CBD0000483000200148FDF7F9
:2012A00036BD00000C300020F0B50268144B154C154D4FF08047984205D0B84203D0A0424A
:2012C00001D0A84203D122F070064A683243984205D0B84203D0A04201D0A84203D122F4CD
:2012E0004074CA68224302608A68C2620A688262984201D10969016301214161F0BD0000E2
:20130000002C0140000400400008004010B50123046A8B409C430462036A8A40134303627B
:2013200010BD10B5406A0021C185C184012180F83910C16B41F01001C163FDF7D0FD10BDC2
:2013400010B50146406A0968096889060ED40021C18501684A6922F040024A6190F8391031
:20136000322906D05FF0010180F83910FDF746FF10BD1221F8E710B5406AFDF77BFF10BD68
:2013800010B50146406A0968096889060CD40021C18401684A6922F080024A610068C168F4
:2013A00041F04001C16010BDFDF7AEFF10BD10B5406AFDF7AAFF10BD114908B54A6942F08A
:2013C00001024A61496901F0010100910D4901F1380211634A620860102048600020802285
:2013E000C1E902020861486188615001C8610846FBF7B0F9BDE808400248FBF775BB000088
:2014000000100240DC31002010B590F83910222903D0322901D0022010BD8168B1F5805F10
:2014200011D00169002901681FD0496801F07F03816A4A1C82620B70C18D491E0904090C35
:20144000C18518D030E00269816A002A0268526805D0D2B20A80816A491C8162ECE7C2F30C
:2014600008020A80816A891CF7E74A68816A4B1C83620A70E0E70168CA6822F02002CA6047
:2014800090F83910322911D00168CA6822F48072CA6001684A6922F001024A615FF0010145
:2014A00080F83910FDF7AAFE002010BD1221F7E72DE9F041044600680169E26821F440517E
:2014C000114301612169A0680843616908432168CA6841F20C639A430243CA602068416989
:2014E000A26921F44071114341614C4920686425322688423CD1FCF751FA00EBC00101EB7A
:20150000001061688900B0FBF1F7FCF747FA00EBC00101EB00106168B0468900B0FBF1F026
:20152000B0FBF5F06FF01801484307EB800106EB0110B0FBF5F000F0F006FCF72FFA00EB26
:20154000C00101EB001061688900B0FBF1F0B0FBF5F006EB0016FCF721FA00EBC00101EBB3
:20156000001061688900B0FBF1F7FCF717FA3BE0FCF7FCF900EBC00101EB00106168890075
:20158000B0FBF1F7FCF7F2F900EBC00101EB00106168B0468900B0FBF1F0B0FBF5F06FF06F
:2015A0001801484307EB800106EB0110B0FBF5F000F0F006FCF7DAF900EBC00101EB00102E
:2015C00061688900B0FBF1F0B0FBF5F006EB0016FCF7CCF900EBC00101EB001061688900E4
:2015E000B0FBF1F7FCF7C2F900EBC00101EB001061688900B0FBF1F0B0FBF5F06FF018011C
:20160000484307EB800108EB0110B0FBF5F0216800F00F0030448860BDE8F08100380140C5
:2016200090F83910122903D0322901D0022070478168B1F5805F016A0BD04A1C02620268DE
:2016400009785160C18C491E0904090CC1840ED017E009880268C1F308015160016900296C
:20166000016A02D0491C0162ECE7891CFBE70168CA6822F08002CA600068C16841F04001AF
:20168000C160002070472DE9F0471D4690460E460446FBF7E5FB07465FEA08004FF0000976
:2016A0004FF0010808D030E0681C05D095B1FBF7D7FBC01BA8420DD82068006836EA0000DD
:2016C000F2D127E0681C20D025B1FBF7C9FBC01BA8421AD92068C16821F08001C16020689C
:2016E000C16821F02001C1602068C16821F48071C1602068416921F00101416184F839807A
:2017000084F838900320BDE8F0872068006836EA0000D7D00020F6E710B50848FDF7E4FBAA
:201720000648FDF7DDFB0128FAD1012204490348FDF720FD0028F8D110BD000014320020AB
:201740000C030020D0F81802002180F850100846704770B5D0F818420546204603F0F4F8A3
:20176000402322460221284600F037FB002070BD10B50446812100F03AFA0221204600F050
:2017800036FAD4F8180250B1D4F81C0204F5067480688047206800F041FD002020600020B0
:2017A00010BD10B5D0F81842E16C012908D1D0F81C0223786178C268184690470020E06408
:2017C000002010BD2921018000487047400000200A210180004870477800002070B506463E
:2017E000002540230322812100F0E4FA402303220221304600F0DEFA542000F011FDC6F8B3
:20180000180278B10446002084F85000D6F81C0240688047402322460221304600F0DDFAC9
:20182000284670BD0125FBE702460220002902D00020C2F81C12704770B500220D78D0F84D
:201840001832144615F0600526D0202D4CD14A78921E0A2A1CD2DFE802F010081B1B1B1B49
:201860001B140C05887818643EE0012203F1400131E04888000A586436E0012203F144011D
:2018800029E00122DA648A79194600F053F82BE000F045F8022070BD4D78062D04D00A2DB7
:2018A0001CD00B2D20D11DE04B882225B5EB132F07D1CA881D2A00D91D22D0F81C120C6827
:2018C00008E02125B5EB132F04D1CA88074C092A00D90922214600F047F805E0012203F1B5
:2018E0004801F8E788789864002070BD6C00002010B5D0F8142252689047002010BD134651
:2019000010B50A46002100F068FA002010BD134610B50A46002100F00AFB002010BD10B51C
:201920000446802100F0DAFA2046BDE81040002100F0D4BA10B50323C0F80821C0F8F43155
:20194000C0F80C2113460A46002100F046FA002010BD10B505210023C0F8F4111A46194631
:2019600000F03BFA002010BD10B502238261C0F8F431C26113460A46002100F0D8FA0020DC
:2019800010BD10B504210023C0F8F4111A46194600F0CDFA002010BD10B50A46024903A04A
:2019A00000F0DDF8004810BD2C2D0020437573746F6D2048494420436F6E666967000000EE
:2019C0001220088000487047C802002010B50A46024903A000F0C3F8004810BD2C2D002028
:2019E000437573746F6D2048494420496E746572666163650000000004200880004870471B
:201A0000C402002010B50A46024903A000F0A7F8004810BD2C2D0020492D434F5245000021
:201A200010B50A46024903A000F099F8004810BD2C2D00204D43552050524F4752414D4D2A
:201A4000455220315634000010B50A46024903A000F085F8004810BD2C2D00203030303056
:201A6000303030303030314100000000F8B5044648880D46010A082954D2DFE801F0530449
:201A8000091753534951D4F81012207C0A6819E0207C02260028D4F8140205D0C16A684675
:201AA0008847014646704AE0816AF8E7C1B2062926D2DFE801F0030A0F14191ED4F81012BF
:201AC000207C4A686946904718E0D4F81012207C8A68F7E7D4F81012207CCA68F2E7D4F87F
:201AE0001012207C0A69EDE7D4F81012207C4A69E8E7D4F81012207C8A69E3E701461EE049
:201B0000C1B2D4F814026A46836B20469847F5E7207C38B9D4F81402416B68468847EDE745
:201B2000207C20B129462046FFF7F9FEF8BDD4F81402016B68468847014607204870BDF81B
:201B400000000028F2D0EA88002AEFD0824200D90246ADF800202046FFF706FFF8BD70B55B
:201B6000002300281DD00446002502E06D1CEDB2641C2678002EF9D1022404EB45041480AC
:201B8000CC545B1C0322CA5400245B1C06E0CA545B1CDAB28C54521CD3B2401C0278002AF6
:201BA000F5D170BD10B580B1D0F8143213B10023C0F8143209B1C0F81012012180F8FC110E
:201BC000027000F0AFF8002010BD022010BD10B50024D0F82002FBF761FA30B1012801D025
:201BE000022801D0022400E00124204610BD10B50024D0F82002FBF731FA30B1012801D0C1
:201C0000022801D0022400E00124204610BD2DE9F0411746044641B1D4F8140242698AB3C1
:201C200094F8FC01032842D043E0D4F8F411002504F11400022933D1D0E902639E4207D9AF
:201C4000F31A83609AB239462046FFF760FE12E04068B0FBF3F103FB1101A1B9984212D3BD
:201C6000D4F8F81188420ED2002211462046FFF74EFEC4F8F85100231A461946204600F087
:201C8000ACF80DE012E0D4F81402C16829B194F8FC01032801D1204688472046FFF759FE6E
:201CA00094F80002012804D184F8005201E0204690470020BDE8F08170B51546044641B1BA
:201CC000D4F8140282693AB394F8FC01032824D025E0D4F8F41104F5827003291FD1D0E90C
:201CE00002218A420BD9531A83600846834200D303469AB229462046FFF701FE0FE0D4F8C1
:201D00001402016929B194F8FC01032801D1204688472046FFF735FE01E0204690470020E1
:201D200070BD000010B51A490446C1F81C04C0F8201218480860082048600220886003207C
:201D4000C86000208861C86108620846FBF7DCFA08B1F9F7B5FE0022D4F8200218231146AB
:201D600004F50874FBF750F95823002280212068FBF74AF99823002281212068FBF744F982
:201D8000D823002202212068FBF73EF9002010BD0C290020005C00400A06D0F8200201F089
:201DA0007F0100EB411002D590F82A00704790F80A02704770B51D4613460024D0F82002ED
:201DC0002A46FBF78FF930B1012801D0022801D0022400E00124204670BD10B50024D0F8D4
:201DE0002002FBF7A1F930B1012801D0022801D0022400E00124204610BD70B50022044670
:201E000040231146FFF7D6FF40252B46002280212046C4F81051FFF7CDFF0120256284F83B
:201E2000FC01D4F8180228B1D4F814022179426820469047002070BD90F8FD1180F8FC111B
:201E40000020704710B590F8FC11032904D1D0F81412C96901B18847002010BD017400202D
:201E6000704710B50024D0F82002FBF7E0FA30B1012801D0022801D0022400E001242046A5
:201E800010BD70B5044600F50270054600F05FF80120C4F8F401B4F80E02C4F8F80194F83E
:201EA000080210F01F010AD001290DD0022910D000F08001204600F011F8002070BD294680
:201EC000204600F0AAF8F8E72946204600F08CF9F3E72946204600F019F9EEE710B5002472
:201EE000D0F82002FBF740F930B1012801D0022801D0022400E00124204610BD10B50024B0
:201F0000D0F82002FBF7AEFA30B1012801D0022801D0022400E00124204610BD90F8FC1174
:201F200080F8FD11042180F8FC110020704710B50024D0F82002FBF742F930B1012801D0BF
:201F4000022801D0022400E00124204610BD0A7802704A7842708A78CB7802EB03224280A7
:201F60000A794B7902EB032282808A79C97902EB0121C18070470246002011B1C2F81412B0
:201F800070470220704710B5D0F8142202241AB11268904700B90024204610BD70B50E4623
:201FA0001A4D897804462970012928D894F8FC01022802D0032822D105E099B103206160F6
:201FC00084F8FC0109E091B1606888420AD0C1B22046FFF78DFC297861602046FFF7D3FF09
:201FE00002280CD02046BDE87040FFF7CABC022084F8FC0120466160FFF77AFCF2E7314626
:202000002046BDE87040FFF78ABC00000000002010B5FFF773FF002010BD2DE9F0414B7885
:202020004FF000080125022642460A2B42D2DFE803F03B56414F410805412926FFF716FD78
:2020400061E004468888C0B9C888B0B9887800F07F0794F8FC0103280FD084F8FE71394640
:202060002046FFF7FEFE2046FFF78BFC17B184F8FC6148E084F8FC5145E020461AE0FFF718
:202080008DFF40E0CB88012B14D190F8FC31022B02D0032B0ED104E08260012200F108018C
:2020A00013E00122011D10E090F8FC31022B04D0032B02D0FFF733FC25E0C260D0F804121C
:2020C00001B1C660022200F10C01FFF74DFC1AE004464888012816D1C4F804520BE004465C
:2020E00090F8FC01022801D00328C6D14888012809D1C4F80422D4F81402826820469047E0
:202100002046FFF73EFC4046BDE8F08170B50D460446287800260979C0F34110012806D080
:202120006878A0B301281FD003283FD107E0D4F814022946826820469047002070BD94F8E1
:20214000FC01022817D003282CD1688828B921B1802902D02046FFF7C1FED4F814022946BF
:2021600082682046904713E094F8FC01022802D0032817D103E0C9B180291BD116E06888D5
:20218000A0B9480604D02046FFF721FDE5E703E02046FFF7F6FB09E094F8FC01022807D0DB
:2021A00003280BD029462046FFF7B9FB304670BD4806FBD02046FFF791FEF7E7080601F016
:2021C0007F0004EB001501D5143501E005F582752046FFF7E1FD00B1012028600222294664
:2021E0002046FFF7C1FBE1E770B5054690F8FC010C4603280DD1207901280AD8D5F8140228
:20220000826828469047E08830B92846FFF7B9FB02E02846FFF783FB002070BD704700005E
:2022200000487047B42800202DE9F047CC780A7848F68F1334B1012C6DD0022C08D0032C2C
:2022400013D10BE030F822401C4044F400730AE030F822401C4020F8224006E030F8224064
:202260001C4044F4C06320F822300C7830F8245048F68F72154048F280031D43254320F8EC
:2022800024508D7A48F6BF7904274BF68F7A48F2C0044CF28006EDB30D7830F825C048F2AA
:2022A00080180CEA020C4CEA080C20F825C0CD88B0F850C025F0010591F800800CEBC80C3F
:2022C00000EB4C0CCCF800540D89B0F850C025F0010591F8008007EBC807674400EB47078C
:2022E000C7F800544D78002D0D7830F825704FEA47477DD0002F05DA30F8257017403743E7
:2023000020F825700D7830F825707F0608D530F8257001E024E01DE01740274320F825705F
:202320000C7830F824501540354320F824500C7830F8242002EA09021A4320F824200A7802
:2023400030F8221001EA0A01194320F822100020BDE8F08730F822401C4044F4806382E7E1
:202360004D78F5B18D88B0F8506025F001050F7806EBC70600EB4606C6F800540D7830F82F
:202380002560760605D530F825601640264320F825600A7830F8221001EA090181F02001F6
:2023A000D2E78C88B0F8505024F0010491F800C007EBCC073D4400EB4505C5F80044B0F882
:2023C00050400D78062707EBC5052C4400EB44070C694FF6FF7C07F580673E2C0CD9C4F33B
:2023E0004F15E40601D16D1EADB20CEA852400E01EE044F4004407E0C4F34F05E40701D02C
:202400006D1CADB20CEA85243C600C7830F824506D0405D530F824501540354320F8245039
:202420000A7830F8221001EA0A0181F440518BE7002F05DA30F825701740374320F8257009
:202440000D7830F82560760605D530F825601640264320F825600E7830F82650154025430A
:2024600020F826500C7830F8242002EA0A0282F440521A4320F824200A7830F8221001EA5E
:20248000090161E7002070472DE9F04391F80A8091F801C00A7848F6BF774BF68F7948F2F4
:2024A000800348F2C0054CF2800648F68F74B8F1000F2ED0BCF1000F30F822C04FEA4C4C48
:2024C0004ED0BCF1000F07DA30F822C00CEA040C4CEA060C20F822C00A7830F822C05FEA1A
:2024E0004C6C07D530F822C00CEA040C4CEA050C20F822C00A7830F822502540354320F8E6
:2025000022500C7830F824203A401A4320F824201BE0BCF1000F0ED030F82260760605D591
:2025200030F8226026402E4320F822600A7830F8221039400EE030F822506D0405D530F830
:2025400022502540354320F822500A7830F8221001EA0901194320F822100020BDE8F083F3
:20256000BCF1000F07DA30F822C00CEA040C4CEA060C20F822C00A7830F82260760605D5EA
:2025800030F8226026402E4320F822600E7830F8262022402A4320F826200C7830F824200F
:2025A00002EA09021A4320F82420BFE70020704700207047012120F8401F002101808180DB
:2025C00001820846704730F8401F21F43D410180002070470020704730B54D780A78002DD1
:2025E00048F68F7430F8225048F2800312D06D0607D530F82250254048F2C004254320F895
:2026000022500A7830F8221048F6BF74214081F0300111E06D0407D530F8225025404CF27D
:202620008004254320F822500A7830F822104BF68F74214081F44051194320F822100020D7
:2026400030BD10B50A7848F2800352B14978002930F8221010D048F6BF74214081F010010E
:202660000FE001884BF6BF72114081F4805181F010011943018007E04BF68F74214081F479
:202680008051194320F82210002010BD2DE9F0410D460646896995F801C00023AA7A022740
:2026A00028690C4648F28008BCF1010F05D0814252D90446081AA8614FE0814203D9044668
:2026C000081AA86100E0AB617AB1287836F820104906B6F8501007EBC000084406EB40002E
:2026E000C0F8004412D52A8911E0A3B2AA883046696900F0C8F8B6F85000297807EBC10181
:20270000084406EB4000C0F800441CE0EA88A3B23046696900F0B7F8687848F68F7110B1B7
:20272000012807D00FE0287836F820200A4048F2C00105E0287836F820200A404CF280015B
:202740000A4326F82020297836F8210048F6BF72104080F0300067E0AB6106234FF6FF704F
:202760001AB1BCF1000F1BD056E0B6F850102A783E2C03EBC202114406EB410202F5806283
:2027800039D9C4F34F11E30632D000BF00EA812040F4004002E000BF00EA812010603BE0B0
:2027A000B6F850102A783E2C07EBC202114406EB410202F580620BD9C4F34F115FEAC46C73
:2027C00001D1491E89B200EA812141F4004108E0C4F34F015FEAC47C01D0491C89B200EAB0
:2027E0008121116069780029BFD001290AD013E0491E89B2CAE7C4F34F01E307CCD0491CF1
:2028000089B2C9E7B6F85000297807EBC101084406EB4000C0F80044297836F821004BF6D0
:202820008F72104080F4405040EA080026F821000020BDE8F08130F8401F41F43D410180E1
:20284000002070470148FAF7D9BC00000C290020B0F84400704700005B1C00EB42005B08D3
:2028600000F5806006D000BF30F8042B21F8022B5B1EF9D170470020704711B98021A0F87D
:202880004C100020704710B55B1C00EB42005B0800F5806009D011F8012B5B1E11F8014B88
:2028A00042EA042220F8042BF5D110BD2DE9FC410446FE48008800EB8000FD4901EBC00024
:2028C00050F8240000287CD0F848008800EB800001EBC00050F82400401EC0F3CE05F348AE
:2028E000008800EB800001EBC00010F82400401E00F007060120B040C043C0B20190FF207C
:20290000B0409DF8041000EA0107E84909884FF4241202EB414104EB041201EB42414819AD
:20292000012201A900F022FBE04909884FF4241202EB414104EB041201EB42414819012223
:202940006946FDF71BF99DF80000B84202D08821D8480155D54909884FF4261202EB4141A7
:2029600004EB041201EB42414819012201A900F0FDFACE4909884FF4261202EB414104EB4D
:20298000041201EB4241481901226946FDF7F6F89DF80000B84202D08821C6480155C34824
:2029A000008800EB8000C24901EBC00030F82400C0F30C00002804D1BC48008800EB80006E
:2029C00000E07CE001EBC00050F82400401E050CB648008800EB800001EBC00030F824004B
:2029E000401EC0F342360120B040C043C0B20190FF20B0409DF8041000EA0107AB49098808
:202A00004FF41C1202EB413104EB041201EB42414819012201A900F0A9FAA44909884FF4F0
:202A20001C1202EB413104EB041201EB4241481901226946FDF7A2F89DF80000B84202D073
:202A400088219C480155994909889B4A02EB413104EB041201EB42414819012201A900F04A
:202A600085FA92490988944A02EB413104EB041201EB4241481901226946FDF77FF89DF887
:202A80000000B84202D088218A4801558748008800EB8000864901EBC00050F82400C0F33D
:202AA000110060B9814800884FF4241202EB404004EB041200EB42410120F8F7C1FF7B48AF
:202AC000008800EB80007A4901EBC000103050F8240000287DD07548008800EB800001EBD7
:202AE000C000103050F82400401EC0F3CE056F48008800EB800001EBC000103010F82400C4
:202B0000401E00F007060120B040C043C0B20190FF20B0409DF8041000EA0107634909885C
:202B20004FF4281202EB414104EB041201EB42414819012201A900F019FA5C4909884FF48B
:202B4000281202EB414104EB041201EB4241481901226946FDF712F89DF80000B84202D0C6
:202B6000882154480155514909884FF42A1202EB414104EB041201EB42414819012201A9FF
:202B800000F0F4F9494909884FF42A1202EB414104EB041201EB4241481901226946FCF7AD
:202BA000EDFF9DF80000B84202D08821414801553E48008800EB80003D4901EBC000103055
:202BC00030F82400C0F30C00002802D13748008800E08DE000EB800001EBC000103050F8FC
:202BE0002400401E050C3148008800EB800001EBC000103030F82400401EC0F342360120F4
:202C0000B040C043C0B20190FF20B0409DF8041000EA010725490988284A02EB413104EB55
:202C2000041201EB42414819012201A900F09EF91E490988214A02EB413104EB041201EBA7
:202C40004241481901226946FCF798FF9DF80000B84202D088211748015514490988174A26
:202C6000803202EB413104EB041201EB42414819012201A900F07AF90C4909880F4A80324D
:202C800002EB413104EB041201EB4241481901226946FCF773FF9DF80000B84202D08821BF
:202CA00004480155014800880AE0000092000020900F00207D0F00208000270000102700BC
:202CC00000EB80000B4901EBC000103050F82400C0F3110060B9084800884FF4281202EBBE
:202CE000404004EB041200EB42410120F8F7A8FEBDE8FC81900F002092000020FEE70000B3
:202D000070B53548F9F712FA0A203449086001204860052088603048F9F76CFA00224FF4FD
:202D200080512F48FAF796F8962000F0AAF92A48F9F772FC32212848F9F7D6FB2648F9F7D1
:202D40000DFB85B240F6E44105FB01F0C11700EB115109134FF6FF7202EA410441F29410E9
:202D6000844234DD41F25040844230DA012211031B48FAF76FF8962000F083F91648F9F787
:202D80004BFC32211448F9F7AFFB1348F9F7E6FA85B240F6E44105FB01F0C11700EB1151D0
:202DA00009134FF6FF7202EA410400224FF480510B48FAF74FF8962000F063F9B4F5616FD4
:202DC00003DC40F6B830844203DA102070BD1120FCE70020FAE700002C2F00206C250020B5
:202DE000000C01402DE9F04186B02646700001F077FC0546434B0FCB8DE80F0000224FF42D
:202E000080514148FAF726F8962000F03AF90F203E4908700020FEF775F9322000F031F953
:202E20003A480078F5F7AEFD07093846FEF76AF9962000F026F900245CE03548F9F776F91A
:202E40005DF824003349086001204860052088602F48F9F7CFF92E48F9F7DEFB32212C480A
:202E6000F9F742FB2A48F9F779FA25F8140035F8141040F6E44201FB02F0C11700EB11515F
:202E800009134FF6FF7202EA410104AA22F8141004A830F8140041F25041884206DC04A842
:202EA00030F8140041F29411884221DA0020FEF729F91E2000F0E5F814480078F5F762FDD8
:202EC00000F0F0084046FEF71DF9142000F0D9F80020FEF717F900200C49087004F120005D
:202EE000C7B2284601F096F8384606B0BDE8F081601CC4B2042CA0DB284601F08BF8002083
:202F0000F3E70000B4510108000C01408E0000202C2F00206C2500201CB5FF2001900520FC
:202F20000090002210210F48F9F794FF0DE04FF47A73012269460C48FBF7ABFA4FF47A73CA
:202F4000012201A90848FBF71DF99DF8040000F001000028EBD1012210210248F9F77AFFD7
:202F60001CBD0000000801405C2F00202DE9F04781468A461546C846FFF7CEFF00F01CF870
:202F8000002414E008F0FF0080F0FF00461C281BB04201DD374601E0281B87B20AEB04016A
:202FA0003A464046FDF77CFBE01984B2B844AC42E8DBBDE8F087000008B506200090002213
:202FC00010210848F9F746FF4FF47A73012269460548FBF75EFA012210210248F9F73AFFDB
:202FE00008BD0000000801405C2F002002E008C8121F08C1002AFAD170477047002001E008
:2030000001C1121F002AFBD1704770B54FF6FC71B0B1012813D12923020201F023F800254A
:2030200000240020F5F70CFC641CA4B2FF2CF8D90A2000F047F86D1CADB2292DF0D370BDFF
:203040000C23C022012001F00DF8002400250020F5F7F6FB6D1CADB2C02DF8D30A2000F048
:2030600031F8641CA4B20C2CF0D370BD10B500F007F810BD0020401C80B26428FBD37047E9
:20308000704741F672710B4603E0491E89B2FCD21946401EF9D2704742F2283148434FF025
:2030A000E021486100208861086940F001000861012008610A69D203FBD5086920F001002E
:2030C00008617047A8B100EBC0014FF0E0200839416100218161016941F001010161012185
:2030E00001610269D203FBD5016921F001010161704700BF00BF00BF00BF00BF00BF00BF8F
:2031000000BF00BF00BF00BF00BF00BF00BF00BF00BF00BF704700002DE9F04107461D468B
:2031200014460E463020F5F771FBF020F5F76EFB2846F5F785FB102D02D0112D0BD104E0ED
:20314000761F0223B1B2082202E0022308223146384600F087FF202C02D3203CE0B200E09D
:2031600000200A49002501EB0016002404EBC500305CF5F765FB641CA4B2082CF6D36D1CA9
:20318000ADB2022DF1D3BDE8F08100005056010870B5054616460C463020F5F737FBF0207C
:2031A000F5F734FB1020F5F74BFB641FA1B202231022284600F056FF002500243078F5F7D5
:2031C0003FFB641CE4B2761C102CF7D36D1CEDB2022DF2D370BD2DE9F04798461646894668
:2031E00005460024089F08E0325D434649462846FFF792FF0835ADB2641CBC42F4DBBDE8A7
:20320000F087000010B50FA18AB00FC901AC84E80F0010A305AC0FCB84E80F000020FFF7B9
:20322000F4FE1024234601AA032120200094FFF7D2FF102305AA052120200094FFF7CBFFF9
:203240000AB010BD202020204175746F546573742020202020506C6561736520576169747F
:20326000696E67207FB513A20C46054607CA01AB83E8070013481249008831F8101061B9DA
:2032800000EB001101EB40100F4902AA01EB80000421B0F8720001F0A7FA01A8F5F768F9BF
:2032A000C0B20090102301AA21462846FFF793FF7FBD00004352433A202020200000000003
:2032C000F4010020920000203C03002010B50FA18AB00FC901AC84E80F0010A305AC0FCBDB
:2032E00084E80F000020FFF790FE1024234601AA032120200094FFF76EFF102305AA052104
:2033000020200094FFF767FF0AB010BD20202020434845434B2049432020202020506C65AB
:203320006173652057616974696E67200E4A117820B1012908D9491E117007E0032901D2B6
:20334000491CF9E7012000E0032010701078012805D0022805D0032805D100F043B800F023
:20336000D1BA00F083BB7047880000207FB517A201AB07CA83E8070001A8F5F7F9F8C0B261
:203380000090102301AA03210220FFF724FF134C1149208831F81010002916D100EB0011AA
:2033A0000F4D01EB401005EB8000F5F7E1F8C0B200902088102300EB001101EB401005EB3B
:2033C000800203212820FFF706FF7FBD49433A202020202000000000F4010020920000209B
:2033E0003C03002010B54CA394B00FCB07AC84E80F004DA11822D1E90001CDE90B014CA1DC
:2034000001A8F5F791F850A0006811904FA0006812904FA0006813904E48016800200A2455
:2034200003E0B1FBF4F1401CC0B20029F9D1C01CC0B2C0F1100000EBD07107AA02EB61021B
:2034400021F00101401A1044F8F73CFB42480188002003E0B1FBF4F1401CC0B20029F9D11D
:20346000C01CC0B2C0F1060000EBD0710BAA02EB610221F00101401A1044FBF747FF1022EB
:2034800036490DA8F5F750F80020FFF7BEFD01A8F5F76EF8C0B20090102301AA01210820CE
:2034A000FFF799FE12A8F5F763F8C0B20090102312AA04210820FFF78EFE052000901023D6
:2034C0000BAA04213020FFF786FE13A8F5F750F8C0B20090102313AA07210820FFF77BFEA8
:2034E000102423460DAA072130200094FFF773FE11A8F5F73DF8C0B20090102311AA0A2110
:203500000820FFF768FE102307AA0A2120200094FFF761FE14B010BD20202020202020205E
:203520002020202020202020202020202000000044453A2020492D5772697465722047414D
:203540004E472D340000000046573A0048573A0049433A00F8FF0108FC7F0008C0FF0108B4
:203560007FB51FA201AB07CA83E8070001A8F4F7FFFFC0B20090102301AA05210220FFF7B7
:203580002AFE1B4C1949208831F81010002926D100EB0011174D01EB401005EB80007C3071
:2035A000F4F7E6FF182801D318200AE0208800EB001101EB401005EB80007C30F4F7D8FF47
:2035C000C0B200902088102300EB001101EB401005EB8002052130207C32FFF7FCFD7FBD15
:2035E00046696C653A20202020200000F4010020920000203C03002000B523A091B00FC8BB
:203600000DF1040C8CE80F0023A10DF1140C0FC98CE80F0024A00DF1240C0FC88CE80F0090
:2036200025A30DF1340C0FCB8CE80F0001A8F4F79FFFC0B20090102301AA0B210220FFF7D1
:20364000CAFD2148008800EB001101EB40111F4800EB81000D2190F8BC00552807D0AA280E
:2036600009D0BB280ED110230DAA009106E0102305AA009102E0102309AA00910B215A20DC
:20368000FFF7A9FD11B000BD50726F674D6F64653A202020000000004175746F2020202040
:2036A00020202020200000004D616E75616C202020202020200000004D616368696E652057
:2036C0002020202020000000920000203C03002010B50FA18AB00FC901AC84E80F0010A3D7
:2036E00005AC0FCB84E80F000020FFF78EFC1024234601AA032120200094FFF76CFD102352
:2037000005AA052120200094FFF765FD0AB010BD20202050726F6772616D6D696E672020FE
:2037200020506C656173652057616974696E672010B50FA18AB00FC901AC84E80F0010A39A
:2037400005AC0FCB84E80F000020FFF75EFC1024234601AA032120200094FFF73CFD102351
:2037600005AA052120200094FFF735FD0AB010BD20202052656164696E6720495243202099
:2037800020506C656173652057616974696E672030B51AA20C46054687B007CA01AB83E83F
:2037A000070019A010230068049018A001AA006805900620009009210220FFF70CFD15485C
:2037C0001349028831F81200002812D102EB0210114900EB421001EB8000022290F8BD0052
:2037E0004FF01003009230B105AA21462846FFF7F2FC07B030BD04AAF7E7000053706565DF
:20380000643A202020200000485300004C530000F4010020920000203C03002000B58FB036
:203820001C2212A101A8F4F77FFE1C2216A108A8F4F77AFE0020FFF7E8FB01A8F4F798FE5B
:20384000C0B20090102301AA04210220FFF7C3FC08A8F4F78DFEC0B20090102308AA072157
:203860000220FFF7B8FC0FB000BD00002020202020556E737461626C6520706F77657220B5
:203880002020202020200000202020506C6561736520636865636B21212121212121212167
:2038A0002120000010B50FA18AB00FC901AC84E80F0010A305AC0FCB84E80F000020FFF749
:2038C000A4FB1024234601AA032120200094FFF782FC102305AA052120200094FFF77BFC4C
:2038E0000AB010BD2020202020566572696679202020202020506C6561736520576169745D
:20390000696E672010B50020FFF77FFB0721022000F018F8FFF72AFD00F040FAFFF720FE4F
:2039200007215A20FFF79EFCFFF766FE09213220FFF72EFF00F052FA0921BDE810409C2045
:2039400000F0D2BA70B50D463849064686B00FC901AC84E80F003648018801EB011000EB81
:203960004112344800EB820301AA987B0C2804D0314C34F8111089B323E0D87B0B2807D0DC
:20398000588B002833F8660F998814D0084447E033F8660FD21C9988084480B2042100F0C2
:2039A00023FF01A8F4F7E4FDC0B210230521009001AA02200EE0084480B20421D21C00F0D9
:2039C00013FF01A8F4F7D4FDC0B20090102301AA29463046FFF7FFFB06B070BDFFE7332897
:2039E0001AD1DC7B022C1DD0032C1BD0062C19D00F2C13D0132C11D0152C0FD0162C0DD0B8
:203A0000172C0BD01A2C09D01D2C07D0202C05D0222C03D0232C01D0588B18B133F8660F9B
:203A20001989C8E7B3F86600C7E7000094510108920000203C030020F401002008B5002085
:203A4000FFF7E3FA12200090102303A204211820FFF7C1FB08BD0000504C45415345204308
:203A6000484F4F53452046494C4500002DE9F0478AB032A101ABD1E90001CDE9070131A038
:203A800007C883E8070032A204AB07CA83E807000020FFF7BAFA314D314E00240DF11C0812
:203AA0000DF104090DF1100A08F104020121601C00F0B4FE288809F1020200EB800006EB9A
:203AC000C000062150F8240000F0A8FE28880AF1020200EB800006EBC00000EB840006219C
:203AE000006900F09BFE07A8F4F742FDC0B204EB44070090791C102307AA0220FFF76BFBC8
:203B000001A8F4F735FDC0B20090791C102301AA3020FFF760FB04A8F4F72AFDC0B2009009
:203B2000791C102304AA7620FFF755FB641CE4B2042CB9D30AB0BDE8F08700005349544556
:203B40006E200000503A20202020202000000000463A20202020202000000000920000209B
:203B6000900F002038B58338154619283FD2DFE800F00D0F3E12151D20233E3E3E3E3E263D
:203B80004040292C2F403235383E3B00294C30E0284C10342DE0274C303C01E0254C203CF2
:203BA000A21C0121681C00F039FE22E0214C2034F6E7204C3034F3E71E4C5034F0E71D4C02
:203BC000C03CEDE71B4CB03CEAE71A4CA03CE7E7184C903CE4E7174C403CE1E7154C603C42
:203BE000DEE7144C103C04E0124C503CD8E7114CD03C10206DB1012D10D0022D13D0032DC0
:203C000006D110232246052100906220FFF7E3FA38BD102322460321009008E01023224660
:203C200003210090F1E710232246052100900220ECE700009401002010B58EB018220EA111
:203C400001A8F4F771FC182211A107A8F4F76CFC0020FFF7DAF91624102301AA03211846F2
:203C60000094FFF7B8FA102307AA062118460094FFF7B1FA0EB010BD20206669726D776119
:203C8000726520435243206572726F7220200000506C6561736520757064617465206669DF
:203CA000726D77617265000038B50C46144A0121601C00F0B3FD08227CB1012C13D0022C06
:203CC00017D0032C08D100920D4A1023921E05215FF06200FFF77FFA38BD0092084A1023D7
:203CE000921E03210AE00092054A1023921E0321EEE70092024A1023921E05210220E9E770
:203D0000A60000202DE9F041224FFF260020022101243B78DFF88080082500BF25FA00F211
:203D20001A4209D008EB0002527852B34FEA400C04FA0CF27240D6B2401C0428EEDB00205E
:203D4000FFF763F900F02AF85FF00004397825FA04F0084207D008EB04004078A8B1224657
:203D60003146FFF7FFFE641CE4B2042CEED30B210220FFF7E7FDBDE8F0410B215A20FFF738
:203D800071BA420001FA02F2D4E721463046FFF78BFFE8E78E0000207C0F00200EB50CA117
:203DA0000DF10902D1E90001CDE901010A480221008800F033FD01A8F4F7DAFBC0B20090FF
:203DC000102301AA01210220FFF705FA0EBD0000436F646520585800920000202DE9F041BD
:203DE0000024114E114F4FF008085025308800EB001101EB401007EB800090F8C01028FA40
:203E000004F0014204EBC40005EB400001D0084A00E0084A0121FFF7BBF9641CE4B2042C21
:203E2000E4D3BDE8F0810000920000203C030020405C0108605C010870B590B00E46054636
:203E400014221AA101A8F4F76FFB14221CA106A8F4F76AFB14221FA10BA8F4F765FB10245A
:203E60007DB1012D1AD0022D09D10020FFF7CDF810230BAA009405212020FFF7ACF910B0DB
:203E800070BD0DF111020321304600F0C7FC0020FFF7BBF8102301AA0094ECE70020FFF773
:203EA000B4F8102306AA0094E5E70000457261736520426C6F636B20202020200000000078
:203EC00057726974652F526561642030783535200000000057726974652F526561642030D4
:203EE000784141200000000030B51CA20C46054687B007CA01AB83E807001BA01BA1006863
:203F00000690D1E90001CDE9040108200090102301AA09215A20FFF75EF9174815490288C7
:203F200031F81200002812D102EB0210134900EB421001EB800090F8BF00012809D00220CC
:203F4000102306AA009021462846FFF744F907B030BD0420102304AA0090F4E7566F6C742D
:203F60006167653A0000000035560000332E335600000000F4010020920000203C0300203F
:203F800010B51AA386B00FCB01AC84E80F001B48016800200A2203E0B1FBF2F1401CC0B20F
:203FA0000029F9D1C01CC0B2C0F1100000EBD07101AA02EB610221F00101401A1044F7F729
:203FC00081FD0020FFF721F8102423460CA2042120200094FFF7FFF8102301AA07212020BD
:203FE0000094FFF7F8F806B010BD000020202020202020202020202020202020F8FF0108C4
:2040000020692D5772697465722047414E472D342000000010B5002821D0114B0022001F34
:20402000196803E0814203D80A4649680029F9D152B11368841A9C4204D100681844106087
:20404000104602E0506000E0186039B102680B1A934203D10B681A4402604968416010BDAC
:20406000340300202DE9F041441E1D46164601F109073020F4F7CAFB0A20FFF723F815200F
:20408000F4F7C4FB0A20FFF71DF8E0B2F4F7D8FB0A20FFF717F8A019401EC0B2F4F7D0FB83
:2040A0000A20FFF70FF87520F4F7B0FB0A20FFF709F8F8B2F4F7C4FB0A20FFF703F878198D
:2040C000401EC0B2F4F7BCFB0A20FEF7FBFF5C20F4F79CFBBDE8F0410A20FEF7F3BF0000B0
:2040E0001CB500260027002001900090002500248046F8F7C3FEFDF772F8FBF79BF9FBF7CC
:204100007BF9FBF761F9FBF7EBFAFBF78BFAFBF7A9FAF4F74DFCF4F7CFFAF7F74BFCFBF7ED
:20412000C3FAFBF7BFFCFF20FCF794FFFF20FCF7BDFF0020FCF7E6FFC820FEF7ADFFFFF72B
:204140001FFF4FF47A70FEF7A7FFFBF7F9F8FE48FAF7CCFCDFF8F4B3A2468BF807A0DFF830
:20416000F093FC48006860B96420FEF795FFF948006830B9012C0BD0012001900020FFF788
:20418000D5F8019890B3F4480068012820D02DE08BF805A04FF00108BBF80A000F2803D273
:2041A000401CABF80A0001E0ABF80AA0FFF7AAFBF7F718FB0720F8F7CDFE00210846F7F7EE
:2041C0003FFCE24902220A310020FEF7CFFED8E7002001909BF8020060B19BF80110022953
:2041E0000CD08BF802A001208BF80100DA48006840B113E001208BF80200F4E7401C8BF84B
:204200000200F0E76420FEF747FFD348006828B9012C0AD001200090FFF788F8009898B391
:20422000CC480068012820D038E08BF805A04FF00108BBF80A0018B1401EABF80A0002E0EE
:204240000F20ABF80A00FFF75DFBF7F7CBFA0720F8F780FE00210846F7F7F2FBBB4902227B
:204260000A310020FEF782FED8E7002000909BF80100012809D08BF802A002208BF801009E
:204280009BF80200062806D008E09BF80200401C8BF80200F1E70720F8F75CFEAF48006880
:2042A000002842D10A20FEF7F7FEAC4800680028F7D1FF20FCF7CEFE8BF801A09BF80200CC
:2042C000062811D18BF802A0FCF724FE40F2DC50FEF7E2FEFFF716FB06E00120FEF7DCFE84
:2042E000761CB6F5FA6F03D09C4800680028F4D0B6F5FA6F02D10124FFF7A0FB0026B8F1A1
:20430000010F01D1B0460024BBF80A0000EB001101EB4010924901EB800090F8BC005528A4
:2043200004D0BB281ED0AA2832D028E19BF8030030B1FEF7E5FC8BF8030008B9F7F752FA2D
:204340009BF8031019B10020F7F788FA17E1002CEBD1F7F717F901208BF804000720F8F7C1
:2043600004FE0CE19BF8030030B1FEF7C9FC8BF8030008B9F7F736FA9BF8031019B1002028
:20438000F7F76CFAFBE0002C01D1F7F7FBF8F6E0002C19D101208BF80000FF20FCF75AFE15
:2043A0008BF801A08BF802A09BF8030030B1FEF7A7FC8BF8030008B9F7F714FA9BF80310BC
:2043C00019B10020F7F74AFAD9E0F7F7DBF8F7F743F948B18A2089F8010089F8020089F8F4
:2043E000030089F804003AE0BBF80A0000EB001101EB40115A4800EB810090F84400400605
:204400000CD5F7F791F948B1892089F8010089F8020089F8030089F8040020E0BBF80A00D6
:2044200000EB001101EB40114D4800EB810090F8C0008BF805008BF80600F4F727FA99F84C
:20444000010050B999F8020038B999F8030020B999F8040008B9F4F70FFAFCF751F9FBF7E8
:2044600055FB8CE0F7F7F8F848B18A2089F8010089F8020089F8030089F804007FE0BBF8DF
:204480000A0000EB001101EB4011354800EB810090F8440040060CD5F7F746F948B189202E
:2044A00089F8010089F8020089F8030089F8040065E0BBF80A0000EB001101EB4011284843
:2044C00000EB810090F8C0008BF805008BF806000025FEF7FBFEF4F7CDF99BF807308BF806
:2044E000083000209BF806104FF0080C09EB0002527832B901FA00F2120702D52CFA00F2C8
:204500001543401CC0B20428F0D38D4203D101208BF8070001E08BF807A09BF8070001286A
:2045200029D143BBFF20FCF795FDF4F7AFF999F8010000BB99F80200E8B999F80300D0B9AE
:2045400099F80400B8B90DE048300020880000207C0F0020140122420081214204012142B8
:204560003C030020F4F788F9FCF7CAF8FBF7CEFAC820FEF791FD0125C820FEF78DFDBBF856
:204580000A0000EB001101EB4011544800EB810090F8BC00552804D19BF8040000287FF408
:2045A00061AF2DB1FFF7AEF900250720F8F7D2FCBBF80A0000EB001101EB4011474800EBF7
:2045C000810090F8BC00BB287FF4CBAD9BF8050000283FF4C6ADF7F73FF848B18A2089F899
:2045E000010089F8020089F8030089F80400B8E5BBF80A0000EB001101EB4011374800EB31
:20460000810090F8440040060CD5F7F78DF848B1892089F8010089F8020089F8030089F807
:2046200004009EE5BBF80A0000EB001202EB40122A4800EB820292F8C020002AD7D006E0F8
:204640000120FEF71EFD7F1CFFB2C82F22D0BBF80A0000EB001101EB4011204800EB81002A
:2046600090F8C0109BF805008142E9D19BF805000028BCD04FF0000800248BF806008BF80A
:2046800005A0FF20FCF7E6FCF4F700F999F8010090B11CE00027BBF80A0000EB001101EB02
:2046A00040110E4800EB81009BF8051090F8C00008408BF80500D9E799F8020038B999F852
:2046C000030020B999F8040008B9F4F7D5F8FCF717F8FBF71BFA8BF806A042E53C03002038
:2046E000F0B50B30154D20F007010024144A0FE003688B420BD38B4205D95E1A43184768AC
:20470000C3E9006700E04368136002C004E0021D10680028ECD12046002802D1286808B1BC
:204720000020F0BD064A07481060074A121A22F00702C0E9002401202860D7E73803002076
:20474000340300209C330020983500200649074B002000BF11F8012B1A54401CC0B20C2801
:20476000F8D3024870470000E8F7FF1F10120020F0B4104AFF200021147808270E4E0222B5
:204780005FF0010327FA01F5254209D075186D78002D4FEA41050AD003FA05F54540E8B261
:2047A000491CC9B20429EDD3F0BCF7F7BDB902FA05F5F3E78E0000207C0F002070B5034685
:2047C000002002466FF02F050BE09C5CA4F13006092E08D800EB800005EB4000521C2044AC
:2047E000D2B28A42F1D370BDF0B50023094C0A4E55180CE0CF1A00F00F022744000907F84D
:20480000012CEF1AB25C5B1C07F8012CDBB28B42F0D3F0BD1C12002084510108F0B50023F3
:204820000A24094D0A440BE0B0FBF4F604FB1606B0FBF4F0D71AAE5D5B1C07F8016CDBB210
:204840008B42F1D3F0BD0000845101080A4910B5084AC1E9002000208860C8600861886186
:204860000C2048610846FAF7ACFBBDE810400348FCF7A2BD0044004014320020800002403F
:204880001CB516A0006800904FF4E130FFF7DEFF042269461248FAF7EFFC4FF47A73042211
:2048A00001A90F48FAF700FC0E4801688901FCD54FF0007141600A48FAF7FDFA00206A4695
:2048C00001A9135C0C5CA34201D040201CBD401CC0B20428F5D300201CBD000055AA015558
:2048E000143200200000024070B50023074C0A4409E000BF00F00F05D61A0009655D5B1C49
:2049000006F8015CDBB28B42F4D370BD8451010870B504460A4D10E0402C01D9402000E0D4
:20492000E0B2201A84B20520FEF7ABFB40232A4681210448F8F743FC4035002CECD170BD3B
:204940002C1200200C2900202DE9F04F97B004463C21EA4601A8F3F700FEFE48DFF8F88308
:2049600000250068009098F8021049B9207888F80000607888F80100C8F80850C8F80C50D1
:20498000F54898F80020DFF8D493F54F4068F03A4FF0010B082A77D2DFE802F03276047635
:2049A000763CF6F598F80100122809D081282AD082282BD0832823D1A078F3F75FFF45E347
:2049C000E2208DF8000022208DF801008DF802508DF8035040236A468121E248F8F7EFFB21
:2049E00088F802504FF4FA70FEF74BFB0122D103DD48F8F72FFADD495A200870F8F7F2FAD6
:204A000017B0BDE8F08FF3F73DFF1FE3A078F3F736FF1BE3D04B98F8012014331093422A2C
:204A200033D0E526B12A51D0CC4BB22AB3F800C04FF4A02303EB4C437ED0DFF820C3C64677
:204A4000B32ABCF800804FF4003C0CEB083C74D0F046B42A72D0C22A71D0C32A70D0342A39
:204A60006FD0332A6ED0C42A6DD0D22A6CD0D12A6BD0D32A6AD000205146225C0A54401C9D
:204A800080B24028F9D364E35BE31846F7F7A8F998F81600C8F80C50C8F80400109C0EE01E
:204AA000402322468121AF48F8F789FB0A20FEF7E8FAD8F80C0040304034C8F80C00D8F8C2
:204AC0000410D8F80C008842EAD3BFE229B1D8F8081081420FD3084622E088F802B034F8A9
:204AE000030FC8F804006088A8F81000A088A8F814013D8084E70020D8F80820215C02EBC1
:204B0000080300F11402401C99543A8880B2114439804028F0D3D8F808004030C8F80800FD
:204B2000D8F804108842E5D1B8F81000398888421FD18F4805700AE027E0BFE0E9E041E10F
:204B400069E170E196E19BE1AFE1F0E123E2FD60FBF740FFB8F814114FF4803000EB0130EF
:204B6000C421F7F7D9F8388002227C490020FBF705F88DF80060B1208DF8010002208DF8FE
:204B800002003888D7E28CE263E2F1B14FF48032904233D9D8F80800402218442146FEF780
:204BA000E5F9D8F808004030C8F80800D8F8048040459FD1B9F80020CB464FF4A0210024B4
:204BC00001EB4249AA463D8036E088F802B02079617EE27800EB0160A17E4C46090401EBA1
:204BE00002210844C8F8040019460120F6F728FF21884FF4C02000EB41417BE2D8F8080080
:204C0000CAE700BF4FF48065A84501D21FFA88F529464846F7F780F83A88A9441044388088
:204C20004FF40040A8EB050800EB440002224C49FEF79CF9641CA4B2B8F1000FE2D18DF819
:204C40000060B2208DF8010002208DF8020038888DF80400010A8DF803103C4640236A4672
:204C600081214048F8F7ABFA3B4981F802A0BBF8000000EB001101EB40103E4901EB8000F9
:204C80002188B0F86800884293D1F6F7ABFDE06818B13948007800288BD1FBF775FBE06860
:204CA000002886D14FF480542146F6F7C9FE2C4904220C312046FEF759F9A1E6724609B3C3
:204CC000DEF80810F04681420AD201EB0C0040222146FEF74BF9D8F808004030C8F8080007
:204CE0004446D4E901108842E7D3B9F800204FF4003000EB0230F7F70FF838808DF80060E5
:204D0000B32142E082F802B0A0786146CEF8040056E0124A4FF44033128803EB023269B3C8
:204D2000D8F80810814209D2881840222146FEF71DF9D8F808004030C8F808004446D4E922
:204D400001108842B9D1B9F800204FF4403000EB023014E0C45101087825002092000020CC
:204D60005C0200200C29002000100140FC4F00208D0000203C0300205802002017E0F6F73A
:204D8000CBFF38808DF80060B4218DF8011002218DF80210010A8DF803108DF804004023F8
:204DA0006A468121EC48F8F70AFAA57028E688F802B02079E17800EB01201146CEF8040006
:204DC000002098E1BB6020796179E27800EB0160A179090401EB02210844C8F80400D8F8F0
:204DE0000C0013E0B968402208441099FAF7C6FE40238121D848109AF8F7E1F90A20FEF7D0
:204E000040F9D8F80C004030C8F80C00D8F804108842E7D11AE1604640221099FAF7AEFE92
:204E20004023109A0EE12079E1784FF4403400EB0120C8F804004E46D8F80C0015E03188DF
:204E4000402204EB013108441099FAF797FE40238121C148109AF8F7B2F90A20FEF711F9D9
:204E6000D8F80C004030C8F80C00D8F804108842E5D1EBE08DF8006033208DF8010068E1E4
:204E80008DF800608DF8012032208DF802000021202250464318491C89B2DA701029F9D36B
:204EA0000AF10300F6F70EFE53E1A078F6F7BEFCA0784C46A9F80000FBF766FAFBF7ECF994
:204EC0007D6021884FF4A0204FF4806A00EB414500244FF4C02805E0402C03D1B9F8001076
:204EE00008EB414551462846F6F716FF7968641C0844A4B27860802CEED3FEF703FD8DF870
:204F00000060D2208DF8010078684023010E8DF80210010C8DF80310010A8DF804108DF802
:204F200005006A4681218C48F8F749F968E58DF80060D1208DF8010009208DF80200D4F8F0
:204F40000300F86010A9E01DFBF734FC8DF80300F868824C020E82EA1041030A5940414074
:204F600021708DF804008DF80530000C8DF806008DF807209DF840008DF808009DF84100E2
:204F80008DF809009DF842008DF80A009DF843008DF80B00DDE08DF80060D3208DF801009A
:204FA000142010951195002412958DF80200FFF7CDFB002113AE425C7254491CC9B20C2907
:204FC000F9D308216648FBF727F9002010A9002251F8203002EB80071B0241F82030F75D1A
:204FE000521C3B43D2B241F82030042AF0D3401C5C40C0B20328EAD3594E00205FF000025D
:2050000041F8205051F8203002EB80071B0241F82030F75D521C3B43D2B241F82030042AB9
:20502000F0D3401C5C40C0B20228E7D300205246C30024FA03F11318401CC0B2D970042864
:20504000F6D386E081214448F8F7B9F888F80250D6E498F801006628FAD11022414910A869
:20506000F3F762FAE6208DF8000098F801008DF8010032208DF80200002010AA5146135C8F
:205080000C18401C80B2E3701028F8D340236A4681213148F8F793F888F80250FEF732FC6B
:2050A000AEE498F80120012AD2D12F4A4FF42F06138806EB434229B1D8F8081081421DD368
:2050C000084625E088F802B0A079E178637900EB016021794C46090401EB03210844C8F85C
:2050E000040011460120F6F7ABFC20884FF4300101EB40410120F6F7A3FC81E48818402203
:205100002146FDF733FFD8F808004030C8F80800D8F8041088429BD1B9F8002006EB424094
:20512000F6F7CEFD3880E7218DF800108DF801B002218DF80210010A8DF803108DF8040046
:2051400007E000205146225C0A54401C80B24028F9D340236A4675E70C29002059020020D4
:205160006C020020C0FF0108920000200000000000000000010203040607080900000000FF
:20518000010203043031323334353637383941424344454643533A4646464600000000007B
:2051A00000000000524541442020504153530000000000000B0000000C0000000D00000038
:2051C00000000000E542000000000000963007772C610EEEBA51099919C46D078FF46A7080
:2051E00035A563E9A395649E3288DB0EA4B8DC791EE9D5E088D9D2972B4CB609BD7CB17ED7
:20520000072DB8E7911DBF906410B71DF220B06A4871B9F3DE41BE847DD4DA1AEBE4DD6D26
:2052200051B5D4F4C785D38356986C13C0A86B647AF962FDECC9658A4F5C0114D96C066376
:20524000633D0FFAF50D088DC8206E3B5E10694CE44160D5727167A2D1E4033C47D4044BB6
:20526000FD850DD26BB50AA5FAA8B5356C98B242D6C9BBDB40F9BCACE36CD832755CDF4556
:20528000CF0DD6DC593DD1ABAC30D9263A00DE518051D7C81661D0BFB5F4B42123C4B35646
:2052A0009995BACF0FA5BDB89EB802280888055FB2D90CC624E90BB1877C6F2F114C6858B6
:2052C000AB1D61C13D2D66B69041DC760671DB01BC20D2982A10D5EF8985B1711FB5B606E4
:2052E000A5E4BF9F33D4B8E8A2C9077834F9000F8EA8099618980EE1BB0D6A7F2D3D6D08F6
:20530000976C6491015C63E6F4516B6B62616C1CD83065854E0062F2ED95066C7BA5011BC5
:20532000C1F4088257C40FF5C6D9B06550E9B712EAB8BE8B7C88B9FCDF1DDD62492DDA1515
:20534000F37CD38C654CD4FB5861B24DCE51B53A7400BCA3E230BBD441A5DF4AD795D83D35
:205360006DC4D1A4FBF4D6D36AE96943FCD96E34468867ADD0B860DA732D0444E51D0333B5
:205380005F4C0AAAC97C0DDD3C710550AA41022710100BBE86200CC925B56857B3856F20A5
:2053A00009D466B99FE461CE0EF9DE5E98C9D9292298D0B0B4A8D7C7173DB359810DB42E95
:2053C0003B5CBDB7AD6CBAC02083B8EDB6B3BF9A0CE2B6039AD2B1743947D5EAAF77D29D19
:2053E0001526DB048316DC73120B63E3843B64943E6A6D0DA85A6A7A0BCF0EE49DFF099385
:2054000027AE000AB19E077D44930FF0D2A3088768F2011EFEC206695D5762F7CB67658034
:2054200071366C19E7066B6E761BD4FEE02BD3895A7ADA10CC4ADD676FDFB9F9F9EFBE8E64
:2054400043BEB717D58EB060E8A3D6D67E93D1A1C4C2D83852F2DF4FF167BBD16757BCA644
:20546000DD06B53F4B36B248DA2B0DD84C1B0AAFF64A0336607A0441C3EF60DF55DF67A804
:20548000EF8E6E3179BE69468CB361CB1A8366BCA0D26F2536E2685295770CCC03470BBB14
:2054A000B91602222F260555BE3BBAC5280BBDB2925AB42B046AB35CA7FFD7C231CFD0B524
:2054C0008B9ED92C1DAEDE5BB0C2649B26F263EC9CA36A750A936D02A906099C3F360EEBD6
:2054E0008567077213570005824ABF95147AB8E2AE2BB17B381BB60C9B8ED2920DBED5E564
:20550000B7EFDC7C21DFDB0BD4D2D38642E2D4F1F8B3DD686E83DA1FCD16BE815B26B9F693
:20552000E177B06F7747B718E65A0888706A0FFFCA3B06665C0B0111FF9E658F69AE62F8C3
:20554000D3FF6B6145CF6C1678E20AA0EED20DD75483044EC2B30339612667A7F71660D0C3
:205560004D476949DB776E3E4A6AD1AEDC5AD6D9660BDF40F03BD83753AEBCA9C59EBBDEA3
:205580007FCFB247E9FFB5301CF2BDBD8AC2BACA3093B353A6A3B4240536D0BA9306D7CDB3
:2055A0002957DE54BF67D9232E7A66B3B84A61C4021B685D942B6F2A37BE0BB4A18E0CC343
:2055C0001BDF055A8DEF022DD6D000000F08080808FF080808080F0000000000F020202074
:2055E00020FF20202020F0000000CEA2081123CC017909F90979041BE80F08008000FF0108
:20560000027C40407C0811E618E60100B0AE0126342C2424374C44444C74C4450600008289
:20562000848991E1B2AAA4A4AAB281010100D0BE20202020F82024222120F8202020200043
:205640000810600000FC02020202020E8040300000000000000000000000000000000000CE
:205660000000001F00000000000000CC0C0000000008306008306000000000000000000003
:2056800002031E02031E020020FC2020FC202000000E113F100C0000001804FF8478000099
:2056A0000F100F0007180000008438C078847800000F10110E0000007884C42498E4840883
:2056C0000000000000000000010D0E00000000000000000718204000000000E01804020031
:2056E000004020180700000000020418E00000000202010F01020200404080F08040400024
:205700000000000F00000000808080F8808080000000000000000000010D0E000000000066
:20572000000000000000000000808080808080800000000000000000000C0C0000000000D1
:2057400000000000010618200006186080000000000708101008070000F008040408F000D6
:205760000008081F00000000000404FC04040000000E101010110E00000C142444840C0079
:20578000000C101111120C00001804040488700000000304081F000000E0202424FC2400FB
:2057A000001F1011111010000098840404887000000708111118000000F08804048870009B
:2057C000001C1010131C1000000000FC00000000000E111010110E000038448484443800F4
:2057E000000708101008070000008C444488F00000000003030000000000000C0C000000C1
:20580000000000010000000000000106000000000000010204081000008040201008040065
:2058200002020202020202002020202020202000001008040201000000040810204080005F
:20584000000E121010100F000000000C6C800000030C131417080700E018E424C428D000D9
:205860000000031C07000000043CC44040E41C04101F1111110E000004FC04040488700006
:20588000030C101010101C00E018040404081000101F10101008070004FC04040408F0000F
:2058A000101F11111710080004FC0404C4041800101F11111710080004FC0400C00000003C
:2058C000030C1010101C0000E018040444784000101F100000101F1004FC84808084FC04EB
:2058E0000010101F10100000000404FC04040000000010101F10100003010101FE000000DA
:20590000101F11031418100004FC0480641C0400101F10000000000004FC040404040C00A5
:20592000101F1F001F1F100004FC00FC00FC0400101F0C0300101F1004FC0400E018FC005A
:205940000708101010080700F00804040408F000101F101010100F0004FC8480808000007B
:205960000708101010080700F01824241C0AF200101F111111110E0004FC0400C0300C04EC
:20598000000E111010101C00001C0484844438001810101F10101800000004FC0400000065
:2059A000101F100000101F1000F804040404F800101E110000131C100000E01C70800000FF
:2059C0001F10001F00101F00C03CE000E03CC0001018160101161810040C34C0C0340C040C
:2059E000101C1300131C1000000004FC0400000008101010131C1000041C64840404180086
:205A00000000007F40404000000000FE0202020000300C030000000000000080601C030005
:205A2000004040407F00000000020202FE0000000000204040402000000000000000000023
:205A40000000000000000000010101010101010100300C030000000000000080601C030000
:205A60000000010101010000009824444444FC04101F00010100000000FC880404887000E5
:205A8000000000010101000000708804040488000000000101111F00007088040408FC043D
:205AA000000001010101000000F844444444C8000001010F11111118000404FC04040000AA
:205AC000000001010101010000D6292929C90600101F00010101000004FC84000004FC04E7
:205AE0000001191900000000000404FC0404000000000001191900000003010101FE000030
:205B0000101F00000101010004FC2440B40C04000010101F00000000000404FC04040000E0
:205B2000010101010101010004FC0400FC0400FC010100010101000004FC84000004FC04D1
:205B4000000001010101000000F804040404F800010100010100000001FF850404887000B8
:205B60000000000101010100007088040405FF0101010100010101000404FC84040080000A
:205B8000000001010101010000CC2424242498000001010701010000000000F80404000001
:205BA000010100000001010000F804040408FC0401010100000101010080700C10608000E3
:205BC0000101000100010101F00C30C0300CF000000101000101010000048C74708C04009E
:205BE00001010100000101010181710E18608000000101010101010000840C3444840C0008
:205C000000000000013E40400000000000FC020200000000FF00000000000000FF000000C7
:205C20000040403E01000000000202FC000000000060808040402020000000000000000085
:205C4000070F3F3F7FFFFFFFFFFFFF7F3F3F1F07E0F0FCFEFEFFFFFFFFFFFFFEFEFCF8E082
:205C6000070F3C3870E0C0C0C0C0E070383C0F07E0F83C0C0E0703030303070E0E3CF8E0F8
:205C8000A05C0108000000203C030000A4850008105E01083C030020C44C0000FC2F010855
:205CA000411EDD170108710445391801081AA30C1A45041A5304C11AC51069045AD11C145F
:205CC0000902291301012580FA09042B02031210082111013301221D1607058103402D02BA
:205CE00007050207A91A313B0A06134340013CA24A040871DA200188094943313A504153AD
:205D00005320290E8920CD4641494C307E783A495243182910BC524F4D10BC4F5054107CC3
:205D2000454550104C57523A493B52440919201A205049153C6B487A608A4477291068094E
:205D400054494D45204F555410BC50524560680946494C4520455252106808554E4B4E4F44
:205D6000574EB3380A4F50454E2053484F5241180F5650502020697320204572726F721027
:205D8000AB4444102940CB434EC05D524F4C4C101139D06C52524FC729102C4E4F203339C7
:205DA00001031EFFFF024390021F011206100DFF0901A1010901954075081512262EFF8195
:205DC0000209020D349102C0137802142059B51B0855041A5D041EC1190108F9041E051A21
:205DE000010821041A49041A99101ACD0417040309041201320225407F1D040D1E020102B9
:205E000003810929C4856D3001081A418C810000FFFFFFFFFFFFFFFFFFFFFFFFFFFFFFFF85
:205E2000FFFFFFFFFFFFFFFFFFFFFFFFFFFFFFFFFFFFFFFFFFFFFFFFFFFFFFFFFFFFFFFF82
:205E4000FFFFFFFFFFFFFFFFFFFFFFFFFFFFFFFFFFFFFFFFFFFFFFFFFFFFFFFFFFFFFFFF62
:205E6000FFFFFFFFFFFFFFFFFFFFFFFFFFFFFFFFFFFFFFFFFFFFFFFFFFFFFFFFFFFFFFFF42
:205E8000FFFFFFFFFFFFFFFFFFFFFFFFFFFFFFFFFFFFFFFFFFFFFFFFFFFFFFFFFFFFFFFF22
:205EA000FFFFFFFFFFFFFFFFFFFFFFFFFFFFFFFFFFFFFFFFFFFFFFFFFFFFFFFFFFFFFFFF02
:205EC000FFFFFFFFFFFFFFFFFFFFFFFFFFFFFFFFFFFFFFFFFFFFFFFFFFFFFFFFFFFFFFFFE2
:205EE000FFFFFFFFFFFFFFFFFFFFFFFFFFFFFFFFFFFFFFFFFFFFFFFFFFFFFFFFFFFFFFFFC2
:205F0000FFFFFFFFFFFFFFFFFFFFFFFFFFFFFFFFFFFFFFFFFFFFFFFFFFFFFFFFFFFFFFFFA1
:205F2000FFFFFFFFFFFFFFFFFFFFFFFFFFFFFFFFFFFFFFFFFFFFFFFFFFFFFFFFFFFFFFFF81
:205F4000FFFFFFFFFFFFFFFFFFFFFFFFFFFFFFFFFFFFFFFFFFFFFFFFFFFFFFFFFFFFFFFF61
:205F6000FFFFFFFFFFFFFFFFFFFFFFFFFFFFFFFFFFFFFFFFFFFFFFFFFFFFFFFFFFFFFFFF41
:205F8000FFFFFFFFFFFFFFFFFFFFFFFFFFFFFFFFFFFFFFFFFFFFFFFFFFFFFFFFFFFFFFFF21
:205FA000FFFFFFFFFFFFFFFFFFFFFFFFFFFFFFFFFFFFFFFFFFFFFFFFFFFFFFFFFFFFFFFF01
:205FC000FFFFFFFFFFFFFFFFFFFFFFFFFFFFFFFFFFFFFFFFFFFFFFFFFFFFFFFFFFFFFFFFE1
:205FE000FFFFFFFFFFFFFFFFFFFFFFFFFFFFFFFFFFFFFFFFFFFFFFFFFFFFFFFFFFFFFFFFC1
:20600000FFFFFFFFFFFFFFFFFFFFFFFFFFFFFFFFFFFFFFFFFFFFFFFFFFFFFFFFFFFFFFFFA0
:20602000FFFFFFFFFFFFFFFFFFFFFFFFFFFFFFFFFFFFFFFFFFFFFFFFFFFFFFFFFFFFFFFF80
:20604000FFFFFFFFFFFFFFFFFFFFFFFFFFFFFFFFFFFFFFFFFFFFFFFFFFFFFFFFFFFFFFFF60
:20606000FFFFFFFFFFFFFFFFFFFFFFFFFFFFFFFFFFFFFFFFFFFFFFFFFFFFFFFFFFFFFFFF40
:20608000FFFFFFFFFFFFFFFFFFFFFFFFFFFFFFFFFFFFFFFFFFFFFFFFFFFFFFFFFFFFFFFF20
:2060A000FFFFFFFFFFFFFFFFFFFFFFFFFFFFFFFFFFFFFFFFFFFFFFFFFFFFFFFFFFFFFFFF00
:2060C000FFFFFFFFFFFFFFFFFFFFFFFFFFFFFFFFFFFFFFFFFFFFFFFFFFFFFFFFFFFFFFFFE0
:2060E000FFFFFFFFFFFFFFFFFFFFFFFFFFFFFFFFFFFFFFFFFFFFFFFFFFFFFFFFFFFFFFFFC0
:20610000FFFFFFFFFFFFFFFFFFFFFFFFFFFFFFFFFFFFFFFFFFFFFFFFFFFFFFFFFFFFFFFF9F
:20612000FFFFFFFFFFFFFFFFFFFFFFFFFFFFFFFFFFFFFFFFFFFFFFFFFFFFFFFFFFFFFFFF7F
:20614000FFFFFFFFFFFFFFFFFFFFFFFFFFFFFFFFFFFFFFFFFFFFFFFFFFFFFFFFFFFFFFFF5F
:20616000FFFFFFFFFFFFFFFFFFFFFFFFFFFFFFFFFFFFFFFFFFFFFFFFFFFFFFFFFFFFFFFF3F
:20618000FFFFFFFFFFFFFFFFFFFFFFFFFFFFFFFFFFFFFFFFFFFFFFFFFFFFFFFFFFFFFFFF1F
:2061A000FFFFFFFFFFFFFFFFFFFFFFFFFFFFFFFFFFFFFFFFFFFFFFFFFFFFFFFFFFFFFFFFFF
:2061C000FFFFFFFFFFFFFFFFFFFFFFFFFFFFFFFFFFFFFFFFFFFFFFFFFFFFFFFFFFFFFFFFDF
:2061E000FFFFFFFFFFFFFFFFFFFFFFFFFFFFFFFFFFFFFFFFFFFFFFFFFFFFFFFFFFFFFFFFBF
:20620000FFFFFFFFFFFFFFFFFFFFFFFFFFFFFFFFFFFFFFFFFFFFFFFFFFFFFFFFFFFFFFFF9E
:20622000FFFFFFFFFFFFFFFFFFFFFFFFFFFFFFFFFFFFFFFFFFFFFFFFFFFFFFFFFFFFFFFF7E
:20624000FFFFFFFFFFFFFFFFFFFFFFFFFFFFFFFFFFFFFFFFFFFFFFFFFFFFFFFFFFFFFFFF5E
:20626000FFFFFFFFFFFFFFFFFFFFFFFFFFFFFFFFFFFFFFFFFFFFFFFFFFFFFFFFFFFFFFFF3E
:20628000FFFFFFFFFFFFFFFFFFFFFFFFFFFFFFFFFFFFFFFFFFFFFFFFFFFFFFFFFFFFFFFF1E
:2062A000FFFFFFFFFFFFFFFFFFFFFFFFFFFFFFFFFFFFFFFFFFFFFFFFFFFFFFFFFFFFFFFFFE
:2062C000FFFFFFFFFFFFFFFFFFFFFFFFFFFFFFFFFFFFFFFFFFFFFFFFFFFFFFFFFFFFFFFFDE
:2062E000FFFFFFFFFFFFFFFFFFFFFFFFFFFFFFFFFFFFFFFFFFFFFFFFFFFFFFFFFFFFFFFFBE
:20630000FFFFFFFFFFFFFFFFFFFFFFFFFFFFFFFFFFFFFFFFFFFFFFFFFFFFFFFFFFFFFFFF9D
:20632000FFFFFFFFFFFFFFFFFFFFFFFFFFFFFFFFFFFFFFFFFFFFFFFFFFFFFFFFFFFFFFFF7D
:20634000FFFFFFFFFFFFFFFFFFFFFFFFFFFFFFFFFFFFFFFFFFFFFFFFFFFFFFFFFFFFFFFF5D
:20636000FFFFFFFFFFFFFFFFFFFFFFFFFFFFFFFFFFFFFFFFFFFFFFFFFFFFFFFFFFFFFFFF3D
:20638000FFFFFFFFFFFFFFFFFFFFFFFFFFFFFFFFFFFFFFFFFFFFFFFFFFFFFFFFFFFFFFFF1D
:2063A000FFFFFFFFFFFFFFFFFFFFFFFFFFFFFFFFFFFFFFFFFFFFFFFFFFFFFFFFFFFFFFFFFD
:2063C000FFFFFFFFFFFFFFFFFFFFFFFFFFFFFFFFFFFFFFFFFFFFFFFFFFFFFFFFFFFFFFFFDD
:2063E000FFFFFFFFFFFFFFFFFFFFFFFFFFFFFFFFFFFFFFFFFFFFFFFFFFFFFFFFFFFFFFFFBD
:20640000FFFFFFFFFFFFFFFFFFFFFFFFFFFFFFFFFFFFFFFFFFFFFFFFFFFFFFFFFFFFFFFF9C
:20642000FFFFFFFFFFFFFFFFFFFFFFFFFFFFFFFFFFFFFFFFFFFFFFFFFFFFFFFFFFFFFFFF7C
:20644000FFFFFFFFFFFFFFFFFFFFFFFFFFFFFFFFFFFFFFFFFFFFFFFFFFFFFFFFFFFFFFFF5C
:20646000FFFFFFFFFFFFFFFFFFFFFFFFFFFFFFFFFFFFFFFFFFFFFFFFFFFFFFFFFFFFFFFF3C
:20648000FFFFFFFFFFFFFFFFFFFFFFFFFFFFFFFFFFFFFFFFFFFFFFFFFFFFFFFFFFFFFFFF1C
:2064A000FFFFFFFFFFFFFFFFFFFFFFFFFFFFFFFFFFFFFFFFFFFFFFFFFFFFFFFFFFFFFFFFFC
:2064C000FFFFFFFFFFFFFFFFFFFFFFFFFFFFFFFFFFFFFFFFFFFFFFFFFFFFFFFFFFFFFFFFDC
:2064E000FFFFFFFFFFFFFFFFFFFFFFFFFFFFFFFFFFFFFFFFFFFFFFFFFFFFFFFFFFFFFFFFBC
:20650000FFFFFFFFFFFFFFFFFFFFFFFFFFFFFFFFFFFFFFFFFFFFFFFFFFFFFFFFFFFFFFFF9B
:20652000FFFFFFFFFFFFFFFFFFFFFFFFFFFFFFFFFFFFFFFFFFFFFFFFFFFFFFFFFFFFFFFF7B
:20654000FFFFFFFFFFFFFFFFFFFFFFFFFFFFFFFFFFFFFFFFFFFFFFFFFFFFFFFFFFFFFFFF5B
:20656000FFFFFFFFFFFFFFFFFFFFFFFFFFFFFFFFFFFFFFFFFFFFFFFFFFFFFFFFFFFFFFFF3B
:20658000FFFFFFFFFFFFFFFFFFFFFFFFFFFFFFFFFFFFFFFFFFFFFFFFFFFFFFFFFFFFFFFF1B
:2065A000FFFFFFFFFFFFFFFFFFFFFFFFFFFFFFFFFFFFFFFFFFFFFFFFFFFFFFFFFFFFFFFFFB
:2065C000FFFFFFFFFFFFFFFFFFFFFFFFFFFFFFFFFFFFFFFFFFFFFFFFFFFFFFFFFFFFFFFFDB
:2065E000FFFFFFFFFFFFFFFFFFFFFFFFFFFFFFFFFFFFFFFFFFFFFFFFFFFFFFFFFFFFFFFFBB
:20660000FFFFFFFFFFFFFFFFFFFFFFFFFFFFFFFFFFFFFFFFFFFFFFFFFFFFFFFFFFFFFFFF9A
:20662000FFFFFFFFFFFFFFFFFFFFFFFFFFFFFFFFFFFFFFFFFFFFFFFFFFFFFFFFFFFFFFFF7A
:20664000FFFFFFFFFFFFFFFFFFFFFFFFFFFFFFFFFFFFFFFFFFFFFFFFFFFFFFFFFFFFFFFF5A
:20666000FFFFFFFFFFFFFFFFFFFFFFFFFFFFFFFFFFFFFFFFFFFFFFFFFFFFFFFFFFFFFFFF3A
:20668000FFFFFFFFFFFFFFFFFFFFFFFFFFFFFFFFFFFFFFFFFFFFFFFFFFFFFFFFFFFFFFFF1A
:2066A000FFFFFFFFFFFFFFFFFFFFFFFFFFFFFFFFFFFFFFFFFFFFFFFFFFFFFFFFFFFFFFFFFA
:2066C000FFFFFFFFFFFFFFFFFFFFFFFFFFFFFFFFFFFFFFFFFFFFFFFFFFFFFFFFFFFFFFFFDA
:2066E000FFFFFFFFFFFFFFFFFFFFFFFFFFFFFFFFFFFFFFFFFFFFFFFFFFFFFFFFFFFFFFFFBA
:20670000FFFFFFFFFFFFFFFFFFFFFFFFFFFFFFFFFFFFFFFFFFFFFFFFFFFFFFFFFFFFFFFF99
:20672000FFFFFFFFFFFFFFFFFFFFFFFFFFFFFFFFFFFFFFFFFFFFFFFFFFFFFFFFFFFFFFFF79
:20674000FFFFFFFFFFFFFFFFFFFFFFFFFFFFFFFFFFFFFFFFFFFFFFFFFFFFFFFFFFFFFFFF59
:20676000FFFFFFFFFFFFFFFFFFFFFFFFFFFFFFFFFFFFFFFFFFFFFFFFFFFFFFFFFFFFFFFF39
:20678000FFFFFFFFFFFFFFFFFFFFFFFFFFFFFFFFFFFFFFFFFFFFFFFFFFFFFFFFFFFFFFFF19
:2067A000FFFFFFFFFFFFFFFFFFFFFFFFFFFFFFFFFFFFFFFFFFFFFFFFFFFFFFFFFFFFFFFFF9
:2067C000FFFFFFFFFFFFFFFFFFFFFFFFFFFFFFFFFFFFFFFFFFFFFFFFFFFFFFFFFFFFFFFFD9
:2067E000FFFFFFFFFFFFFFFFFFFFFFFFFFFFFFFFFFFFFFFFFFFFFFFFFFFFFFFFFFFFFFFFB9
:20680000FFFFFFFFFFFFFFFFFFFFFFFFFFFFFFFFFFFFFFFFFFFFFFFFFFFFFFFFFFFFFFFF98
:20682000FFFFFFFFFFFFFFFFFFFFFFFFFFFFFFFFFFFFFFFFFFFFFFFFFFFFFFFFFFFFFFFF78
:20684000FFFFFFFFFFFFFFFFFFFFFFFFFFFFFFFFFFFFFFFFFFFFFFFFFFFFFFFFFFFFFFFF58
:20686000FFFFFFFFFFFFFFFFFFFFFFFFFFFFFFFFFFFFFFFFFFFFFFFFFFFFFFFFFFFFFFFF38
:20688000FFFFFFFFFFFFFFFFFFFFFFFFFFFFFFFFFFFFFFFFFFFFFFFFFFFFFFFFFFFFFFFF18
:2068A000FFFFFFFFFFFFFFFFFFFFFFFFFFFFFFFFFFFFFFFFFFFFFFFFFFFFFFFFFFFFFFFFF8
:2068C000FFFFFFFFFFFFFFFFFFFFFFFFFFFFFFFFFFFFFFFFFFFFFFFFFFFFFFFFFFFFFFFFD8
:2068E000FFFFFFFFFFFFFFFFFFFFFFFFFFFFFFFFFFFFFFFFFFFFFFFFFFFFFFFFFFFFFFFFB8
:20690000FFFFFFFFFFFFFFFFFFFFFFFFFFFFFFFFFFFFFFFFFFFFFFFFFFFFFFFFFFFFFFFF97
:20692000FFFFFFFFFFFFFFFFFFFFFFFFFFFFFFFFFFFFFFFFFFFFFFFFFFFFFFFFFFFFFFFF77
:20694000FFFFFFFFFFFFFFFFFFFFFFFFFFFFFFFFFFFFFFFFFFFFFFFFFFFFFFFFFFFFFFFF57
:20696000FFFFFFFFFFFFFFFFFFFFFFFFFFFFFFFFFFFFFFFFFFFFFFFFFFFFFFFFFFFFFFFF37
:20698000FFFFFFFFFFFFFFFFFFFFFFFFFFFFFFFFFFFFFFFFFFFFFFFFFFFFFFFFFFFFFFFF17
:2069A000FFFFFFFFFFFFFFFFFFFFFFFFFFFFFFFFFFFFFFFFFFFFFFFFFFFFFFFFFFFFFFFFF7
:2069C000FFFFFFFFFFFFFFFFFFFFFFFFFFFFFFFFFFFFFFFFFFFFFFFFFFFFFFFFFFFFFFFFD7
:2069E000FFFFFFFFFFFFFFFFFFFFFFFFFFFFFFFFFFFFFFFFFFFFFFFFFFFFFFFFFFFFFFFFB7
:206A0000FFFFFFFFFFFFFFFFFFFFFFFFFFFFFFFFFFFFFFFFFFFFFFFFFFFFFFFFFFFFFFFF96
:206A2000FFFFFFFFFFFFFFFFFFFFFFFFFFFFFFFFFFFFFFFFFFFFFFFFFFFFFFFFFFFFFFFF76
:206A4000FFFFFFFFFFFFFFFFFFFFFFFFFFFFFFFFFFFFFFFFFFFFFFFFFFFFFFFFFFFFFFFF56
:206A6000FFFFFFFFFFFFFFFFFFFFFFFFFFFFFFFFFFFFFFFFFFFFFFFFFFFFFFFFFFFFFFFF36
:206A8000FFFFFFFFFFFFFFFFFFFFFFFFFFFFFFFFFFFFFFFFFFFFFFFFFFFFFFFFFFFFFFFF16
:206AA000FFFFFFFFFFFFFFFFFFFFFFFFFFFFFFFFFFFFFFFFFFFFFFFFFFFFFFFFFFFFFFFFF6
:206AC000FFFFFFFFFFFFFFFFFFFFFFFFFFFFFFFFFFFFFFFFFFFFFFFFFFFFFFFFFFFFFFFFD6
:206AE000FFFFFFFFFFFFFFFFFFFFFFFFFFFFFFFFFFFFFFFFFFFFFFFFFFFFFFFFFFFFFFFFB6
:206B0000FFFFFFFFFFFFFFFFFFFFFFFFFFFFFFFFFFFFFFFFFFFFFFFFFFFFFFFFFFFFFFFF95
:206B2000FFFFFFFFFFFFFFFFFFFFFFFFFFFFFFFFFFFFFFFFFFFFFFFFFFFFFFFFFFFFFFFF75
:206B4000FFFFFFFFFFFFFFFFFFFFFFFFFFFFFFFFFFFFFFFFFFFFFFFFFFFFFFFFFFFFFFFF55
:206B6000FFFFFFFFFFFFFFFFFFFFFFFFFFFFFFFFFFFFFFFFFFFFFFFFFFFFFFFFFFFFFFFF35
:206B8000FFFFFFFFFFFFFFFFFFFFFFFFFFFFFFFFFFFFFFFFFFFFFFFFFFFFFFFFFFFFFFFF15
:206BA000FFFFFFFFFFFFFFFFFFFFFFFFFFFFFFFFFFFFFFFFFFFFFFFFFFFFFFFFFFFFFFFFF5
:206BC000FFFFFFFFFFFFFFFFFFFFFFFFFFFFFFFFFFFFFFFFFFFFFFFFFFFFFFFFFFFFFFFFD5
:206BE000FFFFFFFFFFFFFFFFFFFFFFFFFFFFFFFFFFFFFFFFFFFFFFFFFFFFFFFFFFFFFFFFB5
:206C0000FFFFFFFFFFFFFFFFFFFFFFFFFFFFFFFFFFFFFFFFFFFFFFFFFFFFFFFFFFFFFFFF94
:206C2000FFFFFFFFFFFFFFFFFFFFFFFFFFFFFFFFFFFFFFFFFFFFFFFFFFFFFFFFFFFFFFFF74
:206C4000FFFFFFFFFFFFFFFFFFFFFFFFFFFFFFFFFFFFFFFFFFFFFFFFFFFFFFFFFFFFFFFF54
:206C6000FFFFFFFFFFFFFFFFFFFFFFFFFFFFFFFFFFFFFFFFFFFFFFFFFFFFFFFFFFFFFFFF34
:206C8000FFFFFFFFFFFFFFFFFFFFFFFFFFFFFFFFFFFFFFFFFFFFFFFFFFFFFFFFFFFFFFFF14
:206CA000FFFFFFFFFFFFFFFFFFFFFFFFFFFFFFFFFFFFFFFFFFFFFFFFFFFFFFFFFFFFFFFFF4
:206CC000FFFFFFFFFFFFFFFFFFFFFFFFFFFFFFFFFFFFFFFFFFFFFFFFFFFFFFFFFFFFFFFFD4
:206CE000FFFFFFFFFFFFFFFFFFFFFFFFFFFFFFFFFFFFFFFFFFFFFFFFFFFFFFFFFFFFFFFFB4
:206D0000FFFFFFFFFFFFFFFFFFFFFFFFFFFFFFFFFFFFFFFFFFFFFFFFFFFFFFFFFFFFFFFF93
:206D2000FFFFFFFFFFFFFFFFFFFFFFFFFFFFFFFFFFFFFFFFFFFFFFFFFFFFFFFFFFFFFFFF73
:206D4000FFFFFFFFFFFFFFFFFFFFFFFFFFFFFFFFFFFFFFFFFFFFFFFFFFFFFFFFFFFFFFFF53
:206D6000FFFFFFFFFFFFFFFFFFFFFFFFFFFFFFFFFFFFFFFFFFFFFFFFFFFFFFFFFFFFFFFF33
:206D8000FFFFFFFFFFFFFFFFFFFFFFFFFFFFFFFFFFFFFFFFFFFFFFFFFFFFFFFFFFFFFFFF13
:206DA000FFFFFFFFFFFFFFFFFFFFFFFFFFFFFFFFFFFFFFFFFFFFFFFFFFFFFFFFFFFFFFFFF3
:206DC000FFFFFFFFFFFFFFFFFFFFFFFFFFFFFFFFFFFFFFFFFFFFFFFFFFFFFFFFFFFFFFFFD3
:206DE000FFFFFFFFFFFFFFFFFFFFFFFFFFFFFFFFFFFFFFFFFFFFFFFFFFFFFFFFFFFFFFFFB3
:206E0000FFFFFFFFFFFFFFFFFFFFFFFFFFFFFFFFFFFFFFFFFFFFFFFFFFFFFFFFFFFFFFFF92
:206E2000FFFFFFFFFFFFFFFFFFFFFFFFFFFFFFFFFFFFFFFFFFFFFFFFFFFFFFFFFFFFFFFF72
:206E4000FFFFFFFFFFFFFFFFFFFFFFFFFFFFFFFFFFFFFFFFFFFFFFFFFFFFFFFFFFFFFFFF52
:206E6000FFFFFFFFFFFFFFFFFFFFFFFFFFFFFFFFFFFFFFFFFFFFFFFFFFFFFFFFFFFFFFFF32
:206E8000FFFFFFFFFFFFFFFFFFFFFFFFFFFFFFFFFFFFFFFFFFFFFFFFFFFFFFFFFFFFFFFF12
:206EA000FFFFFFFFFFFFFFFFFFFFFFFFFFFFFFFFFFFFFFFFFFFFFFFFFFFFFFFFFFFFFFFFF2
:206EC000FFFFFFFFFFFFFFFFFFFFFFFFFFFFFFFFFFFFFFFFFFFFFFFFFFFFFFFFFFFFFFFFD2
:206EE000FFFFFFFFFFFFFFFFFFFFFFFFFFFFFFFFFFFFFFFFFFFFFFFFFFFFFFFFFFFFFFFFB2
:206F0000FFFFFFFFFFFFFFFFFFFFFFFFFFFFFFFFFFFFFFFFFFFFFFFFFFFFFFFFFFFFFFFF91
:206F2000FFFFFFFFFFFFFFFFFFFFFFFFFFFFFFFFFFFFFFFFFFFFFFFFFFFFFFFFFFFFFFFF71
:206F4000FFFFFFFFFFFFFFFFFFFFFFFFFFFFFFFFFFFFFFFFFFFFFFFFFFFFFFFFFFFFFFFF51
:206F6000FFFFFFFFFFFFFFFFFFFFFFFFFFFFFFFFFFFFFFFFFFFFFFFFFFFFFFFFFFFFFFFF31
:206F8000FFFFFFFFFFFFFFFFFFFFFFFFFFFFFFFFFFFFFFFFFFFFFFFFFFFFFFFFFFFFFFFF11
:206FA000FFFFFFFFFFFFFFFFFFFFFFFFFFFFFFFFFFFFFFFFFFFFFFFFFFFFFFFFFFFFFFFFF1
:206FC000FFFFFFFFFFFFFFFFFFFFFFFFFFFFFFFFFFFFFFFFFFFFFFFFFFFFFFFFFFFFFFFFD1
:206FE000FFFFFFFFFFFFFFFFFFFFFFFFFFFFFFFFFFFFFFFFFFFFFFFFFFFFFFFFFFFFFFFFB1
:20700000FFFFFFFFFFFFFFFFFFFFFFFFFFFFFFFFFFFFFFFFFFFFFFFFFFFFFFFFFFFFFFFF90
:20702000FFFFFFFFFFFFFFFFFFFFFFFFFFFFFFFFFFFFFFFFFFFFFFFFFFFFFFFFFFFFFFFF70
:20704000FFFFFFFFFFFFFFFFFFFFFFFFFFFFFFFFFFFFFFFFFFFFFFFFFFFFFFFFFFFFFFFF50
:20706000FFFFFFFFFFFFFFFFFFFFFFFFFFFFFFFFFFFFFFFFFFFFFFFFFFFFFFFFFFFFFFFF30
:20708000FFFFFFFFFFFFFFFFFFFFFFFFFFFFFFFFFFFFFFFFFFFFFFFFFFFFFFFFFFFFFFFF10
:2070A000FFFFFFFFFFFFFFFFFFFFFFFFFFFFFFFFFFFFFFFFFFFFFFFFFFFFFFFFFFFFFFFFF0
:2070C000FFFFFFFFFFFFFFFFFFFFFFFFFFFFFFFFFFFFFFFFFFFFFFFFFFFFFFFFFFFFFFFFD0
:2070E000FFFFFFFFFFFFFFFFFFFFFFFFFFFFFFFFFFFFFFFFFFFFFFFFFFFFFFFFFFFFFFFFB0
:20710000FFFFFFFFFFFFFFFFFFFFFFFFFFFFFFFFFFFFFFFFFFFFFFFFFFFFFFFFFFFFFFFF8F
:20712000FFFFFFFFFFFFFFFFFFFFFFFFFFFFFFFFFFFFFFFFFFFFFFFFFFFFFFFFFFFFFFFF6F
:20714000FFFFFFFFFFFFFFFFFFFFFFFFFFFFFFFFFFFFFFFFFFFFFFFFFFFFFFFFFFFFFFFF4F
:20716000FFFFFFFFFFFFFFFFFFFFFFFFFFFFFFFFFFFFFFFFFFFFFFFFFFFFFFFFFFFFFFFF2F
:20718000FFFFFFFFFFFFFFFFFFFFFFFFFFFFFFFFFFFFFFFFFFFFFFFFFFFFFFFFFFFFFFFF0F
:2071A000FFFFFFFFFFFFFFFFFFFFFFFFFFFFFFFFFFFFFFFFFFFFFFFFFFFFFFFFFFFFFFFFEF
:2071C000FFFFFFFFFFFFFFFFFFFFFFFFFFFFFFFFFFFFFFFFFFFFFFFFFFFFFFFFFFFFFFFFCF
:2071E000FFFFFFFFFFFFFFFFFFFFFFFFFFFFFFFFFFFFFFFFFFFFFFFFFFFFFFFFFFFFFFFFAF
:20720000FFFFFFFFFFFFFFFFFFFFFFFFFFFFFFFFFFFFFFFFFFFFFFFFFFFFFFFFFFFFFFFF8E
:20722000FFFFFFFFFFFFFFFFFFFFFFFFFFFFFFFFFFFFFFFFFFFFFFFFFFFFFFFFFFFFFFFF6E
:20724000FFFFFFFFFFFFFFFFFFFFFFFFFFFFFFFFFFFFFFFFFFFFFFFFFFFFFFFFFFFFFFFF4E
:20726000FFFFFFFFFFFFFFFFFFFFFFFFFFFFFFFFFFFFFFFFFFFFFFFFFFFFFFFFFFFFFFFF2E
:20728000FFFFFFFFFFFFFFFFFFFFFFFFFFFFFFFFFFFFFFFFFFFFFFFFFFFFFFFFFFFFFFFF0E
:2072A000FFFFFFFFFFFFFFFFFFFFFFFFFFFFFFFFFFFFFFFFFFFFFFFFFFFFFFFFFFFFFFFFEE
:2072C000FFFFFFFFFFFFFFFFFFFFFFFFFFFFFFFFFFFFFFFFFFFFFFFFFFFFFFFFFFFFFFFFCE
:2072E000FFFFFFFFFFFFFFFFFFFFFFFFFFFFFFFFFFFFFFFFFFFFFFFFFFFFFFFFFFFFFFFFAE
:20730000FFFFFFFFFFFFFFFFFFFFFFFFFFFFFFFFFFFFFFFFFFFFFFFFFFFFFFFFFFFFFFFF8D
:20732000FFFFFFFFFFFFFFFFFFFFFFFFFFFFFFFFFFFFFFFFFFFFFFFFFFFFFFFFFFFFFFFF6D
:20734000FFFFFFFFFFFFFFFFFFFFFFFFFFFFFFFFFFFFFFFFFFFFFFFFFFFFFFFFFFFFFFFF4D
:20736000FFFFFFFFFFFFFFFFFFFFFFFFFFFFFFFFFFFFFFFFFFFFFFFFFFFFFFFFFFFFFFFF2D
:20738000FFFFFFFFFFFFFFFFFFFFFFFFFFFFFFFFFFFFFFFFFFFFFFFFFFFFFFFFFFFFFFFF0D
:2073A000FFFFFFFFFFFFFFFFFFFFFFFFFFFFFFFFFFFFFFFFFFFFFFFFFFFFFFFFFFFFFFFFED
:2073C000FFFFFFFFFFFFFFFFFFFFFFFFFFFFFFFFFFFFFFFFFFFFFFFFFFFFFFFFFFFFFFFFCD
:2073E000FFFFFFFFFFFFFFFFFFFFFFFFFFFFFFFFFFFFFFFFFFFFFFFFFFFFFFFFFFFFFFFFAD
:20740000FFFFFFFFFFFFFFFFFFFFFFFFFFFFFFFFFFFFFFFFFFFFFFFFFFFFFFFFFFFFFFFF8C
:20742000FFFFFFFFFFFFFFFFFFFFFFFFFFFFFFFFFFFFFFFFFFFFFFFFFFFFFFFFFFFFFFFF6C
:20744000FFFFFFFFFFFFFFFFFFFFFFFFFFFFFFFFFFFFFFFFFFFFFFFFFFFFFFFFFFFFFFFF4C
:20746000FFFFFFFFFFFFFFFFFFFFFFFFFFFFFFFFFFFFFFFFFFFFFFFFFFFFFFFFFFFFFFFF2C
:20748000FFFFFFFFFFFFFFFFFFFFFFFFFFFFFFFFFFFFFFFFFFFFFFFFFFFFFFFFFFFFFFFF0C
:2074A000FFFFFFFFFFFFFFFFFFFFFFFFFFFFFFFFFFFFFFFFFFFFFFFFFFFFFFFFFFFFFFFFEC
:2074C000FFFFFFFFFFFFFFFFFFFFFFFFFFFFFFFFFFFFFFFFFFFFFFFFFFFFFFFFFFFFFFFFCC
:2074E000FFFFFFFFFFFFFFFFFFFFFFFFFFFFFFFFFFFFFFFFFFFFFFFFFFFFFFFFFFFFFFFFAC
:20750000FFFFFFFFFFFFFFFFFFFFFFFFFFFFFFFFFFFFFFFFFFFFFFFFFFFFFFFFFFFFFFFF8B
:20752000FFFFFFFFFFFFFFFFFFFFFFFFFFFFFFFFFFFFFFFFFFFFFFFFFFFFFFFFFFFFFFFF6B
:20754000FFFFFFFFFFFFFFFFFFFFFFFFFFFFFFFFFFFFFFFFFFFFFFFFFFFFFFFFFFFFFFFF4B
:20756000FFFFFFFFFFFFFFFFFFFFFFFFFFFFFFFFFFFFFFFFFFFFFFFFFFFFFFFFFFFFFFFF2B
:20758000FFFFFFFFFFFFFFFFFFFFFFFFFFFFFFFFFFFFFFFFFFFFFFFFFFFFFFFFFFFFFFFF0B
:2075A000FFFFFFFFFFFFFFFFFFFFFFFFFFFFFFFFFFFFFFFFFFFFFFFFFFFFFFFFFFFFFFFFEB
:2075C000FFFFFFFFFFFFFFFFFFFFFFFFFFFFFFFFFFFFFFFFFFFFFFFFFFFFFFFFFFFFFFFFCB
:2075E000FFFFFFFFFFFFFFFFFFFFFFFFFFFFFFFFFFFFFFFFFFFFFFFFFFFFFFFFFFFFFFFFAB
:20760000FFFFFFFFFFFFFFFFFFFFFFFFFFFFFFFFFFFFFFFFFFFFFFFFFFFFFFFFFFFFFFFF8A
:20762000FFFFFFFFFFFFFFFFFFFFFFFFFFFFFFFFFFFFFFFFFFFFFFFFFFFFFFFFFFFFFFFF6A
:20764000FFFFFFFFFFFFFFFFFFFFFFFFFFFFFFFFFFFFFFFFFFFFFFFFFFFFFFFFFFFFFFFF4A
:20766000FFFFFFFFFFFFFFFFFFFFFFFFFFFFFFFFFFFFFFFFFFFFFFFFFFFFFFFFFFFFFFFF2A
:20768000FFFFFFFFFFFFFFFFFFFFFFFFFFFFFFFFFFFFFFFFFFFFFFFFFFFFFFFFFFFFFFFF0A
:2076A000FFFFFFFFFFFFFFFFFFFFFFFFFFFFFFFFFFFFFFFFFFFFFFFFFFFFFFFFFFFFFFFFEA
:2076C000FFFFFFFFFFFFFFFFFFFFFFFFFFFFFFFFFFFFFFFFFFFFFFFFFFFFFFFFFFFFFFFFCA
:2076E000FFFFFFFFFFFFFFFFFFFFFFFFFFFFFFFFFFFFFFFFFFFFFFFFFFFFFFFFFFFFFFFFAA
:20770000FFFFFFFFFFFFFFFFFFFFFFFFFFFFFFFFFFFFFFFFFFFFFFFFFFFFFFFFFFFFFFFF89
:20772000FFFFFFFFFFFFFFFFFFFFFFFFFFFFFFFFFFFFFFFFFFFFFFFFFFFFFFFFFFFFFFFF69
:20774000FFFFFFFFFFFFFFFFFFFFFFFFFFFFFFFFFFFFFFFFFFFFFFFFFFFFFFFFFFFFFFFF49
:20776000FFFFFFFFFFFFFFFFFFFFFFFFFFFFFFFFFFFFFFFFFFFFFFFFFFFFFFFFFFFFFFFF29
:20778000FFFFFFFFFFFFFFFFFFFFFFFFFFFFFFFFFFFFFFFFFFFFFFFFFFFFFFFFFFFFFFFF09
:2077A000FFFFFFFFFFFFFFFFFFFFFFFFFFFFFFFFFFFFFFFFFFFFFFFFFFFFFFFFFFFFFFFFE9
:2077C000FFFFFFFFFFFFFFFFFFFFFFFFFFFFFFFFFFFFFFFFFFFFFFFFFFFFFFFFFFFFFFFFC9
:2077E000FFFFFFFFFFFFFFFFFFFFFFFFFFFFFFFFFFFFFFFFFFFFFFFFFFFFFFFFFFFFFFFFA9
:20780000FFFFFFFFFFFFFFFFFFFFFFFFFFFFFFFFFFFFFFFFFFFFFFFFFFFFFFFFFFFFFFFF88
:20782000FFFFFFFFFFFFFFFFFFFFFFFFFFFFFFFFFFFFFFFFFFFFFFFFFFFFFFFFFFFFFFFF68
:20784000FFFFFFFFFFFFFFFFFFFFFFFFFFFFFFFFFFFFFFFFFFFFFFFFFFFFFFFFFFFFFFFF48
:20786000FFFFFFFFFFFFFFFFFFFFFFFFFFFFFFFFFFFFFFFFFFFFFFFFFFFFFFFFFFFFFFFF28
:20788000FFFFFFFFFFFFFFFFFFFFFFFFFFFFFFFFFFFFFFFFFFFFFFFFFFFFFFFFFFFFFFFF08
:2078A000FFFFFFFFFFFFFFFFFFFFFFFFFFFFFFFFFFFFFFFFFFFFFFFFFFFFFFFFFFFFFFFFE8
:2078C000FFFFFFFFFFFFFFFFFFFFFFFFFFFFFFFFFFFFFFFFFFFFFFFFFFFFFFFFFFFFFFFFC8
:2078E000FFFFFFFFFFFFFFFFFFFFFFFFFFFFFFFFFFFFFFFFFFFFFFFFFFFFFFFFFFFFFFFFA8
:20790000FFFFFFFFFFFFFFFFFFFFFFFFFFFFFFFFFFFFFFFFFFFFFFFFFFFFFFFFFFFFFFFF87
:20792000FFFFFFFFFFFFFFFFFFFFFFFFFFFFFFFFFFFFFFFFFFFFFFFFFFFFFFFFFFFFFFFF67
:20794000FFFFFFFFFFFFFFFFFFFFFFFFFFFFFFFFFFFFFFFFFFFFFFFFFFFFFFFFFFFFFFFF47
:20796000FFFFFFFFFFFFFFFFFFFFFFFFFFFFFFFFFFFFFFFFFFFFFFFFFFFFFFFFFFFFFFFF27
:20798000FFFFFFFFFFFFFFFFFFFFFFFFFFFFFFFFFFFFFFFFFFFFFFFFFFFFFFFFFFFFFFFF07
:2079A000FFFFFFFFFFFFFFFFFFFFFFFFFFFFFFFFFFFFFFFFFFFFFFFFFFFFFFFFFFFFFFFFE7
:2079C000FFFFFFFFFFFFFFFFFFFFFFFFFFFFFFFFFFFFFFFFFFFFFFFFFFFFFFFFFFFFFFFFC7
:2079E000FFFFFFFFFFFFFFFFFFFFFFFFFFFFFFFFFFFFFFFFFFFFFFFFFFFFFFFFFFFFFFFFA7
:207A0000FFFFFFFFFFFFFFFFFFFFFFFFFFFFFFFFFFFFFFFFFFFFFFFFFFFFFFFFFFFFFFFF86
:207A2000FFFFFFFFFFFFFFFFFFFFFFFFFFFFFFFFFFFFFFFFFFFFFFFFFFFFFFFFFFFFFFFF66
:207A4000FFFFFFFFFFFFFFFFFFFFFFFFFFFFFFFFFFFFFFFFFFFFFFFFFFFFFFFFFFFFFFFF46
:207A6000FFFFFFFFFFFFFFFFFFFFFFFFFFFFFFFFFFFFFFFFFFFFFFFFFFFFFFFFFFFFFFFF26
:207A8000FFFFFFFFFFFFFFFFFFFFFFFFFFFFFFFFFFFFFFFFFFFFFFFFFFFFFFFFFFFFFFFF06
:207AA000FFFFFFFFFFFFFFFFFFFFFFFFFFFFFFFFFFFFFFFFFFFFFFFFFFFFFFFFFFFFFFFFE6
:207AC000FFFFFFFFFFFFFFFFFFFFFFFFFFFFFFFFFFFFFFFFFFFFFFFFFFFFFFFFFFFFFFFFC6
:207AE000FFFFFFFFFFFFFFFFFFFFFFFFFFFFFFFFFFFFFFFFFFFFFFFFFFFFFFFFFFFFFFFFA6
:207B0000FFFFFFFFFFFFFFFFFFFFFFFFFFFFFFFFFFFFFFFFFFFFFFFFFFFFFFFFFFFFFFFF85
:207B2000FFFFFFFFFFFFFFFFFFFFFFFFFFFFFFFFFFFFFFFFFFFFFFFFFFFFFFFFFFFFFFFF65
:207B4000FFFFFFFFFFFFFFFFFFFFFFFFFFFFFFFFFFFFFFFFFFFFFFFFFFFFFFFFFFFFFFFF45
:207B6000FFFFFFFFFFFFFFFFFFFFFFFFFFFFFFFFFFFFFFFFFFFFFFFFFFFFFFFFFFFFFFFF25
:207B8000FFFFFFFFFFFFFFFFFFFFFFFFFFFFFFFFFFFFFFFFFFFFFFFFFFFFFFFFFFFFFFFF05
:207BA000FFFFFFFFFFFFFFFFFFFFFFFFFFFFFFFFFFFFFFFFFFFFFFFFFFFFFFFFFFFFFFFFE5
:207BC000FFFFFFFFFFFFFFFFFFFFFFFFFFFFFFFFFFFFFFFFFFFFFFFFFFFFFFFFFFFFFFFFC5
:207BE000FFFFFFFFFFFFFFFFFFFFFFFFFFFFFFFFFFFFFFFFFFFFFFFFFFFFFFFFFFFFFFFFA5
:207C0000FFFFFFFFFFFFFFFFFFFFFFFFFFFFFFFFFFFFFFFFFFFFFFFFFFFFFFFFFFFFFFFF84
:207C2000FFFFFFFFFFFFFFFFFFFFFFFFFFFFFFFFFFFFFFFFFFFFFFFFFFFFFFFFFFFFFFFF64
:207C4000FFFFFFFFFFFFFFFFFFFFFFFFFFFFFFFFFFFFFFFFFFFFFFFFFFFFFFFFFFFFFFFF44
:207C6000FFFFFFFFFFFFFFFFFFFFFFFFFFFFFFFFFFFFFFFFFFFFFFFFFFFFFFFFFFFFFFFF24
:207C8000FFFFFFFFFFFFFFFFFFFFFFFFFFFFFFFFFFFFFFFFFFFFFFFFFFFFFFFFFFFFFFFF04
:207CA000FFFFFFFFFFFFFFFFFFFFFFFFFFFFFFFFFFFFFFFFFFFFFFFFFFFFFFFFFFFFFFFFE4
:207CC000FFFFFFFFFFFFFFFFFFFFFFFFFFFFFFFFFFFFFFFFFFFFFFFFFFFFFFFFFFFFFFFFC4
:207CE000FFFFFFFFFFFFFFFFFFFFFFFFFFFFFFFFFFFFFFFFFFFFFFFFFFFFFFFFFFFFFFFFA4
:207D0000FFFFFFFFFFFFFFFFFFFFFFFFFFFFFFFFFFFFFFFFFFFFFFFFFFFFFFFFFFFFFFFF83
:207D2000FFFFFFFFFFFFFFFFFFFFFFFFFFFFFFFFFFFFFFFFFFFFFFFFFFFFFFFFFFFFFFFF63
:207D4000FFFFFFFFFFFFFFFFFFFFFFFFFFFFFFFFFFFFFFFFFFFFFFFFFFFFFFFFFFFFFFFF43
:207D6000FFFFFFFFFFFFFFFFFFFFFFFFFFFFFFFFFFFFFFFFFFFFFFFFFFFFFFFFFFFFFFFF23
:207D8000FFFFFFFFFFFFFFFFFFFFFFFFFFFFFFFFFFFFFFFFFFFFFFFFFFFFFFFFFFFFFFFF03
:207DA000FFFFFFFFFFFFFFFFFFFFFFFFFFFFFFFFFFFFFFFFFFFFFFFFFFFFFFFFFFFFFFFFE3
:207DC000FFFFFFFFFFFFFFFFFFFFFFFFFFFFFFFFFFFFFFFFFFFFFFFFFFFFFFFFFFFFFFFFC3
:207DE000FFFFFFFFFFFFFFFFFFFFFFFFFFFFFFFFFFFFFFFFFFFFFFFFFFFFFFFFFFFFFFFFA3
:207E0000FFFFFFFFFFFFFFFFFFFFFFFFFFFFFFFFFFFFFFFFFFFFFFFFFFFFFFFFFFFFFFFF82
:207E2000FFFFFFFFFFFFFFFFFFFFFFFFFFFFFFFFFFFFFFFFFFFFFFFFFFFFFFFFFFFFFFFF62
:207E4000FFFFFFFFFFFFFFFFFFFFFFFFFFFFFFFFFFFFFFFFFFFFFFFFFFFFFFFFFFFFFFFF42
:207E6000FFFFFFFFFFFFFFFFFFFFFFFFFFFFFFFFFFFFFFFFFFFFFFFFFFFFFFFFFFFFFFFF22
:207E8000FFFFFFFFFFFFFFFFFFFFFFFFFFFFFFFFFFFFFFFFFFFFFFFFFFFFFFFFFFFFFFFF02
:207EA000FFFFFFFFFFFFFFFFFFFFFFFFFFFFFFFFFFFFFFFFFFFFFFFFFFFFFFFFFFFFFFFFE2
:207EC000FFFFFFFFFFFFFFFFFFFFFFFFFFFFFFFFFFFFFFFFFFFFFFFFFFFFFFFFFFFFFFFFC2
:207EE000FFFFFFFFFFFFFFFFFFFFFFFFFFFFFFFFFFFFFFFFFFFFFFFFFFFFFFFFFFFFFFFFA2
:207F0000FFFFFFFFFFFFFFFFFFFFFFFFFFFFFFFFFFFFFFFFFFFFFFFFFFFFFFFFFFFFFFFF81
:207F2000FFFFFFFFFFFFFFFFFFFFFFFFFFFFFFFFFFFFFFFFFFFFFFFFFFFFFFFFFFFFFFFF61
:207F4000FFFFFFFFFFFFFFFFFFFFFFFFFFFFFFFFFFFFFFFFFFFFFFFFFFFFFFFFFFFFFFFF41
:207F6000FFFFFFFFFFFFFFFFFFFFFFFFFFFFFFFFFFFFFFFFFFFFFFFFFFFFFFFFFFFFFFFF21
:207F8000FFFFFFFFFFFFFFFFFFFFFFFFFFFFFFFFFFFFFFFFFFFFFFFFFFFFFFFFFFFFFFFF01
:207FA000FFFFFFFFFFFFFFFFFFFFFFFFFFFFFFFFFFFFFFFFFFFFFFFFFFFFFFFFFFFFFFFFE1
:207FC000FFFFFFFFFFFFFFFFFFFFFFFFFFFFFFFFFFFFFFFFFFFFFFFFFFFFFFFFFFFFFFFFC1
:207FE000FFFFFFFFFFFFFFFFFFFFFFFFFFFFFFFFFFFFFFFFFFFFFFFFFFFFFFFFFFFFFFFFA1
:20800000FFFFFFFFFFFFFFFFFFFFFFFFFFFFFFFFFFFFFFFFFFFFFFFFFFFFFFFFFFFFFFFF80
:20802000FFFFFFFFFFFFFFFFFFFFFFFFFFFFFFFFFFFFFFFFFFFFFFFFFFFFFFFFFFFFFFFF60
:20804000FFFFFFFFFFFFFFFFFFFFFFFFFFFFFFFFFFFFFFFFFFFFFFFFFFFFFFFFFFFFFFFF40
:20806000FFFFFFFFFFFFFFFFFFFFFFFFFFFFFFFFFFFFFFFFFFFFFFFFFFFFFFFFFFFFFFFF20
:20808000FFFFFFFFFFFFFFFFFFFFFFFFFFFFFFFFFFFFFFFFFFFFFFFFFFFFFFFFFFFFFFFF00
:2080A000FFFFFFFFFFFFFFFFFFFFFFFFFFFFFFFFFFFFFFFFFFFFFFFFFFFFFFFFFFFFFFFFE0
:2080C000FFFFFFFFFFFFFFFFFFFFFFFFFFFFFFFFFFFFFFFFFFFFFFFFFFFFFFFFFFFFFFFFC0
:2080E000FFFFFFFFFFFFFFFFFFFFFFFFFFFFFFFFFFFFFFFFFFFFFFFFFFFFFFFFFFFFFFFFA0
:20810000FFFFFFFFFFFFFFFFFFFFFFFFFFFFFFFFFFFFFFFFFFFFFFFFFFFFFFFFFFFFFFFF7F
:20812000FFFFFFFFFFFFFFFFFFFFFFFFFFFFFFFFFFFFFFFFFFFFFFFFFFFFFFFFFFFFFFFF5F
:20814000FFFFFFFFFFFFFFFFFFFFFFFFFFFFFFFFFFFFFFFFFFFFFFFFFFFFFFFFFFFFFFFF3F
:20816000FFFFFFFFFFFFFFFFFFFFFFFFFFFFFFFFFFFFFFFFFFFFFFFFFFFFFFFFFFFFFFFF1F
:20818000FFFFFFFFFFFFFFFFFFFFFFFFFFFFFFFFFFFFFFFFFFFFFFFFFFFFFFFFFFFFFFFFFF
:2081A000FFFFFFFFFFFFFFFFFFFFFFFFFFFFFFFFFFFFFFFFFFFFFFFFFFFFFFFFFFFFFFFFDF
:2081C000FFFFFFFFFFFFFFFFFFFFFFFFFFFFFFFFFFFFFFFFFFFFFFFFFFFFFFFFFFFFFFFFBF
:2081E000FFFFFFFFFFFFFFFFFFFFFFFFFFFFFFFFFFFFFFFFFFFFFFFFFFFFFFFFFFFFFFFF9F
:20820000FFFFFFFFFFFFFFFFFFFFFFFFFFFFFFFFFFFFFFFFFFFFFFFFFFFFFFFFFFFFFFFF7E
:20822000FFFFFFFFFFFFFFFFFFFFFFFFFFFFFFFFFFFFFFFFFFFFFFFFFFFFFFFFFFFFFFFF5E
:20824000FFFFFFFFFFFFFFFFFFFFFFFFFFFFFFFFFFFFFFFFFFFFFFFFFFFFFFFFFFFFFFFF3E
:20826000FFFFFFFFFFFFFFFFFFFFFFFFFFFFFFFFFFFFFFFFFFFFFFFFFFFFFFFFFFFFFFFF1E
:20828000FFFFFFFFFFFFFFFFFFFFFFFFFFFFFFFFFFFFFFFFFFFFFFFFFFFFFFFFFFFFFFFFFE
:2082A000FFFFFFFFFFFFFFFFFFFFFFFFFFFFFFFFFFFFFFFFFFFFFFFFFFFFFFFFFFFFFFFFDE
:2082C000FFFFFFFFFFFFFFFFFFFFFFFFFFFFFFFFFFFFFFFFFFFFFFFFFFFFFFFFFFFFFFFFBE
:2082E000FFFFFFFFFFFFFFFFFFFFFFFFFFFFFFFFFFFFFFFFFFFFFFFFFFFFFFFFFFFFFFFF9E
:20830000FFFFFFFFFFFFFFFFFFFFFFFFFFFFFFFFFFFFFFFFFFFFFFFFFFFFFFFFFFFFFFFF7D
:20832000FFFFFFFFFFFFFFFFFFFFFFFFFFFFFFFFFFFFFFFFFFFFFFFFFFFFFFFFFFFFFFFF5D
:20834000FFFFFFFFFFFFFFFFFFFFFFFFFFFFFFFFFFFFFFFFFFFFFFFFFFFFFFFFFFFFFFFF3D
:20836000FFFFFFFFFFFFFFFFFFFFFFFFFFFFFFFFFFFFFFFFFFFFFFFFFFFFFFFFFFFFFFFF1D
:20838000FFFFFFFFFFFFFFFFFFFFFFFFFFFFFFFFFFFFFFFFFFFFFFFFFFFFFFFFFFFFFFFFFD
:2083A000FFFFFFFFFFFFFFFFFFFFFFFFFFFFFFFFFFFFFFFFFFFFFFFFFFFFFFFFFFFFFFFFDD
:2083C000FFFFFFFFFFFFFFFFFFFFFFFFFFFFFFFFFFFFFFFFFFFFFFFFFFFFFFFFFFFFFFFFBD
:2083E000FFFFFFFFFFFFFFFFFFFFFFFFFFFFFFFFFFFFFFFFFFFFFFFFFFFFFFFFFFFFFFFF9D
:20840000FFFFFFFFFFFFFFFFFFFFFFFFFFFFFFFFFFFFFFFFFFFFFFFFFFFFFFFFFFFFFFFF7C
:20842000FFFFFFFFFFFFFFFFFFFFFFFFFFFFFFFFFFFFFFFFFFFFFFFFFFFFFFFFFFFFFFFF5C
:20844000FFFFFFFFFFFFFFFFFFFFFFFFFFFFFFFFFFFFFFFFFFFFFFFFFFFFFFFFFFFFFFFF3C
:20846000FFFFFFFFFFFFFFFFFFFFFFFFFFFFFFFFFFFFFFFFFFFFFFFFFFFFFFFFFFFFFFFF1C
:20848000FFFFFFFFFFFFFFFFFFFFFFFFFFFFFFFFFFFFFFFFFFFFFFFFFFFFFFFFFFFFFFFFFC
:2084A000FFFFFFFFFFFFFFFFFFFFFFFFFFFFFFFFFFFFFFFFFFFFFFFFFFFFFFFFFFFFFFFFDC
:2084C000FFFFFFFFFFFFFFFFFFFFFFFFFFFFFFFFFFFFFFFFFFFFFFFFFFFFFFFFFFFFFFFFBC
:2084E000FFFFFFFFFFFFFFFFFFFFFFFFFFFFFFFFFFFFFFFFFFFFFFFFFFFFFFFFFFFFFFFF9C
:20850000FFFFFFFFFFFFFFFFFFFFFFFFFFFFFFFFFFFFFFFFFFFFFFFFFFFFFFFFFFFFFFFF7B
:20852000FFFFFFFFFFFFFFFFFFFFFFFFFFFFFFFFFFFFFFFFFFFFFFFFFFFFFFFFFFFFFFFF5B
:20854000FFFFFFFFFFFFFFFFFFFFFFFFFFFFFFFFFFFFFFFFFFFFFFFFFFFFFFFFFFFFFFFF3B
:20856000FFFFFFFFFFFFFFFFFFFFFFFFFFFFFFFFFFFFFFFFFFFFFFFFFFFFFFFFFFFFFFFF1B
:20858000FFFFFFFFFFFFFFFFFFFFFFFFFFFFFFFFFFFFFFFFFFFFFFFFFFFFFFFFFFFFFFFFFB
:2085A000FFFFFFFFFFFFFFFFFFFFFFFFFFFFFFFFFFFFFFFFFFFFFFFFFFFFFFFFFFFFFFFFDB
:2085C000FFFFFFFFFFFFFFFFFFFFFFFFFFFFFFFFFFFFFFFFFFFFFFFFFFFFFFFFFFFFFFFFBB
:2085E000FFFFFFFFFFFFFFFFFFFFFFFFFFFFFFFFFFFFFFFFFFFFFFFFFFFFFFFFFFFFFFFF9B
:20860000FFFFFFFFFFFFFFFFFFFFFFFFFFFFFFFFFFFFFFFFFFFFFFFFFFFFFFFFFFFFFFFF7A
:20862000FFFFFFFFFFFFFFFFFFFFFFFFFFFFFFFFFFFFFFFFFFFFFFFFFFFFFFFFFFFFFFFF5A
:20864000FFFFFFFFFFFFFFFFFFFFFFFFFFFFFFFFFFFFFFFFFFFFFFFFFFFFFFFFFFFFFFFF3A
:20866000FFFFFFFFFFFFFFFFFFFFFFFFFFFFFFFFFFFFFFFFFFFFFFFFFFFFFFFFFFFFFFFF1A
:20868000FFFFFFFFFFFFFFFFFFFFFFFFFFFFFFFFFFFFFFFFFFFFFFFFFFFFFFFFFFFFFFFFFA
:2086A000FFFFFFFFFFFFFFFFFFFFFFFFFFFFFFFFFFFFFFFFFFFFFFFFFFFFFFFFFFFFFFFFDA
:2086C000FFFFFFFFFFFFFFFFFFFFFFFFFFFFFFFFFFFFFFFFFFFFFFFFFFFFFFFFFFFFFFFFBA
:2086E000FFFFFFFFFFFFFFFFFFFFFFFFFFFFFFFFFFFFFFFFFFFFFFFFFFFFFFFFFFFFFFFF9A
:20870000FFFFFFFFFFFFFFFFFFFFFFFFFFFFFFFFFFFFFFFFFFFFFFFFFFFFFFFFFFFFFFFF79
:20872000FFFFFFFFFFFFFFFFFFFFFFFFFFFFFFFFFFFFFFFFFFFFFFFFFFFFFFFFFFFFFFFF59
:20874000FFFFFFFFFFFFFFFFFFFFFFFFFFFFFFFFFFFFFFFFFFFFFFFFFFFFFFFFFFFFFFFF39
:20876000FFFFFFFFFFFFFFFFFFFFFFFFFFFFFFFFFFFFFFFFFFFFFFFFFFFFFFFFFFFFFFFF19
:20878000FFFFFFFFFFFFFFFFFFFFFFFFFFFFFFFFFFFFFFFFFFFFFFFFFFFFFFFFFFFFFFFFF9
:2087A000FFFFFFFFFFFFFFFFFFFFFFFFFFFFFFFFFFFFFFFFFFFFFFFFFFFFFFFFFFFFFFFFD9
:2087C000FFFFFFFFFFFFFFFFFFFFFFFFFFFFFFFFFFFFFFFFFFFFFFFFFFFFFFFFFFFFFFFFB9
:2087E000FFFFFFFFFFFFFFFFFFFFFFFFFFFFFFFFFFFFFFFFFFFFFFFFFFFFFFFFFFFFFFFF99
:20880000FFFFFFFFFFFFFFFFFFFFFFFFFFFFFFFFFFFFFFFFFFFFFFFFFFFFFFFFFFFFFFFF78
:20882000FFFFFFFFFFFFFFFFFFFFFFFFFFFFFFFFFFFFFFFFFFFFFFFFFFFFFFFFFFFFFFFF58
:20884000FFFFFFFFFFFFFFFFFFFFFFFFFFFFFFFFFFFFFFFFFFFFFFFFFFFFFFFFFFFFFFFF38
:20886000FFFFFFFFFFFFFFFFFFFFFFFFFFFFFFFFFFFFFFFFFFFFFFFFFFFFFFFFFFFFFFFF18
:20888000FFFFFFFFFFFFFFFFFFFFFFFFFFFFFFFFFFFFFFFFFFFFFFFFFFFFFFFFFFFFFFFFF8
:2088A000FFFFFFFFFFFFFFFFFFFFFFFFFFFFFFFFFFFFFFFFFFFFFFFFFFFFFFFFFFFFFFFFD8
:2088C000FFFFFFFFFFFFFFFFFFFFFFFFFFFFFFFFFFFFFFFFFFFFFFFFFFFFFFFFFFFFFFFFB8
:2088E000FFFFFFFFFFFFFFFFFFFFFFFFFFFFFFFFFFFFFFFFFFFFFFFFFFFFFFFFFFFFFFFF98
:20890000FFFFFFFFFFFFFFFFFFFFFFFFFFFFFFFFFFFFFFFFFFFFFFFFFFFFFFFFFFFFFFFF77
:20892000FFFFFFFFFFFFFFFFFFFFFFFFFFFFFFFFFFFFFFFFFFFFFFFFFFFFFFFFFFFFFFFF57
:20894000FFFFFFFFFFFFFFFFFFFFFFFFFFFFFFFFFFFFFFFFFFFFFFFFFFFFFFFFFFFFFFFF37
:20896000FFFFFFFFFFFFFFFFFFFFFFFFFFFFFFFFFFFFFFFFFFFFFFFFFFFFFFFFFFFFFFFF17
:20898000FFFFFFFFFFFFFFFFFFFFFFFFFFFFFFFFFFFFFFFFFFFFFFFFFFFFFFFFFFFFFFFFF7
:2089A000FFFFFFFFFFFFFFFFFFFFFFFFFFFFFFFFFFFFFFFFFFFFFFFFFFFFFFFFFFFFFFFFD7
:2089C000FFFFFFFFFFFFFFFFFFFFFFFFFFFFFFFFFFFFFFFFFFFFFFFFFFFFFFFFFFFFFFFFB7
:2089E000FFFFFFFFFFFFFFFFFFFFFFFFFFFFFFFFFFFFFFFFFFFFFFFFFFFFFFFFFFFFFFFF97
:208A0000FFFFFFFFFFFFFFFFFFFFFFFFFFFFFFFFFFFFFFFFFFFFFFFFFFFFFFFFFFFFFFFF76
:208A2000FFFFFFFFFFFFFFFFFFFFFFFFFFFFFFFFFFFFFFFFFFFFFFFFFFFFFFFFFFFFFFFF56
:208A4000FFFFFFFFFFFFFFFFFFFFFFFFFFFFFFFFFFFFFFFFFFFFFFFFFFFFFFFFFFFFFFFF36
:208A6000FFFFFFFFFFFFFFFFFFFFFFFFFFFFFFFFFFFFFFFFFFFFFFFFFFFFFFFFFFFFFFFF16
:208A8000FFFFFFFFFFFFFFFFFFFFFFFFFFFFFFFFFFFFFFFFFFFFFFFFFFFFFFFFFFFFFFFFF6
:208AA000FFFFFFFFFFFFFFFFFFFFFFFFFFFFFFFFFFFFFFFFFFFFFFFFFFFFFFFFFFFFFFFFD6
:208AC000FFFFFFFFFFFFFFFFFFFFFFFFFFFFFFFFFFFFFFFFFFFFFFFFFFFFFFFFFFFFFFFFB6
:208AE000FFFFFFFFFFFFFFFFFFFFFFFFFFFFFFFFFFFFFFFFFFFFFFFFFFFFFFFFFFFFFFFF96
:208B0000FFFFFFFFFFFFFFFFFFFFFFFFFFFFFFFFFFFFFFFFFFFFFFFFFFFFFFFFFFFFFFFF75
:208B2000FFFFFFFFFFFFFFFFFFFFFFFFFFFFFFFFFFFFFFFFFFFFFFFFFFFFFFFFFFFFFFFF55
:208B4000FFFFFFFFFFFFFFFFFFFFFFFFFFFFFFFFFFFFFFFFFFFFFFFFFFFFFFFFFFFFFFFF35
:208B6000FFFFFFFFFFFFFFFFFFFFFFFFFFFFFFFFFFFFFFFFFFFFFFFFFFFFFFFFFFFFFFFF15
:208B8000FFFFFFFFFFFFFFFFFFFFFFFFFFFFFFFFFFFFFFFFFFFFFFFFFFFFFFFFFFFFFFFFF5
:208BA000FFFFFFFFFFFFFFFFFFFFFFFFFFFFFFFFFFFFFFFFFFFFFFFFFFFFFFFFFFFFFFFFD5
:208BC000FFFFFFFFFFFFFFFFFFFFFFFFFFFFFFFFFFFFFFFFFFFFFFFFFFFFFFFFFFFFFFFFB5
:208BE000FFFFFFFFFFFFFFFFFFFFFFFFFFFFFFFFFFFFFFFFFFFFFFFFFFFFFFFFFFFFFFFF95
:208C0000FFFFFFFFFFFFFFFFFFFFFFFFFFFFFFFFFFFFFFFFFFFFFFFFFFFFFFFFFFFFFFFF74
:208C2000FFFFFFFFFFFFFFFFFFFFFFFFFFFFFFFFFFFFFFFFFFFFFFFFFFFFFFFFFFFFFFFF54
:208C4000FFFFFFFFFFFFFFFFFFFFFFFFFFFFFFFFFFFFFFFFFFFFFFFFFFFFFFFFFFFFFFFF34
:208C6000FFFFFFFFFFFFFFFFFFFFFFFFFFFFFFFFFFFFFFFFFFFFFFFFFFFFFFFFFFFFFFFF14
:208C8000FFFFFFFFFFFFFFFFFFFFFFFFFFFFFFFFFFFFFFFFFFFFFFFFFFFFFFFFFFFFFFFFF4
:208CA000FFFFFFFFFFFFFFFFFFFFFFFFFFFFFFFFFFFFFFFFFFFFFFFFFFFFFFFFFFFFFFFFD4
:208CC000FFFFFFFFFFFFFFFFFFFFFFFFFFFFFFFFFFFFFFFFFFFFFFFFFFFFFFFFFFFFFFFFB4
:208CE000FFFFFFFFFFFFFFFFFFFFFFFFFFFFFFFFFFFFFFFFFFFFFFFFFFFFFFFFFFFFFFFF94
:208D0000FFFFFFFFFFFFFFFFFFFFFFFFFFFFFFFFFFFFFFFFFFFFFFFFFFFFFFFFFFFFFFFF73
:208D2000FFFFFFFFFFFFFFFFFFFFFFFFFFFFFFFFFFFFFFFFFFFFFFFFFFFFFFFFFFFFFFFF53
:208D4000FFFFFFFFFFFFFFFFFFFFFFFFFFFFFFFFFFFFFFFFFFFFFFFFFFFFFFFFFFFFFFFF33
:208D6000FFFFFFFFFFFFFFFFFFFFFFFFFFFFFFFFFFFFFFFFFFFFFFFFFFFFFFFFFFFFFFFF13
:208D8000FFFFFFFFFFFFFFFFFFFFFFFFFFFFFFFFFFFFFFFFFFFFFFFFFFFFFFFFFFFFFFFFF3
:208DA000FFFFFFFFFFFFFFFFFFFFFFFFFFFFFFFFFFFFFFFFFFFFFFFFFFFFFFFFFFFFFFFFD3
:208DC000FFFFFFFFFFFFFFFFFFFFFFFFFFFFFFFFFFFFFFFFFFFFFFFFFFFFFFFFFFFFFFFFB3
:208DE000FFFFFFFFFFFFFFFFFFFFFFFFFFFFFFFFFFFFFFFFFFFFFFFFFFFFFFFFFFFFFFFF93
:208E0000FFFFFFFFFFFFFFFFFFFFFFFFFFFFFFFFFFFFFFFFFFFFFFFFFFFFFFFFFFFFFFFF72
:208E2000FFFFFFFFFFFFFFFFFFFFFFFFFFFFFFFFFFFFFFFFFFFFFFFFFFFFFFFFFFFFFFFF52
:208E4000FFFFFFFFFFFFFFFFFFFFFFFFFFFFFFFFFFFFFFFFFFFFFFFFFFFFFFFFFFFFFFFF32
:208E6000FFFFFFFFFFFFFFFFFFFFFFFFFFFFFFFFFFFFFFFFFFFFFFFFFFFFFFFFFFFFFFFF12
:208E8000FFFFFFFFFFFFFFFFFFFFFFFFFFFFFFFFFFFFFFFFFFFFFFFFFFFFFFFFFFFFFFFFF2
:208EA000FFFFFFFFFFFFFFFFFFFFFFFFFFFFFFFFFFFFFFFFFFFFFFFFFFFFFFFFFFFFFFFFD2
:208EC000FFFFFFFFFFFFFFFFFFFFFFFFFFFFFFFFFFFFFFFFFFFFFFFFFFFFFFFFFFFFFFFFB2
:208EE000FFFFFFFFFFFFFFFFFFFFFFFFFFFFFFFFFFFFFFFFFFFFFFFFFFFFFFFFFFFFFFFF92
:208F0000FFFFFFFFFFFFFFFFFFFFFFFFFFFFFFFFFFFFFFFFFFFFFFFFFFFFFFFFFFFFFFFF71
:208F2000FFFFFFFFFFFFFFFFFFFFFFFFFFFFFFFFFFFFFFFFFFFFFFFFFFFFFFFFFFFFFFFF51
:208F4000FFFFFFFFFFFFFFFFFFFFFFFFFFFFFFFFFFFFFFFFFFFFFFFFFFFFFFFFFFFFFFFF31
:208F6000FFFFFFFFFFFFFFFFFFFFFFFFFFFFFFFFFFFFFFFFFFFFFFFFFFFFFFFFFFFFFFFF11
:208F8000FFFFFFFFFFFFFFFFFFFFFFFFFFFFFFFFFFFFFFFFFFFFFFFFFFFFFFFFFFFFFFFFF1
:208FA000FFFFFFFFFFFFFFFFFFFFFFFFFFFFFFFFFFFFFFFFFFFFFFFFFFFFFFFFFFFFFFFFD1
:208FC000FFFFFFFFFFFFFFFFFFFFFFFFFFFFFFFFFFFFFFFFFFFFFFFFFFFFFFFFFFFFFFFFB1
:208FE000FFFFFFFFFFFFFFFFFFFFFFFFFFFFFFFFFFFFFFFFFFFFFFFFFFFFFFFFFFFFFFFF91
:20900000FFFFFFFFFFFFFFFFFFFFFFFFFFFFFFFFFFFFFFFFFFFFFFFFFFFFFFFFFFFFFFFF70
:20902000FFFFFFFFFFFFFFFFFFFFFFFFFFFFFFFFFFFFFFFFFFFFFFFFFFFFFFFFFFFFFFFF50
:20904000FFFFFFFFFFFFFFFFFFFFFFFFFFFFFFFFFFFFFFFFFFFFFFFFFFFFFFFFFFFFFFFF30
:20906000FFFFFFFFFFFFFFFFFFFFFFFFFFFFFFFFFFFFFFFFFFFFFFFFFFFFFFFFFFFFFFFF10
:20908000FFFFFFFFFFFFFFFFFFFFFFFFFFFFFFFFFFFFFFFFFFFFFFFFFFFFFFFFFFFFFFFFF0
:2090A000FFFFFFFFFFFFFFFFFFFFFFFFFFFFFFFFFFFFFFFFFFFFFFFFFFFFFFFFFFFFFFFFD0
:2090C000FFFFFFFFFFFFFFFFFFFFFFFFFFFFFFFFFFFFFFFFFFFFFFFFFFFFFFFFFFFFFFFFB0
:2090E000FFFFFFFFFFFFFFFFFFFFFFFFFFFFFFFFFFFFFFFFFFFFFFFFFFFFFFFFFFFFFFFF90
:20910000FFFFFFFFFFFFFFFFFFFFFFFFFFFFFFFFFFFFFFFFFFFFFFFFFFFFFFFFFFFFFFFF6F
:20912000FFFFFFFFFFFFFFFFFFFFFFFFFFFFFFFFFFFFFFFFFFFFFFFFFFFFFFFFFFFFFFFF4F
:20914000FFFFFFFFFFFFFFFFFFFFFFFFFFFFFFFFFFFFFFFFFFFFFFFFFFFFFFFFFFFFFFFF2F
:20916000FFFFFFFFFFFFFFFFFFFFFFFFFFFFFFFFFFFFFFFFFFFFFFFFFFFFFFFFFFFFFFFF0F
:20918000FFFFFFFFFFFFFFFFFFFFFFFFFFFFFFFFFFFFFFFFFFFFFFFFFFFFFFFFFFFFFFFFEF
:2091A000FFFFFFFFFFFFFFFFFFFFFFFFFFFFFFFFFFFFFFFFFFFFFFFFFFFFFFFFFFFFFFFFCF
:2091C000FFFFFFFFFFFFFFFFFFFFFFFFFFFFFFFFFFFFFFFFFFFFFFFFFFFFFFFFFFFFFFFFAF
:2091E000FFFFFFFFFFFFFFFFFFFFFFFFFFFFFFFFFFFFFFFFFFFFFFFFFFFFFFFFFFFFFFFF8F
:20920000FFFFFFFFFFFFFFFFFFFFFFFFFFFFFFFFFFFFFFFFFFFFFFFFFFFFFFFFFFFFFFFF6E
:20922000FFFFFFFFFFFFFFFFFFFFFFFFFFFFFFFFFFFFFFFFFFFFFFFFFFFFFFFFFFFFFFFF4E
:20924000FFFFFFFFFFFFFFFFFFFFFFFFFFFFFFFFFFFFFFFFFFFFFFFFFFFFFFFFFFFFFFFF2E
:20926000FFFFFFFFFFFFFFFFFFFFFFFFFFFFFFFFFFFFFFFFFFFFFFFFFFFFFFFFFFFFFFFF0E
:20928000FFFFFFFFFFFFFFFFFFFFFFFFFFFFFFFFFFFFFFFFFFFFFFFFFFFFFFFFFFFFFFFFEE
:2092A000FFFFFFFFFFFFFFFFFFFFFFFFFFFFFFFFFFFFFFFFFFFFFFFFFFFFFFFFFFFFFFFFCE
:2092C000FFFFFFFFFFFFFFFFFFFFFFFFFFFFFFFFFFFFFFFFFFFFFFFFFFFFFFFFFFFFFFFFAE
:2092E000FFFFFFFFFFFFFFFFFFFFFFFFFFFFFFFFFFFFFFFFFFFFFFFFFFFFFFFFFFFFFFFF8E
:20930000FFFFFFFFFFFFFFFFFFFFFFFFFFFFFFFFFFFFFFFFFFFFFFFFFFFFFFFFFFFFFFFF6D
:20932000FFFFFFFFFFFFFFFFFFFFFFFFFFFFFFFFFFFFFFFFFFFFFFFFFFFFFFFFFFFFFFFF4D
:20934000FFFFFFFFFFFFFFFFFFFFFFFFFFFFFFFFFFFFFFFFFFFFFFFFFFFFFFFFFFFFFFFF2D
:20936000FFFFFFFFFFFFFFFFFFFFFFFFFFFFFFFFFFFFFFFFFFFFFFFFFFFFFFFFFFFFFFFF0D
:20938000FFFFFFFFFFFFFFFFFFFFFFFFFFFFFFFFFFFFFFFFFFFFFFFFFFFFFFFFFFFFFFFFED
:2093A000FFFFFFFFFFFFFFFFFFFFFFFFFFFFFFFFFFFFFFFFFFFFFFFFFFFFFFFFFFFFFFFFCD
:2093C000FFFFFFFFFFFFFFFFFFFFFFFFFFFFFFFFFFFFFFFFFFFFFFFFFFFFFFFFFFFFFFFFAD
:2093E000FFFFFFFFFFFFFFFFFFFFFFFFFFFFFFFFFFFFFFFFFFFFFFFFFFFFFFFFFFFFFFFF8D
:20940000FFFFFFFFFFFFFFFFFFFFFFFFFFFFFFFFFFFFFFFFFFFFFFFFFFFFFFFFFFFFFFFF6C
:20942000FFFFFFFFFFFFFFFFFFFFFFFFFFFFFFFFFFFFFFFFFFFFFFFFFFFFFFFFFFFFFFFF4C
:20944000FFFFFFFFFFFFFFFFFFFFFFFFFFFFFFFFFFFFFFFFFFFFFFFFFFFFFFFFFFFFFFFF2C
:20946000FFFFFFFFFFFFFFFFFFFFFFFFFFFFFFFFFFFFFFFFFFFFFFFFFFFFFFFFFFFFFFFF0C
:20948000FFFFFFFFFFFFFFFFFFFFFFFFFFFFFFFFFFFFFFFFFFFFFFFFFFFFFFFFFFFFFFFFEC
:2094A000FFFFFFFFFFFFFFFFFFFFFFFFFFFFFFFFFFFFFFFFFFFFFFFFFFFFFFFFFFFFFFFFCC
:2094C000FFFFFFFFFFFFFFFFFFFFFFFFFFFFFFFFFFFFFFFFFFFFFFFFFFFFFFFFFFFFFFFFAC
:2094E000FFFFFFFFFFFFFFFFFFFFFFFFFFFFFFFFFFFFFFFFFFFFFFFFFFFFFFFFFFFFFFFF8C
:20950000FFFFFFFFFFFFFFFFFFFFFFFFFFFFFFFFFFFFFFFFFFFFFFFFFFFFFFFFFFFFFFFF6B
:20952000FFFFFFFFFFFFFFFFFFFFFFFFFFFFFFFFFFFFFFFFFFFFFFFFFFFFFFFFFFFFFFFF4B
:20954000FFFFFFFFFFFFFFFFFFFFFFFFFFFFFFFFFFFFFFFFFFFFFFFFFFFFFFFFFFFFFFFF2B
:20956000FFFFFFFFFFFFFFFFFFFFFFFFFFFFFFFFFFFFFFFFFFFFFFFFFFFFFFFFFFFFFFFF0B
:20958000FFFFFFFFFFFFFFFFFFFFFFFFFFFFFFFFFFFFFFFFFFFFFFFFFFFFFFFFFFFFFFFFEB
:2095A000FFFFFFFFFFFFFFFFFFFFFFFFFFFFFFFFFFFFFFFFFFFFFFFFFFFFFFFFFFFFFFFFCB
:2095C000FFFFFFFFFFFFFFFFFFFFFFFFFFFFFFFFFFFFFFFFFFFFFFFFFFFFFFFFFFFFFFFFAB
:2095E000FFFFFFFFFFFFFFFFFFFFFFFFFFFFFFFFFFFFFFFFFFFFFFFFFFFFFFFFFFFFFFFF8B
:20960000FFFFFFFFFFFFFFFFFFFFFFFFFFFFFFFFFFFFFFFFFFFFFFFFFFFFFFFFFFFFFFFF6A
:20962000FFFFFFFFFFFFFFFFFFFFFFFFFFFFFFFFFFFFFFFFFFFFFFFFFFFFFFFFFFFFFFFF4A
:20964000FFFFFFFFFFFFFFFFFFFFFFFFFFFFFFFFFFFFFFFFFFFFFFFFFFFFFFFFFFFFFFFF2A
:20966000FFFFFFFFFFFFFFFFFFFFFFFFFFFFFFFFFFFFFFFFFFFFFFFFFFFFFFFFFFFFFFFF0A
:20968000FFFFFFFFFFFFFFFFFFFFFFFFFFFFFFFFFFFFFFFFFFFFFFFFFFFFFFFFFFFFFFFFEA
:2096A000FFFFFFFFFFFFFFFFFFFFFFFFFFFFFFFFFFFFFFFFFFFFFFFFFFFFFFFFFFFFFFFFCA
:2096C000FFFFFFFFFFFFFFFFFFFFFFFFFFFFFFFFFFFFFFFFFFFFFFFFFFFFFFFFFFFFFFFFAA
:2096E000FFFFFFFFFFFFFFFFFFFFFFFFFFFFFFFFFFFFFFFFFFFFFFFFFFFFFFFFFFFFFFFF8A
:20970000FFFFFFFFFFFFFFFFFFFFFFFFFFFFFFFFFFFFFFFFFFFFFFFFFFFFFFFFFFFFFFFF69
:20972000FFFFFFFFFFFFFFFFFFFFFFFFFFFFFFFFFFFFFFFFFFFFFFFFFFFFFFFFFFFFFFFF49
:20974000FFFFFFFFFFFFFFFFFFFFFFFFFFFFFFFFFFFFFFFFFFFFFFFFFFFFFFFFFFFFFFFF29
:20976000FFFFFFFFFFFFFFFFFFFFFFFFFFFFFFFFFFFFFFFFFFFFFFFFFFFFFFFFFFFFFFFF09
:20978000FFFFFFFFFFFFFFFFFFFFFFFFFFFFFFFFFFFFFFFFFFFFFFFFFFFFFFFFFFFFFFFFE9
:2097A000FFFFFFFFFFFFFFFFFFFFFFFFFFFFFFFFFFFFFFFFFFFFFFFFFFFFFFFFFFFFFFFFC9
:2097C000FFFFFFFFFFFFFFFFFFFFFFFFFFFFFFFFFFFFFFFFFFFFFFFFFFFFFFFFFFFFFFFFA9
:2097E000FFFFFFFFFFFFFFFFFFFFFFFFFFFFFFFFFFFFFFFFFFFFFFFFFFFFFFFFFFFFFFFF89
:20980000FFFFFFFFFFFFFFFFFFFFFFFFFFFFFFFFFFFFFFFFFFFFFFFFFFFFFFFFFFFFFFFF68
:20982000FFFFFFFFFFFFFFFFFFFFFFFFFFFFFFFFFFFFFFFFFFFFFFFFFFFFFFFFFFFFFFFF48
:20984000FFFFFFFFFFFFFFFFFFFFFFFFFFFFFFFFFFFFFFFFFFFFFFFFFFFFFFFFFFFFFFFF28
:20986000FFFFFFFFFFFFFFFFFFFFFFFFFFFFFFFFFFFFFFFFFFFFFFFFFFFFFFFFFFFFFFFF08
:20988000FFFFFFFFFFFFFFFFFFFFFFFFFFFFFFFFFFFFFFFFFFFFFFFFFFFFFFFFFFFFFFFFE8
:2098A000FFFFFFFFFFFFFFFFFFFFFFFFFFFFFFFFFFFFFFFFFFFFFFFFFFFFFFFFFFFFFFFFC8
:2098C000FFFFFFFFFFFFFFFFFFFFFFFFFFFFFFFFFFFFFFFFFFFFFFFFFFFFFFFFFFFFFFFFA8
:2098E000FFFFFFFFFFFFFFFFFFFFFFFFFFFFFFFFFFFFFFFFFFFFFFFFFFFFFFFFFFFFFFFF88
:20990000FFFFFFFFFFFFFFFFFFFFFFFFFFFFFFFFFFFFFFFFFFFFFFFFFFFFFFFFFFFFFFFF67
:20992000FFFFFFFFFFFFFFFFFFFFFFFFFFFFFFFFFFFFFFFFFFFFFFFFFFFFFFFFFFFFFFFF47
:20994000FFFFFFFFFFFFFFFFFFFFFFFFFFFFFFFFFFFFFFFFFFFFFFFFFFFFFFFFFFFFFFFF27
:20996000FFFFFFFFFFFFFFFFFFFFFFFFFFFFFFFFFFFFFFFFFFFFFFFFFFFFFFFFFFFFFFFF07
:20998000FFFFFFFFFFFFFFFFFFFFFFFFFFFFFFFFFFFFFFFFFFFFFFFFFFFFFFFFFFFFFFFFE7
:2099A000FFFFFFFFFFFFFFFFFFFFFFFFFFFFFFFFFFFFFFFFFFFFFFFFFFFFFFFFFFFFFFFFC7
:2099C000FFFFFFFFFFFFFFFFFFFFFFFFFFFFFFFFFFFFFFFFFFFFFFFFFFFFFFFFFFFFFFFFA7
:2099E000FFFFFFFFFFFFFFFFFFFFFFFFFFFFFFFFFFFFFFFFFFFFFFFFFFFFFFFFFFFFFFFF87
:209A0000FFFFFFFFFFFFFFFFFFFFFFFFFFFFFFFFFFFFFFFFFFFFFFFFFFFFFFFFFFFFFFFF66
:209A2000FFFFFFFFFFFFFFFFFFFFFFFFFFFFFFFFFFFFFFFFFFFFFFFFFFFFFFFFFFFFFFFF46
:209A4000FFFFFFFFFFFFFFFFFFFFFFFFFFFFFFFFFFFFFFFFFFFFFFFFFFFFFFFFFFFFFFFF26
:209A6000FFFFFFFFFFFFFFFFFFFFFFFFFFFFFFFFFFFFFFFFFFFFFFFFFFFFFFFFFFFFFFFF06
:209A8000FFFFFFFFFFFFFFFFFFFFFFFFFFFFFFFFFFFFFFFFFFFFFFFFFFFFFFFFFFFFFFFFE6
:209AA000FFFFFFFFFFFFFFFFFFFFFFFFFFFFFFFFFFFFFFFFFFFFFFFFFFFFFFFFFFFFFFFFC6
:209AC000FFFFFFFFFFFFFFFFFFFFFFFFFFFFFFFFFFFFFFFFFFFFFFFFFFFFFFFFFFFFFFFFA6
:209AE000FFFFFFFFFFFFFFFFFFFFFFFFFFFFFFFFFFFFFFFFFFFFFFFFFFFFFFFFFFFFFFFF86
:209B0000FFFFFFFFFFFFFFFFFFFFFFFFFFFFFFFFFFFFFFFFFFFFFFFFFFFFFFFFFFFFFFFF65
:209B2000FFFFFFFFFFFFFFFFFFFFFFFFFFFFFFFFFFFFFFFFFFFFFFFFFFFFFFFFFFFFFFFF45
:209B4000FFFFFFFFFFFFFFFFFFFFFFFFFFFFFFFFFFFFFFFFFFFFFFFFFFFFFFFFFFFFFFFF25
:209B6000FFFFFFFFFFFFFFFFFFFFFFFFFFFFFFFFFFFFFFFFFFFFFFFFFFFFFFFFFFFFFFFF05
:209B8000FFFFFFFFFFFFFFFFFFFFFFFFFFFFFFFFFFFFFFFFFFFFFFFFFFFFFFFFFFFFFFFFE5
:209BA000FFFFFFFFFFFFFFFFFFFFFFFFFFFFFFFFFFFFFFFFFFFFFFFFFFFFFFFFFFFFFFFFC5
:209BC000FFFFFFFFFFFFFFFFFFFFFFFFFFFFFFFFFFFFFFFFFFFFFFFFFFFFFFFFFFFFFFFFA5
:209BE000FFFFFFFFFFFFFFFFFFFFFFFFFFFFFFFFFFFFFFFFFFFFFFFFFFFFFFFFFFFFFFFF85
:209C0000FFFFFFFFFFFFFFFFFFFFFFFFFFFFFFFFFFFFFFFFFFFFFFFFFFFFFFFFFFFFFFFF64
:209C2000FFFFFFFFFFFFFFFFFFFFFFFFFFFFFFFFFFFFFFFFFFFFFFFFFFFFFFFFFFFFFFFF44
:209C4000FFFFFFFFFFFFFFFFFFFFFFFFFFFFFFFFFFFFFFFFFFFFFFFFFFFFFFFFFFFFFFFF24
:209C6000FFFFFFFFFFFFFFFFFFFFFFFFFFFFFFFFFFFFFFFFFFFFFFFFFFFFFFFFFFFFFFFF04
:209C8000FFFFFFFFFFFFFFFFFFFFFFFFFFFFFFFFFFFFFFFFFFFFFFFFFFFFFFFFFFFFFFFFE4
:209CA000FFFFFFFFFFFFFFFFFFFFFFFFFFFFFFFFFFFFFFFFFFFFFFFFFFFFFFFFFFFFFFFFC4
:209CC000FFFFFFFFFFFFFFFFFFFFFFFFFFFFFFFFFFFFFFFFFFFFFFFFFFFFFFFFFFFFFFFFA4
:209CE000FFFFFFFFFFFFFFFFFFFFFFFFFFFFFFFFFFFFFFFFFFFFFFFFFFFFFFFFFFFFFFFF84
:209D0000FFFFFFFFFFFFFFFFFFFFFFFFFFFFFFFFFFFFFFFFFFFFFFFFFFFFFFFFFFFFFFFF63
:209D2000FFFFFFFFFFFFFFFFFFFFFFFFFFFFFFFFFFFFFFFFFFFFFFFFFFFFFFFFFFFFFFFF43
:209D4000FFFFFFFFFFFFFFFFFFFFFFFFFFFFFFFFFFFFFFFFFFFFFFFFFFFFFFFFFFFFFFFF23
:209D6000FFFFFFFFFFFFFFFFFFFFFFFFFFFFFFFFFFFFFFFFFFFFFFFFFFFFFFFFFFFFFFFF03
:209D8000FFFFFFFFFFFFFFFFFFFFFFFFFFFFFFFFFFFFFFFFFFFFFFFFFFFFFFFFFFFFFFFFE3
:209DA000FFFFFFFFFFFFFFFFFFFFFFFFFFFFFFFFFFFFFFFFFFFFFFFFFFFFFFFFFFFFFFFFC3
:209DC000FFFFFFFFFFFFFFFFFFFFFFFFFFFFFFFFFFFFFFFFFFFFFFFFFFFFFFFFFFFFFFFFA3
:209DE000FFFFFFFFFFFFFFFFFFFFFFFFFFFFFFFFFFFFFFFFFFFFFFFFFFFFFFFFFFFFFFFF83
:209E0000FFFFFFFFFFFFFFFFFFFFFFFFFFFFFFFFFFFFFFFFFFFFFFFFFFFFFFFFFFFFFFFF62
:209E2000FFFFFFFFFFFFFFFFFFFFFFFFFFFFFFFFFFFFFFFFFFFFFFFFFFFFFFFFFFFFFFFF42
:209E4000FFFFFFFFFFFFFFFFFFFFFFFFFFFFFFFFFFFFFFFFFFFFFFFFFFFFFFFFFFFFFFFF22
:209E6000FFFFFFFFFFFFFFFFFFFFFFFFFFFFFFFFFFFFFFFFFFFFFFFFFFFFFFFFFFFFFFFF02
:209E8000FFFFFFFFFFFFFFFFFFFFFFFFFFFFFFFFFFFFFFFFFFFFFFFFFFFFFFFFFFFFFFFFE2
:209EA000FFFFFFFFFFFFFFFFFFFFFFFFFFFFFFFFFFFFFFFFFFFFFFFFFFFFFFFFFFFFFFFFC2
:209EC000FFFFFFFFFFFFFFFFFFFFFFFFFFFFFFFFFFFFFFFFFFFFFFFFFFFFFFFFFFFFFFFFA2
:209EE000FFFFFFFFFFFFFFFFFFFFFFFFFFFFFFFFFFFFFFFFFFFFFFFFFFFFFFFFFFFFFFFF82
:209F0000FFFFFFFFFFFFFFFFFFFFFFFFFFFFFFFFFFFFFFFFFFFFFFFFFFFFFFFFFFFFFFFF61
:209F2000FFFFFFFFFFFFFFFFFFFFFFFFFFFFFFFFFFFFFFFFFFFFFFFFFFFFFFFFFFFFFFFF41
:209F4000FFFFFFFFFFFFFFFFFFFFFFFFFFFFFFFFFFFFFFFFFFFFFFFFFFFFFFFFFFFFFFFF21
:209F6000FFFFFFFFFFFFFFFFFFFFFFFFFFFFFFFFFFFFFFFFFFFFFFFFFFFFFFFFFFFFFFFF01
:209F8000FFFFFFFFFFFFFFFFFFFFFFFFFFFFFFFFFFFFFFFFFFFFFFFFFFFFFFFFFFFFFFFFE1
:209FA000FFFFFFFFFFFFFFFFFFFFFFFFFFFFFFFFFFFFFFFFFFFFFFFFFFFFFFFFFFFFFFFFC1
:209FC000FFFFFFFFFFFFFFFFFFFFFFFFFFFFFFFFFFFFFFFFFFFFFFFFFFFFFFFFFFFFFFFFA1
:209FE000FFFFFFFFFFFFFFFFFFFFFFFFFFFFFFFFFFFFFFFFFFFFFFFFFFFFFFFFFFFFFFFF81
:20A00000FFFFFFFFFFFFFFFFFFFFFFFFFFFFFFFFFFFFFFFFFFFFFFFFFFFFFFFFFFFFFFFF60
:20A02000FFFFFFFFFFFFFFFFFFFFFFFFFFFFFFFFFFFFFFFFFFFFFFFFFFFFFFFFFFFFFFFF40
:20A04000FFFFFFFFFFFFFFFFFFFFFFFFFFFFFFFFFFFFFFFFFFFFFFFFFFFFFFFFFFFFFFFF20
:20A06000FFFFFFFFFFFFFFFFFFFFFFFFFFFFFFFFFFFFFFFFFFFFFFFFFFFFFFFFFFFFFFFF00
:20A08000FFFFFFFFFFFFFFFFFFFFFFFFFFFFFFFFFFFFFFFFFFFFFFFFFFFFFFFFFFFFFFFFE0
:20A0A000FFFFFFFFFFFFFFFFFFFFFFFFFFFFFFFFFFFFFFFFFFFFFFFFFFFFFFFFFFFFFFFFC0
:20A0C000FFFFFFFFFFFFFFFFFFFFFFFFFFFFFFFFFFFFFFFFFFFFFFFFFFFFFFFFFFFFFFFFA0
:20A0E000FFFFFFFFFFFFFFFFFFFFFFFFFFFFFFFFFFFFFFFFFFFFFFFFFFFFFFFFFFFFFFFF80
:20A10000FFFFFFFFFFFFFFFFFFFFFFFFFFFFFFFFFFFFFFFFFFFFFFFFFFFFFFFFFFFFFFFF5F
:20A12000FFFFFFFFFFFFFFFFFFFFFFFFFFFFFFFFFFFFFFFFFFFFFFFFFFFFFFFFFFFFFFFF3F
:20A14000FFFFFFFFFFFFFFFFFFFFFFFFFFFFFFFFFFFFFFFFFFFFFFFFFFFFFFFFFFFFFFFF1F
:20A16000FFFFFFFFFFFFFFFFFFFFFFFFFFFFFFFFFFFFFFFFFFFFFFFFFFFFFFFFFFFFFFFFFF
:20A18000FFFFFFFFFFFFFFFFFFFFFFFFFFFFFFFFFFFFFFFFFFFFFFFFFFFFFFFFFFFFFFFFDF
:20A1A000FFFFFFFFFFFFFFFFFFFFFFFFFFFFFFFFFFFFFFFFFFFFFFFFFFFFFFFFFFFFFFFFBF
:20A1C000FFFFFFFFFFFFFFFFFFFFFFFFFFFFFFFFFFFFFFFFFFFFFFFFFFFFFFFFFFFFFFFF9F
:20A1E000FFFFFFFFFFFFFFFFFFFFFFFFFFFFFFFFFFFFFFFFFFFFFFFFFFFFFFFFFFFFFFFF7F
:20A20000FFFFFFFFFFFFFFFFFFFFFFFFFFFFFFFFFFFFFFFFFFFFFFFFFFFFFFFFFFFFFFFF5E
:20A22000FFFFFFFFFFFFFFFFFFFFFFFFFFFFFFFFFFFFFFFFFFFFFFFFFFFFFFFFFFFFFFFF3E
:20A24000FFFFFFFFFFFFFFFFFFFFFFFFFFFFFFFFFFFFFFFFFFFFFFFFFFFFFFFFFFFFFFFF1E
:20A26000FFFFFFFFFFFFFFFFFFFFFFFFFFFFFFFFFFFFFFFFFFFFFFFFFFFFFFFFFFFFFFFFFE
:20A28000FFFFFFFFFFFFFFFFFFFFFFFFFFFFFFFFFFFFFFFFFFFFFFFFFFFFFFFFFFFFFFFFDE
:20A2A000FFFFFFFFFFFFFFFFFFFFFFFFFFFFFFFFFFFFFFFFFFFFFFFFFFFFFFFFFFFFFFFFBE
:20A2C000FFFFFFFFFFFFFFFFFFFFFFFFFFFFFFFFFFFFFFFFFFFFFFFFFFFFFFFFFFFFFFFF9E
:20A2E000FFFFFFFFFFFFFFFFFFFFFFFFFFFFFFFFFFFFFFFFFFFFFFFFFFFFFFFFFFFFFFFF7E
:20A30000FFFFFFFFFFFFFFFFFFFFFFFFFFFFFFFFFFFFFFFFFFFFFFFFFFFFFFFFFFFFFFFF5D
:20A32000FFFFFFFFFFFFFFFFFFFFFFFFFFFFFFFFFFFFFFFFFFFFFFFFFFFFFFFFFFFFFFFF3D
:20A34000FFFFFFFFFFFFFFFFFFFFFFFFFFFFFFFFFFFFFFFFFFFFFFFFFFFFFFFFFFFFFFFF1D
:20A36000FFFFFFFFFFFFFFFFFFFFFFFFFFFFFFFFFFFFFFFFFFFFFFFFFFFFFFFFFFFFFFFFFD
:20A38000FFFFFFFFFFFFFFFFFFFFFFFFFFFFFFFFFFFFFFFFFFFFFFFFFFFFFFFFFFFFFFFFDD
:20A3A000FFFFFFFFFFFFFFFFFFFFFFFFFFFFFFFFFFFFFFFFFFFFFFFFFFFFFFFFFFFFFFFFBD
:20A3C000FFFFFFFFFFFFFFFFFFFFFFFFFFFFFFFFFFFFFFFFFFFFFFFFFFFFFFFFFFFFFFFF9D
:20A3E000FFFFFFFFFFFFFFFFFFFFFFFFFFFFFFFFFFFFFFFFFFFFFFFFFFFFFFFFFFFFFFFF7D
:20A40000FFFFFFFFFFFFFFFFFFFFFFFFFFFFFFFFFFFFFFFFFFFFFFFFFFFFFFFFFFFFFFFF5C
:20A42000FFFFFFFFFFFFFFFFFFFFFFFFFFFFFFFFFFFFFFFFFFFFFFFFFFFFFFFFFFFFFFFF3C
:20A44000FFFFFFFFFFFFFFFFFFFFFFFFFFFFFFFFFFFFFFFFFFFFFFFFFFFFFFFFFFFFFFFF1C
:20A46000FFFFFFFFFFFFFFFFFFFFFFFFFFFFFFFFFFFFFFFFFFFFFFFFFFFFFFFFFFFFFFFFFC
:20A48000FFFFFFFFFFFFFFFFFFFFFFFFFFFFFFFFFFFFFFFFFFFFFFFFFFFFFFFFFFFFFFFFDC
:20A4A000FFFFFFFFFFFFFFFFFFFFFFFFFFFFFFFFFFFFFFFFFFFFFFFFFFFFFFFFFFFFFFFFBC
:20A4C000FFFFFFFFFFFFFFFFFFFFFFFFFFFFFFFFFFFFFFFFFFFFFFFFFFFFFFFFFFFFFFFF9C
:20A4E000FFFFFFFFFFFFFFFFFFFFFFFFFFFFFFFFFFFFFFFFFFFFFFFFFFFFFFFFFFFFFFFF7C
:20A50000FFFFFFFFFFFFFFFFFFFFFFFFFFFFFFFFFFFFFFFFFFFFFFFFFFFFFFFFFFFFFFFF5B
:20A52000FFFFFFFFFFFFFFFFFFFFFFFFFFFFFFFFFFFFFFFFFFFFFFFFFFFFFFFFFFFFFFFF3B
:20A54000FFFFFFFFFFFFFFFFFFFFFFFFFFFFFFFFFFFFFFFFFFFFFFFFFFFFFFFFFFFFFFFF1B
:20A56000FFFFFFFFFFFFFFFFFFFFFFFFFFFFFFFFFFFFFFFFFFFFFFFFFFFFFFFFFFFFFFFFFB
:20A58000FFFFFFFFFFFFFFFFFFFFFFFFFFFFFFFFFFFFFFFFFFFFFFFFFFFFFFFFFFFFFFFFDB
:20A5A000FFFFFFFFFFFFFFFFFFFFFFFFFFFFFFFFFFFFFFFFFFFFFFFFFFFFFFFFFFFFFFFFBB
:20A5C000FFFFFFFFFFFFFFFFFFFFFFFFFFFFFFFFFFFFFFFFFFFFFFFFFFFFFFFFFFFFFFFF9B
:20A5E000FFFFFFFFFFFFFFFFFFFFFFFFFFFFFFFFFFFFFFFFFFFFFFFFFFFFFFFFFFFFFFFF7B
:20A60000FFFFFFFFFFFFFFFFFFFFFFFFFFFFFFFFFFFFFFFFFFFFFFFFFFFFFFFFFFFFFFFF5A
:20A62000FFFFFFFFFFFFFFFFFFFFFFFFFFFFFFFFFFFFFFFFFFFFFFFFFFFFFFFFFFFFFFFF3A
:20A64000FFFFFFFFFFFFFFFFFFFFFFFFFFFFFFFFFFFFFFFFFFFFFFFFFFFFFFFFFFFFFFFF1A
:20A66000FFFFFFFFFFFFFFFFFFFFFFFFFFFFFFFFFFFFFFFFFFFFFFFFFFFFFFFFFFFFFFFFFA
:20A68000FFFFFFFFFFFFFFFFFFFFFFFFFFFFFFFFFFFFFFFFFFFFFFFFFFFFFFFFFFFFFFFFDA
:20A6A000FFFFFFFFFFFFFFFFFFFFFFFFFFFFFFFFFFFFFFFFFFFFFFFFFFFFFFFFFFFFFFFFBA
:20A6C000FFFFFFFFFFFFFFFFFFFFFFFFFFFFFFFFFFFFFFFFFFFFFFFFFFFFFFFFFFFFFFFF9A
:20A6E000FFFFFFFFFFFFFFFFFFFFFFFFFFFFFFFFFFFFFFFFFFFFFFFFFFFFFFFFFFFFFFFF7A
:20A70000FFFFFFFFFFFFFFFFFFFFFFFFFFFFFFFFFFFFFFFFFFFFFFFFFFFFFFFFFFFFFFFF59
:20A72000FFFFFFFFFFFFFFFFFFFFFFFFFFFFFFFFFFFFFFFFFFFFFFFFFFFFFFFFFFFFFFFF39
:20A74000FFFFFFFFFFFFFFFFFFFFFFFFFFFFFFFFFFFFFFFFFFFFFFFFFFFFFFFFFFFFFFFF19
:20A76000FFFFFFFFFFFFFFFFFFFFFFFFFFFFFFFFFFFFFFFFFFFFFFFFFFFFFFFFFFFFFFFFF9
:20A78000FFFFFFFFFFFFFFFFFFFFFFFFFFFFFFFFFFFFFFFFFFFFFFFFFFFFFFFFFFFFFFFFD9
:20A7A000FFFFFFFFFFFFFFFFFFFFFFFFFFFFFFFFFFFFFFFFFFFFFFFFFFFFFFFFFFFFFFFFB9
:20A7C000FFFFFFFFFFFFFFFFFFFFFFFFFFFFFFFFFFFFFFFFFFFFFFFFFFFFFFFFFFFFFFFF99
:20A7E000FFFFFFFFFFFFFFFFFFFFFFFFFFFFFFFFFFFFFFFFFFFFFFFFFFFFFFFFFFFFFFFF79
:20A80000FFFFFFFFFFFFFFFFFFFFFFFFFFFFFFFFFFFFFFFFFFFFFFFFFFFFFFFFFFFFFFFF58
:20A82000FFFFFFFFFFFFFFFFFFFFFFFFFFFFFFFFFFFFFFFFFFFFFFFFFFFFFFFFFFFFFFFF38
:20A84000FFFFFFFFFFFFFFFFFFFFFFFFFFFFFFFFFFFFFFFFFFFFFFFFFFFFFFFFFFFFFFFF18
:20A86000FFFFFFFFFFFFFFFFFFFFFFFFFFFFFFFFFFFFFFFFFFFFFFFFFFFFFFFFFFFFFFFFF8
:20A88000FFFFFFFFFFFFFFFFFFFFFFFFFFFFFFFFFFFFFFFFFFFFFFFFFFFFFFFFFFFFFFFFD8
:20A8A000FFFFFFFFFFFFFFFFFFFFFFFFFFFFFFFFFFFFFFFFFFFFFFFFFFFFFFFFFFFFFFFFB8
:20A8C000FFFFFFFFFFFFFFFFFFFFFFFFFFFFFFFFFFFFFFFFFFFFFFFFFFFFFFFFFFFFFFFF98
:20A8E000FFFFFFFFFFFFFFFFFFFFFFFFFFFFFFFFFFFFFFFFFFFFFFFFFFFFFFFFFFFFFFFF78
:20A90000FFFFFFFFFFFFFFFFFFFFFFFFFFFFFFFFFFFFFFFFFFFFFFFFFFFFFFFFFFFFFFFF57
:20A92000FFFFFFFFFFFFFFFFFFFFFFFFFFFFFFFFFFFFFFFFFFFFFFFFFFFFFFFFFFFFFFFF37
:20A94000FFFFFFFFFFFFFFFFFFFFFFFFFFFFFFFFFFFFFFFFFFFFFFFFFFFFFFFFFFFFFFFF17
:20A96000FFFFFFFFFFFFFFFFFFFFFFFFFFFFFFFFFFFFFFFFFFFFFFFFFFFFFFFFFFFFFFFFF7
:20A98000FFFFFFFFFFFFFFFFFFFFFFFFFFFFFFFFFFFFFFFFFFFFFFFFFFFFFFFFFFFFFFFFD7
:20A9A000FFFFFFFFFFFFFFFFFFFFFFFFFFFFFFFFFFFFFFFFFFFFFFFFFFFFFFFFFFFFFFFFB7
:20A9C000FFFFFFFFFFFFFFFFFFFFFFFFFFFFFFFFFFFFFFFFFFFFFFFFFFFFFFFFFFFFFFFF97
:20A9E000FFFFFFFFFFFFFFFFFFFFFFFFFFFFFFFFFFFFFFFFFFFFFFFFFFFFFFFFFFFFFFFF77
:20AA0000FFFFFFFFFFFFFFFFFFFFFFFFFFFFFFFFFFFFFFFFFFFFFFFFFFFFFFFFFFFFFFFF56
:20AA2000FFFFFFFFFFFFFFFFFFFFFFFFFFFFFFFFFFFFFFFFFFFFFFFFFFFFFFFFFFFFFFFF36
:20AA4000FFFFFFFFFFFFFFFFFFFFFFFFFFFFFFFFFFFFFFFFFFFFFFFFFFFFFFFFFFFFFFFF16
:20AA6000FFFFFFFFFFFFFFFFFFFFFFFFFFFFFFFFFFFFFFFFFFFFFFFFFFFFFFFFFFFFFFFFF6
:20AA8000FFFFFFFFFFFFFFFFFFFFFFFFFFFFFFFFFFFFFFFFFFFFFFFFFFFFFFFFFFFFFFFFD6
:20AAA000FFFFFFFFFFFFFFFFFFFFFFFFFFFFFFFFFFFFFFFFFFFFFFFFFFFFFFFFFFFFFFFFB6
:20AAC000FFFFFFFFFFFFFFFFFFFFFFFFFFFFFFFFFFFFFFFFFFFFFFFFFFFFFFFFFFFFFFFF96
:20AAE000FFFFFFFFFFFFFFFFFFFFFFFFFFFFFFFFFFFFFFFFFFFFFFFFFFFFFFFFFFFFFFFF76
:20AB0000FFFFFFFFFFFFFFFFFFFFFFFFFFFFFFFFFFFFFFFFFFFFFFFFFFFFFFFFFFFFFFFF55
:20AB2000FFFFFFFFFFFFFFFFFFFFFFFFFFFFFFFFFFFFFFFFFFFFFFFFFFFFFFFFFFFFFFFF35
:20AB4000FFFFFFFFFFFFFFFFFFFFFFFFFFFFFFFFFFFFFFFFFFFFFFFFFFFFFFFFFFFFFFFF15
:20AB6000FFFFFFFFFFFFFFFFFFFFFFFFFFFFFFFFFFFFFFFFFFFFFFFFFFFFFFFFFFFFFFFFF5
:20AB8000FFFFFFFFFFFFFFFFFFFFFFFFFFFFFFFFFFFFFFFFFFFFFFFFFFFFFFFFFFFFFFFFD5
:20ABA000FFFFFFFFFFFFFFFFFFFFFFFFFFFFFFFFFFFFFFFFFFFFFFFFFFFFFFFFFFFFFFFFB5
:20ABC000FFFFFFFFFFFFFFFFFFFFFFFFFFFFFFFFFFFFFFFFFFFFFFFFFFFFFFFFFFFFFFFF95
:20ABE000FFFFFFFFFFFFFFFFFFFFFFFFFFFFFFFFFFFFFFFFFFFFFFFFFFFFFFFFFFFFFFFF75
:20AC0000FFFFFFFFFFFFFFFFFFFFFFFFFFFFFFFFFFFFFFFFFFFFFFFFFFFFFFFFFFFFFFFF54
:20AC2000FFFFFFFFFFFFFFFFFFFFFFFFFFFFFFFFFFFFFFFFFFFFFFFFFFFFFFFFFFFFFFFF34
:20AC4000FFFFFFFFFFFFFFFFFFFFFFFFFFFFFFFFFFFFFFFFFFFFFFFFFFFFFFFFFFFFFFFF14
:20AC6000FFFFFFFFFFFFFFFFFFFFFFFFFFFFFFFFFFFFFFFFFFFFFFFFFFFFFFFFFFFFFFFFF4
:20AC8000FFFFFFFFFFFFFFFFFFFFFFFFFFFFFFFFFFFFFFFFFFFFFFFFFFFFFFFFFFFFFFFFD4
:20ACA000FFFFFFFFFFFFFFFFFFFFFFFFFFFFFFFFFFFFFFFFFFFFFFFFFFFFFFFFFFFFFFFFB4
:20ACC000FFFFFFFFFFFFFFFFFFFFFFFFFFFFFFFFFFFFFFFFFFFFFFFFFFFFFFFFFFFFFFFF94
:20ACE000FFFFFFFFFFFFFFFFFFFFFFFFFFFFFFFFFFFFFFFFFFFFFFFFFFFFFFFFFFFFFFFF74
:20AD0000FFFFFFFFFFFFFFFFFFFFFFFFFFFFFFFFFFFFFFFFFFFFFFFFFFFFFFFFFFFFFFFF53
:20AD2000FFFFFFFFFFFFFFFFFFFFFFFFFFFFFFFFFFFFFFFFFFFFFFFFFFFFFFFFFFFFFFFF33
:20AD4000FFFFFFFFFFFFFFFFFFFFFFFFFFFFFFFFFFFFFFFFFFFFFFFFFFFFFFFFFFFFFFFF13
:20AD6000FFFFFFFFFFFFFFFFFFFFFFFFFFFFFFFFFFFFFFFFFFFFFFFFFFFFFFFFFFFFFFFFF3
:20AD8000FFFFFFFFFFFFFFFFFFFFFFFFFFFFFFFFFFFFFFFFFFFFFFFFFFFFFFFFFFFFFFFFD3
:20ADA000FFFFFFFFFFFFFFFFFFFFFFFFFFFFFFFFFFFFFFFFFFFFFFFFFFFFFFFFFFFFFFFFB3
:20ADC000FFFFFFFFFFFFFFFFFFFFFFFFFFFFFFFFFFFFFFFFFFFFFFFFFFFFFFFFFFFFFFFF93
:20ADE000FFFFFFFFFFFFFFFFFFFFFFFFFFFFFFFFFFFFFFFFFFFFFFFFFFFFFFFFFFFFFFFF73
:20AE0000FFFFFFFFFFFFFFFFFFFFFFFFFFFFFFFFFFFFFFFFFFFFFFFFFFFFFFFFFFFFFFFF52
:20AE2000FFFFFFFFFFFFFFFFFFFFFFFFFFFFFFFFFFFFFFFFFFFFFFFFFFFFFFFFFFFFFFFF32
:20AE4000FFFFFFFFFFFFFFFFFFFFFFFFFFFFFFFFFFFFFFFFFFFFFFFFFFFFFFFFFFFFFFFF12
:20AE6000FFFFFFFFFFFFFFFFFFFFFFFFFFFFFFFFFFFFFFFFFFFFFFFFFFFFFFFFFFFFFFFFF2
:20AE8000FFFFFFFFFFFFFFFFFFFFFFFFFFFFFFFFFFFFFFFFFFFFFFFFFFFFFFFFFFFFFFFFD2
:20AEA000FFFFFFFFFFFFFFFFFFFFFFFFFFFFFFFFFFFFFFFFFFFFFFFFFFFFFFFFFFFFFFFFB2
:20AEC000FFFFFFFFFFFFFFFFFFFFFFFFFFFFFFFFFFFFFFFFFFFFFFFFFFFFFFFFFFFFFFFF92
:20AEE000FFFFFFFFFFFFFFFFFFFFFFFFFFFFFFFFFFFFFFFFFFFFFFFFFFFFFFFFFFFFFFFF72
:20AF0000FFFFFFFFFFFFFFFFFFFFFFFFFFFFFFFFFFFFFFFFFFFFFFFFFFFFFFFFFFFFFFFF51
:20AF2000FFFFFFFFFFFFFFFFFFFFFFFFFFFFFFFFFFFFFFFFFFFFFFFFFFFFFFFFFFFFFFFF31
:20AF4000FFFFFFFFFFFFFFFFFFFFFFFFFFFFFFFFFFFFFFFFFFFFFFFFFFFFFFFFFFFFFFFF11
:20AF6000FFFFFFFFFFFFFFFFFFFFFFFFFFFFFFFFFFFFFFFFFFFFFFFFFFFFFFFFFFFFFFFFF1
:20AF8000FFFFFFFFFFFFFFFFFFFFFFFFFFFFFFFFFFFFFFFFFFFFFFFFFFFFFFFFFFFFFFFFD1
:20AFA000FFFFFFFFFFFFFFFFFFFFFFFFFFFFFFFFFFFFFFFFFFFFFFFFFFFFFFFFFFFFFFFFB1
:20AFC000FFFFFFFFFFFFFFFFFFFFFFFFFFFFFFFFFFFFFFFFFFFFFFFFFFFFFFFFFFFFFFFF91
:20AFE000FFFFFFFFFFFFFFFFFFFFFFFFFFFFFFFFFFFFFFFFFFFFFFFFFFFFFFFFFFFFFFFF71
:20B00000FFFFFFFFFFFFFFFFFFFFFFFFFFFFFFFFFFFFFFFFFFFFFFFFFFFFFFFFFFFFFFFF50
:20B02000FFFFFFFFFFFFFFFFFFFFFFFFFFFFFFFFFFFFFFFFFFFFFFFFFFFFFFFFFFFFFFFF30
:20B04000FFFFFFFFFFFFFFFFFFFFFFFFFFFFFFFFFFFFFFFFFFFFFFFFFFFFFFFFFFFFFFFF10
:20B06000FFFFFFFFFFFFFFFFFFFFFFFFFFFFFFFFFFFFFFFFFFFFFFFFFFFFFFFFFFFFFFFFF0
:20B08000FFFFFFFFFFFFFFFFFFFFFFFFFFFFFFFFFFFFFFFFFFFFFFFFFFFFFFFFFFFFFFFFD0
:20B0A000FFFFFFFFFFFFFFFFFFFFFFFFFFFFFFFFFFFFFFFFFFFFFFFFFFFFFFFFFFFFFFFFB0
:20B0C000FFFFFFFFFFFFFFFFFFFFFFFFFFFFFFFFFFFFFFFFFFFFFFFFFFFFFFFFFFFFFFFF90
:20B0E000FFFFFFFFFFFFFFFFFFFFFFFFFFFFFFFFFFFFFFFFFFFFFFFFFFFFFFFFFFFFFFFF70
:20B10000FFFFFFFFFFFFFFFFFFFFFFFFFFFFFFFFFFFFFFFFFFFFFFFFFFFFFFFFFFFFFFFF4F
:20B12000FFFFFFFFFFFFFFFFFFFFFFFFFFFFFFFFFFFFFFFFFFFFFFFFFFFFFFFFFFFFFFFF2F
:20B14000FFFFFFFFFFFFFFFFFFFFFFFFFFFFFFFFFFFFFFFFFFFFFFFFFFFFFFFFFFFFFFFF0F
:20B16000FFFFFFFFFFFFFFFFFFFFFFFFFFFFFFFFFFFFFFFFFFFFFFFFFFFFFFFFFFFFFFFFEF
:20B18000FFFFFFFFFFFFFFFFFFFFFFFFFFFFFFFFFFFFFFFFFFFFFFFFFFFFFFFFFFFFFFFFCF
:20B1A000FFFFFFFFFFFFFFFFFFFFFFFFFFFFFFFFFFFFFFFFFFFFFFFFFFFFFFFFFFFFFFFFAF
:20B1C000FFFFFFFFFFFFFFFFFFFFFFFFFFFFFFFFFFFFFFFFFFFFFFFFFFFFFFFFFFFFFFFF8F
:20B1E000FFFFFFFFFFFFFFFFFFFFFFFFFFFFFFFFFFFFFFFFFFFFFFFFFFFFFFFFFFFFFFFF6F
:20B20000FFFFFFFFFFFFFFFFFFFFFFFFFFFFFFFFFFFFFFFFFFFFFFFFFFFFFFFFFFFFFFFF4E
:20B22000FFFFFFFFFFFFFFFFFFFFFFFFFFFFFFFFFFFFFFFFFFFFFFFFFFFFFFFFFFFFFFFF2E
:20B24000FFFFFFFFFFFFFFFFFFFFFFFFFFFFFFFFFFFFFFFFFFFFFFFFFFFFFFFFFFFFFFFF0E
:20B26000FFFFFFFFFFFFFFFFFFFFFFFFFFFFFFFFFFFFFFFFFFFFFFFFFFFFFFFFFFFFFFFFEE
:20B28000FFFFFFFFFFFFFFFFFFFFFFFFFFFFFFFFFFFFFFFFFFFFFFFFFFFFFFFFFFFFFFFFCE
:20B2A000FFFFFFFFFFFFFFFFFFFFFFFFFFFFFFFFFFFFFFFFFFFFFFFFFFFFFFFFFFFFFFFFAE
:20B2C000FFFFFFFFFFFFFFFFFFFFFFFFFFFFFFFFFFFFFFFFFFFFFFFFFFFFFFFFFFFFFFFF8E
:20B2E000FFFFFFFFFFFFFFFFFFFFFFFFFFFFFFFFFFFFFFFFFFFFFFFFFFFFFFFFFFFFFFFF6E
:20B30000FFFFFFFFFFFFFFFFFFFFFFFFFFFFFFFFFFFFFFFFFFFFFFFFFFFFFFFFFFFFFFFF4D
:20B32000FFFFFFFFFFFFFFFFFFFFFFFFFFFFFFFFFFFFFFFFFFFFFFFFFFFFFFFFFFFFFFFF2D
:20B34000FFFFFFFFFFFFFFFFFFFFFFFFFFFFFFFFFFFFFFFFFFFFFFFFFFFFFFFFFFFFFFFF0D
:20B36000FFFFFFFFFFFFFFFFFFFFFFFFFFFFFFFFFFFFFFFFFFFFFFFFFFFFFFFFFFFFFFFFED
:20B38000FFFFFFFFFFFFFFFFFFFFFFFFFFFFFFFFFFFFFFFFFFFFFFFFFFFFFFFFFFFFFFFFCD
:20B3A000FFFFFFFFFFFFFFFFFFFFFFFFFFFFFFFFFFFFFFFFFFFFFFFFFFFFFFFFFFFFFFFFAD
:20B3C000FFFFFFFFFFFFFFFFFFFFFFFFFFFFFFFFFFFFFFFFFFFFFFFFFFFFFFFFFFFFFFFF8D
:20B3E000FFFFFFFFFFFFFFFFFFFFFFFFFFFFFFFFFFFFFFFFFFFFFFFFFFFFFFFFFFFFFFFF6D
:20B40000FFFFFFFFFFFFFFFFFFFFFFFFFFFFFFFFFFFFFFFFFFFFFFFFFFFFFFFFFFFFFFFF4C
:20B42000FFFFFFFFFFFFFFFFFFFFFFFFFFFFFFFFFFFFFFFFFFFFFFFFFFFFFFFFFFFFFFFF2C
:20B44000FFFFFFFFFFFFFFFFFFFFFFFFFFFFFFFFFFFFFFFFFFFFFFFFFFFFFFFFFFFFFFFF0C
:20B46000FFFFFFFFFFFFFFFFFFFFFFFFFFFFFFFFFFFFFFFFFFFFFFFFFFFFFFFFFFFFFFFFEC
:20B48000FFFFFFFFFFFFFFFFFFFFFFFFFFFFFFFFFFFFFFFFFFFFFFFFFFFFFFFFFFFFFFFFCC
:20B4A000FFFFFFFFFFFFFFFFFFFFFFFFFFFFFFFFFFFFFFFFFFFFFFFFFFFFFFFFFFFFFFFFAC
:20B4C000FFFFFFFFFFFFFFFFFFFFFFFFFFFFFFFFFFFFFFFFFFFFFFFFFFFFFFFFFFFFFFFF8C
:20B4E000FFFFFFFFFFFFFFFFFFFFFFFFFFFFFFFFFFFFFFFFFFFFFFFFFFFFFFFFFFFFFFFF6C
:20B50000FFFFFFFFFFFFFFFFFFFFFFFFFFFFFFFFFFFFFFFFFFFFFFFFFFFFFFFFFFFFFFFF4B
:20B52000FFFFFFFFFFFFFFFFFFFFFFFFFFFFFFFFFFFFFFFFFFFFFFFFFFFFFFFFFFFFFFFF2B
:20B54000FFFFFFFFFFFFFFFFFFFFFFFFFFFFFFFFFFFFFFFFFFFFFFFFFFFFFFFFFFFFFFFF0B
:20B56000FFFFFFFFFFFFFFFFFFFFFFFFFFFFFFFFFFFFFFFFFFFFFFFFFFFFFFFFFFFFFFFFEB
:20B58000FFFFFFFFFFFFFFFFFFFFFFFFFFFFFFFFFFFFFFFFFFFFFFFFFFFFFFFFFFFFFFFFCB
:20B5A000FFFFFFFFFFFFFFFFFFFFFFFFFFFFFFFFFFFFFFFFFFFFFFFFFFFFFFFFFFFFFFFFAB
:20B5C000FFFFFFFFFFFFFFFFFFFFFFFFFFFFFFFFFFFFFFFFFFFFFFFFFFFFFFFFFFFFFFFF8B
:20B5E000FFFFFFFFFFFFFFFFFFFFFFFFFFFFFFFFFFFFFFFFFFFFFFFFFFFFFFFFFFFFFFFF6B
:20B60000FFFFFFFFFFFFFFFFFFFFFFFFFFFFFFFFFFFFFFFFFFFFFFFFFFFFFFFFFFFFFFFF4A
:20B62000FFFFFFFFFFFFFFFFFFFFFFFFFFFFFFFFFFFFFFFFFFFFFFFFFFFFFFFFFFFFFFFF2A
:20B64000FFFFFFFFFFFFFFFFFFFFFFFFFFFFFFFFFFFFFFFFFFFFFFFFFFFFFFFFFFFFFFFF0A
:20B66000FFFFFFFFFFFFFFFFFFFFFFFFFFFFFFFFFFFFFFFFFFFFFFFFFFFFFFFFFFFFFFFFEA
:20B68000FFFFFFFFFFFFFFFFFFFFFFFFFFFFFFFFFFFFFFFFFFFFFFFFFFFFFFFFFFFFFFFFCA
:20B6A000FFFFFFFFFFFFFFFFFFFFFFFFFFFFFFFFFFFFFFFFFFFFFFFFFFFFFFFFFFFFFFFFAA
:20B6C000FFFFFFFFFFFFFFFFFFFFFFFFFFFFFFFFFFFFFFFFFFFFFFFFFFFFFFFFFFFFFFFF8A
:20B6E000FFFFFFFFFFFFFFFFFFFFFFFFFFFFFFFFFFFFFFFFFFFFFFFFFFFFFFFFFFFFFFFF6A
:20B70000FFFFFFFFFFFFFFFFFFFFFFFFFFFFFFFFFFFFFFFFFFFFFFFFFFFFFFFFFFFFFFFF49
:20B72000FFFFFFFFFFFFFFFFFFFFFFFFFFFFFFFFFFFFFFFFFFFFFFFFFFFFFFFFFFFFFFFF29
:20B74000FFFFFFFFFFFFFFFFFFFFFFFFFFFFFFFFFFFFFFFFFFFFFFFFFFFFFFFFFFFFFFFF09
:20B76000FFFFFFFFFFFFFFFFFFFFFFFFFFFFFFFFFFFFFFFFFFFFFFFFFFFFFFFFFFFFFFFFE9
:20B78000FFFFFFFFFFFFFFFFFFFFFFFFFFFFFFFFFFFFFFFFFFFFFFFFFFFFFFFFFFFFFFFFC9
:20B7A000FFFFFFFFFFFFFFFFFFFFFFFFFFFFFFFFFFFFFFFFFFFFFFFFFFFFFFFFFFFFFFFFA9
:20B7C000FFFFFFFFFFFFFFFFFFFFFFFFFFFFFFFFFFFFFFFFFFFFFFFFFFFFFFFFFFFFFFFF89
:20B7E000FFFFFFFFFFFFFFFFFFFFFFFFFFFFFFFFFFFFFFFFFFFFFFFFFFFFFFFFFFFFFFFF69
:20B80000FFFFFFFFFFFFFFFFFFFFFFFFFFFFFFFFFFFFFFFFFFFFFFFFFFFFFFFFFFFFFFFF48
:20B82000FFFFFFFFFFFFFFFFFFFFFFFFFFFFFFFFFFFFFFFFFFFFFFFFFFFFFFFFFFFFFFFF28
:20B84000FFFFFFFFFFFFFFFFFFFFFFFFFFFFFFFFFFFFFFFFFFFFFFFFFFFFFFFFFFFFFFFF08
:20B86000FFFFFFFFFFFFFFFFFFFFFFFFFFFFFFFFFFFFFFFFFFFFFFFFFFFFFFFFFFFFFFFFE8
:20B88000FFFFFFFFFFFFFFFFFFFFFFFFFFFFFFFFFFFFFFFFFFFFFFFFFFFFFFFFFFFFFFFFC8
:20B8A000FFFFFFFFFFFFFFFFFFFFFFFFFFFFFFFFFFFFFFFFFFFFFFFFFFFFFFFFFFFFFFFFA8
:20B8C000FFFFFFFFFFFFFFFFFFFFFFFFFFFFFFFFFFFFFFFFFFFFFFFFFFFFFFFFFFFFFFFF88
:20B8E000FFFFFFFFFFFFFFFFFFFFFFFFFFFFFFFFFFFFFFFFFFFFFFFFFFFFFFFFFFFFFFFF68
:20B90000FFFFFFFFFFFFFFFFFFFFFFFFFFFFFFFFFFFFFFFFFFFFFFFFFFFFFFFFFFFFFFFF47
:20B92000FFFFFFFFFFFFFFFFFFFFFFFFFFFFFFFFFFFFFFFFFFFFFFFFFFFFFFFFFFFFFFFF27
:20B94000FFFFFFFFFFFFFFFFFFFFFFFFFFFFFFFFFFFFFFFFFFFFFFFFFFFFFFFFFFFFFFFF07
:20B96000FFFFFFFFFFFFFFFFFFFFFFFFFFFFFFFFFFFFFFFFFFFFFFFFFFFFFFFFFFFFFFFFE7
:20B98000FFFFFFFFFFFFFFFFFFFFFFFFFFFFFFFFFFFFFFFFFFFFFFFFFFFFFFFFFFFFFFFFC7
:20B9A000FFFFFFFFFFFFFFFFFFFFFFFFFFFFFFFFFFFFFFFFFFFFFFFFFFFFFFFFFFFFFFFFA7
:20B9C000FFFFFFFFFFFFFFFFFFFFFFFFFFFFFFFFFFFFFFFFFFFFFFFFFFFFFFFFFFFFFFFF87
:20B9E000FFFFFFFFFFFFFFFFFFFFFFFFFFFFFFFFFFFFFFFFFFFFFFFFFFFFFFFFFFFFFFFF67
:20BA0000FFFFFFFFFFFFFFFFFFFFFFFFFFFFFFFFFFFFFFFFFFFFFFFFFFFFFFFFFFFFFFFF46
:20BA2000FFFFFFFFFFFFFFFFFFFFFFFFFFFFFFFFFFFFFFFFFFFFFFFFFFFFFFFFFFFFFFFF26
:20BA4000FFFFFFFFFFFFFFFFFFFFFFFFFFFFFFFFFFFFFFFFFFFFFFFFFFFFFFFFFFFFFFFF06
:20BA6000FFFFFFFFFFFFFFFFFFFFFFFFFFFFFFFFFFFFFFFFFFFFFFFFFFFFFFFFFFFFFFFFE6
:20BA8000FFFFFFFFFFFFFFFFFFFFFFFFFFFFFFFFFFFFFFFFFFFFFFFFFFFFFFFFFFFFFFFFC6
:20BAA000FFFFFFFFFFFFFFFFFFFFFFFFFFFFFFFFFFFFFFFFFFFFFFFFFFFFFFFFFFFFFFFFA6
:20BAC000FFFFFFFFFFFFFFFFFFFFFFFFFFFFFFFFFFFFFFFFFFFFFFFFFFFFFFFFFFFFFFFF86
:20BAE000FFFFFFFFFFFFFFFFFFFFFFFFFFFFFFFFFFFFFFFFFFFFFFFFFFFFFFFFFFFFFFFF66
:20BB0000FFFFFFFFFFFFFFFFFFFFFFFFFFFFFFFFFFFFFFFFFFFFFFFFFFFFFFFFFFFFFFFF45
:20BB2000FFFFFFFFFFFFFFFFFFFFFFFFFFFFFFFFFFFFFFFFFFFFFFFFFFFFFFFFFFFFFFFF25
:20BB4000FFFFFFFFFFFFFFFFFFFFFFFFFFFFFFFFFFFFFFFFFFFFFFFFFFFFFFFFFFFFFFFF05
:20BB6000FFFFFFFFFFFFFFFFFFFFFFFFFFFFFFFFFFFFFFFFFFFFFFFFFFFFFFFFFFFFFFFFE5
:20BB8000FFFFFFFFFFFFFFFFFFFFFFFFFFFFFFFFFFFFFFFFFFFFFFFFFFFFFFFFFFFFFFFFC5
:20BBA000FFFFFFFFFFFFFFFFFFFFFFFFFFFFFFFFFFFFFFFFFFFFFFFFFFFFFFFFFFFFFFFFA5
:20BBC000FFFFFFFFFFFFFFFFFFFFFFFFFFFFFFFFFFFFFFFFFFFFFFFFFFFFFFFFFFFFFFFF85
:20BBE000FFFFFFFFFFFFFFFFFFFFFFFFFFFFFFFFFFFFFFFFFFFFFFFFFFFFFFFFFFFFFFFF65
:20BC0000FFFFFFFFFFFFFFFFFFFFFFFFFFFFFFFFFFFFFFFFFFFFFFFFFFFFFFFFFFFFFFFF44
:20BC2000FFFFFFFFFFFFFFFFFFFFFFFFFFFFFFFFFFFFFFFFFFFFFFFFFFFFFFFFFFFFFFFF24
:20BC4000FFFFFFFFFFFFFFFFFFFFFFFFFFFFFFFFFFFFFFFFFFFFFFFFFFFFFFFFFFFFFFFF04
:20BC6000FFFFFFFFFFFFFFFFFFFFFFFFFFFFFFFFFFFFFFFFFFFFFFFFFFFFFFFFFFFFFFFFE4
:20BC8000FFFFFFFFFFFFFFFFFFFFFFFFFFFFFFFFFFFFFFFFFFFFFFFFFFFFFFFFFFFFFFFFC4
:20BCA000FFFFFFFFFFFFFFFFFFFFFFFFFFFFFFFFFFFFFFFFFFFFFFFFFFFFFFFFFFFFFFFFA4
:20BCC000FFFFFFFFFFFFFFFFFFFFFFFFFFFFFFFFFFFFFFFFFFFFFFFFFFFFFFFFFFFFFFFF84
:20BCE000FFFFFFFFFFFFFFFFFFFFFFFFFFFFFFFFFFFFFFFFFFFFFFFFFFFFFFFFFFFFFFFF64
:20BD0000FFFFFFFFFFFFFFFFFFFFFFFFFFFFFFFFFFFFFFFFFFFFFFFFFFFFFFFFFFFFFFFF43
:20BD2000FFFFFFFFFFFFFFFFFFFFFFFFFFFFFFFFFFFFFFFFFFFFFFFFFFFFFFFFFFFFFFFF23
:20BD4000FFFFFFFFFFFFFFFFFFFFFFFFFFFFFFFFFFFFFFFFFFFFFFFFFFFFFFFFFFFFFFFF03
:20BD6000FFFFFFFFFFFFFFFFFFFFFFFFFFFFFFFFFFFFFFFFFFFFFFFFFFFFFFFFFFFFFFFFE3
:20BD8000FFFFFFFFFFFFFFFFFFFFFFFFFFFFFFFFFFFFFFFFFFFFFFFFFFFFFFFFFFFFFFFFC3
:20BDA000FFFFFFFFFFFFFFFFFFFFFFFFFFFFFFFFFFFFFFFFFFFFFFFFFFFFFFFFFFFFFFFFA3
:20BDC000FFFFFFFFFFFFFFFFFFFFFFFFFFFFFFFFFFFFFFFFFFFFFFFFFFFFFFFFFFFFFFFF83
:20BDE000FFFFFFFFFFFFFFFFFFFFFFFFFFFFFFFFFFFFFFFFFFFFFFFFFFFFFFFFFFFFFFFF63
:20BE0000FFFFFFFFFFFFFFFFFFFFFFFFFFFFFFFFFFFFFFFFFFFFFFFFFFFFFFFFFFFFFFFF42
:20BE2000FFFFFFFFFFFFFFFFFFFFFFFFFFFFFFFFFFFFFFFFFFFFFFFFFFFFFFFFFFFFFFFF22
:20BE4000FFFFFFFFFFFFFFFFFFFFFFFFFFFFFFFFFFFFFFFFFFFFFFFFFFFFFFFFFFFFFFFF02
:20BE6000FFFFFFFFFFFFFFFFFFFFFFFFFFFFFFFFFFFFFFFFFFFFFFFFFFFFFFFFFFFFFFFFE2
:20BE8000FFFFFFFFFFFFFFFFFFFFFFFFFFFFFFFFFFFFFFFFFFFFFFFFFFFFFFFFFFFFFFFFC2
:20BEA000FFFFFFFFFFFFFFFFFFFFFFFFFFFFFFFFFFFFFFFFFFFFFFFFFFFFFFFFFFFFFFFFA2
:20BEC000FFFFFFFFFFFFFFFFFFFFFFFFFFFFFFFFFFFFFFFFFFFFFFFFFFFFFFFFFFFFFFFF82
:20BEE000FFFFFFFFFFFFFFFFFFFFFFFFFFFFFFFFFFFFFFFFFFFFFFFFFFFFFFFFFFFFFFFF62
:20BF0000FFFFFFFFFFFFFFFFFFFFFFFFFFFFFFFFFFFFFFFFFFFFFFFFFFFFFFFFFFFFFFFF41
:20BF2000FFFFFFFFFFFFFFFFFFFFFFFFFFFFFFFFFFFFFFFFFFFFFFFFFFFFFFFFFFFFFFFF21
:20BF4000FFFFFFFFFFFFFFFFFFFFFFFFFFFFFFFFFFFFFFFFFFFFFFFFFFFFFFFFFFFFFFFF01
:20BF6000FFFFFFFFFFFFFFFFFFFFFFFFFFFFFFFFFFFFFFFFFFFFFFFFFFFFFFFFFFFFFFFFE1
:20BF8000FFFFFFFFFFFFFFFFFFFFFFFFFFFFFFFFFFFFFFFFFFFFFFFFFFFFFFFFFFFFFFFFC1
:20BFA000FFFFFFFFFFFFFFFFFFFFFFFFFFFFFFFFFFFFFFFFFFFFFFFFFFFFFFFFFFFFFFFFA1
:20BFC000FFFFFFFFFFFFFFFFFFFFFFFFFFFFFFFFFFFFFFFFFFFFFFFFFFFFFFFFFFFFFFFF81
:20BFE000FFFFFFFFFFFFFFFFFFFFFFFFFFFFFFFFFFFFFFFFFFFFFFFFFFFFFFFFFFFFFFFF61
:20C00000FFFFFFFFFFFFFFFFFFFFFFFFFFFFFFFFFFFFFFFFFFFFFFFFFFFFFFFFFFFFFFFF40
:20C02000FFFFFFFFFFFFFFFFFFFFFFFFFFFFFFFFFFFFFFFFFFFFFFFFFFFFFFFFFFFFFFFF20
:20C04000FFFFFFFFFFFFFFFFFFFFFFFFFFFFFFFFFFFFFFFFFFFFFFFFFFFFFFFFFFFFFFFF00
:20C06000FFFFFFFFFFFFFFFFFFFFFFFFFFFFFFFFFFFFFFFFFFFFFFFFFFFFFFFFFFFFFFFFE0
:20C08000FFFFFFFFFFFFFFFFFFFFFFFFFFFFFFFFFFFFFFFFFFFFFFFFFFFFFFFFFFFFFFFFC0
:20C0A000FFFFFFFFFFFFFFFFFFFFFFFFFFFFFFFFFFFFFFFFFFFFFFFFFFFFFFFFFFFFFFFFA0
:20C0C000FFFFFFFFFFFFFFFFFFFFFFFFFFFFFFFFFFFFFFFFFFFFFFFFFFFFFFFFFFFFFFFF80
:20C0E000FFFFFFFFFFFFFFFFFFFFFFFFFFFFFFFFFFFFFFFFFFFFFFFFFFFFFFFFFFFFFFFF60
:20C10000FFFFFFFFFFFFFFFFFFFFFFFFFFFFFFFFFFFFFFFFFFFFFFFFFFFFFFFFFFFFFFFF3F
:20C12000FFFFFFFFFFFFFFFFFFFFFFFFFFFFFFFFFFFFFFFFFFFFFFFFFFFFFFFFFFFFFFFF1F
:20C14000FFFFFFFFFFFFFFFFFFFFFFFFFFFFFFFFFFFFFFFFFFFFFFFFFFFFFFFFFFFFFFFFFF
:20C16000FFFFFFFFFFFFFFFFFFFFFFFFFFFFFFFFFFFFFFFFFFFFFFFFFFFFFFFFFFFFFFFFDF
:20C18000FFFFFFFFFFFFFFFFFFFFFFFFFFFFFFFFFFFFFFFFFFFFFFFFFFFFFFFFFFFFFFFFBF
:20C1A000FFFFFFFFFFFFFFFFFFFFFFFFFFFFFFFFFFFFFFFFFFFFFFFFFFFFFFFFFFFFFFFF9F
:20C1C000FFFFFFFFFFFFFFFFFFFFFFFFFFFFFFFFFFFFFFFFFFFFFFFFFFFFFFFFFFFFFFFF7F
:20C1E000FFFFFFFFFFFFFFFFFFFFFFFFFFFFFFFFFFFFFFFFFFFFFFFFFFFFFFFFFFFFFFFF5F
:20C20000FFFFFFFFFFFFFFFFFFFFFFFFFFFFFFFFFFFFFFFFFFFFFFFFFFFFFFFFFFFFFFFF3E
:20C22000FFFFFFFFFFFFFFFFFFFFFFFFFFFFFFFFFFFFFFFFFFFFFFFFFFFFFFFFFFFFFFFF1E
:20C24000FFFFFFFFFFFFFFFFFFFFFFFFFFFFFFFFFFFFFFFFFFFFFFFFFFFFFFFFFFFFFFFFFE
:20C26000FFFFFFFFFFFFFFFFFFFFFFFFFFFFFFFFFFFFFFFFFFFFFFFFFFFFFFFFFFFFFFFFDE
:20C28000FFFFFFFFFFFFFFFFFFFFFFFFFFFFFFFFFFFFFFFFFFFFFFFFFFFFFFFFFFFFFFFFBE
:20C2A000FFFFFFFFFFFFFFFFFFFFFFFFFFFFFFFFFFFFFFFFFFFFFFFFFFFFFFFFFFFFFFFF9E
:20C2C000FFFFFFFFFFFFFFFFFFFFFFFFFFFFFFFFFFFFFFFFFFFFFFFFFFFFFFFFFFFFFFFF7E
:20C2E000FFFFFFFFFFFFFFFFFFFFFFFFFFFFFFFFFFFFFFFFFFFFFFFFFFFFFFFFFFFFFFFF5E
:20C30000FFFFFFFFFFFFFFFFFFFFFFFFFFFFFFFFFFFFFFFFFFFFFFFFFFFFFFFFFFFFFFFF3D
:20C32000FFFFFFFFFFFFFFFFFFFFFFFFFFFFFFFFFFFFFFFFFFFFFFFFFFFFFFFFFFFFFFFF1D
:20C34000FFFFFFFFFFFFFFFFFFFFFFFFFFFFFFFFFFFFFFFFFFFFFFFFFFFFFFFFFFFFFFFFFD
:20C36000FFFFFFFFFFFFFFFFFFFFFFFFFFFFFFFFFFFFFFFFFFFFFFFFFFFFFFFFFFFFFFFFDD
:20C38000FFFFFFFFFFFFFFFFFFFFFFFFFFFFFFFFFFFFFFFFFFFFFFFFFFFFFFFFFFFFFFFFBD
:20C3A000FFFFFFFFFFFFFFFFFFFFFFFFFFFFFFFFFFFFFFFFFFFFFFFFFFFFFFFFFFFFFFFF9D
:20C3C000FFFFFFFFFFFFFFFFFFFFFFFFFFFFFFFFFFFFFFFFFFFFFFFFFFFFFFFFFFFFFFFF7D
:20C3E000FFFFFFFFFFFFFFFFFFFFFFFFFFFFFFFFFFFFFFFFFFFFFFFFFFFFFFFFFFFFFFFF5D
:20C40000FFFFFFFFFFFFFFFFFFFFFFFFFFFFFFFFFFFFFFFFFFFFFFFFFFFFFFFFFFFFFFFF3C
:20C42000FFFFFFFFFFFFFFFFFFFFFFFFFFFFFFFFFFFFFFFFFFFFFFFFFFFFFFFFFFFFFFFF1C
:20C44000FFFFFFFFFFFFFFFFFFFFFFFFFFFFFFFFFFFFFFFFFFFFFFFFFFFFFFFFFFFFFFFFFC
:20C46000FFFFFFFFFFFFFFFFFFFFFFFFFFFFFFFFFFFFFFFFFFFFFFFFFFFFFFFFFFFFFFFFDC
:20C48000FFFFFFFFFFFFFFFFFFFFFFFFFFFFFFFFFFFFFFFFFFFFFFFFFFFFFFFFFFFFFFFFBC
:20C4A000FFFFFFFFFFFFFFFFFFFFFFFFFFFFFFFFFFFFFFFFFFFFFFFFFFFFFFFFFFFFFFFF9C
:20C4C000FFFFFFFFFFFFFFFFFFFFFFFFFFFFFFFFFFFFFFFFFFFFFFFFFFFFFFFFFFFFFFFF7C
:20C4E000FFFFFFFFFFFFFFFFFFFFFFFFFFFFFFFFFFFFFFFFFFFFFFFFFFFFFFFFFFFFFFFF5C
:20C50000FFFFFFFFFFFFFFFFFFFFFFFFFFFFFFFFFFFFFFFFFFFFFFFFFFFFFFFFFFFFFFFF3B
:20C52000FFFFFFFFFFFFFFFFFFFFFFFFFFFFFFFFFFFFFFFFFFFFFFFFFFFFFFFFFFFFFFFF1B
:20C54000FFFFFFFFFFFFFFFFFFFFFFFFFFFFFFFFFFFFFFFFFFFFFFFFFFFFFFFFFFFFFFFFFB
:20C56000FFFFFFFFFFFFFFFFFFFFFFFFFFFFFFFFFFFFFFFFFFFFFFFFFFFFFFFFFFFFFFFFDB
:20C58000FFFFFFFFFFFFFFFFFFFFFFFFFFFFFFFFFFFFFFFFFFFFFFFFFFFFFFFFFFFFFFFFBB
:20C5A000FFFFFFFFFFFFFFFFFFFFFFFFFFFFFFFFFFFFFFFFFFFFFFFFFFFFFFFFFFFFFFFF9B
:20C5C000FFFFFFFFFFFFFFFFFFFFFFFFFFFFFFFFFFFFFFFFFFFFFFFFFFFFFFFFFFFFFFFF7B
:20C5E000FFFFFFFFFFFFFFFFFFFFFFFFFFFFFFFFFFFFFFFFFFFFFFFFFFFFFFFFFFFFFFFF5B
:20C60000FFFFFFFFFFFFFFFFFFFFFFFFFFFFFFFFFFFFFFFFFFFFFFFFFFFFFFFFFFFFFFFF3A
:20C62000FFFFFFFFFFFFFFFFFFFFFFFFFFFFFFFFFFFFFFFFFFFFFFFFFFFFFFFFFFFFFFFF1A
:20C64000FFFFFFFFFFFFFFFFFFFFFFFFFFFFFFFFFFFFFFFFFFFFFFFFFFFFFFFFFFFFFFFFFA
:20C66000FFFFFFFFFFFFFFFFFFFFFFFFFFFFFFFFFFFFFFFFFFFFFFFFFFFFFFFFFFFFFFFFDA
:20C68000FFFFFFFFFFFFFFFFFFFFFFFFFFFFFFFFFFFFFFFFFFFFFFFFFFFFFFFFFFFFFFFFBA
:20C6A000FFFFFFFFFFFFFFFFFFFFFFFFFFFFFFFFFFFFFFFFFFFFFFFFFFFFFFFFFFFFFFFF9A
:20C6C000FFFFFFFFFFFFFFFFFFFFFFFFFFFFFFFFFFFFFFFFFFFFFFFFFFFFFFFFFFFFFFFF7A
:20C6E000FFFFFFFFFFFFFFFFFFFFFFFFFFFFFFFFFFFFFFFFFFFFFFFFFFFFFFFFFFFFFFFF5A
:20C70000FFFFFFFFFFFFFFFFFFFFFFFFFFFFFFFFFFFFFFFFFFFFFFFFFFFFFFFFFFFFFFFF39
:20C72000FFFFFFFFFFFFFFFFFFFFFFFFFFFFFFFFFFFFFFFFFFFFFFFFFFFFFFFFFFFFFFFF19
:20C74000FFFFFFFFFFFFFFFFFFFFFFFFFFFFFFFFFFFFFFFFFFFFFFFFFFFFFFFFFFFFFFFFF9
:20C76000FFFFFFFFFFFFFFFFFFFFFFFFFFFFFFFFFFFFFFFFFFFFFFFFFFFFFFFFFFFFFFFFD9
:20C78000FFFFFFFFFFFFFFFFFFFFFFFFFFFFFFFFFFFFFFFFFFFFFFFFFFFFFFFFFFFFFFFFB9
:20C7A000FFFFFFFFFFFFFFFFFFFFFFFFFFFFFFFFFFFFFFFFFFFFFFFFFFFFFFFFFFFFFFFF99
:20C7C000FFFFFFFFFFFFFFFFFFFFFFFFFFFFFFFFFFFFFFFFFFFFFFFFFFFFFFFFFFFFFFFF79
:20C7E000FFFFFFFFFFFFFFFFFFFFFFFFFFFFFFFFFFFFFFFFFFFFFFFFFFFFFFFFFFFFFFFF59
:20C80000FFFFFFFFFFFFFFFFFFFFFFFFFFFFFFFFFFFFFFFFFFFFFFFFFFFFFFFFFFFFFFFF38
:20C82000FFFFFFFFFFFFFFFFFFFFFFFFFFFFFFFFFFFFFFFFFFFFFFFFFFFFFFFFFFFFFFFF18
:20C84000FFFFFFFFFFFFFFFFFFFFFFFFFFFFFFFFFFFFFFFFFFFFFFFFFFFFFFFFFFFFFFFFF8
:20C86000FFFFFFFFFFFFFFFFFFFFFFFFFFFFFFFFFFFFFFFFFFFFFFFFFFFFFFFFFFFFFFFFD8
:20C88000FFFFFFFFFFFFFFFFFFFFFFFFFFFFFFFFFFFFFFFFFFFFFFFFFFFFFFFFFFFFFFFFB8
:20C8A000FFFFFFFFFFFFFFFFFFFFFFFFFFFFFFFFFFFFFFFFFFFFFFFFFFFFFFFFFFFFFFFF98
:20C8C000FFFFFFFFFFFFFFFFFFFFFFFFFFFFFFFFFFFFFFFFFFFFFFFFFFFFFFFFFFFFFFFF78
:20C8E000FFFFFFFFFFFFFFFFFFFFFFFFFFFFFFFFFFFFFFFFFFFFFFFFFFFFFFFFFFFFFFFF58
:20C90000FFFFFFFFFFFFFFFFFFFFFFFFFFFFFFFFFFFFFFFFFFFFFFFFFFFFFFFFFFFFFFFF37
:20C92000FFFFFFFFFFFFFFFFFFFFFFFFFFFFFFFFFFFFFFFFFFFFFFFFFFFFFFFFFFFFFFFF17
:20C94000FFFFFFFFFFFFFFFFFFFFFFFFFFFFFFFFFFFFFFFFFFFFFFFFFFFFFFFFFFFFFFFFF7
:20C96000FFFFFFFFFFFFFFFFFFFFFFFFFFFFFFFFFFFFFFFFFFFFFFFFFFFFFFFFFFFFFFFFD7
:20C98000FFFFFFFFFFFFFFFFFFFFFFFFFFFFFFFFFFFFFFFFFFFFFFFFFFFFFFFFFFFFFFFFB7
:20C9A000FFFFFFFFFFFFFFFFFFFFFFFFFFFFFFFFFFFFFFFFFFFFFFFFFFFFFFFFFFFFFFFF97
:20C9C000FFFFFFFFFFFFFFFFFFFFFFFFFFFFFFFFFFFFFFFFFFFFFFFFFFFFFFFFFFFFFFFF77
:20C9E000FFFFFFFFFFFFFFFFFFFFFFFFFFFFFFFFFFFFFFFFFFFFFFFFFFFFFFFFFFFFFFFF57
:20CA0000FFFFFFFFFFFFFFFFFFFFFFFFFFFFFFFFFFFFFFFFFFFFFFFFFFFFFFFFFFFFFFFF36
:20CA2000FFFFFFFFFFFFFFFFFFFFFFFFFFFFFFFFFFFFFFFFFFFFFFFFFFFFFFFFFFFFFFFF16
:20CA4000FFFFFFFFFFFFFFFFFFFFFFFFFFFFFFFFFFFFFFFFFFFFFFFFFFFFFFFFFFFFFFFFF6
:20CA6000FFFFFFFFFFFFFFFFFFFFFFFFFFFFFFFFFFFFFFFFFFFFFFFFFFFFFFFFFFFFFFFFD6
:20CA8000FFFFFFFFFFFFFFFFFFFFFFFFFFFFFFFFFFFFFFFFFFFFFFFFFFFFFFFFFFFFFFFFB6
:20CAA000FFFFFFFFFFFFFFFFFFFFFFFFFFFFFFFFFFFFFFFFFFFFFFFFFFFFFFFFFFFFFFFF96
:20CAC000FFFFFFFFFFFFFFFFFFFFFFFFFFFFFFFFFFFFFFFFFFFFFFFFFFFFFFFFFFFFFFFF76
:20CAE000FFFFFFFFFFFFFFFFFFFFFFFFFFFFFFFFFFFFFFFFFFFFFFFFFFFFFFFFFFFFFFFF56
:20CB0000FFFFFFFFFFFFFFFFFFFFFFFFFFFFFFFFFFFFFFFFFFFFFFFFFFFFFFFFFFFFFFFF35
:20CB2000FFFFFFFFFFFFFFFFFFFFFFFFFFFFFFFFFFFFFFFFFFFFFFFFFFFFFFFFFFFFFFFF15
:20CB4000FFFFFFFFFFFFFFFFFFFFFFFFFFFFFFFFFFFFFFFFFFFFFFFFFFFFFFFFFFFFFFFFF5
:20CB6000FFFFFFFFFFFFFFFFFFFFFFFFFFFFFFFFFFFFFFFFFFFFFFFFFFFFFFFFFFFFFFFFD5
:20CB8000FFFFFFFFFFFFFFFFFFFFFFFFFFFFFFFFFFFFFFFFFFFFFFFFFFFFFFFFFFFFFFFFB5
:20CBA000FFFFFFFFFFFFFFFFFFFFFFFFFFFFFFFFFFFFFFFFFFFFFFFFFFFFFFFFFFFFFFFF95
:20CBC000FFFFFFFFFFFFFFFFFFFFFFFFFFFFFFFFFFFFFFFFFFFFFFFFFFFFFFFFFFFFFFFF75
:20CBE000FFFFFFFFFFFFFFFFFFFFFFFFFFFFFFFFFFFFFFFFFFFFFFFFFFFFFFFFFFFFFFFF55
:20CC0000FFFFFFFFFFFFFFFFFFFFFFFFFFFFFFFFFFFFFFFFFFFFFFFFFFFFFFFFFFFFFFFF34
:20CC2000FFFFFFFFFFFFFFFFFFFFFFFFFFFFFFFFFFFFFFFFFFFFFFFFFFFFFFFFFFFFFFFF14
:20CC4000FFFFFFFFFFFFFFFFFFFFFFFFFFFFFFFFFFFFFFFFFFFFFFFFFFFFFFFFFFFFFFFFF4
:20CC6000FFFFFFFFFFFFFFFFFFFFFFFFFFFFFFFFFFFFFFFFFFFFFFFFFFFFFFFFFFFFFFFFD4
:20CC8000FFFFFFFFFFFFFFFFFFFFFFFFFFFFFFFFFFFFFFFFFFFFFFFFFFFFFFFFFFFFFFFFB4
:20CCA000FFFFFFFFFFFFFFFFFFFFFFFFFFFFFFFFFFFFFFFFFFFFFFFFFFFFFFFFFFFFFFFF94
:20CCC000FFFFFFFFFFFFFFFFFFFFFFFFFFFFFFFFFFFFFFFFFFFFFFFFFFFFFFFFFFFFFFFF74
:20CCE000FFFFFFFFFFFFFFFFFFFFFFFFFFFFFFFFFFFFFFFFFFFFFFFFFFFFFFFFFFFFFFFF54
:20CD0000FFFFFFFFFFFFFFFFFFFFFFFFFFFFFFFFFFFFFFFFFFFFFFFFFFFFFFFFFFFFFFFF33
:20CD2000FFFFFFFFFFFFFFFFFFFFFFFFFFFFFFFFFFFFFFFFFFFFFFFFFFFFFFFFFFFFFFFF13
:20CD4000FFFFFFFFFFFFFFFFFFFFFFFFFFFFFFFFFFFFFFFFFFFFFFFFFFFFFFFFFFFFFFFFF3
:20CD6000FFFFFFFFFFFFFFFFFFFFFFFFFFFFFFFFFFFFFFFFFFFFFFFFFFFFFFFFFFFFFFFFD3
:20CD8000FFFFFFFFFFFFFFFFFFFFFFFFFFFFFFFFFFFFFFFFFFFFFFFFFFFFFFFFFFFFFFFFB3
:20CDA000FFFFFFFFFFFFFFFFFFFFFFFFFFFFFFFFFFFFFFFFFFFFFFFFFFFFFFFFFFFFFFFF93
:20CDC000FFFFFFFFFFFFFFFFFFFFFFFFFFFFFFFFFFFFFFFFFFFFFFFFFFFFFFFFFFFFFFFF73
:20CDE000FFFFFFFFFFFFFFFFFFFFFFFFFFFFFFFFFFFFFFFFFFFFFFFFFFFFFFFFFFFFFFFF53
:20CE0000FFFFFFFFFFFFFFFFFFFFFFFFFFFFFFFFFFFFFFFFFFFFFFFFFFFFFFFFFFFFFFFF32
:20CE2000FFFFFFFFFFFFFFFFFFFFFFFFFFFFFFFFFFFFFFFFFFFFFFFFFFFFFFFFFFFFFFFF12
:20CE4000FFFFFFFFFFFFFFFFFFFFFFFFFFFFFFFFFFFFFFFFFFFFFFFFFFFFFFFFFFFFFFFFF2
:20CE6000FFFFFFFFFFFFFFFFFFFFFFFFFFFFFFFFFFFFFFFFFFFFFFFFFFFFFFFFFFFFFFFFD2
:20CE8000FFFFFFFFFFFFFFFFFFFFFFFFFFFFFFFFFFFFFFFFFFFFFFFFFFFFFFFFFFFFFFFFB2
:20CEA000FFFFFFFFFFFFFFFFFFFFFFFFFFFFFFFFFFFFFFFFFFFFFFFFFFFFFFFFFFFFFFFF92
:20CEC000FFFFFFFFFFFFFFFFFFFFFFFFFFFFFFFFFFFFFFFFFFFFFFFFFFFFFFFFFFFFFFFF72
:20CEE000FFFFFFFFFFFFFFFFFFFFFFFFFFFFFFFFFFFFFFFFFFFFFFFFFFFFFFFFFFFFFFFF52
:20CF0000FFFFFFFFFFFFFFFFFFFFFFFFFFFFFFFFFFFFFFFFFFFFFFFFFFFFFFFFFFFFFFFF31
:20CF2000FFFFFFFFFFFFFFFFFFFFFFFFFFFFFFFFFFFFFFFFFFFFFFFFFFFFFFFFFFFFFFFF11
:20CF4000FFFFFFFFFFFFFFFFFFFFFFFFFFFFFFFFFFFFFFFFFFFFFFFFFFFFFFFFFFFFFFFFF1
:20CF6000FFFFFFFFFFFFFFFFFFFFFFFFFFFFFFFFFFFFFFFFFFFFFFFFFFFFFFFFFFFFFFFFD1
:20CF8000FFFFFFFFFFFFFFFFFFFFFFFFFFFFFFFFFFFFFFFFFFFFFFFFFFFFFFFFFFFFFFFFB1
:20CFA000FFFFFFFFFFFFFFFFFFFFFFFFFFFFFFFFFFFFFFFFFFFFFFFFFFFFFFFFFFFFFFFF91
:20CFC000FFFFFFFFFFFFFFFFFFFFFFFFFFFFFFFFFFFFFFFFFFFFFFFFFFFFFFFFFFFFFFFF71
:20CFE000FFFFFFFFFFFFFFFFFFFFFFFFFFFFFFFFFFFFFFFFFFFFFFFFFFFFFFFFFFFFFFFF51
:20D00000FFFFFFFFFFFFFFFFFFFFFFFFFFFFFFFFFFFFFFFFFFFFFFFFFFFFFFFFFFFFFFFF30
:20D02000FFFFFFFFFFFFFFFFFFFFFFFFFFFFFFFFFFFFFFFFFFFFFFFFFFFFFFFFFFFFFFFF10
:20D04000FFFFFFFFFFFFFFFFFFFFFFFFFFFFFFFFFFFFFFFFFFFFFFFFFFFFFFFFFFFFFFFFF0
:20D06000FFFFFFFFFFFFFFFFFFFFFFFFFFFFFFFFFFFFFFFFFFFFFFFFFFFFFFFFFFFFFFFFD0
:20D08000FFFFFFFFFFFFFFFFFFFFFFFFFFFFFFFFFFFFFFFFFFFFFFFFFFFFFFFFFFFFFFFFB0
:20D0A000FFFFFFFFFFFFFFFFFFFFFFFFFFFFFFFFFFFFFFFFFFFFFFFFFFFFFFFFFFFFFFFF90
:20D0C000FFFFFFFFFFFFFFFFFFFFFFFFFFFFFFFFFFFFFFFFFFFFFFFFFFFFFFFFFFFFFFFF70
:20D0E000FFFFFFFFFFFFFFFFFFFFFFFFFFFFFFFFFFFFFFFFFFFFFFFFFFFFFFFFFFFFFFFF50
:20D10000FFFFFFFFFFFFFFFFFFFFFFFFFFFFFFFFFFFFFFFFFFFFFFFFFFFFFFFFFFFFFFFF2F
:20D12000FFFFFFFFFFFFFFFFFFFFFFFFFFFFFFFFFFFFFFFFFFFFFFFFFFFFFFFFFFFFFFFF0F
:20D14000FFFFFFFFFFFFFFFFFFFFFFFFFFFFFFFFFFFFFFFFFFFFFFFFFFFFFFFFFFFFFFFFEF
:20D16000FFFFFFFFFFFFFFFFFFFFFFFFFFFFFFFFFFFFFFFFFFFFFFFFFFFFFFFFFFFFFFFFCF
:20D18000FFFFFFFFFFFFFFFFFFFFFFFFFFFFFFFFFFFFFFFFFFFFFFFFFFFFFFFFFFFFFFFFAF
:20D1A000FFFFFFFFFFFFFFFFFFFFFFFFFFFFFFFFFFFFFFFFFFFFFFFFFFFFFFFFFFFFFFFF8F
:20D1C000FFFFFFFFFFFFFFFFFFFFFFFFFFFFFFFFFFFFFFFFFFFFFFFFFFFFFFFFFFFFFFFF6F
:20D1E000FFFFFFFFFFFFFFFFFFFFFFFFFFFFFFFFFFFFFFFFFFFFFFFFFFFFFFFFFFFFFFFF4F
:20D20000FFFFFFFFFFFFFFFFFFFFFFFFFFFFFFFFFFFFFFFFFFFFFFFFFFFFFFFFFFFFFFFF2E
:20D22000FFFFFFFFFFFFFFFFFFFFFFFFFFFFFFFFFFFFFFFFFFFFFFFFFFFFFFFFFFFFFFFF0E
:20D24000FFFFFFFFFFFFFFFFFFFFFFFFFFFFFFFFFFFFFFFFFFFFFFFFFFFFFFFFFFFFFFFFEE
:20D26000FFFFFFFFFFFFFFFFFFFFFFFFFFFFFFFFFFFFFFFFFFFFFFFFFFFFFFFFFFFFFFFFCE
:20D28000FFFFFFFFFFFFFFFFFFFFFFFFFFFFFFFFFFFFFFFFFFFFFFFFFFFFFFFFFFFFFFFFAE
:20D2A000FFFFFFFFFFFFFFFFFFFFFFFFFFFFFFFFFFFFFFFFFFFFFFFFFFFFFFFFFFFFFFFF8E
:20D2C000FFFFFFFFFFFFFFFFFFFFFFFFFFFFFFFFFFFFFFFFFFFFFFFFFFFFFFFFFFFFFFFF6E
:20D2E000FFFFFFFFFFFFFFFFFFFFFFFFFFFFFFFFFFFFFFFFFFFFFFFFFFFFFFFFFFFFFFFF4E
:20D30000FFFFFFFFFFFFFFFFFFFFFFFFFFFFFFFFFFFFFFFFFFFFFFFFFFFFFFFFFFFFFFFF2D
:20D32000FFFFFFFFFFFFFFFFFFFFFFFFFFFFFFFFFFFFFFFFFFFFFFFFFFFFFFFFFFFFFFFF0D
:20D34000FFFFFFFFFFFFFFFFFFFFFFFFFFFFFFFFFFFFFFFFFFFFFFFFFFFFFFFFFFFFFFFFED
:20D36000FFFFFFFFFFFFFFFFFFFFFFFFFFFFFFFFFFFFFFFFFFFFFFFFFFFFFFFFFFFFFFFFCD
:20D38000FFFFFFFFFFFFFFFFFFFFFFFFFFFFFFFFFFFFFFFFFFFFFFFFFFFFFFFFFFFFFFFFAD
:20D3A000FFFFFFFFFFFFFFFFFFFFFFFFFFFFFFFFFFFFFFFFFFFFFFFFFFFFFFFFFFFFFFFF8D
:20D3C000FFFFFFFFFFFFFFFFFFFFFFFFFFFFFFFFFFFFFFFFFFFFFFFFFFFFFFFFFFFFFFFF6D
:20D3E000FFFFFFFFFFFFFFFFFFFFFFFFFFFFFFFFFFFFFFFFFFFFFFFFFFFFFFFFFFFFFFFF4D
:20D40000FFFFFFFFFFFFFFFFFFFFFFFFFFFFFFFFFFFFFFFFFFFFFFFFFFFFFFFFFFFFFFFF2C
:20D42000FFFFFFFFFFFFFFFFFFFFFFFFFFFFFFFFFFFFFFFFFFFFFFFFFFFFFFFFFFFFFFFF0C
:20D44000FFFFFFFFFFFFFFFFFFFFFFFFFFFFFFFFFFFFFFFFFFFFFFFFFFFFFFFFFFFFFFFFEC
:20D46000FFFFFFFFFFFFFFFFFFFFFFFFFFFFFFFFFFFFFFFFFFFFFFFFFFFFFFFFFFFFFFFFCC
:20D48000FFFFFFFFFFFFFFFFFFFFFFFFFFFFFFFFFFFFFFFFFFFFFFFFFFFFFFFFFFFFFFFFAC
:20D4A000FFFFFFFFFFFFFFFFFFFFFFFFFFFFFFFFFFFFFFFFFFFFFFFFFFFFFFFFFFFFFFFF8C
:20D4C000FFFFFFFFFFFFFFFFFFFFFFFFFFFFFFFFFFFFFFFFFFFFFFFFFFFFFFFFFFFFFFFF6C
:20D4E000FFFFFFFFFFFFFFFFFFFFFFFFFFFFFFFFFFFFFFFFFFFFFFFFFFFFFFFFFFFFFFFF4C
:20D50000FFFFFFFFFFFFFFFFFFFFFFFFFFFFFFFFFFFFFFFFFFFFFFFFFFFFFFFFFFFFFFFF2B
:20D52000FFFFFFFFFFFFFFFFFFFFFFFFFFFFFFFFFFFFFFFFFFFFFFFFFFFFFFFFFFFFFFFF0B
:20D54000FFFFFFFFFFFFFFFFFFFFFFFFFFFFFFFFFFFFFFFFFFFFFFFFFFFFFFFFFFFFFFFFEB
:20D56000FFFFFFFFFFFFFFFFFFFFFFFFFFFFFFFFFFFFFFFFFFFFFFFFFFFFFFFFFFFFFFFFCB
:20D58000FFFFFFFFFFFFFFFFFFFFFFFFFFFFFFFFFFFFFFFFFFFFFFFFFFFFFFFFFFFFFFFFAB
:20D5A000FFFFFFFFFFFFFFFFFFFFFFFFFFFFFFFFFFFFFFFFFFFFFFFFFFFFFFFFFFFFFFFF8B
:20D5C000FFFFFFFFFFFFFFFFFFFFFFFFFFFFFFFFFFFFFFFFFFFFFFFFFFFFFFFFFFFFFFFF6B
:20D5E000FFFFFFFFFFFFFFFFFFFFFFFFFFFFFFFFFFFFFFFFFFFFFFFFFFFFFFFFFFFFFFFF4B
:20D60000FFFFFFFFFFFFFFFFFFFFFFFFFFFFFFFFFFFFFFFFFFFFFFFFFFFFFFFFFFFFFFFF2A
:20D62000FFFFFFFFFFFFFFFFFFFFFFFFFFFFFFFFFFFFFFFFFFFFFFFFFFFFFFFFFFFFFFFF0A
:20D64000FFFFFFFFFFFFFFFFFFFFFFFFFFFFFFFFFFFFFFFFFFFFFFFFFFFFFFFFFFFFFFFFEA
:20D66000FFFFFFFFFFFFFFFFFFFFFFFFFFFFFFFFFFFFFFFFFFFFFFFFFFFFFFFFFFFFFFFFCA
:20D68000FFFFFFFFFFFFFFFFFFFFFFFFFFFFFFFFFFFFFFFFFFFFFFFFFFFFFFFFFFFFFFFFAA
:20D6A000FFFFFFFFFFFFFFFFFFFFFFFFFFFFFFFFFFFFFFFFFFFFFFFFFFFFFFFFFFFFFFFF8A
:20D6C000FFFFFFFFFFFFFFFFFFFFFFFFFFFFFFFFFFFFFFFFFFFFFFFFFFFFFFFFFFFFFFFF6A
:20D6E000FFFFFFFFFFFFFFFFFFFFFFFFFFFFFFFFFFFFFFFFFFFFFFFFFFFFFFFFFFFFFFFF4A
:20D70000FFFFFFFFFFFFFFFFFFFFFFFFFFFFFFFFFFFFFFFFFFFFFFFFFFFFFFFFFFFFFFFF29
:20D72000FFFFFFFFFFFFFFFFFFFFFFFFFFFFFFFFFFFFFFFFFFFFFFFFFFFFFFFFFFFFFFFF09
:20D74000FFFFFFFFFFFFFFFFFFFFFFFFFFFFFFFFFFFFFFFFFFFFFFFFFFFFFFFFFFFFFFFFE9
:20D76000FFFFFFFFFFFFFFFFFFFFFFFFFFFFFFFFFFFFFFFFFFFFFFFFFFFFFFFFFFFFFFFFC9
:20D78000FFFFFFFFFFFFFFFFFFFFFFFFFFFFFFFFFFFFFFFFFFFFFFFFFFFFFFFFFFFFFFFFA9
:20D7A000FFFFFFFFFFFFFFFFFFFFFFFFFFFFFFFFFFFFFFFFFFFFFFFFFFFFFFFFFFFFFFFF89
:20D7C000FFFFFFFFFFFFFFFFFFFFFFFFFFFFFFFFFFFFFFFFFFFFFFFFFFFFFFFFFFFFFFFF69
:20D7E000FFFFFFFFFFFFFFFFFFFFFFFFFFFFFFFFFFFFFFFFFFFFFFFFFFFFFFFFFFFFFFFF49
:20D80000FFFFFFFFFFFFFFFFFFFFFFFFFFFFFFFFFFFFFFFFFFFFFFFFFFFFFFFFFFFFFFFF28
:20D82000FFFFFFFFFFFFFFFFFFFFFFFFFFFFFFFFFFFFFFFFFFFFFFFFFFFFFFFFFFFFFFFF08
:20D84000FFFFFFFFFFFFFFFFFFFFFFFFFFFFFFFFFFFFFFFFFFFFFFFFFFFFFFFFFFFFFFFFE8
:20D86000FFFFFFFFFFFFFFFFFFFFFFFFFFFFFFFFFFFFFFFFFFFFFFFFFFFFFFFFFFFFFFFFC8
:20D88000FFFFFFFFFFFFFFFFFFFFFFFFFFFFFFFFFFFFFFFFFFFFFFFFFFFFFFFFFFFFFFFFA8
:20D8A000FFFFFFFFFFFFFFFFFFFFFFFFFFFFFFFFFFFFFFFFFFFFFFFFFFFFFFFFFFFFFFFF88
:20D8C000FFFFFFFFFFFFFFFFFFFFFFFFFFFFFFFFFFFFFFFFFFFFFFFFFFFFFFFFFFFFFFFF68
:20D8E000FFFFFFFFFFFFFFFFFFFFFFFFFFFFFFFFFFFFFFFFFFFFFFFFFFFFFFFFFFFFFFFF48
:20D90000FFFFFFFFFFFFFFFFFFFFFFFFFFFFFFFFFFFFFFFFFFFFFFFFFFFFFFFFFFFFFFFF27
:20D92000FFFFFFFFFFFFFFFFFFFFFFFFFFFFFFFFFFFFFFFFFFFFFFFFFFFFFFFFFFFFFFFF07
:20D94000FFFFFFFFFFFFFFFFFFFFFFFFFFFFFFFFFFFFFFFFFFFFFFFFFFFFFFFFFFFFFFFFE7
:20D96000FFFFFFFFFFFFFFFFFFFFFFFFFFFFFFFFFFFFFFFFFFFFFFFFFFFFFFFFFFFFFFFFC7
:20D98000FFFFFFFFFFFFFFFFFFFFFFFFFFFFFFFFFFFFFFFFFFFFFFFFFFFFFFFFFFFFFFFFA7
:20D9A000FFFFFFFFFFFFFFFFFFFFFFFFFFFFFFFFFFFFFFFFFFFFFFFFFFFFFFFFFFFFFFFF87
:20D9C000FFFFFFFFFFFFFFFFFFFFFFFFFFFFFFFFFFFFFFFFFFFFFFFFFFFFFFFFFFFFFFFF67
:20D9E000FFFFFFFFFFFFFFFFFFFFFFFFFFFFFFFFFFFFFFFFFFFFFFFFFFFFFFFFFFFFFFFF47
:20DA0000FFFFFFFFFFFFFFFFFFFFFFFFFFFFFFFFFFFFFFFFFFFFFFFFFFFFFFFFFFFFFFFF26
:20DA2000FFFFFFFFFFFFFFFFFFFFFFFFFFFFFFFFFFFFFFFFFFFFFFFFFFFFFFFFFFFFFFFF06
:20DA4000FFFFFFFFFFFFFFFFFFFFFFFFFFFFFFFFFFFFFFFFFFFFFFFFFFFFFFFFFFFFFFFFE6
:20DA6000FFFFFFFFFFFFFFFFFFFFFFFFFFFFFFFFFFFFFFFFFFFFFFFFFFFFFFFFFFFFFFFFC6
:20DA8000FFFFFFFFFFFFFFFFFFFFFFFFFFFFFFFFFFFFFFFFFFFFFFFFFFFFFFFFFFFFFFFFA6
:20DAA000FFFFFFFFFFFFFFFFFFFFFFFFFFFFFFFFFFFFFFFFFFFFFFFFFFFFFFFFFFFFFFFF86
:20DAC000FFFFFFFFFFFFFFFFFFFFFFFFFFFFFFFFFFFFFFFFFFFFFFFFFFFFFFFFFFFFFFFF66
:20DAE000FFFFFFFFFFFFFFFFFFFFFFFFFFFFFFFFFFFFFFFFFFFFFFFFFFFFFFFFFFFFFFFF46
:20DB0000FFFFFFFFFFFFFFFFFFFFFFFFFFFFFFFFFFFFFFFFFFFFFFFFFFFFFFFFFFFFFFFF25
:20DB2000FFFFFFFFFFFFFFFFFFFFFFFFFFFFFFFFFFFFFFFFFFFFFFFFFFFFFFFFFFFFFFFF05
:20DB4000FFFFFFFFFFFFFFFFFFFFFFFFFFFFFFFFFFFFFFFFFFFFFFFFFFFFFFFFFFFFFFFFE5
:20DB6000FFFFFFFFFFFFFFFFFFFFFFFFFFFFFFFFFFFFFFFFFFFFFFFFFFFFFFFFFFFFFFFFC5
:20DB8000FFFFFFFFFFFFFFFFFFFFFFFFFFFFFFFFFFFFFFFFFFFFFFFFFFFFFFFFFFFFFFFFA5
:20DBA000FFFFFFFFFFFFFFFFFFFFFFFFFFFFFFFFFFFFFFFFFFFFFFFFFFFFFFFFFFFFFFFF85
:20DBC000FFFFFFFFFFFFFFFFFFFFFFFFFFFFFFFFFFFFFFFFFFFFFFFFFFFFFFFFFFFFFFFF65
:20DBE000FFFFFFFFFFFFFFFFFFFFFFFFFFFFFFFFFFFFFFFFFFFFFFFFFFFFFFFFFFFFFFFF45
:20DC0000FFFFFFFFFFFFFFFFFFFFFFFFFFFFFFFFFFFFFFFFFFFFFFFFFFFFFFFFFFFFFFFF24
:20DC2000FFFFFFFFFFFFFFFFFFFFFFFFFFFFFFFFFFFFFFFFFFFFFFFFFFFFFFFFFFFFFFFF04
:20DC4000FFFFFFFFFFFFFFFFFFFFFFFFFFFFFFFFFFFFFFFFFFFFFFFFFFFFFFFFFFFFFFFFE4
:20DC6000FFFFFFFFFFFFFFFFFFFFFFFFFFFFFFFFFFFFFFFFFFFFFFFFFFFFFFFFFFFFFFFFC4
:20DC8000FFFFFFFFFFFFFFFFFFFFFFFFFFFFFFFFFFFFFFFFFFFFFFFFFFFFFFFFFFFFFFFFA4
:20DCA000FFFFFFFFFFFFFFFFFFFFFFFFFFFFFFFFFFFFFFFFFFFFFFFFFFFFFFFFFFFFFFFF84
:20DCC000FFFFFFFFFFFFFFFFFFFFFFFFFFFFFFFFFFFFFFFFFFFFFFFFFFFFFFFFFFFFFFFF64
:20DCE000FFFFFFFFFFFFFFFFFFFFFFFFFFFFFFFFFFFFFFFFFFFFFFFFFFFFFFFFFFFFFFFF44
:20DD0000FFFFFFFFFFFFFFFFFFFFFFFFFFFFFFFFFFFFFFFFFFFFFFFFFFFFFFFFFFFFFFFF23
:20DD2000FFFFFFFFFFFFFFFFFFFFFFFFFFFFFFFFFFFFFFFFFFFFFFFFFFFFFFFFFFFFFFFF03
:20DD4000FFFFFFFFFFFFFFFFFFFFFFFFFFFFFFFFFFFFFFFFFFFFFFFFFFFFFFFFFFFFFFFFE3
:20DD6000FFFFFFFFFFFFFFFFFFFFFFFFFFFFFFFFFFFFFFFFFFFFFFFFFFFFFFFFFFFFFFFFC3
:20DD8000FFFFFFFFFFFFFFFFFFFFFFFFFFFFFFFFFFFFFFFFFFFFFFFFFFFFFFFFFFFFFFFFA3
:20DDA000FFFFFFFFFFFFFFFFFFFFFFFFFFFFFFFFFFFFFFFFFFFFFFFFFFFFFFFFFFFFFFFF83
:20DDC000FFFFFFFFFFFFFFFFFFFFFFFFFFFFFFFFFFFFFFFFFFFFFFFFFFFFFFFFFFFFFFFF63
:20DDE000FFFFFFFFFFFFFFFFFFFFFFFFFFFFFFFFFFFFFFFFFFFFFFFFFFFFFFFFFFFFFFFF43
:20DE0000FFFFFFFFFFFFFFFFFFFFFFFFFFFFFFFFFFFFFFFFFFFFFFFFFFFFFFFFFFFFFFFF22
:20DE2000FFFFFFFFFFFFFFFFFFFFFFFFFFFFFFFFFFFFFFFFFFFFFFFFFFFFFFFFFFFFFFFF02
:20DE4000FFFFFFFFFFFFFFFFFFFFFFFFFFFFFFFFFFFFFFFFFFFFFFFFFFFFFFFFFFFFFFFFE2
:20DE6000FFFFFFFFFFFFFFFFFFFFFFFFFFFFFFFFFFFFFFFFFFFFFFFFFFFFFFFFFFFFFFFFC2
:20DE8000FFFFFFFFFFFFFFFFFFFFFFFFFFFFFFFFFFFFFFFFFFFFFFFFFFFFFFFFFFFFFFFFA2
:20DEA000FFFFFFFFFFFFFFFFFFFFFFFFFFFFFFFFFFFFFFFFFFFFFFFFFFFFFFFFFFFFFFFF82
:20DEC000FFFFFFFFFFFFFFFFFFFFFFFFFFFFFFFFFFFFFFFFFFFFFFFFFFFFFFFFFFFFFFFF62
:20DEE000FFFFFFFFFFFFFFFFFFFFFFFFFFFFFFFFFFFFFFFFFFFFFFFFFFFFFFFFFFFFFFFF42
:20DF0000FFFFFFFFFFFFFFFFFFFFFFFFFFFFFFFFFFFFFFFFFFFFFFFFFFFFFFFFFFFFFFFF21
:20DF2000FFFFFFFFFFFFFFFFFFFFFFFFFFFFFFFFFFFFFFFFFFFFFFFFFFFFFFFFFFFFFFFF01
:20DF4000FFFFFFFFFFFFFFFFFFFFFFFFFFFFFFFFFFFFFFFFFFFFFFFFFFFFFFFFFFFFFFFFE1
:20DF6000FFFFFFFFFFFFFFFFFFFFFFFFFFFFFFFFFFFFFFFFFFFFFFFFFFFFFFFFFFFFFFFFC1
:20DF8000FFFFFFFFFFFFFFFFFFFFFFFFFFFFFFFFFFFFFFFFFFFFFFFFFFFFFFFFFFFFFFFFA1
:20DFA000FFFFFFFFFFFFFFFFFFFFFFFFFFFFFFFFFFFFFFFFFFFFFFFFFFFFFFFFFFFFFFFF81
:20DFC000FFFFFFFFFFFFFFFFFFFFFFFFFFFFFFFFFFFFFFFFFFFFFFFFFFFFFFFFFFFFFFFF61
:20DFE000FFFFFFFFFFFFFFFFFFFFFFFFFFFFFFFFFFFFFFFFFFFFFFFFFFFFFFFFFFFFFFFF41
:20E00000FFFFFFFFFFFFFFFFFFFFFFFFFFFFFFFFFFFFFFFFFFFFFFFFFFFFFFFFFFFFFFFF20
:20E02000FFFFFFFFFFFFFFFFFFFFFFFFFFFFFFFFFFFFFFFFFFFFFFFFFFFFFFFFFFFFFFFF00
:20E04000FFFFFFFFFFFFFFFFFFFFFFFFFFFFFFFFFFFFFFFFFFFFFFFFFFFFFFFFFFFFFFFFE0
:20E06000FFFFFFFFFFFFFFFFFFFFFFFFFFFFFFFFFFFFFFFFFFFFFFFFFFFFFFFFFFFFFFFFC0
:20E08000FFFFFFFFFFFFFFFFFFFFFFFFFFFFFFFFFFFFFFFFFFFFFFFFFFFFFFFFFFFFFFFFA0
:20E0A000FFFFFFFFFFFFFFFFFFFFFFFFFFFFFFFFFFFFFFFFFFFFFFFFFFFFFFFFFFFFFFFF80
:20E0C000FFFFFFFFFFFFFFFFFFFFFFFFFFFFFFFFFFFFFFFFFFFFFFFFFFFFFFFFFFFFFFFF60
:20E0E000FFFFFFFFFFFFFFFFFFFFFFFFFFFFFFFFFFFFFFFFFFFFFFFFFFFFFFFFFFFFFFFF40
:20E10000FFFFFFFFFFFFFFFFFFFFFFFFFFFFFFFFFFFFFFFFFFFFFFFFFFFFFFFFFFFFFFFF1F
:20E12000FFFFFFFFFFFFFFFFFFFFFFFFFFFFFFFFFFFFFFFFFFFFFFFFFFFFFFFFFFFFFFFFFF
:20E14000FFFFFFFFFFFFFFFFFFFFFFFFFFFFFFFFFFFFFFFFFFFFFFFFFFFFFFFFFFFFFFFFDF
:20E16000FFFFFFFFFFFFFFFFFFFFFFFFFFFFFFFFFFFFFFFFFFFFFFFFFFFFFFFFFFFFFFFFBF
:20E18000FFFFFFFFFFFFFFFFFFFFFFFFFFFFFFFFFFFFFFFFFFFFFFFFFFFFFFFFFFFFFFFF9F
:20E1A000FFFFFFFFFFFFFFFFFFFFFFFFFFFFFFFFFFFFFFFFFFFFFFFFFFFFFFFFFFFFFFFF7F
:20E1C000FFFFFFFFFFFFFFFFFFFFFFFFFFFFFFFFFFFFFFFFFFFFFFFFFFFFFFFFFFFFFFFF5F
:20E1E000FFFFFFFFFFFFFFFFFFFFFFFFFFFFFFFFFFFFFFFFFFFFFFFFFFFFFFFFFFFFFFFF3F
:20E20000FFFFFFFFFFFFFFFFFFFFFFFFFFFFFFFFFFFFFFFFFFFFFFFFFFFFFFFFFFFFFFFF1E
:20E22000FFFFFFFFFFFFFFFFFFFFFFFFFFFFFFFFFFFFFFFFFFFFFFFFFFFFFFFFFFFFFFFFFE
:20E24000FFFFFFFFFFFFFFFFFFFFFFFFFFFFFFFFFFFFFFFFFFFFFFFFFFFFFFFFFFFFFFFFDE
:20E26000FFFFFFFFFFFFFFFFFFFFFFFFFFFFFFFFFFFFFFFFFFFFFFFFFFFFFFFFFFFFFFFFBE
:20E28000FFFFFFFFFFFFFFFFFFFFFFFFFFFFFFFFFFFFFFFFFFFFFFFFFFFFFFFFFFFFFFFF9E
:20E2A000FFFFFFFFFFFFFFFFFFFFFFFFFFFFFFFFFFFFFFFFFFFFFFFFFFFFFFFFFFFFFFFF7E
:20E2C000FFFFFFFFFFFFFFFFFFFFFFFFFFFFFFFFFFFFFFFFFFFFFFFFFFFFFFFFFFFFFFFF5E
:20E2E000FFFFFFFFFFFFFFFFFFFFFFFFFFFFFFFFFFFFFFFFFFFFFFFFFFFFFFFFFFFFFFFF3E
:20E30000FFFFFFFFFFFFFFFFFFFFFFFFFFFFFFFFFFFFFFFFFFFFFFFFFFFFFFFFFFFFFFFF1D
:20E32000FFFFFFFFFFFFFFFFFFFFFFFFFFFFFFFFFFFFFFFFFFFFFFFFFFFFFFFFFFFFFFFFFD
:20E34000FFFFFFFFFFFFFFFFFFFFFFFFFFFFFFFFFFFFFFFFFFFFFFFFFFFFFFFFFFFFFFFFDD
:20E36000FFFFFFFFFFFFFFFFFFFFFFFFFFFFFFFFFFFFFFFFFFFFFFFFFFFFFFFFFFFFFFFFBD
:20E38000FFFFFFFFFFFFFFFFFFFFFFFFFFFFFFFFFFFFFFFFFFFFFFFFFFFFFFFFFFFFFFFF9D
:20E3A000FFFFFFFFFFFFFFFFFFFFFFFFFFFFFFFFFFFFFFFFFFFFFFFFFFFFFFFFFFFFFFFF7D
:20E3C000FFFFFFFFFFFFFFFFFFFFFFFFFFFFFFFFFFFFFFFFFFFFFFFFFFFFFFFFFFFFFFFF5D
:20E3E000FFFFFFFFFFFFFFFFFFFFFFFFFFFFFFFFFFFFFFFFFFFFFFFFFFFFFFFFFFFFFFFF3D
:20E40000FFFFFFFFFFFFFFFFFFFFFFFFFFFFFFFFFFFFFFFFFFFFFFFFFFFFFFFFFFFFFFFF1C
:20E42000FFFFFFFFFFFFFFFFFFFFFFFFFFFFFFFFFFFFFFFFFFFFFFFFFFFFFFFFFFFFFFFFFC
:20E44000FFFFFFFFFFFFFFFFFFFFFFFFFFFFFFFFFFFFFFFFFFFFFFFFFFFFFFFFFFFFFFFFDC
:20E46000FFFFFFFFFFFFFFFFFFFFFFFFFFFFFFFFFFFFFFFFFFFFFFFFFFFFFFFFFFFFFFFFBC
:20E48000FFFFFFFFFFFFFFFFFFFFFFFFFFFFFFFFFFFFFFFFFFFFFFFFFFFFFFFFFFFFFFFF9C
:20E4A000FFFFFFFFFFFFFFFFFFFFFFFFFFFFFFFFFFFFFFFFFFFFFFFFFFFFFFFFFFFFFFFF7C
:20E4C000FFFFFFFFFFFFFFFFFFFFFFFFFFFFFFFFFFFFFFFFFFFFFFFFFFFFFFFFFFFFFFFF5C
:20E4E000FFFFFFFFFFFFFFFFFFFFFFFFFFFFFFFFFFFFFFFFFFFFFFFFFFFFFFFFFFFFFFFF3C
:20E50000FFFFFFFFFFFFFFFFFFFFFFFFFFFFFFFFFFFFFFFFFFFFFFFFFFFFFFFFFFFFFFFF1B
:20E52000FFFFFFFFFFFFFFFFFFFFFFFFFFFFFFFFFFFFFFFFFFFFFFFFFFFFFFFFFFFFFFFFFB
:20E54000FFFFFFFFFFFFFFFFFFFFFFFFFFFFFFFFFFFFFFFFFFFFFFFFFFFFFFFFFFFFFFFFDB
:20E56000FFFFFFFFFFFFFFFFFFFFFFFFFFFFFFFFFFFFFFFFFFFFFFFFFFFFFFFFFFFFFFFFBB
:20E58000FFFFFFFFFFFFFFFFFFFFFFFFFFFFFFFFFFFFFFFFFFFFFFFFFFFFFFFFFFFFFFFF9B
:20E5A000FFFFFFFFFFFFFFFFFFFFFFFFFFFFFFFFFFFFFFFFFFFFFFFFFFFFFFFFFFFFFFFF7B
:20E5C000FFFFFFFFFFFFFFFFFFFFFFFFFFFFFFFFFFFFFFFFFFFFFFFFFFFFFFFFFFFFFFFF5B
:20E5E000FFFFFFFFFFFFFFFFFFFFFFFFFFFFFFFFFFFFFFFFFFFFFFFFFFFFFFFFFFFFFFFF3B
:20E60000FFFFFFFFFFFFFFFFFFFFFFFFFFFFFFFFFFFFFFFFFFFFFFFFFFFFFFFFFFFFFFFF1A
:20E62000FFFFFFFFFFFFFFFFFFFFFFFFFFFFFFFFFFFFFFFFFFFFFFFFFFFFFFFFFFFFFFFFFA
:20E64000FFFFFFFFFFFFFFFFFFFFFFFFFFFFFFFFFFFFFFFFFFFFFFFFFFFFFFFFFFFFFFFFDA
:20E66000FFFFFFFFFFFFFFFFFFFFFFFFFFFFFFFFFFFFFFFFFFFFFFFFFFFFFFFFFFFFFFFFBA
:20E68000FFFFFFFFFFFFFFFFFFFFFFFFFFFFFFFFFFFFFFFFFFFFFFFFFFFFFFFFFFFFFFFF9A
:20E6A000FFFFFFFFFFFFFFFFFFFFFFFFFFFFFFFFFFFFFFFFFFFFFFFFFFFFFFFFFFFFFFFF7A
:20E6C000FFFFFFFFFFFFFFFFFFFFFFFFFFFFFFFFFFFFFFFFFFFFFFFFFFFFFFFFFFFFFFFF5A
:20E6E000FFFFFFFFFFFFFFFFFFFFFFFFFFFFFFFFFFFFFFFFFFFFFFFFFFFFFFFFFFFFFFFF3A
:20E70000FFFFFFFFFFFFFFFFFFFFFFFFFFFFFFFFFFFFFFFFFFFFFFFFFFFFFFFFFFFFFFFF19
:20E72000FFFFFFFFFFFFFFFFFFFFFFFFFFFFFFFFFFFFFFFFFFFFFFFFFFFFFFFFFFFFFFFFF9
:20E74000FFFFFFFFFFFFFFFFFFFFFFFFFFFFFFFFFFFFFFFFFFFFFFFFFFFFFFFFFFFFFFFFD9
:20E76000FFFFFFFFFFFFFFFFFFFFFFFFFFFFFFFFFFFFFFFFFFFFFFFFFFFFFFFFFFFFFFFFB9
:20E78000FFFFFFFFFFFFFFFFFFFFFFFFFFFFFFFFFFFFFFFFFFFFFFFFFFFFFFFFFFFFFFFF99
:20E7A000FFFFFFFFFFFFFFFFFFFFFFFFFFFFFFFFFFFFFFFFFFFFFFFFFFFFFFFFFFFFFFFF79
:20E7C000FFFFFFFFFFFFFFFFFFFFFFFFFFFFFFFFFFFFFFFFFFFFFFFFFFFFFFFFFFFFFFFF59
:20E7E000FFFFFFFFFFFFFFFFFFFFFFFFFFFFFFFFFFFFFFFFFFFFFFFFFFFFFFFFFFFFFFFF39
:20E80000FFFFFFFFFFFFFFFFFFFFFFFFFFFFFFFFFFFFFFFFFFFFFFFFFFFFFFFFFFFFFFFF18
:20E82000FFFFFFFFFFFFFFFFFFFFFFFFFFFFFFFFFFFFFFFFFFFFFFFFFFFFFFFFFFFFFFFFF8
:20E84000FFFFFFFFFFFFFFFFFFFFFFFFFFFFFFFFFFFFFFFFFFFFFFFFFFFFFFFFFFFFFFFFD8
:20E86000FFFFFFFFFFFFFFFFFFFFFFFFFFFFFFFFFFFFFFFFFFFFFFFFFFFFFFFFFFFFFFFFB8
:20E88000FFFFFFFFFFFFFFFFFFFFFFFFFFFFFFFFFFFFFFFFFFFFFFFFFFFFFFFFFFFFFFFF98
:20E8A000FFFFFFFFFFFFFFFFFFFFFFFFFFFFFFFFFFFFFFFFFFFFFFFFFFFFFFFFFFFFFFFF78
:20E8C000FFFFFFFFFFFFFFFFFFFFFFFFFFFFFFFFFFFFFFFFFFFFFFFFFFFFFFFFFFFFFFFF58
:20E8E000FFFFFFFFFFFFFFFFFFFFFFFFFFFFFFFFFFFFFFFFFFFFFFFFFFFFFFFFFFFFFFFF38
:20E90000FFFFFFFFFFFFFFFFFFFFFFFFFFFFFFFFFFFFFFFFFFFFFFFFFFFFFFFFFFFFFFFF17
:20E92000FFFFFFFFFFFFFFFFFFFFFFFFFFFFFFFFFFFFFFFFFFFFFFFFFFFFFFFFFFFFFFFFF7
:20E94000FFFFFFFFFFFFFFFFFFFFFFFFFFFFFFFFFFFFFFFFFFFFFFFFFFFFFFFFFFFFFFFFD7
:20E96000FFFFFFFFFFFFFFFFFFFFFFFFFFFFFFFFFFFFFFFFFFFFFFFFFFFFFFFFFFFFFFFFB7
:20E98000FFFFFFFFFFFFFFFFFFFFFFFFFFFFFFFFFFFFFFFFFFFFFFFFFFFFFFFFFFFFFFFF97
:20E9A000FFFFFFFFFFFFFFFFFFFFFFFFFFFFFFFFFFFFFFFFFFFFFFFFFFFFFFFFFFFFFFFF77
:20E9C000FFFFFFFFFFFFFFFFFFFFFFFFFFFFFFFFFFFFFFFFFFFFFFFFFFFFFFFFFFFFFFFF57
:20E9E000FFFFFFFFFFFFFFFFFFFFFFFFFFFFFFFFFFFFFFFFFFFFFFFFFFFFFFFFFFFFFFFF37
:20EA0000FFFFFFFFFFFFFFFFFFFFFFFFFFFFFFFFFFFFFFFFFFFFFFFFFFFFFFFFFFFFFFFF16
:20EA2000FFFFFFFFFFFFFFFFFFFFFFFFFFFFFFFFFFFFFFFFFFFFFFFFFFFFFFFFFFFFFFFFF6
:20EA4000FFFFFFFFFFFFFFFFFFFFFFFFFFFFFFFFFFFFFFFFFFFFFFFFFFFFFFFFFFFFFFFFD6
:20EA6000FFFFFFFFFFFFFFFFFFFFFFFFFFFFFFFFFFFFFFFFFFFFFFFFFFFFFFFFFFFFFFFFB6
:20EA8000FFFFFFFFFFFFFFFFFFFFFFFFFFFFFFFFFFFFFFFFFFFFFFFFFFFFFFFFFFFFFFFF96
:20EAA000FFFFFFFFFFFFFFFFFFFFFFFFFFFFFFFFFFFFFFFFFFFFFFFFFFFFFFFFFFFFFFFF76
:20EAC000FFFFFFFFFFFFFFFFFFFFFFFFFFFFFFFFFFFFFFFFFFFFFFFFFFFFFFFFFFFFFFFF56
:20EAE000FFFFFFFFFFFFFFFFFFFFFFFFFFFFFFFFFFFFFFFFFFFFFFFFFFFFFFFFFFFFFFFF36
:20EB0000FFFFFFFFFFFFFFFFFFFFFFFFFFFFFFFFFFFFFFFFFFFFFFFFFFFFFFFFFFFFFFFF15
:20EB2000FFFFFFFFFFFFFFFFFFFFFFFFFFFFFFFFFFFFFFFFFFFFFFFFFFFFFFFFFFFFFFFFF5
:20EB4000FFFFFFFFFFFFFFFFFFFFFFFFFFFFFFFFFFFFFFFFFFFFFFFFFFFFFFFFFFFFFFFFD5
:20EB6000FFFFFFFFFFFFFFFFFFFFFFFFFFFFFFFFFFFFFFFFFFFFFFFFFFFFFFFFFFFFFFFFB5
:20EB8000FFFFFFFFFFFFFFFFFFFFFFFFFFFFFFFFFFFFFFFFFFFFFFFFFFFFFFFFFFFFFFFF95
:20EBA000FFFFFFFFFFFFFFFFFFFFFFFFFFFFFFFFFFFFFFFFFFFFFFFFFFFFFFFFFFFFFFFF75
:20EBC000FFFFFFFFFFFFFFFFFFFFFFFFFFFFFFFFFFFFFFFFFFFFFFFFFFFFFFFFFFFFFFFF55
:20EBE000FFFFFFFFFFFFFFFFFFFFFFFFFFFFFFFFFFFFFFFFFFFFFFFFFFFFFFFFFFFFFFFF35
:20EC0000FFFFFFFFFFFFFFFFFFFFFFFFFFFFFFFFFFFFFFFFFFFFFFFFFFFFFFFFFFFFFFFF14
:20EC2000FFFFFFFFFFFFFFFFFFFFFFFFFFFFFFFFFFFFFFFFFFFFFFFFFFFFFFFFFFFFFFFFF4
:20EC4000FFFFFFFFFFFFFFFFFFFFFFFFFFFFFFFFFFFFFFFFFFFFFFFFFFFFFFFFFFFFFFFFD4
:20EC6000FFFFFFFFFFFFFFFFFFFFFFFFFFFFFFFFFFFFFFFFFFFFFFFFFFFFFFFFFFFFFFFFB4
:20EC8000FFFFFFFFFFFFFFFFFFFFFFFFFFFFFFFFFFFFFFFFFFFFFFFFFFFFFFFFFFFFFFFF94
:20ECA000FFFFFFFFFFFFFFFFFFFFFFFFFFFFFFFFFFFFFFFFFFFFFFFFFFFFFFFFFFFFFFFF74
:20ECC000FFFFFFFFFFFFFFFFFFFFFFFFFFFFFFFFFFFFFFFFFFFFFFFFFFFFFFFFFFFFFFFF54
:20ECE000FFFFFFFFFFFFFFFFFFFFFFFFFFFFFFFFFFFFFFFFFFFFFFFFFFFFFFFFFFFFFFFF34
:20ED0000FFFFFFFFFFFFFFFFFFFFFFFFFFFFFFFFFFFFFFFFFFFFFFFFFFFFFFFFFFFFFFFF13
:20ED2000FFFFFFFFFFFFFFFFFFFFFFFFFFFFFFFFFFFFFFFFFFFFFFFFFFFFFFFFFFFFFFFFF3
:20ED4000FFFFFFFFFFFFFFFFFFFFFFFFFFFFFFFFFFFFFFFFFFFFFFFFFFFFFFFFFFFFFFFFD3
:20ED6000FFFFFFFFFFFFFFFFFFFFFFFFFFFFFFFFFFFFFFFFFFFFFFFFFFFFFFFFFFFFFFFFB3
:20ED8000FFFFFFFFFFFFFFFFFFFFFFFFFFFFFFFFFFFFFFFFFFFFFFFFFFFFFFFFFFFFFFFF93
:20EDA000FFFFFFFFFFFFFFFFFFFFFFFFFFFFFFFFFFFFFFFFFFFFFFFFFFFFFFFFFFFFFFFF73
:20EDC000FFFFFFFFFFFFFFFFFFFFFFFFFFFFFFFFFFFFFFFFFFFFFFFFFFFFFFFFFFFFFFFF53
:20EDE000FFFFFFFFFFFFFFFFFFFFFFFFFFFFFFFFFFFFFFFFFFFFFFFFFFFFFFFFFFFFFFFF33
:20EE0000FFFFFFFFFFFFFFFFFFFFFFFFFFFFFFFFFFFFFFFFFFFFFFFFFFFFFFFFFFFFFFFF12
:20EE2000FFFFFFFFFFFFFFFFFFFFFFFFFFFFFFFFFFFFFFFFFFFFFFFFFFFFFFFFFFFFFFFFF2
:20EE4000FFFFFFFFFFFFFFFFFFFFFFFFFFFFFFFFFFFFFFFFFFFFFFFFFFFFFFFFFFFFFFFFD2
:20EE6000FFFFFFFFFFFFFFFFFFFFFFFFFFFFFFFFFFFFFFFFFFFFFFFFFFFFFFFFFFFFFFFFB2
:20EE8000FFFFFFFFFFFFFFFFFFFFFFFFFFFFFFFFFFFFFFFFFFFFFFFFFFFFFFFFFFFFFFFF92
:20EEA000FFFFFFFFFFFFFFFFFFFFFFFFFFFFFFFFFFFFFFFFFFFFFFFFFFFFFFFFFFFFFFFF72
:20EEC000FFFFFFFFFFFFFFFFFFFFFFFFFFFFFFFFFFFFFFFFFFFFFFFFFFFFFFFFFFFFFFFF52
:20EEE000FFFFFFFFFFFFFFFFFFFFFFFFFFFFFFFFFFFFFFFFFFFFFFFFFFFFFFFFFFFFFFFF32
:20EF0000FFFFFFFFFFFFFFFFFFFFFFFFFFFFFFFFFFFFFFFFFFFFFFFFFFFFFFFFFFFFFFFF11
:20EF2000FFFFFFFFFFFFFFFFFFFFFFFFFFFFFFFFFFFFFFFFFFFFFFFFFFFFFFFFFFFFFFFFF1
:20EF4000FFFFFFFFFFFFFFFFFFFFFFFFFFFFFFFFFFFFFFFFFFFFFFFFFFFFFFFFFFFFFFFFD1
:20EF6000FFFFFFFFFFFFFFFFFFFFFFFFFFFFFFFFFFFFFFFFFFFFFFFFFFFFFFFFFFFFFFFFB1
:20EF8000FFFFFFFFFFFFFFFFFFFFFFFFFFFFFFFFFFFFFFFFFFFFFFFFFFFFFFFFFFFFFFFF91
:20EFA000FFFFFFFFFFFFFFFFFFFFFFFFFFFFFFFFFFFFFFFFFFFFFFFFFFFFFFFFFFFFFFFF71
:20EFC000FFFFFFFFFFFFFFFFFFFFFFFFFFFFFFFFFFFFFFFFFFFFFFFFFFFFFFFFFFFFFFFF51
:20EFE000FFFFFFFFFFFFFFFFFFFFFFFFFFFFFFFFFFFFFFFFFFFFFFFFFFFFFFFFFFFFFFFF31
:20F00000FFFFFFFFFFFFFFFFFFFFFFFFFFFFFFFFFFFFFFFFFFFFFFFFFFFFFFFFFFFFFFFF10
:20F02000FFFFFFFFFFFFFFFFFFFFFFFFFFFFFFFFFFFFFFFFFFFFFFFFFFFFFFFFFFFFFFFFF0
:20F04000FFFFFFFFFFFFFFFFFFFFFFFFFFFFFFFFFFFFFFFFFFFFFFFFFFFFFFFFFFFFFFFFD0
:20F06000FFFFFFFFFFFFFFFFFFFFFFFFFFFFFFFFFFFFFFFFFFFFFFFFFFFFFFFFFFFFFFFFB0
:20F08000FFFFFFFFFFFFFFFFFFFFFFFFFFFFFFFFFFFFFFFFFFFFFFFFFFFFFFFFFFFFFFFF90
:20F0A000FFFFFFFFFFFFFFFFFFFFFFFFFFFFFFFFFFFFFFFFFFFFFFFFFFFFFFFFFFFFFFFF70
:20F0C000FFFFFFFFFFFFFFFFFFFFFFFFFFFFFFFFFFFFFFFFFFFFFFFFFFFFFFFFFFFFFFFF50
:20F0E000FFFFFFFFFFFFFFFFFFFFFFFFFFFFFFFFFFFFFFFFFFFFFFFFFFFFFFFFFFFFFFFF30
:20F10000FFFFFFFFFFFFFFFFFFFFFFFFFFFFFFFFFFFFFFFFFFFFFFFFFFFFFFFFFFFFFFFF0F
:20F12000FFFFFFFFFFFFFFFFFFFFFFFFFFFFFFFFFFFFFFFFFFFFFFFFFFFFFFFFFFFFFFFFEF
:20F14000FFFFFFFFFFFFFFFFFFFFFFFFFFFFFFFFFFFFFFFFFFFFFFFFFFFFFFFFFFFFFFFFCF
:20F16000FFFFFFFFFFFFFFFFFFFFFFFFFFFFFFFFFFFFFFFFFFFFFFFFFFFFFFFFFFFFFFFFAF
:20F18000FFFFFFFFFFFFFFFFFFFFFFFFFFFFFFFFFFFFFFFFFFFFFFFFFFFFFFFFFFFFFFFF8F
:20F1A000FFFFFFFFFFFFFFFFFFFFFFFFFFFFFFFFFFFFFFFFFFFFFFFFFFFFFFFFFFFFFFFF6F
:20F1C000FFFFFFFFFFFFFFFFFFFFFFFFFFFFFFFFFFFFFFFFFFFFFFFFFFFFFFFFFFFFFFFF4F
:20F1E000FFFFFFFFFFFFFFFFFFFFFFFFFFFFFFFFFFFFFFFFFFFFFFFFFFFFFFFFFFFFFFFF2F
:20F20000FFFFFFFFFFFFFFFFFFFFFFFFFFFFFFFFFFFFFFFFFFFFFFFFFFFFFFFFFFFFFFFF0E
:20F22000FFFFFFFFFFFFFFFFFFFFFFFFFFFFFFFFFFFFFFFFFFFFFFFFFFFFFFFFFFFFFFFFEE
:20F24000FFFFFFFFFFFFFFFFFFFFFFFFFFFFFFFFFFFFFFFFFFFFFFFFFFFFFFFFFFFFFFFFCE
:20F26000FFFFFFFFFFFFFFFFFFFFFFFFFFFFFFFFFFFFFFFFFFFFFFFFFFFFFFFFFFFFFFFFAE
:20F28000FFFFFFFFFFFFFFFFFFFFFFFFFFFFFFFFFFFFFFFFFFFFFFFFFFFFFFFFFFFFFFFF8E
:20F2A000FFFFFFFFFFFFFFFFFFFFFFFFFFFFFFFFFFFFFFFFFFFFFFFFFFFFFFFFFFFFFFFF6E
:20F2C000FFFFFFFFFFFFFFFFFFFFFFFFFFFFFFFFFFFFFFFFFFFFFFFFFFFFFFFFFFFFFFFF4E
:20F2E000FFFFFFFFFFFFFFFFFFFFFFFFFFFFFFFFFFFFFFFFFFFFFFFFFFFFFFFFFFFFFFFF2E
:20F30000FFFFFFFFFFFFFFFFFFFFFFFFFFFFFFFFFFFFFFFFFFFFFFFFFFFFFFFFFFFFFFFF0D
:20F32000FFFFFFFFFFFFFFFFFFFFFFFFFFFFFFFFFFFFFFFFFFFFFFFFFFFFFFFFFFFFFFFFED
:20F34000FFFFFFFFFFFFFFFFFFFFFFFFFFFFFFFFFFFFFFFFFFFFFFFFFFFFFFFFFFFFFFFFCD
:20F36000FFFFFFFFFFFFFFFFFFFFFFFFFFFFFFFFFFFFFFFFFFFFFFFFFFFFFFFFFFFFFFFFAD
:20F38000FFFFFFFFFFFFFFFFFFFFFFFFFFFFFFFFFFFFFFFFFFFFFFFFFFFFFFFFFFFFFFFF8D
:20F3A000FFFFFFFFFFFFFFFFFFFFFFFFFFFFFFFFFFFFFFFFFFFFFFFFFFFFFFFFFFFFFFFF6D
:20F3C000FFFFFFFFFFFFFFFFFFFFFFFFFFFFFFFFFFFFFFFFFFFFFFFFFFFFFFFFFFFFFFFF4D
:20F3E000FFFFFFFFFFFFFFFFFFFFFFFFFFFFFFFFFFFFFFFFFFFFFFFFFFFFFFFFFFFFFFFF2D
:20F40000FFFFFFFFFFFFFFFFFFFFFFFFFFFFFFFFFFFFFFFFFFFFFFFFFFFFFFFFFFFFFFFF0C
:20F42000FFFFFFFFFFFFFFFFFFFFFFFFFFFFFFFFFFFFFFFFFFFFFFFFFFFFFFFFFFFFFFFFEC
:20F44000FFFFFFFFFFFFFFFFFFFFFFFFFFFFFFFFFFFFFFFFFFFFFFFFFFFFFFFFFFFFFFFFCC
:20F46000FFFFFFFFFFFFFFFFFFFFFFFFFFFFFFFFFFFFFFFFFFFFFFFFFFFFFFFFFFFFFFFFAC
:20F48000FFFFFFFFFFFFFFFFFFFFFFFFFFFFFFFFFFFFFFFFFFFFFFFFFFFFFFFFFFFFFFFF8C
:20F4A000FFFFFFFFFFFFFFFFFFFFFFFFFFFFFFFFFFFFFFFFFFFFFFFFFFFFFFFFFFFFFFFF6C
:20F4C000FFFFFFFFFFFFFFFFFFFFFFFFFFFFFFFFFFFFFFFFFFFFFFFFFFFFFFFFFFFFFFFF4C
:20F4E000FFFFFFFFFFFFFFFFFFFFFFFFFFFFFFFFFFFFFFFFFFFFFFFFFFFFFFFFFFFFFFFF2C
:20F50000FFFFFFFFFFFFFFFFFFFFFFFFFFFFFFFFFFFFFFFFFFFFFFFFFFFFFFFFFFFFFFFF0B
:20F52000FFFFFFFFFFFFFFFFFFFFFFFFFFFFFFFFFFFFFFFFFFFFFFFFFFFFFFFFFFFFFFFFEB
:20F54000FFFFFFFFFFFFFFFFFFFFFFFFFFFFFFFFFFFFFFFFFFFFFFFFFFFFFFFFFFFFFFFFCB
:20F56000FFFFFFFFFFFFFFFFFFFFFFFFFFFFFFFFFFFFFFFFFFFFFFFFFFFFFFFFFFFFFFFFAB
:20F58000FFFFFFFFFFFFFFFFFFFFFFFFFFFFFFFFFFFFFFFFFFFFFFFFFFFFFFFFFFFFFFFF8B
:20F5A000FFFFFFFFFFFFFFFFFFFFFFFFFFFFFFFFFFFFFFFFFFFFFFFFFFFFFFFFFFFFFFFF6B
:20F5C000FFFFFFFFFFFFFFFFFFFFFFFFFFFFFFFFFFFFFFFFFFFFFFFFFFFFFFFFFFFFFFFF4B
:20F5E000FFFFFFFFFFFFFFFFFFFFFFFFFFFFFFFFFFFFFFFFFFFFFFFFFFFFFFFFFFFFFFFF2B
:20F60000FFFFFFFFFFFFFFFFFFFFFFFFFFFFFFFFFFFFFFFFFFFFFFFFFFFFFFFFFFFFFFFF0A
:20F62000FFFFFFFFFFFFFFFFFFFFFFFFFFFFFFFFFFFFFFFFFFFFFFFFFFFFFFFFFFFFFFFFEA
:20F64000FFFFFFFFFFFFFFFFFFFFFFFFFFFFFFFFFFFFFFFFFFFFFFFFFFFFFFFFFFFFFFFFCA
:20F66000FFFFFFFFFFFFFFFFFFFFFFFFFFFFFFFFFFFFFFFFFFFFFFFFFFFFFFFFFFFFFFFFAA
:20F68000FFFFFFFFFFFFFFFFFFFFFFFFFFFFFFFFFFFFFFFFFFFFFFFFFFFFFFFFFFFFFFFF8A
:20F6A000FFFFFFFFFFFFFFFFFFFFFFFFFFFFFFFFFFFFFFFFFFFFFFFFFFFFFFFFFFFFFFFF6A
:20F6C000FFFFFFFFFFFFFFFFFFFFFFFFFFFFFFFFFFFFFFFFFFFFFFFFFFFFFFFFFFFFFFFF4A
:20F6E000FFFFFFFFFFFFFFFFFFFFFFFFFFFFFFFFFFFFFFFFFFFFFFFFFFFFFFFFFFFFFFFF2A
:20F70000FFFFFFFFFFFFFFFFFFFFFFFFFFFFFFFFFFFFFFFFFFFFFFFFFFFFFFFFFFFFFFFF09
:20F72000FFFFFFFFFFFFFFFFFFFFFFFFFFFFFFFFFFFFFFFFFFFFFFFFFFFFFFFFFFFFFFFFE9
:20F74000FFFFFFFFFFFFFFFFFFFFFFFFFFFFFFFFFFFFFFFFFFFFFFFFFFFFFFFFFFFFFFFFC9
:20F76000FFFFFFFFFFFFFFFFFFFFFFFFFFFFFFFFFFFFFFFFFFFFFFFFFFFFFFFFFFFFFFFFA9
:20F78000FFFFFFFFFFFFFFFFFFFFFFFFFFFFFFFFFFFFFFFFFFFFFFFFFFFFFFFFFFFFFFFF89
:20F7A000FFFFFFFFFFFFFFFFFFFFFFFFFFFFFFFFFFFFFFFFFFFFFFFFFFFFFFFFFFFFFFFF69
:20F7C000FFFFFFFFFFFFFFFFFFFFFFFFFFFFFFFFFFFFFFFFFFFFFFFFFFFFFFFFFFFFFFFF49
:20F7E000FFFFFFFFFFFFFFFFFFFFFFFFFFFFFFFFFFFFFFFFFFFFFFFFFFFFFFFFFFFFFFFF29
:20F80000FFFFFFFFFFFFFFFFFFFFFFFFFFFFFFFFFFFFFFFFFFFFFFFFFFFFFFFFFFFFFFFF08
:20F82000FFFFFFFFFFFFFFFFFFFFFFFFFFFFFFFFFFFFFFFFFFFFFFFFFFFFFFFFFFFFFFFFE8
:20F84000FFFFFFFFFFFFFFFFFFFFFFFFFFFFFFFFFFFFFFFFFFFFFFFFFFFFFFFFFFFFFFFFC8
:20F86000FFFFFFFFFFFFFFFFFFFFFFFFFFFFFFFFFFFFFFFFFFFFFFFFFFFFFFFFFFFFFFFFA8
:20F88000FFFFFFFFFFFFFFFFFFFFFFFFFFFFFFFFFFFFFFFFFFFFFFFFFFFFFFFFFFFFFFFF88
:20F8A000FFFFFFFFFFFFFFFFFFFFFFFFFFFFFFFFFFFFFFFFFFFFFFFFFFFFFFFFFFFFFFFF68
:20F8C000FFFFFFFFFFFFFFFFFFFFFFFFFFFFFFFFFFFFFFFFFFFFFFFFFFFFFFFFFFFFFFFF48
:20F8E000FFFFFFFFFFFFFFFFFFFFFFFFFFFFFFFFFFFFFFFFFFFFFFFFFFFFFFFFFFFFFFFF28
:20F90000FFFFFFFFFFFFFFFFFFFFFFFFFFFFFFFFFFFFFFFFFFFFFFFFFFFFFFFFFFFFFFFF07
:20F92000FFFFFFFFFFFFFFFFFFFFFFFFFFFFFFFFFFFFFFFFFFFFFFFFFFFFFFFFFFFFFFFFE7
:20F94000FFFFFFFFFFFFFFFFFFFFFFFFFFFFFFFFFFFFFFFFFFFFFFFFFFFFFFFFFFFFFFFFC7
:20F96000FFFFFFFFFFFFFFFFFFFFFFFFFFFFFFFFFFFFFFFFFFFFFFFFFFFFFFFFFFFFFFFFA7
:20F98000FFFFFFFFFFFFFFFFFFFFFFFFFFFFFFFFFFFFFFFFFFFFFFFFFFFFFFFFFFFFFFFF87
:20F9A000FFFFFFFFFFFFFFFFFFFFFFFFFFFFFFFFFFFFFFFFFFFFFFFFFFFFFFFFFFFFFFFF67
:20F9C000FFFFFFFFFFFFFFFFFFFFFFFFFFFFFFFFFFFFFFFFFFFFFFFFFFFFFFFFFFFFFFFF47
:20F9E000FFFFFFFFFFFFFFFFFFFFFFFFFFFFFFFFFFFFFFFFFFFFFFFFFFFFFFFFFFFFFFFF27
:20FA0000FFFFFFFFFFFFFFFFFFFFFFFFFFFFFFFFFFFFFFFFFFFFFFFFFFFFFFFFFFFFFFFF06
:20FA2000FFFFFFFFFFFFFFFFFFFFFFFFFFFFFFFFFFFFFFFFFFFFFFFFFFFFFFFFFFFFFFFFE6
:20FA4000FFFFFFFFFFFFFFFFFFFFFFFFFFFFFFFFFFFFFFFFFFFFFFFFFFFFFFFFFFFFFFFFC6
:20FA6000FFFFFFFFFFFFFFFFFFFFFFFFFFFFFFFFFFFFFFFFFFFFFFFFFFFFFFFFFFFFFFFFA6
:20FA8000FFFFFFFFFFFFFFFFFFFFFFFFFFFFFFFFFFFFFFFFFFFFFFFFFFFFFFFFFFFFFFFF86
:20FAA000FFFFFFFFFFFFFFFFFFFFFFFFFFFFFFFFFFFFFFFFFFFFFFFFFFFFFFFFFFFFFFFF66
:20FAC000FFFFFFFFFFFFFFFFFFFFFFFFFFFFFFFFFFFFFFFFFFFFFFFFFFFFFFFFFFFFFFFF46
:20FAE000FFFFFFFFFFFFFFFFFFFFFFFFFFFFFFFFFFFFFFFFFFFFFFFFFFFFFFFFFFFFFFFF26
:20FB0000FFFFFFFFFFFFFFFFFFFFFFFFFFFFFFFFFFFFFFFFFFFFFFFFFFFFFFFFFFFFFFFF05
:20FB2000FFFFFFFFFFFFFFFFFFFFFFFFFFFFFFFFFFFFFFFFFFFFFFFFFFFFFFFFFFFFFFFFE5
:20FB4000FFFFFFFFFFFFFFFFFFFFFFFFFFFFFFFFFFFFFFFFFFFFFFFFFFFFFFFFFFFFFFFFC5
:20FB6000FFFFFFFFFFFFFFFFFFFFFFFFFFFFFFFFFFFFFFFFFFFFFFFFFFFFFFFFFFFFFFFFA5
:20FB8000FFFFFFFFFFFFFFFFFFFFFFFFFFFFFFFFFFFFFFFFFFFFFFFFFFFFFFFFFFFFFFFF85
:20FBA000FFFFFFFFFFFFFFFFFFFFFFFFFFFFFFFFFFFFFFFFFFFFFFFFFFFFFFFFFFFFFFFF65
:20FBC000FFFFFFFFFFFFFFFFFFFFFFFFFFFFFFFFFFFFFFFFFFFFFFFFFFFFFFFFFFFFFFFF45
:20FBE000FFFFFFFFFFFFFFFFFFFFFFFFFFFFFFFFFFFFFFFFFFFFFFFFFFFFFFFFFFFFFFFF25
:20FC0000FFFFFFFFFFFFFFFFFFFFFFFFFFFFFFFFFFFFFFFFFFFFFFFFFFFFFFFFFFFFFFFF04
:20FC2000FFFFFFFFFFFFFFFFFFFFFFFFFFFFFFFFFFFFFFFFFFFFFFFFFFFFFFFFFFFFFFFFE4
:20FC4000FFFFFFFFFFFFFFFFFFFFFFFFFFFFFFFFFFFFFFFFFFFFFFFFFFFFFFFFFFFFFFFFC4
:20FC6000FFFFFFFFFFFFFFFFFFFFFFFFFFFFFFFFFFFFFFFFFFFFFFFFFFFFFFFFFFFFFFFFA4
:20FC8000FFFFFFFFFFFFFFFFFFFFFFFFFFFFFFFFFFFFFFFFFFFFFFFFFFFFFFFFFFFFFFFF84
:20FCA000FFFFFFFFFFFFFFFFFFFFFFFFFFFFFFFFFFFFFFFFFFFFFFFFFFFFFFFFFFFFFFFF64
:20FCC000FFFFFFFFFFFFFFFFFFFFFFFFFFFFFFFFFFFFFFFFFFFFFFFFFFFFFFFFFFFFFFFF44
:20FCE000FFFFFFFFFFFFFFFFFFFFFFFFFFFFFFFFFFFFFFFFFFFFFFFFFFFFFFFFFFFFFFFF24
:20FD0000FFFFFFFFFFFFFFFFFFFFFFFFFFFFFFFFFFFFFFFFFFFFFFFFFFFFFFFFFFFFFFFF03
:20FD2000FFFFFFFFFFFFFFFFFFFFFFFFFFFFFFFFFFFFFFFFFFFFFFFFFFFFFFFFFFFFFFFFE3
:20FD4000FFFFFFFFFFFFFFFFFFFFFFFFFFFFFFFFFFFFFFFFFFFFFFFFFFFFFFFFFFFFFFFFC3
:20FD6000FFFFFFFFFFFFFFFFFFFFFFFFFFFFFFFFFFFFFFFFFFFFFFFFFFFFFFFFFFFFFFFFA3
:20FD8000FFFFFFFFFFFFFFFFFFFFFFFFFFFFFFFFFFFFFFFFFFFFFFFFFFFFFFFFFFFFFFFF83
:20FDA000FFFFFFFFFFFFFFFFFFFFFFFFFFFFFFFFFFFFFFFFFFFFFFFFFFFFFFFFFFFFFFFF63
:20FDC000FFFFFFFFFFFFFFFFFFFFFFFFFFFFFFFFFFFFFFFFFFFFFFFFFFFFFFFFFFFFFFFF43
:20FDE000FFFFFFFFFFFFFFFFFFFFFFFFFFFFFFFFFFFFFFFFFFFFFFFFFFFFFFFFFFFFFFFF23
:20FE0000FFFFFFFFFFFFFFFFFFFFFFFFFFFFFFFFFFFFFFFFFFFFFFFFFFFFFFFFFFFFFFFF02
:20FE2000FFFFFFFFFFFFFFFFFFFFFFFFFFFFFFFFFFFFFFFFFFFFFFFFFFFFFFFFFFFFFFFFE2
:20FE4000FFFFFFFFFFFFFFFFFFFFFFFFFFFFFFFFFFFFFFFFFFFFFFFFFFFFFFFFFFFFFFFFC2
:20FE6000FFFFFFFFFFFFFFFFFFFFFFFFFFFFFFFFFFFFFFFFFFFFFFFFFFFFFFFFFFFFFFFFA2
:20FE8000FFFFFFFFFFFFFFFFFFFFFFFFFFFFFFFFFFFFFFFFFFFFFFFFFFFFFFFFFFFFFFFF82
:20FEA000FFFFFFFFFFFFFFFFFFFFFFFFFFFFFFFFFFFFFFFFFFFFFFFFFFFFFFFFFFFFFFFF62
:20FEC000FFFFFFFFFFFFFFFFFFFFFFFFFFFFFFFFFFFFFFFFFFFFFFFFFFFFFFFFFFFFFFFF42
:20FEE000FFFFFFFFFFFFFFFFFFFFFFFFFFFFFFFFFFFFFFFFFFFFFFFFFFFFFFFFFFFFFFFF22
:04FF0000C10607D35C
:20FFC00035313133000000000000000000000000462F57204445534352495054494F4E2007
:20FFE0004D4355202047414E472D342056312E31000000000000000085FE8F0617350000F4
:04000005080084ED7E
:00000001FF
