:020000040800F2
:208400001839002001850008DBF20008A9EE0008D9F200089D890008892401080000000032
:2084200000000000000000000000000075020108BFB4000800000000BFF60008750B0108FB
:208440001B8500085FF600081B8500081B8500081B8500081B8500081B85000839B60008D8
:208460001B8500081B8500081B8500081B85000889B4000895B400081B8500081B85000876
:208480001B8500081B8500081B8500081B850008D51D01081B8500081B8500081B85000849
:2084A0001B8500081B8500081B8500081B850008410C01084D0C01081B8500081B85000814
:2084C0001B8500081B8500081B8500081B8500081B8500081B8500081B8500081B8500085C
:2084E0001B8500081B8500081B850008DFF80CD000F054F800480047F9350108183900205E
:208500000648804706480047FEE7FEE7FEE7FEE7FEE7FEE7FEE7FEE7FEE7FEE7F50B0108B6
:20852000ED840008202A04DB203A21FA02F00021704721FA02F3D040C2F120029140084349
:208540001946704740EA01039B0703D009E008C9121F08C0042AFAD203E011F8013B00F895
:20856000013B521EF9D27047D2B201E000F8012B491EFBD270470022F6E710B513460A46EC
:2085800004461946FFF7F0FF204610BD421C10F8011B0029FBD1801A70470000064C074DAC
:2085A00006E0E06840F0010394E8070098471034AC42F6D3FFF79EFFF054010810550108AE
:2085C00070B58C1810F8015B15F0070301D110F8013B2A1106D110F8012B03E010F8016BAC
:2085E00001F8016B5B1EF9D12B0705D40023521E0DD401F8013BFAE710F8013BCB1A921C67
:2086000003E013F8015B01F8015B521EF9D5A142D8D3002070BD000070B5044600688168E2
:20862000C943C9071CD1816821F00101816004F00FFC05460FE000BF04F00AFC401B02281D
:2086400009D9A06A40F01000A062E06A40F00100E062012070BD20688068C043C007EBD0EC
:20866000002070BDF8B500260446009600688168C943C90728D0816841F00101816013487D
:2086800013490068B0FBF1F000E0401E00900028FBD104F0DDFB054611E000BF04F0D8FB3A
:2086A000401B02280BD9A06A40F01000A062E06A40F00100E06284F824600120F8BD2068EA
:2086C0008068C043C007E9D10020F8BD8400002040420F0010B500F093F8302000F0A4F808
:2086E000942000F0A1F8D12000F09EF8202000F09BF80B2000F0B2F8812000F095F83F20C1
:2087000000F0ACF8032000F0A9F8F02000F08CF8102000F0A3F8CA2000F086F8002000F06A
:208720009DF8872000F09AF8202000F097F8BC2000F07AF8002000F091F8A62000F074F8C3
:20874000762000F071F8752000F06EF8002000F085F8282000F082F8152000F065F800205E
:2087600000F07CF8FF2000F079F8312000F05CF8322000F059F8002000F070F8022000F063
:208780006DF8012000F06AF8512000F04DF8FB2000F064F8402000F047F8F42000F044F825
:2087A000002000F05BF8002000F058F8002000F055F8002000F052F8002000F04FF80020C8
:2087C00000F04CF8002000F049F8002000F046F8F02000F029F8152000F040F8152000F023
:2087E0003DF8152000F03AF8152000F037F8302000F01AF8BDE81040AF2000F015B80000C6
:2088000010B5084C0020C4F8AC01322004F5D67409F0BCFF01202060BDE81040322009F08C
:20882000B5BF00000000224231B509490020C1F8A801084CC4F8BC010A230122694606488C
:2088400004F5DE7405F005FE0120206038BD00000000224200002142C403002031B509485A
:208860000124C0F8A841084D0020C5F8BC010A2322466946054805F5DE7505F0EAFD2C60FD
:2088800038BD00000000224200002142C403002000F05CBE00F088BE7047012001F076B9FD
:2088A000012001F0D1BA0000104810B5008800EB40010F4800EB8110C17B807B00EBC00293
:2088C00002EB001001EB800000F60740B0F5005F08D08720074A00215318491C5870042938
:2088E000FADB10BD01F03CF8F4E700008E000020A4040020A410002070B5274D04464FF06A
:20890000000649B114E001221146284604F09AFA642009F051FF761CA642F4D334E00122AE
:208920001146284604F08EFA642009F045FF761CA642F4D300220121284604F083FA64204D
:2089400009F024FF002608E001221146284604F079FA642009F030FF761CA642F4D300228F
:208960000121284604F06EFA642009F00FFF002608E001221146284604F064FA642009F0BB
:208980001BFF761CA642F4D32846BDE870400022012104F057BA000000080140FEE7000042
:2089A00082B00848416941F040014161406900F040000190054904480860084602B003F018
:2089C00041BE00000010024000300240B800002010B50AF0E1F900F02DF8002000F088FBBB
:2089E00000F020FA00F0E4F9002000F081FB102000F00AFA00F0DCF90D48407840B10C48D9
:208A0000807828B10A48C07810B10948007960B90AF092F9002000F06BFB00F09BFC0AF0DB
:208A200055FA00F04DFA00F0C3F900F0C1F910BDA410002010B504201149087018E00120E5
:208A400000F056FB00F0EEF90E48407840B10D48807828B10B48C07810B10A48007900B909
:208A60000AE000F0A5F906480078801C04490870034800780A28E2DB00BF00F099F910BD97
:208A800029030020A41000202DE9F04705460E4617464FF0A5084FF00009A94600F01AFC44
:208AA0004FF46810BE4908604FF48020BD490860002426E008F0010020B14FF47070BA4921
:208AC000086103E04FF07070B7490861B748006880473A20B24908600420B2490860B34855
:208AE000006880474FF46810AD4908604FF48020AC4908604FEA5808AC4800688047601CB6
:208B0000C4B2082CD6DB4FF47070A7490861A748006880473A20A24908600420A14908603D
:208B2000A248006880474FF468109D4908604FF480209C4908609D48006880473A20984994
:208B400008600420974908609848006880474FF46810934908604FF4802092490860934832
:208B6000006880473A208E49086004208D4908608E48006880474FF46810894908604FF48E
:208B80008020884908608948006880473A20844908600420834908608448006880474FF4D7
:208BA00068107F4908604FF480207E4908607F48006880473A207A49086004207949086032
:208BC0007A48006880474FF46810754908604FF4802074490860754800688047002425E0A6
:208BE00007F0010020B14FF470706F49086103E04FF070706C4908616C48006880473A200B
:208C0000674908600420674908606848006880474FF46810624908604FF48020614908605E
:208C20007F10624800688047601CC4B2102CD7DB002425E006F0010020B14FF470705A4935
:208C4000086103E04FF07070574908615748006880473A20524908600420524908605348B3
:208C6000006880474FF468104D4908604FF480204C49086076104D4800688047601CC4B2F0
:208C8000062CD7DB002426E009F0010020B14FF470704549086103E04FF0707042490861EB
:208CA0004248006880473A203D49086004203D4908603E48006880474FF468103849086048
:208CC0004FF48020374908604FEA6909374800688047601CC4B2082CD6DB85EA251585EA81
:208CE000A50585EA650505F0010020B14FF470702D49086103E04FF070702B4908612B48D6
:208D0000006880473A20264908600420254908602648006880474FF46810214908604FF48C
:208D20008020204908602148006880474FF470701D4908611D4800688047002415E03A2031
:208D4000174908600420174908601848006880474FF46810124908604FF4802011490860AD
:208D6000124800688047601CC4B2032CE7DB3A200B49086004200B4908600C48006880470E
:208D80004FF46810064908604FF480200549086006480068804700F0C1FABDE8F087000084
:208DA000100C014010140140001001402C03002010B54FF468100F4908604FF480200E49D7
:208DC00008604FF070700D49086100200C4908601E2009F0D0FC01200A49C1F88801142083
:208DE00009F0C9FC0020064930390860192009F0CDFC10BD100C014010140140001001409A
:208E0000B80122420000224210B50446062009F0BDFC002221461046FFF736FE0F2009F0B9
:208E2000B5FC10BD1CB54FF4004220210020FFF72BFE01A800F07CF8684600F079F800249E
:208E400017E001A8005D87280ED11DF8040001280AD11A48005D18B11848005D012806D125
:208E600000211648015502E0982114480155601CC4B2042CE5DB9DF80400872803D19DF83D
:208E80000000012819D09DF80500872803D19DF80100012811D09DF80600872803D19DF850
:208EA0000200012809D09DF80700872803D19DF80300012801D0FFF77BFF1CBDA5100020DF
:208EC00038B5002202211046FFF7DEFD002527E0684600F02DF800240BE01DF804005528A5
:208EE00005D01248005D10B9932110480155601C84B2042CF1DB9DF8000055280ED09DF888
:208F0000010055280AD09DF80200552806D09DF80300552802D0FFF74BFF38BD681C85B238
:208F2000B5F5006FD4DB00BFF7E70000A510002070B5044600F0CEF9052009F03DFC6848CA
:208F4000006820F07F4040F08840654908600846406820F0FF0040F0440048600804086136
:208F6000052009F029FC002541E0207840102070607840106070A0784010A070E0784010D8
:208F8000E0703A20574908600420574908605748006880475248806800F4007010B12078E6
:208FA000803020704E48806800F4807010B16078803060704A48806800F0800010B1A07833
:208FC0008030A0704648806800F0400010B1E0788030E0704FF46810424908604FF4802081
:208FE00041490860414800688047681CC5B2082DBBDB3E48006880473A203A4908600420E3
:20900000394908603948006880474FF46810354908604FF4802034490860344800688047A2
:209020002F48006820F07F4040F088502C4908600846406820F0FF0040F011004860881413
:2090400008614FF0707008612848006880473A2024490860042024490860244800688047BD
:209060004FF468101F4908604FF480201E4908601E48006880473A201A49086004201A4972
:2090800008601A48006880474FF46810154908604FF48020144908601448006880473A20C9
:2090A000104908600420104908601048006880474FF468100B4908604FF480200A4908606E
:2090C0000A48006880473A200649086004200649086006480068804700F020F9002070BD50
:2090E00000100140100C0140101401402C03002070B506464FF46810704908604FF48020DE
:209100006F4908604FF070706E490861642009F053FB00206C490860322009F02CFB012055
:209120006A49C1F8B8016A48007809F02FFB3A20624908600420624908600A2009F03CFBBF
:2091400000240FE04FF070705E4908610A2009F033FB4FF470705B4908610A2009F02CFB02
:20916000601CC4B20D2CEDDB0A2009F025FB002415E04FF46810514908604FF48020504967
:2091800008600A2009F018FB3A204C49086004204B4908600A2009F00FFB601CC4B20D2C62
:2091A000E7DB0A2009F008FB00240FE04FF07070444908610A2009F0FFFA4FF470704149D6
:2091C00008610A2009F0F8FA601CC4B20D2CEDDB1EB90A2009F0F0FA02E00A2009F0D6FA65
:2091E0004FF46810354908604FF48020344908604BF25A15002428E005F4004020B14FF4E1
:2092000070703049086103E04FF070702D4908610A2009F0D1FA3A202849086004202849F5
:2092200008600A2009F0C8FA4FF46810234908604FF48020224908604FF6FF7000EA4505B4
:209240000A2009F0B9FA601CC4B2102CD4DB0A2009F0B2FA4AF21B55002428E005F400407B
:2092600020B14FF470701749086103E04FF07070144908610A2009F09FFA3A200F49086093
:2092800004200F4908600A2009F096FA4FF468100A4908604FF48020094908604FF6FF7070
:2092A00000EA45050A2009F087FA601CC4B2102CD4DB1E2009F06AFA70BD0000100C0140D4
:2092C000101401400010014088012242000022422903002010B54FF470700D4908613A203A
:2092E0000C49086004200C490860052009F064FA4FF0707006490861052009F05DFA4FF4C5
:209300006810044908604FF480200349086010BD00100140100C01401014014010B54FF0A5
:209320007070094908613A2008490860042008490860052009F040FA4FF470700249086173
:20934000052009F039FA10BD00100140100C01401014014070B55525002204212846FFF792
:2093600093FB0A2009F028FA0A2009F025FA0A2009F022FA012407E0284600F00BF80A2002
:2093800009F01AFA601C84B2B4F5006FF4DB002070BD000070B504462546FFF79BFF4FF42D
:2093A0006810664908604FF4802065490860002625E005F0010020B14FF4707061490861FD
:2093C00003E04FF070705F4908615F48006880473A205A4908600420594908605A48006807
:2093E00080474FF46810554908604FF48020544908606D10544800688047701CC6B2082E7B
:20940000D7DB84EA241484EAA40484EA640404F0010020B14FF470704A49086103E04FF001
:209420007070484908614848006880473A20434908600420424908604348006880474FF431
:2094400068103E4908604FF480203D4908603E48006880473B48006820F07F4040F088406D
:20946000384908600846406820F0FF0040F044004860080408613448006880473A202F49F0
:20948000086004202E4908602F48006880474FF468102A4908604FF48020294908602A48F6
:2094A000006880472748006820F07F4040F08850244908600846406820F0FF0040F01100B4
:2094C0004860881408614FF0707008611E48006880473A20194908600420194908601A484E
:2094E000006880474FF46810144908604FF48020134908601448006880473A200F49086071
:2095000004200F4908601048006880474FF468100A4908604FF48020094908600A48006813
:2095200080473A2005490860042005490860064800688047FFF7F2FE70BD0000100C01408D
:2095400010140140001001402C03002010B501F041FD00F0D3F9034800F082FA00F0A0F916
:2095600010BD0000A510002008B1034900E00349034A116070470000A9B20008A1B20008E5
:20958000380300200020002108E04206100E054A525C0AB940F001004A1CD1B20429F4DB0B
:2095A00070470000A510002010B509F0C5FB01F011FD00F0A3F9324800F052FAFFF7E2FF89
:2095C000304908702E48401E407858B12C48401E807838B12A48401EC07818B12848401EB3
:2095E0000079C0BB2848008800EB4000274901EB801090F84400C0F3800038B10021AF2090
:2096000000F086F900F0A4F900F078F91E48008800EB40001D4901EB8010B0F84400C0F353
:20962000003008B100F004FA01F016FD1448401E407858B11248401E807838B11048401E85
:20964000C07818B10E48401E007920B909F03EFC002000F0F9FB0A48401E407858B108480B
:20966000401E807838B10648401EC07818B10448401E007908B900F08BFE00F011F910BDDA
:20968000A5100020370300208E000020A40400202DE9F84F06468A4615464648008810B972
:2096A0004FF4803906E043480088401E4FF4801101EB404906F00308C8F10400504501DAE0
:2096C000082700E004274FF6FC71314001EB09003A46394906F072F800240FE035480088BE
:2096E00000EB4000354901EB80105C3010F8140004EB0801304A5054601CC4B22D48008898
:2097000000EB40002D4901EB801090F84600A042E4DC01F087FC2946032000F097FF2946C1
:20972000322001F00BFC4FF6FC7106EA0100294601F052FB2946082001F000FC204800683B
:2097400020F07F4040F088401D4908600846406820F0FF0040F044004860080408610024BA
:2097600010E0684600F0BAFD1DF805001249095D884205D01348405D10B9932111484155C6
:20978000601CC4B2BC42ECDB0D48006820F07F4040F088500A4908600846406820F0FF00BE
:2097A00040F0110048608814086101F03BFCBDE8F88F00008E000020B4120020A40400200B
:2097C00000100140A51000202DE9F0470546894692463048008810B94FF4803806E02D4805
:2097E0000088401E4FF4801101EB404801F01AFC51460F2000F02AFF5146322001F09EFBE2
:209800004FF6FC7105EA0100514601F0E5FA05F00307C7F10400484501DA082600E00426E4
:209820004FF6FC71294001EB080032461A4905F0C5FF00240EE01748008800EB4000174901
:2098400001EB80105C3010F81400E119124A5054601CC4B20F48008800EB40000F4901EBAA
:20986000801090F84600A042E5DC002406E00A49085D514601F0EEF9601CC4B2B442F6DBFD
:2098800051464FF0FF3001F027F901F0CBFBBDE8F08700008E000020B4120020A404002083
:2098A00010B54FF46810104908604FF480200F4908604FF070700E49086100200D49086007
:2098C0001E2008F058FF01200B49C1F88801142008F051FF00200749303908604FF496703E
:2098E00008F054FF10BD0000100C01401014014000100140B80122420000224210B501F006
:2099000091FB912000F0EEFD322001F0F3FA10BD70B504460D4601F085FB204600F0E2FDCA
:20992000322001F0E7FA284601F020FA002001F0A1F8002001F09EF8AF2C01D06F2C03D11E
:20994000192008F018FF02E00F2008F014FF70BD10B501F067FB992000F0C4FD10BD000027
:209960002DE9F0474FF00008C146C2462B48008810B94FF4803506E028480088401E4FF409
:20998000801101EB40452548008800EB4000244901EB80104069C0F3872700242BE04FF440
:2099A00080622049284605F009FF002609E01D48805D40441FFA80F81A48805D8144701CFB
:2099C00086B2B6F5806FF2DBCA464FF00009BAF57F3F09D114480078401C13490870CA4635
:2099E00000201249085502E001201049085505F58065601CC4B2BC42D1DB0848008800EB98
:209A00004000074901EB8010B0F86600404502D08620BDE8F0870020FBE700008E00002063
:209A2000A4040020B412002036030020D830002010B500240FE00948005D50B14FF6FF70BC
:209A400000EA44210B20FFF763FFFFF781FFFFF755FF601CC4B2402CEDDB10BDD830002059
:209A60007CB5054601F0DEFA732000F03BFD684600F012F800240CE03DF8140045F2AA51B3
:209A8000884202D09820285501E000202855601CC4B2042CF0DB7CBD70B5044637480068FB
:209AA00020F07F4040F08840344908600846406820F0FF0040F0440048600804086100253F
:209AC00047E020884FF6FF7101EA40002080608801EA40006080A08801EA4000A080E08869
:209AE00001EA4000E0804FF46810254908604FF48020244908602448006880471F488068A8
:209B000000F4007010B12088401C20801B48806800F4807010B16088401C60801748806821
:209B200000F0800010B1A088401CA0801348806800F0400010B1E088401CE0803A20104945
:209B4000086004200F4908600F4800688047681CC5B2102DB5DB0948006820F07F4040F0B3
:209B60008850064908600846406820F0FF0040F0110048608814086170BD000000100140E5
:209B8000100C01401014014038030020F8B5064601F048FA012000F0A5FC322001F0AAF9E4
:209BA000002001F0E3F8082001F0A4F9002E6CD1A148006820F07F4040F088409E49086031
:209BC0000846406820F0FF0040F04400486008040861002446E0684600F080FB00253DE04A
:209BE0001DF80500954901EB8511095D884205D09348405D10B99421914841559DF80000EC
:209C00008E49095D884227D09DF801108B484030005D814220D09DF8021088488030005DC9
:209C2000814219D09DF803108448C030005D814212D08148006820F07F4040F088507E4943
:209C400008600846406820F0FF0040F0110048608814086101F0E6F9681CC5B2042DBFDB13
:209C6000601CC4B2202CB6DB7348006820F07F4040F08850704908600846406820F0FF00F5
:209C800040F01100486088140861012E33D16A48006820F07F4040F088406749086008465C
:209CA000406820F0FF0040F04400486008040861002408E0684600F011FB9DF80000614967
:209CC0000855601CC4B2202CF4DB202009F0D0FF5948006820F07F4040F08850564908602B
:209CE0000846406820F0FF0040F01100486088140861FFF7D5FD022E7DD14F48006820F01C
:209D00007F4040F088404C4908600846406820F0FF0040F04400486008040861002410E0E5
:209D2000684600F0DBFA002507E01DF80500434901EB85110855681CC5B2042DF5DB601CA7
:209D4000C4B2202CECDB3C48006820F07F4040F08850394908600846406820F0FF0040F098
:209D6000110048608814086101F05CF9012000F0B9FB322001F0BEF8002000F0F7FF0820F3
:209D800001F0B8F82C48006820F07F4040F08840294908600846406820F0FF0040F044002C
:209DA000486008040861202410E0684600F096FA002507E01DF80500204901EB85110855B6
:209DC000681CC5B2042DF5DB601CC4B2402CECDB1948006820F07F4040F0885016490860FB
:209DE0000846406820F0FF0040F0110048608814086100241AE01BE0002513E00F4800EBFD
:209E00008510015D0D4800EB851204F12000105C814205D00A48405D10B997210848415509
:209E2000681CC5B2042DE9DB601CC4B2202CE3DB01F0F8F80020F8BD00100140D82F002008
:209E4000A5100020B41200202DE9FC5F8046FE48008800EB4000FD4901EB8010806CC0F3B6
:209E6000872AF948008800EB400001EB8010B0F84800C0F3090BF448008800EB400001EB2F
:209E8000801090F84670B8F1010F06D101F0A2F8FFF734FDEE48FFF7E3FDEB48008800EB00
:209EA0004000EA4901EB80104069C0F387200190B8F1000F7DD1E448008810B94FF48039A0
:209EC00006E0E1480088401E4FF4801101EB40494FF48062DF49484605F070FC0120DE49C0
:209EE0000870DE490870002585E1284605EBD0714910A5EB410100297ED109F58069D84976
:209F0000681C085C012805D101238202D549484605F07EFCD248405D01286ED100BFCE48A3
:209F200000780028FBD001F07DF8032000F0DAFA322000F0DFFF4FF6FF7101EA452000F054
:209F400015FF082000F0D6FFC748006820F07F4040F08840C44908600846406820F0FF0048
:209F600040F0440048600804086100246EE0684600F0B4F955451DD1B348008800EB40005D
:209F8000B24901EB801090F84600E8B15C451BD3AD48008800EB400001EB801090F8460062
:209FA0005844A04210D9FF20AA490855781EC7B20AE024E147B10AF10100854204D1FF201E
:209FC000A4490855781EC7B200260DE01DF80600A049095D884205D09D48805D10B99321CD
:209FE0009B488155701C86B2042EEFDB9DF800009849095D884201E03DE02AE024D09DF8B1
:20A0000001009449095D88421ED09DF802009149095D884218D09DF803008E49095D88421C
:20A0200012D09148006820F07F4040F088508E4908600846406820F0FF0040F011004860F9
:20A040008814086100F0EEFF601C84B2B4F5806F8DDB8548006820F07F4040F08850824995
:20A0600008600846406820F0FF0040F01100486088140861BDE009F580697949681C085C57
:20A08000012805D1002382027249484605F0C0FB7348405D01287CD100BF74480078002838
:20A0A000FBD000F0BFFF032000F01CFA322000F021FF4FF6FF7101EA452000F057FE08202A
:20A0C00000F018FF6848006820F07F4040F08840654908600846406820F0FF0040F044000B
:20A0E00048600804086184146FE0684600F0F6F855451FD15448008800EB4000534901EB6F
:20A10000801090F84600F8B1A4F5806058451BD34D49098801EB41014C4A02EB811191F841
:20A120004610594488420FD2FF204A490855781EC7B209E047B10AF10100854204D1FF20CB
:20A1400044490855781EC7B200260DE01DF806004049095D884205D03D48805D10B993216B
:20A160003B488155701C86B2042EEFDB9DF800003849095D884226D09DF801003549095D10
:20A18000884220D09DF802003249095D88421AD000E01DE09DF803002E49095D884212D0DB
:20A1A0003148006820F07F4040F088502E4908600846406820F0FF0040F01100486088147E
:20A1C000086100F02FFF601C84B2B4F5006F8CDB2548006820F07F4040F088502249086048
:20A1E0000846406820F0FF0040F01100486088140861681CC5B201988542FFF676AEB8F14F
:20A20000010F4CD100F00EFF032000F06BF9322000F070FE002000F0A9FD082000F06AFEB7
:20A220001148006820F07F4040F088400E4908600846406820F0FF0040F0440048600804AA
:20A240000861002528E000008E000020A4040020A5100020B41200209202002094020020CD
:20A26000D8300020B41600200010014093020020002408E0684600F031F89DF80000154900
:20A280000855601C84B2B4F5806FF3DB4FF4806009F0EEFC681CC5B201988542E8DB0E48CF
:20A2A000006820F07F4040F088500B4908600846406820F0FF0040F01100486088140861B0
:20A2C00000F0B0FEB8F1010F01D1FFF7E9FA0020BDE8FC9FB41200200010014070B5044676
:20A2E000002020706070A070E070002545E020784006000E207060784006000E6070A078A4
:20A300004006000EA070E0784006000EE0704FF468101B4908604FF480201A4908601A4846
:20A32000006880471948806800F4007010B12078401C20701548806800F4807010B160783A
:20A34000401C60701148806800F0800010B1A078401CA0700D48806800F0400010B1E07855
:20A36000401CE0703A2006490860042005490860054800688047681CC5B2082DB7DB70BDDB
:20A38000100C014010140140380300200010014070B55148008800EB4000504901EB8010C9
:20A3A00090F8460000B970BD00258FE04C48405D00287DD14848008800EB4000474901EBEF
:20A3C000801090F85C404448008800EB400001EB801090F85E0004EB00243F48008800EB1B
:20A3E000400001EB801090F8600004EB00443A48008800EB400001EB801090F8620004EBFC
:20A400000064354A128802EB42020B4603EB821292F84610304A128802EB420203EB821214
:20A42000B2F8482090B22A46FFF7CEF9642008F0ADF9294A128802EB4202284B03EB821246
:20A4400092F84610244A128802EB420203EB8212B2F8482090B22A46FFF71AF92048405D8F
:20A4600048B91D48008800EB40001C4901EB801090F964000444E0B21749098801EB4101FC
:20A48000164A02EB8111A1F85C00C4F307211248008800EB400002EB8010A0F85E10C4F3C2
:20A4A00007410D48008800EB400002EB801000E00AE0A0F86010200E0749098801EB4101C0
:20A4C00002EB8111A1F86200681CC5B2042DFFF66DAF00BF67E700008E000020A404002042
:20A4E000A51000202DE9F041054648268A274FF05C08002423E006F0800020B14FF47070A2
:20A500004E49086103E04FF070704C4908614FF468104B4908604FF480204A4908604A4814
:20A52000006880473A20464908600420454908604548006880477006060E601CC4B2082C15
:20A54000D9DB002423E007F0800020B14FF470703A49086103E04FF07070384908614FF49A
:20A560006810374908604FF48020364908603648006880473A2032490860042031490860C1
:20A580003148006880477806070E601CC4B2082CD9DB002425E008F0800020B14FF4707011
:20A5A0002649086103E04FF07070244908614FF46810234908604FF480202249086022483C
:20A5C000006880473A201E49086004201D4908601D48006880474FEA48604FEA1068601C8F
:20A5E000C4B2082CD7DB002423E005F0800020B14FF470701149086103E04FF070700F4952
:20A6000008614FF468100E4908604FF480200D4908600D48006880473A20094908600420FA
:20A62000084908600848006880476806050E601CC4B2082CD9DBBDE8F08100000010014020
:20A64000100C014010140140380300202DE9F04706460C4648274FF08A084FF05C090025E9
:20A660007AE007F08000D8B134B1012C08D0022C0BD0032C13D10DE00120FA4908600EE0D3
:20A680000120F849091F086009E00120F5490839086004E00120F3490C39086000BF1BE02F
:20A6A00034B1012C08D0022C0BD0032C13D10DE00020EC4908600EE00020EA49091F086019
:20A6C00009E00020E7490839086004E00020E5490C39086000BF00BF34B1012C08D0022C23
:20A6E0000BD0032C12D10DE00020DF4908600DE00020DD49091F086008E00020DA490839A1
:20A70000086003E00020D949086000BF00BFD8480068804734B1012C08D0022C0BD0032C55
:20A7200012D10DE00120D04908600DE00120CE49091F086008E00120CB490839086003E049
:20A740000120CA49086000BF00BFC948006880477806070E681CC5B2082D82DB00257CE0FE
:20A7600008F08000D8B134B1012C08D0022C0BD0032C13D10DE00120BA4908600EE001204A
:20A78000B849091F086009E00120B6490839086004E00120B3490C39086000BF1BE034B129
:20A7A000012C08D0022C0BD0032C13D10DE00020AC4908600EE00020AA49091F086009E094
:20A7C0000020A8490839086004E00020A5490C39086000BF00BF34B1012C08D0022C0BD0AF
:20A7E000032C12D10DE000209F4908600DE000209D49091F086008E000209B4908390860D2
:20A8000003E000209949086000BF00BF98480068804734B1012C08D0022C0BD0032C12D159
:20A820000DE00120904908600DE001208E49091F086008E001208C490839086003E00120C9
:20A840008A49086000BF00BF8948006880474FEA48604FEA1068681CC5B2082D80DB0025FD
:20A860007CE009F08000D8B134B1012C08D0022C0BD0032C13D10DE001207A4908600EE04D
:20A8800001207849091F086009E0012075490839086004E0012073490C39086000BF1BE0AD
:20A8A00034B1012C08D0022C0BD0032C13D10DE000206C4908600EE000206A49091F086017
:20A8C00009E0002067490839086004E0002065490C39086000BF00BF34B1012C08D0022C21
:20A8E0000BD0032C12D10DE000205F4908600DE000205D49091F086008E000205A4908391F
:20A90000086003E000205949086000BF00BF58480068804734B1012C08D0022C0BD0032C53
:20A9200012D10DE00120504908600DE001204E49091F086008E001204B490839086003E0C7
:20A9400001204A49086000BF00BF4948006880474FEA49604FEA1069681CC5B2082D80DB7E
:20A9600000257AE006F08000D8B134B1012C08D0022C0BD0032C13D10DE00120394908605B
:20A980000EE001203749091F086009E0012035490839086004E0012032490C39086000BF7B
:20A9A0001BE034B1012C08D0022C0BD0032C13D10DE000202B4908600EE000202949091F05
:20A9C000086009E0002027490839086004E0002024490C39086000BF00BF34B1012C08D067
:20A9E000022C0BD0032C12D10DE000201E4908600DE000201C49091F086008E000201A49F3
:20AA00000839086003E000201849086000BF00BF17480068804734B1012C08D0022C0BD0C2
:20AA2000032C12D10DE001200F4908600DE001200D49091F086008E001200B49083908603C
:20AA400003E001200949086000BF00BF0848006880477006060E681CC5B2082D82DBBDE87F
:20AA6000F0870000A401224294812142888122423803002070B50446002522E004F000404C
:20AA800020B14FF470701049086103E04FF070700D4908610D48006880474FF468100C49AB
:20AAA00008604FF480200B4908600848006880473A20074908600420064908606400681C3B
:20AAC000C5B2202DDADB70BD0010014038030020100C01401014014070B505460C4600267A
:20AAE00079E005F00040D8B134B1012C08D0022C0BD0032C13D10DE00120384908600EE054
:20AB000001203649091F086009E0012033490839086004E0012031490C39086000BF1BE0F0
:20AB200034B1012C08D0022C0BD0032C13D10DE000202A4908600EE000202849091F086018
:20AB400009E0002025490839086004E0002023490C39086000BF00BF21480068804734B1BD
:20AB6000012C08D0022C0BD0032C12D10DE000201C4908600DE000201A49091F086008E0F3
:20AB8000002018490839086003E000201649086000BF00BF12480068804734B1012C08D0D0
:20ABA000022C0BD0032C12D10DE001200D4908600DE001200B49091F086008E00120094961
:20ABC0000839086003E001200749086000BF00BF6D00701CC6B2202E83DB70BDA40122423F
:20ABE00038030020948121428881224270B50446002523E004F0800020B14FF470701149BC
:20AC0000086103E04FF070700E4908614FF468100D4908604FF480200C4908600C48006834
:20AC200080473A20084908600420084908600848006880476006040E681CC5B2082DD9DB82
:20AC400070BD000000100140100C0140101401403803002070B505460C4600267AE005F022
:20AC60008000D8B134B1012C08D0022C0BD0032C13D10DE00120394908600EE0012037493E
:20AC8000091F086009E0012034490839086004E0012032490C39086000BF1BE034B1012CFB
:20ACA00008D0022C0BD0032C13D10DE000202B4908600EE000202949091F086009E000209E
:20ACC00026490839086004E0002024490C39086000BF00BF34B1012C08D0022C0BD0032C9E
:20ACE00012D10DE000201E4908600DE000201C49091F086008E0002019490839086003E09D
:20AD000000201849086000BF00BF17480068804734B1012C08D0022C0BD0032C12D10DE04C
:20AD200001200F4908600DE001200D49091F086008E001200A490839086003E001200949E3
:20AD4000086000BF00BF0848006880476806050E701CC6B2082E82DB70BD0000A401224240
:20AD600094812142888122423803002070B50446002525E004F4804020B14FF470701249F3
:20AD8000086103E04FF070700F4908614FF468100E4908604FF480200D4908600D480068AF
:20ADA00080473A20094908600420094908600948006880474FF6FF7000EA4404681CC5B279
:20ADC000102DD7DB70BD000000100140100C0140101401403803002070B505460C46002601
:20ADE0007CE005F40040D8B134B1012C08D0022C0BD0032C13D10DE001203A4908600EE048
:20AE000001203849091F086009E0012035490839086004E0012033490C39086000BF1BE0E7
:20AE200034B1012C08D0022C0BD0032C13D10DE000202C4908600EE000202A49091F086011
:20AE400009E0002027490839086004E0002025490C39086000BF00BF34B1012C08D0022C1B
:20AE60000BD0032C12D10DE000201F4908600DE000201D49091F086008E000201A49083959
:20AE8000086003E000201949086000BF00BF18480068804734B1012C08D0022C0BD0032C4E
:20AEA00012D10DE00120104908600DE001200E49091F086008E001200B490839086003E002
:20AEC00001200A49086000BF00BF0948006880474FF6FF7000EA4505701CC6B2102E80DB13
:20AEE00070BD0000A401224294812142888122423803002070B50446002515E04FF4681098
:20AF00000B4908604FF480200A4908600A48006880473A200649086004200649086006481C
:20AF200000688047681CC5B2A542E7DB70BD0000100C0140101401403803002070B5054684
:20AF40000C4600263DE034B1012C08D0022C0BD0032C12D10DE000201B4908600DE0002071
:20AF60001949091F086008E0002017490839086003E000201549086000BF00BF14480068C3
:20AF8000804734B1012C08D0022C0BD0032C12D10DE001200C4908600DE001200A49091F91
:20AFA000086008E0012008490839086003E001200649086000BF00BF054800688047701CE5
:20AFC000C6B2AE42BFDB70BD94812142888122423803002010B54FF468100D4908604FF481
:20AFE00080200C4908604FF070700B49086107F0BBFB002009490860322007F0BCFB012070
:20B000000749C1F8B801052007F0C0FB10BD0000100C0140101401400010014088012242CA
:20B020000000224210B54FF46810094908604FF4802008490860FA2007F0BEFB3A20044965
:20B040000860042003490860FA2007F0B5FB10BD100C0140101401402DE9F05F4FF0000BB1
:20B060008748008800EB4000864901EB80104069C0F3872A8248008810B94FF4803806E0FA
:20B080007F480088401E4FF4801101EB40484FF480627D49404604F091FB01207B4908706D
:20B0A0007B4908707648008800EB4000754901EB8010806CC0F387277148008800EB4000F0
:20B0C00001EB8010B0F84800C0F309096C48008800EB400001EB801090F846600024C9E061
:20B0E000204604EBD0714910A4EB410100295DD108F580686749601C085C012805D10123A1
:20B1000082026549404604F083FB6248005D01284BD100BF5D4800780028FBD0FFF782FF73
:20B120000F20FFF7DFF93220FFF7E4FE4FF6FF7101EA4420FFF71AFE00252DE0BC421CD1B9
:20B140004F48008800EB40004E4901EB801090F84600D8B14D4519D34948008800EB400079
:20B1600001EB801090F846004844A8420ED9FF2045494855701EC6B208E03EB1781C8442A7
:20B1800004D1FF2040494855701EC6B23E49485DFFF72CFD681C85B2B5F5806FCEDB4FF008
:20B1A000FF30FFF767FCFFF73DFF60E008F580683849601C085C012805D10023820232492E
:20B1C000404604F025FB3348005D01284FD100BF324800780028FBD0FFF724FF0F20FFF7D2
:20B1E00081F93220FFF786FE4FF6FF7101EA4420FFF7BCFD4FF4806530E0BC421FD12048C8
:20B20000008800EB40001F4901EB801090F84600F0B1A5F5806048451AD31949098801EB55
:20B220004101184A02EB811191F84610494488420ED2FF2014494855701EC6B208E03EB1DF
:20B24000781C844204D1FF200F494855701EC6B20D49485DFFF7CAFC681C85B2B5F5006F1A
:20B26000CBDB4FF0FF30FFF705FCFFF7DBFE601CC0B204465445FFF633AFBDE8F09F000018
:20B280008E000020A4040020B41200209202002094020020D8300020B41600209302002021
:20B2A00010B507F067FA10BD10B5012007F084FA10BD0020704700207047002070470000F7
:20B2C00070B50024064D07E0165D4640F6B2641C55F8266086EA10209C42F5D3484070BDFC
:20B2E0000446010810B500210A464FF4806300BF10F8014B521C21449A42F9D3084610BDF6
:20B300002DE9F8432748294F002501784278DFF8989001EB02218278C078120402EB0060FA
:20B3200001EB00083878A52801D1002038702048FDF72CF9C1B21E4808F02AFC04461D48DB
:20B340001D49008800EB400201EB821109EB4040CA7B897B00F59C0001EBC10303EB011155
:20B3600002EB81060422694604F028FA9DF80000DDF80110B8F1D70F40EA01200FD0B44244
:20B3800001D004B10125B44203D10C490968884201D1002D03D0A520387001F01BFEBDE8B9
:20B3A000F8830000F87F0008F87B0100F84F0020C0FF01088E000020A4040020F8FF01087A
:20B3C000F0B52B48008800EB40012A4800EB811090F80EE0B0F85C40B0F85EC0B0F860200B
:20B3E000B0F86270B0F85430B0F85660B0F85810B0F85A50BEF10A0F18D0E0B20CF0FF04A6
:20B4000000EB0420D2B200EB0240DAB2F3B202EB0322C9B202EB014100EB076001EB0561DB
:20B42000421C01D0884220D98920F0BD4FEA0C4C00201CEB040440EB000C10EB040E42EB93
:20B440000C023C0410EB0E0754413204D21840EB000683187141C01841EB05426FEA0701AF
:20B460002143E1D0C01BA241DED30020F0BD00008E000020A404002010B505F05DFBBDE84E
:20B48000104005F047BB0000014801F0EDB8000028120020014801F0E7B8000060120020C1
:20B4A00010B5046863604368102B036803D099600068C26010BD9A600068C16010BD70471D
:20B4C00010B5044674B90021012000F0DFF84FF48031012000F0DAF84FF44031012000F08B
:20B4E000D5F817E0601E4FF4A02202EB0031002000F0CCF8601E4FF4801202EB4041012031
:20B5000000F0C4F8601E4FF4881202EB4041012000F0BCF810BD0000F0B5074635A00E4609
:20B5200091B007C801AB83E8070035A004AB07C883E8070035A207AB07CA83E8070036A076
:20B540000AAB07C883E8070036A20DAB07CA83E80700002007F0D3F80C244EB130090928A7
:20B560002ED2DFE800F02D2022242D2D262D2800012F06D0022F06D0032F06D0062F07D18A
:20B5800005E001AD04E004AD02E00AAD00E007AD10232A4605211846009407F073F9102305
:20B5A000234A00941CE001AD0AE004AD08E00AAD06E007AD04E006F00F00082800D10DAD68
:20B5C00010232A4605211846009407F05BF9194A0221304608F024FB164A1023083A0094E9
:20B5E0000521702007F04EF94FF4FA7007F0C3F811B0F0BD2056444420434845434B2020CE
:20B600002056505720434845434B202020464C415348205445535420434F4E4E4543542017
:20B6200054455354205245414420434F554E5420E100002009020020022001F019BB0000B2
:20B6400000B585B00E48816941F004018161806900F004000090022001900A480290012083
:20B66000039001A9084801F00FFB02221146072001F07EFC072001F065FC05B000BD00004A
:20B6800000100240000021100008014070B505460C4606F0BBFF07F009F8002210211848C1
:20B6A00001F0D0FB25B1012D06D0022D0CD107E020201449087007E0D8201249087003E057
:20B6C000C7201049087000BF00BF4FF47A7301220C490D4802F0BDFE022D0BD0200C094902
:20B6E0000870200A48708C704FF47A730322064802F0AFFE01221021014801F0A3FB70BD59
:20B7000000080140520200206C030020FEE7000006490020C8610648016941F00401016110
:20B72000016941F04001016170470000B82F0020002002402DE9F047DFF89C80D8F820106B
:20B740004CF250390143CFB2C1F30726C1F307450C0E484600F01EF900283BD11F49C86108
:20B7600001F06CF9002835D1D8F8102042F01002C8F81020FF2F07D0194801883943018025
:20B78000484600F007F9F8B9FF2E08D01448801C018831430180484600F0FCF8A0B9FF2D08
:20B7A00008D00F48001D018829430180484600F0F1F848B9FF2C07D00948801D0188214382
:20B7C0000180484600F0E6F8D8F8102022F01002C8F81020BDE8F08700200240B82F0020F3
:20B7E00008F8FF1F2DE9F047DFF89C80D8F820104CF250398143CFB2C1F30726C1F30745FE
:20B800000C0E484600F0C6F800283BD11F49C86101F014F9002835D1D8F8102042F010029D
:20B82000C8F81020FF2F07D01948018839400180484600F0AFF8F8B9FF2E08D01448801C5C
:20B84000018831400180484600F0A4F8A0B9FF2D08D00F48001D018829400180484600F091
:20B8600099F848B9FF2C07D00948801D018821400180484600F08EF8D8F8102022F01002B3
:20B88000C8F81020BDE8F08700200240B82F002008F8FF1F0449A520C96901F002010229B2
:20B8A00000D10020704700000020024070B506464CF25035284600F06DF8002820D1114914
:20B8C000C861114C206940F020002061206940F040002061284600F05DF8216921F020019F
:20B8E000216100280CD1206940F01000206107480680284600F04EF8216921F010012161D0
:20B9000070BD0000B82F00200020024000F8FF1F064A0021D16106490A6942F002020A6175
:20B920004861086940F0400008617047B82F002000200240044B0022DA61044A136943F04B
:20B940000103136101807047B82F0020002002400E49C868C2060E4803D5C26942F00202F0
:20B96000C261CA68520703D5C26942F00102C261CA69D20707D0C26942F00402C261C86924
:20B9800020F00100C8611420C860704700200240B82F002070B5054601F05AFA0646114C93
:20B9A00009E0681C07D025B101F052FA801BA84201D9032070BDE068C007F2D1E0688006E1
:20B9C00001D52020E060E068C00605D4E069C00702D1E068400703D5FFF7BAFF012070BDE3
:20B9E000002070BD002002403EB5174B044600250A21186803E0B0FBF1F06D1CEDB200286A
:20BA0000F9D16A462946186808F0F2F89DF8000020702E2060709DF80110A170E0709DF8FC
:20BA2000020020719DF8030060712020A071002069462D1F05E00A1823181279401CDA712A
:20BA4000C0B2A842F7DB3EBDF8FF010810B505F009F8FF2005F032F80A2006F097FEF020FF
:20BA600005F02CF80A2006F091FEBDE81040FF2005F024B82DE9F0474FF0000900240BE075
:20BA8000E1B2002007F0D8FC002000EB04410120FFF7FCFD601C84B2072CF1DB002429E0EA
:20BAA00004F10C00C1B2002007F0C6FC4FF4402000EB04464FF480527449304603F07EFEAA
:20BAC000002508E07148405DFF2802D04FF0010904E0681C85B2B5F5805FF3DB00BFB9F162
:20BAE000010F05D131460120FFF7D0FD4FF00009601C84B2622CD3DB0027C1E017B14FF000
:20BB0000550801E04FF0AA08791CC8B2002107F093FC002404E05D4800F80480601C84B265
:20BB2000FF2CF8DD0026002509E04FF480725749304606F095FD06F58036681C85B2072D5E
:20BB4000F3DB0026002516E04FF480724F49304603F034FE06F58036002408E04B48005DC1
:20BB6000404502D06020BDE8F087601C84B2FF2CF4DD681C85B2072DE6DB002406E000204A
:20BB800000EB0441FFF782FD601C84B2072CF6DB17B14FF0550801E04FF0AA08791CC8B205
:20BBA000002107F049FC002404E0384800F80480601C84B2FF2CF8DD4FF44026002509E0BB
:20BBC0004FF480723149304606F04AFD06F58036681C85B2622DF3DB4FF44026002515E077
:20BBE0004FF480722949304603F0E8FD06F58036002407E02548005D404501D06020B2E75B
:20BC0000601C84B2FF2CF5DD681C85B2622DE7DB4FF4482600251BE04FF480721B49304689
:20BC200006F01EFD4FF480721849304603F0C6FD002407E01548005D404501D0602092E71D
:20BC4000601C84B2FF2CF5DD06F58036681C85B2622DE1DB00240FE04FF4402000EB044198
:20BC60000020FFF713FD4FF4482000EB04410020FFF70CFD601C84B2622CEDDB781C87B2CF
:20BC8000022FFFF63BAF00206DE70000B41200202DE9F04107460C464FF00008FF224FF4A9
:20BCA00080511048FCF760FC16E0B4F5806F01D2A5B201E04FF480652A460A49384603F017
:20BCC0007DFD002604E00748805D8044701C86B2AE42F8DB2F44641B002CE6D14046BDE869
:20BCE000F0810000B41200202DE9F04107460C464FF00008FF224FF480513148FCF734FCEF
:20BD0000B4F5803F3FD916E0B4F5806F01D2A5B201E04FF480652A462949384603F04EFD44
:20BD2000002604E02648805D8044701C86B2AE42F8DB2F44641BB4F5803FE5D820E0B4F5A3
:20BD4000806F01D2A5B201E04FF480651D48008830B92A461A494FF4403003F02FFD04E062
:20BD60002A461749384603F029FD002604E01448805D8044701C86B2AE42F8DB2F44641BDC
:20BD8000002CDCD119E016E0B4F5806F01D2A5B201E04FF480652A460949384603F00EFDD2
:20BDA000002604E00648805D8044701C86B2AE42F8DB2F44641B002CE6D14046BDE8F08192
:20BDC000B41200208E0000207FB504461022AF496846FCF7B7FBE5202070422060707A2073
:20BDE000A07004F02DF8AA49087803F053FD03F00BFF002505E0A748415DE81C2154681CD3
:20BE0000C5B2102DF7DBA4480088000AE074A24800782075A1480068000E60759F48006850
:20BE2000000CA0759D480088000AE0759B4800782076002508E09A48284490F8E81705F14C
:20BE400019002154681CC5B20C2DF4DB00250CE08F48008800EB4000924901EB8010415DC1
:20BE600005F125002154681CC5B20E2DF0DB8848008800EB40008B4901EB8010807B04F867
:20BE8000330F8348008800EB400001EB8010C07B60707F48008800EB400001EB8010B0F8BD
:20BEA0004400000AA0707A48008800EB400001EB801090F84400E0707548008800EB4000A7
:20BEC00001EB8010B0F86600000A20717048008800EB400001EB801090F8660060716C48E3
:20BEE000008800EB400001EB8010B0F86A00000AA0716748008800EB400001EB801090F880
:20BF00006A00E0716248008800EB400001EB8010B0F86E00000A20725D48008800EB400083
:20BF200001EB801090F86E0060725948008800EB400001EB8010007CA072333C54480088CC
:20BF400000EB40000A4602EB801000F12401102204F14000FCF7F6FA4D48008800EB400041
:20BF6000504901EB801090F8460084F850004848008800EB400001EB801090F8640084F8EB
:20BF800051004348008800EB400001EB8010806CC4F85200002528E03D48008800EB400037
:20BFA000404901EB80104C3030F815106800563021523748008800EB40003A4901EB801021
:20BFC000543030F8151068005E3021523048008800EB4000334901EB80105C3030F815102B
:20BFE000680066302152681CC5B2042DD4DB2E482749098800EB0110006844F86E0F2448F5
:20C00000008800EB4000274901EB8010808BA0801F48008800EB400001EB8010C08BE08015
:20C020001B48008800EB400001EB8010008C20811748008800EB400001EB8010408C608106
:20C040001348008800EB400001EB801090F8BC00A0730F48008800EB400001EB801090F8F1
:20C06000BD00E0730A48008800EB400001EB801090F8BE0020740648008800EB400001EB68
:20C08000801090F8BF0060746E3C7FBDC0FF01088E000020E0FF0108FC7F0008F8FF01082E
:20C0A00000F0FF1FA4040020B8100020F8B500250446009590F82400012808D0012084F8C7
:20C0C00024002046FCF7A8FA060002D04BE00220F8BDA06A20F4885040F00200A06202201B
:20C0E00001F064FA22490968B1FBF0F0400000E0401E00900028FBD12046FCF7B3FA2068F9
:20C10000816841F00801816000F0A2FE074604E000F09EFEC01B0A2811D820688068000761
:20C12000F6D42068816841F00401816000F090FE07460EE000F08CFEC01B0A2809D9A06A81
:20C1400020F0020040F01000A06284F824500120F8BD206880684007ECD4A06A20F0020032
:20C1600040F00100A06284F824503046F8BD000084000020F8B50025009590F82420AE46A6
:20C18000012A1ED0012280F824204A681F244FF47873072A17D20668776B93FAA3FCBCFA38
:20C1A0008CFC521E02FB0CFC04FA0CF4A74393FAA3F3B3FA83F30C685A439440274377632B
:20C1C0002DE00220F8BD06680D2A14D2376B93FAA3FCBCFA8CFCD21F02FB0CFC04FA0CF4F0
:20C1E000A74393FAA3F3B3FA83F30C685A4394402743376313E0F76A93FAA3FCBCFA8CFC68
:20C200000D3A02FB0CFC04FA0CF4A74393FAA3F3B3FA83F30C685A4394402743F7620A688A
:20C220003823072406680A2A14D3F76893FAA3FCBCFA8CFC0A3A02FB0CFC04FA0CF4A743F5
:20C2400093FAA3F3B3FA83F38C685A4394402743F76012E0376993FAA3FCBCFA8CFC02FB79
:20C260000CFC04FA0CF4A74393FAA3F3B3FA83F38C685A439440274337610A68102A01D0A4
:20C28000112A20D1124B02689A4217D193681B0219D4936843F4000393600968102912D12D
:20C2A0000C490D4A0968B1FBF2F101EB8101490000E0491E00910029FBD104E0816A41F04E
:20C2C00020018162012580F824E02846F8BD0000002401408400002040420F000068C06C67
:20C2E000704700002DE9F04104004FF0000514D0A06A002628B9E66284F82460204600F065
:20C300008BF82046FCF788F9A16A01F01001014304D0A06A40F01000A06277E0A16A21F4D8
:20C32000885141F00201A1626268E16902270A43E16897FAA7F70B46B7FA87F7B9400A4325
:20C34000A1684FF48077B94208D0012906D00021D4F814C0BCF1010F02D00AE03946F7E730
:20C36000F3B1A36A43F02003A362E36A43F00103E3622368D3F804C02CF4694C4CEA010CB6
:20C38000C3F804C021688B68DFF884C003EA0C0313438B60A168B94210D001290ED016E068
:20C3A0004FF4604CA3699CFAACFCBCFA8CFC5B1E03FA0CF30B4343F40061DAE74FF4700136
:20C3C000256991FAA1F1B1FA81F16D1E8D402168CB6A23F470032B43CB62216889680D4B88
:20C3E0001940914208D1E662A16A21F0020141F00101A162BDE8F081A06A20F0020040F039
:20C400001000A062E06A40F00100E0620120F1E7FDF7E1FFFE0E1FFF00B500680A4985B0B1
:20C4200088420FD10948816941F4007181618069694600F40070049003200090019004486F
:20C4400000F022FC05B000BD0024014000100240001001402DE9F84300260D4604460096AA
:20C4600000F0F6FC804620688168C90508D5A06A40F02000A06284F824600120BDE8F8835B
:20C480004168C90503D4C06A10F4700F26D0022001F08CF838490968B1FBF0F7206803699B
:20C4A00036490B424FEA61014FEAA1121BD1C3684FEA611C13EA0C0F15D103690B4221D1B3
:20C4C000C06810421ED114201FE0681C06D045B300F0BEFCA0EB0800A84222D8206800685D
:20C4E0008007F2D52AE003690B4202D1C168114206D0026922490A4206D1C068084203D1C7
:20C50000542002E0292000E0FC204743009813E0681C0ED02DB100F09BFCA0EB0800A84227
:20C5200007D9A06A40F00400A06284F824600320A4E70098401C0090B842E9D321686FF00B
:20C5400012000860A06A40F40070A06220688068C0F3424007280CD1E06850B9A06A20F491
:20C560008070A062A06AC00403D4A06A40F00100A062002082E70000840000202449922497
:20C580004992240070B5044690F8240001280DD0012084F824002046FCF764F802004FF0C4
:20C5A000000005D084F82400104670BD022070BDA16A40F20123994341F48071A1621F4D62
:20C5C00023681F49AB4218D10E6816F4702F14D0A66A46F48016A6620E68760505D5A66ACC
:20C5E00026F4005646F48056A662A66AF6040AD5E66A26F00606E66206E0A66A26F480166A
:20C60000A6625E68E9E7E06284F824006FF00200186020688368C3F34243072B05D1A84221
:20C6200008D1096811F4702F04D0816841F480118160B9E7816841F4A001F9E70028014000
:20C640000424014010B5040002D0607910B106E0012010BD00202071204600F004F8012044
:20C660006071002010BD70472DE9F05FDFF860820446D8F80020DFF858B2954D944E944F65
:20C680000068DFF84C92DFF848A20BF1080B1C35303644374FF400614FF4004C4FF4002ED7
:20C6A00009F158090AF16C0A584501D1082316E0A84201D1802312E0B04201D10B460EE0CA
:20C6C000B84201D163460AE0484501D1734606E0504502D14FF4000301E04FF000631A4270
:20C6E00031D00268D24312072DD4026822F0080202602068584501D1082114E0A84201D1E8
:20C70000802110E0B0420ED0B84201D161460AE0484501D1714606E0504502D14FF40001B3
:20C7200001E04FF00061C8F80410606B40F001006063042084F82100002084F82000216BDC
:20C7400009B1204688476248D0F800C04FF4806120680A010B044FF4802E584502D14FF052
:20C76000040816E0A84202D14FF0400811E0B04201D188460DE0B84201D1904609E04845EB
:20C7800001D1F04605E0504502D14FF4800800E098461CEA080F33D0D0F800C06FEA0C0CA2
:20C7A0005FEA4C7C2CD4D0F800C05FEA8C6C05D4D0F800C02CF0040CC0F800C02068584575
:20C7C00001D1042113E0A84201D140210FE0B0420DD0B84201D1114609E0484501D1714672
:20C7E00005E0504502D14FF4800100E0194638484160112084F82100E16A09B120468847C0
:20C80000334AD2F800C05B46206851154FF4005B4FF4003E984202D14FF0020817E0A8428C
:20C8200002D14FF0200812E0B04201D188460EE0B84201D1D8460AE0484501D1F04606E0FD
:20C84000504502D14FF4001801E04FF000781CEA080F3BD0D0F800C06FEA0C0C5FEA8C7C0B
:20C8600034D4D0F800C05FEA8C6C05D4D0F800C02CF0020CC0F800C02068984201D102218D
:20C8800014E0A84201D1202110E0B0420ED0B84201D159460AE0484501D1714606E0504501
:20C8A00002D14FF4001101E04FF000715160606B6063012084F82100002084F82000A16AFC
:20C8C000002903D02046BDE8F05F0847BDE8F09F0000024070B520B190F82110002411B1A8
:20C8E00003E0012070BD80F82040022180F8211003681A6843F6F0718A43D0E901152943D4
:20C90000D0E90356354329434569294385692943C5692943114319604463012180F82110D4
:20C92000002070BD70B5044690F82000012823D0012084F82000022084F821002068056806
:20C9400025F0010505602046FEF7AAFD2068016841F0020101602068016841F00401016047
:20C960002068016841F0080101602068016841F001010160002070BD022070BD31B500F034
:20C9800067FA044600F064FA0099001B8842F9D338BD00002DE9F047054626480F460126DD
:20C9A000017E01290FD00121814601762868DFF888804CF25034022808D0A2462046FEF719
:20C9C000E9FFA8B131E00220BDE8F0872046FEF7E1FF08BB0120FEF79BFE2046FEF7DAFFE6
:20C9E000D8F81010064621F00401C8F810101CE04FF0FF303860AC6811E02046FEF788FF1C
:20CA00005046FEF7C7FFD8F81010060021F00201C8F8101001D03C6007E004F58064D5E9EC
:20CA2000020100EB8120A042E7D8002189F818103046C9E7B82F00200020024070B5FEF753
:20CA400029FFC5B24CF250363046FEF7A3FF002818D10D49C8610D4C206940F02000206123
:20CA6000206940F0400020613046FEF793FF216921F020012161002804D12846BDE8704041
:20CA8000FEF714BF70BD0000B82F0020002002402DE9F0472D4D04460120297E01290ED057
:20CAA0000121297621784FF00007C9070DD060680128A06806D0FEF73DFEE8BB05E0022080
:20CAC000BDE8F087FEF78EFEF7E72178890703D5207CFEF7EBFE78BB21781D4E49074CF29B
:20CAE000503916D594F811804846FEF753FF78B9EF61306940F010003061164948F08800C6
:20CB000008804846FEF746FF316921F01001316190B92178090716D5D4F81480247E48460A
:20CB2000FEF738FF40B9EF61306940F010003061A8F80040484600E005E0FEF72BFF31692A
:20CB400021F0100131612F76BAE70000B82F00200020024002F8FF1F0348016941F08001F3
:20CB600001610020704700000020024005480169890505D4044981600449816000207047C9
:20CB8000012070470020024023016745AB89EFCD2DE9F05F07461C4888460024017E1546B9
:20CBA0001E46012909D00121814601764CF2503A5046FEF7EFFE18B122E00220BDE8F09F4D
:20CBC000012F02D0022F00D00427D346DFF83CA0220128463146FBF7A5FC81B208EB440056
:20CBE000FEF7A8FE5846FEF7D5FEDAF8102022F00102CAF8102018B9641CE4B2BC42E7D38C
:20CC0000002289F81820D9E7B82F00200020024005480169090605D5044941600449416094
:20CC200000207047012070470020024023016745AB89EFCD10B50446642005F09CFD022CD4
:20CC400010D1094CD4F8040100280BD10A2005F09DFDD4F80401002804D10448817881F08C
:20CC60000101817010BD00000000214288000020044910B50A68024202D00860FFF7DAFF18
:20CC800010BD0000140401402DE9F84FDFF890A100220AF1040B144601274FF00F090BF108
:20CCA000040E00BF0B6807FA04F52B40AB4274D1DFF870C14E68A6EB0C0866452BD00DDCA7
:20CCC000032E34D005DC36B3012E19D0022E2FD11BE0112E16D0122E2AD119E0B8F5881F65
:20CCE00019D006DCB8F5803F15D0B8F5801F1FD111E0B8F5001F0ED0B8F5041F18D10AE09E
:20CD0000CA6815E0CA68121D12E0CA6808320FE0CA680C320CE08A682AB1012A4FF00802A1
:20CD200003D0456104E0042202E0056100E00022FF2B01D8064601E000F104064FEA840539
:20CD400001D9A5F12005D6F800C009FA05F82CEA080C02FA05F54CEA050CC6F800C04D6816
:20CD6000ED0057D5304DAE6946F00106AE61AD6924F0030605F0010500952C4D06EB050C7C
:20CD8000DCF80850A6074FEA167809FA08F6B543274EB04202D1002610E03BE0254EB0422A
:20CDA00001D101260AE0244EB04201D1022605E0224EB04201D1032600E0042606FA08F6E8
:20CDC0002E43CCF808604D68DAF80060ED03554601D51E4300E09E432E604D68DBF80060D6
:20CDE000AD035D4601D51E4300E09E432E604D68DEF80060ED02754601D51E4300E09E43CD
:20CE00002E604D68AD020E4D2E6801D51E4300E09E432E60641C102CFFF444AFBDE8F88FDB
:20CE20000004014000001110001002400000014000080140000C01400010014000140140BD
:20CE40000C0401400AB1016170470904FBE700000148006870470000180300200248016868
:20CE6000491C01607047000018030020074810B5016841F010010160032000F099F8002016
:20CE800000F006F800F016F8002010BD0020024010B5044600F05CFD4FF47A71B0FBF1F045
:20CEA00001F05FFD00222146501E00F061F8002010BD0000214808B5816941F001018161D3
:20CEC000806900F001000090032000F071F8002211466FF00B0000F04BF8002211466FF07E
:20CEE0000A0000F045F8002211466FF0090000F03FF800221146501F00F03AF80022114670
:20CF0000101F00F035F800221146901E00F030F800221146501E00F02BF8002211460120F2
:20CF200000F026F8012000F018F80548416821F0E06141F00071416008BD00000010024020
:20CF40000000014000F01F02012191404009800000F1E020C0F88011704700F01F0201219F
:20CF600091404009800000F1E020C0F800117047F0B40E4B1B680C46C3F30223C3F1070539
:20CF8000042D00D90425191D072901D2002300E0DB1E012606FA05F1491E214099409E408D
:20CFA000761E16403143F0BC02F098B90CED00E0064900F0070208684FF6FF03184040EACA
:20CFC0000220034A10430860704700000CED00E00000FA05BFF34F8F05480168054A01F40E
:20CFE000E06111430160BFF34F8F00BFFDE700000CED00E00400FA0510B50C0605D501F08A
:20D000007F0100EB4110283003E000EB411000F5027099B232B101228272C180190C018149
:20D02000002010BD002282728180F9E7704700EB4112D0F81C04D26B04F0B1B800EB411257
:20D04000D0F81C04D2F81C2204F0FEB810B504460A460B0601F07F0004EB401101D52831E7
:20D0600001E001F502710870D009487094F8E803012809D0012084F8E803206804F0CCFC18
:20D08000002084F8E80310BD022010BD70B50A460446090602F07F0003D504EB401128319D
:20D0A00003E004EB421101F5027100258D700870D009487094F8E803012809D0012084F8A1
:20D0C000E803206804F050FD84F8E853002070BD022070BD70B504460D460E0601F07F0003
:20D0E00004EB401101D5283101E001F502710870E80948700A61CB7094F8E803012809D037
:20D10000012084F8E803206804F056FB002084F8E80370BD022070BD70B504460E4601F003
:20D120007F0004EB401101F5077100252CC101F81F5C01F8200D94F8E80301280AD001207B
:20D1400084F8E8037006206804F068FD84F8E853002070BD022070BD70B50D4604460906ED
:20D1600005F07F0003D504EB4011283103E004EB451101F5027101228A700870E8094870FB
:20D1800094F8E803012807D084F8E823206804F020FD680602D006E0022070BD04F57B719E
:20D1A000206804F0DFFC002084F8E80370BD70B504460E4601F07F0004EB40113C3100255F
:20D1C0002CC1012201F81F2C01F8200D94F8E803012809D084F8E8237006206804F01EFDC8
:20D1E00084F8E853002070BD022070BD10B50446006804F0F5FD000402D5204602F07EF8D6
:20D20000206804F0EDFD40050CD5206830F8441F21F480610180204600F0ECF80021204637
:20D2200000F0FDF8206804F0DBFD400405D5206830F8441F21F480410180206804F0D0FDE4
:20D24000800405D5206830F8441F21F400510180206804F0C5FDC00413D5206830F8401F7D
:20D2600021F00401018021684FF43D40A1F84000204600F0CCF8206830F8441F21F48051E2
:20D280000180206804F0ACFD00051AD5206830F8441F21F400610180206830F8401F41F0AA
:20D2A00008010180206830F8401F41F004010180206804F095FDC043C00402D5204600F01C
:20D2C000E3F8206804F08CFD800508D5206830F8441F21F400710180204600F09CF8206880
:20D2E00004F07EFDC00505D5206830F8441F21F48071018010BD00002DE9F04186B0040038
:20D300004FF0000504D094F8E903002620B108E0012006B0BDE8F08184F8E863204600F094
:20D320004BF8032084F8E903206804F014FC04F11001142288466846FBF704F994E80F0061
:20D3400004F068FB0021206804F05DFD5FF0010704EB451080F8297000F8285F8581C67018
:20D36000066146616D1C86610F2DF1D35FF0000004EB401181F8096281F80802888681F8B2
:20D380000B62C1F81862C1F81C62401CC1F820620F28EDD3142241466846FBF7D3F894E884
:20D3A0000F0004F0CFFB84F8246084F8E973206804F0C6FB0020ACE708B500680B49884295
:20D3C00012D10B48C16941F40001C161C069002200F40000009011461420FFF7C9FDBDE8DA
:20D3E00008401420FFF7B9BD08BD0000005C00400010024010B504460121D0F81C0403F086
:20D40000F5FFD4F81C04BDE8104003F0BEBFD0F81C0403F0D9BFD0F81C0403F0DBBF10B51A
:20D42000044690F8E80301280BD0012084F8E80384F82410206804F0E8FC002084F8E8030C
:20D4400010BD022010BDD0F81C2400F57B71104603F0DFBF10B5044690F8E803012810D0B5
:20D46000012084F8E80301462046FFF7DFFD206804F064FB206804F0A6FC002084F8E80325
:20D4800010BD022010BD000010B50446D0F81C0404F00CF8A069002804D00348016841F0F7
:20D4A0000601016010BD000010ED00E030B51C490A68036822F0E0021A430A6019490A68A4
:20D4C00022F480320A600C1F226822F480322260144A0832136823F4803313600B1D1D681E
:20D4E00025F480351D604568ED0303D5256845F4803525604468A40303D50C6844F48034E1
:20D500000C600179C90703D0196841F4803119600079800703D5106840F48030106030BD11
:20D5200000700040040401400120102191FAA1F1024AB1FA81F142F82100704700000E42B8
:20D5400070B504F04FFD05F07DFC4FF496750E4C0FE0FF2003F086FA01212846FBF7CCF988
:20D56000C82005F008F9AA2003F07CFAC82005F002F961684907ECD40448807902F08AF92F
:20D58000BDE8704005F0D2BC007000408800002010B5054C2068C00304D5FFF7D1FF4FF418
:20D5A0008030206010BD00001404014010B533A401461DCC86B08DE81D0034A0344C0068C5
:20D5C00004900020012931D0022948D010292BD161682268D20127D54FF4701292FAA2F2ED
:20D5E00001F47010B2FA82F2D040C9031DF8000010D561684FF4003292FAA2F201F400313C
:20D60000B2FA82F2D14004AA515C224AB2FBF1F1484301E0204948436168490204D44000F7
:20D620005FF00301B0FBF1F006B010BD226AC2F30121012903D1920701D5C803F4E70229E7
:20D6400005D1626A920702D549F64040ECE70329EAD121688903E7D54FF22440E4E700F00E
:20D660007DF961684FF4804292FAA2F201F44041B2FA82F2D140491C4900D3E70203040529
:20D68000060708090A0B0C0D0E0F1010010200000010024000127A0000093D002DE9F84389
:20D6A00005460078454CC00774D0E06940F08050E061E069424E00F080500090306840F48C
:20D6C00080703060FFF7C4FB074604E0FFF7C0FBC01B642833D83068C005F7D5206A10F40A
:20D6E000407051D0A98801F4407181424CD0206A0126310491FAA1F2B2FA82F29300314A71
:20D7000020F440701344C3F8006491FAA1F1B1FA81F102EB81010023C1F800342062C007CD
:20D7200032D0FFF795FB074641F288394FF0020808E000BFFFF78CFBC11B494502D903204B
:20D74000BDE8F88398FAA8F1B1FA81F141F040014046B6EB511F01D121680BE090FAA0F1F7
:20D76000B1FA81F141F04001B0EB511F01D1216A00E0616A98FAA8F0B0FA80F000F01F02B2
:20D7800006FA02F00142D5D0206A696820F44070084320622878800705D56068A96820F4D5
:20D7A0004040084360602878C00605D56068E96820F48000084360600020C1E700100240CC
:20D7C00000700040000042422DE9F047DFF8708105460E46D8F8000000F00700B0420CD2CA
:20D7E000D8F8001021F007013143C8F80010D8F8000000F00700B04277D12878514C800727
:20D8000005D56068A96820F0F000084360602878C00759D06968012001290DD0022929D09D
:20D820005FF0020393FAA3F2B2FA82F242F02002520904D0226803E04FF40033F2E7626A47
:20D8400093FAA3F3B3FA83F303F01F03984002424BD0606820F0030008436060FFF7F8FA68
:20D860006968074641F2883001290DD00229814617D025E04FF00073D4E700BFFFF7E8FAB6
:20D88000C11B494501D918E081466068C0F381000128F3D118E000BFFFF7DAFAC11B4945B1
:20D8A0000BD86068C0F381000228F5D10CE000BFFFF7CEFAC11B494502D90320BDE8F087AC
:20D8C000606810F00C0FF3D1D8F80010404601F00701B1420BD9016821F007013143016014
:20D8E000006800F00700B04201D00120E6E72878400705D56068E96820F4E06008436060DF
:20D900002878000706D56068296920F4605040EAC100606000F03AF86168F02292FAA2F29F
:20D9200001F0F001B2FA82F2D140074A515CC840064908600020FFF7ABFA0020BEE7000097
:20D940000020024000100240B84501088400002001480068704700008400002008480949BB
:20D96000006849684FF4605292FAA2F201F46051B2FA82F2D140044A515CC84070470000E8
:20D980008400002000100240C845010810B519A385B00FCB8DE80F001AA01B4B006804904B
:20D9A0005A681A4802F00C0104291DD008291BD14FF4701494FAA4F402F47011B4FA84F483
:20D9C000E140D2031DF8011010D55A684FF4003393FAA3F302F40032B3FA83F3DA4004ABD7
:20D9E0009A5CB0FBF2F0484305B010BD08484843FAE7000002030405060708090A0B0C0D81
:20DA00000E0F1010010200000010024000127A0000093D002DE9F84F04460078F74DC00778
:20DA20004FF0010625D068687704C0F38100012807D06868C0F3810002281BD16868C0037F
:20DA400018D597FAA7F0B0FA80F040F02000400901D0286800E0686A97FAA7F1B1FA81F1A5
:20DA600001F01F0106FA01F108425ED0606800287CD05AE06068B0F5803F0BD010B1B0F548
:20DA8000A02F11D0286820F480302860286820F4802002E0286840F480302860606828B335
:20DAA000FFF7D6F980460BE0286840F480202860F0E700BFFFF7CCF9A0EB0800642871D84B
:20DAC00097FAA7F0B0FA80F040F02000400901D0286800E0686A97FAA7F1B1FA81F101F021
:20DAE0001F0106FA01F10842E4D01EE0FFF7B0F9804605E0FFF7ACF9A0EB08006428DED85E
:20DB000097FAA7F0B0FA80F040F02000400901D0286800E0686A97FAA7F1B1FA81F101F0E0
:20DB20001F0106FA01F10842E4D12078DFF8D08280074FF000094FF002075BD568684FF0BD
:20DB4000F80B10F00C0F07D06868C0F3810002281CD16868C00319D497FAA7F0B0FA80F0F3
:20DB600040F02000400902D0286801E08BE0686A97FAA7F1B1FA81F101F01F0106FA01F143
:20DB800008422CD0206901287DD128E0206990B396FAA6F0B0FA80F048F82060FFF758F924
:20DBA000824607E011E100BFFFF752F9A0EB0A00022884D897FAA7F0B0FA80F040F0200017
:20DBC000400901D0286800E0686A97FAA7F1B1FA81F101F01F0106FA01F10842E4D0286812
:20DBE0009BFAABF26169B2FA82F220F0F80091400843286025E0FFE796FAA6F1B1FA81F12E
:20DC000048F82190FFF724F9824605E0FFF720F9A0EB0A000228CCD897FAA7F0B0FA80F09F
:20DC200040F02000400901D0286800E0686A97FAA7F1B1FA81F101F01F0106FA01F10842A5
:20DC4000E4D1207800076ED5A069B8B396FAA6F0B0FA80F008EB8000C0F88064FFF7F8F884
:20DC6000824605E0FFF7F4F8A0EB0A000228A0D897FAA7F0B0FA80F040F06000B6EB501FFC
:20DC800002D128680CE062E197FAA7F0B0FA80F040F06000B7EB501F01D1286A00E0686AF9
:20DCA00097FAA7F1B1FA81F101F01F0106FA01F21042D7D00120FEF761FE34E0FFE796FA22
:20DCC000A6F1B1FA81F108EB8101C1F88094FFF7BFF8824606E000BFFFF7BAF8A0EB0A00F7
:20DCE000022872D897FAA7F0B0FA80F040F06000B6EB501F01D128680BE097FAA7F0B0FAAF
:20DD000080F040F06000B7EB501F01D1286A00E0686A97FAA7F1B1FA81F101F01F0106FA85
:20DD200001F21042D8D12078400765D5E86940F08050E861E869DFF8CCB000F0805000904E
:20DD4000DBF8001041F48071CBF80010FFF780F8824605E0FFF77CF8A0EB0A00642834D835
:20DD6000DBF80000C005F5D5E06801280AD008B1052813D0286A20F001002862286A20F05E
:20DD8000040002E0286A40F001002862E06841F2883B90B3FFF75CF882460BE0286A40F010
:20DDA00004002862EEE700BFFFF752F8A0EB0A0159450AD897FAA7F0B0FA80F040F0400039
:20DDC000B6EB501F02D128680CE0A3E097FAA7F0B0FA80F040F04000B7EB501F01D1286A3A
:20DDE00000E0686A97FAA7F1B1FA81F101F01F0206FA02F10842D7D031E005E000100240ED
:20DE00000000424200700040FFF722F8824605E0FFF71EF8A0EB0A0159457BD897FAA7F056
:20DE2000B0FA80F040F04000B6EB501F01D128680BE097FAA7F0B0FA80F040F04000B7EBA7
:20DE4000501F01D1286A00E0686A97FAA7F1B1FA81F101F01F0206FA02F10842D8D1E069B6
:20DE600080B36968C1F38101022970D04FF080714F000228484609D091FAA1F1B1FA81F1B3
:20DE800048F82100FEF7E4FF044669E08A4691FAA1F1B1FA81F1C14648F82100FEF7D8FF78
:20DEA000804605E0FEF7D4FFA0EB0800022854D897FAA7F0B0FA80F040F02000400902D059
:20DEC000286801E061E0686A97FAA7F1B1FA81F101F01F0106FA01F10842E3D1206AB0F548
:20DEE000803F05D16868A16820F4003008436860D4E908010843696821F4741108436860CE
:20DF00009AFAAAF0B0FA80F049F82060FEF7A0FF044606E021E000BFFEF79AFF001B0228A1
:20DF20001BD897FAA7F0B0FA80F040F02000400901D0286800E0686A97FAA7F1B1FA81F1BA
:20DF400001F01F0106FA01F10842E5D01DE01EE0FEF77EFF001B022802D90320BDE8F88FE3
:20DF600097FAA7F0B0FA80F040F02000400901D0286800E0686A97FAA7F1B1FA81F101F07C
:20DF80001F0106FA01F10842E2D10020E6E70120E4E7704710B5040003D094F8510010B1A8
:20DFA00004E0012010BD204600F038F8022084F851002068016821F040010160D4E90101B7
:20DFC0000843D4E903121143084361690843218B01F400710843E1690843216A0843A16A9D
:20DFE000084321680860A069042101EA1040616A0843216848602168E06A08612068C16947
:20E0000021F40061C1610449002008706065012084F85100002010BD1C0300202DE9F04F4F
:20E02000054600683F49DFF80081032685B088425CD1D8F8181041F48051C8F81810D8F842
:20E040001800DFF8E8B000F480500490A02000900220019069465C4603965846FEF714FE4F
:20E060004FF000094020CDE900094F4669462046CDF80890FEF708FE2E4C2D484FF0800A7F
:20E08000C4E90007C4E9027A27616761A7612046E761FEF71FFC08B1FDF738FB6C64656216
:20E0A0002348254C14301027C4E90007C4E9029AC4F81090C4F81490C4F818902046C4F8CA
:20E0C0001C90FEF707FC08B1FDF720FB2C6465620120CDE9007069465C4603965846FEF7B9
:20E0E000D3FD012210212046FEF7ACFE13492868884214D1D8F81C1041F48041C8F81C107E
:20E10000D8F81C00694600F4804004904FF4204000900220019003960948FEF7B5FD05B0F0
:20E12000BDE8F08F0030014000100240000801401C000240281200206012002000380040ED
:20E14000000C01402DE9F84F00259A460446ADF8005090F8510001287ED1E9B3E2B394F8C3
:20E160005000012878D0012684F85060222084F851006565A163A287E287A564E564256342
:20E18000A586E586A0684FF40049484504D12068036823F480430360A06A4FF40057B84225
:20E1A00009D12068036823F4005303602068036843F40053036060684FF48278404501D189
:20E1C000A06878B120680168490603D4016841F040010160E06800E001E0E8B131E00120E7
:20E1E000BDE8F88F84F8505013460A462046CDF800A000F0D1F9F3E753460022012120468C
:20E2000001F0BBFF48BB2068C168A06B421CA2630170E08F401EE087E08F0128ECD813E03D
:20E22000534600220121204601F0A7FFA8B92068C068A16B0880A06B801CA063E08F401EE8
:20E24000E087E08F0128EBD8A06AB84207D12068016841F4805101E068E007E0016053461F
:20E2600000220121204601F088FF08B10320B7E7E0680028206817D0C068A16B0880A06B5C
:20E28000801CA063E08F401EE087A06AB84217D1534600220121204601F06FFF50B1606D4F
:20E2A00040F002006065E1E7C168A06B421CA2630170E7E72068C068ADF80000BDF80000BF
:20E2C000606840450AD1A068484502D0B0F5806F04D12068016821F04001016084F8516075
:20E2E000A06AB8420DD120688068C043C00608D4204601F040FF012807D021686FF0100099
:20E30000886084F8505000206AE7606D40F0020060652068016821F400510160206801681B
:20E3200041F40051016084F8505058E7022057E770B5044690F85100012860D1D1B1CAB19C
:20E3400094F8500001285AD0012084F85000222084F8510000256565A163A287E287A56404
:20E36000E5642563A586E586A068B0F5004F03D040B10BE0012070BD2068016821F4804176
:20E38000016003E06068B0F5827F04D0A06AB0F5005F09D012E084F850502046BDE8704047
:20E3A00013460A4600F052BA2068016821F4005101602068016841F400510160616C114802
:20E3C000C862616C10488862616C104808632168E38F0C31A26B606CFEF7A4FA206841689F
:20E3E00041F00101416084F8505020680168490603D4016841F040010160002070BD02206B
:20E4000070BD0000CBFF0008DFFF0008ADFF000810B50446012210210848FEF713FD08485B
:20E42000007818B101200749087005E00648007810B101200549087010BD00000008014049
:20E440009402002092020020950200209302002070472DE9F843044690F8510098460128B4
:20E4600070D139B332B394F8500001286AD0012684F85060122084F8510000256565216386
:20E48000A286E286E564A564A563A587E587A06A7703B84209D12068016821F400510160EA
:20E4A0002068016841F400510160A068B0F5004F03D007E00120BDE8F8832068016841F467
:20E4C0008041016020680168490603D4016841F040010160E0680028606804D0D8B1E08EC4
:20E4E000012818D021E010B1E08E012808D1206B411C216321680078C860E08E401EE08612
:20E500000004000C1FD0434600220221204601F034FEA8B9EBE7206B21680088C860206B23
:20E52000801C2063E08E401EE0860004000C0AD0434600220221204601F01FFE0028EAD07C
:20E540000320B8E726E0A06AB84204D12068016841F480510160434600220221204601F09D
:20E560000CFE30B9434601228021204601F005FE20B1606D40F010006065E1E7A06818B9BD
:20E580002068C1688068009084F8516084F85050002090E702208EE72DE9F8430025DDF890
:20E5A00020800446ADF8005090F85100012803D094F8510022287DD169B162B15BB194F86D
:20E5C0005000012876D0012684F8506094F85100012803D005E00120BDE8F883322084F85C
:20E5E00051006565A263A387E3872163A386E386A564E564A06A4FF40057B84209D12068FF
:20E60000016821F4005101602068016841F40051016020680168490603D4016841F0400100
:20E620000160E0684FF48271B0F5006F606807D0002867D088426ED1E08E012862D06AE0CD
:20E6400020B188420CD1E08E012809D1206B21680088C860206B801C2063E08E401EE08631
:20E66000E08E80B9A06AB84244D12068016841F4805101603EE02068C068A16B0880A06B15
:20E68000801CA0639EE0434600220221204601F074FD002874D1206B21680088C860206B0B
:20E6A000801C2063E08E401E0004000CE08609D1A06A00E0C7E0B84204D12068016841F499
:20E6C00080510160434600220121204601F055FD00286FD12068C068A16B0880A06B801C3F
:20E6E000A063E08F401EE087E08E0028CBD1606800286AD1434600220121204601F03DFD28
:20E70000F0BBB8E7206B411C216321680078C860E08E401EE086E08E98B9A06AB84204D150
:20E720002068016841F480510160434600220121204601F022FD18BB2068C068A16B087037
:20E7400040E0434600220221204601F016FDB8B9206B411C216321680078C860E08E401E8F
:20E760000004000CE08607D1A06AB84204D12068016841F48051016000224346012100E06D
:20E7800018E0204601F0F9FCA0B92068C168A06B421CA2630170E08F401EE087E08E002882
:20E7A000CFD1606888B9434600220121204601F0E4FC08B103200FE72068C168A06B421CC0
:20E7C000A2630170E08F401EE087A06AB84210D1434600220121204601F0CFFC18B1606D25
:20E7E00040F002000FE02068C068ADF80000BDF80000434601228021204601F0BEFC20B1BF
:20E80000606D40F010006065D4E784F85160A06AB84214D120688168C943C9060FD4616D58
:20E8200041F002016165016821F4005101602068016841F40051016084F85050CBE684F88D
:20E8400050500020C8E60220C6E6000070B5044690F8510001280AD06068B0F5827F71D181
:20E86000A06800286ED194F8510022286AD1F1B1EAB1E3B194F85000012863D0012084F821
:20E88000500094F85100222802D0322084F85100002565652163A386E386A263A387E38772
:20E8A000A564E564A06AB0F5005F02D00BE0012070BD2068016821F4005101602068016844
:20E8C00041F40051016094F85100222832D0616C1D48C8621D48616C1D4E8862606C066310
:20E8E0002168E38F0C31A26B606CFEF71BF82068416841F00101416094F851003228206C37
:20E900001ED005632268E38E0C32216B206CFEF709F820680168490603D4016841F0400168
:20E9200001602068416841F00201416084F85050002070BD616C0748C8620748CBE701E0DF
:20E940000663DFE7022070BDD5FF0008B9000108ADFF0008CBFF0008DFFF000870477047C1
:20E96000704710B5401EB0F1807F01D3012010BD4FF0E02460610F21601700F0AFFC0020F5
:20E98000A06107202061002010BD10B5FFF7E8FF10BD7047704730B590F83820012A20D024
:20E9A000012280F83820022380F8393003685C6824F070045C6003685C680D682C435C601C
:20E9C00003689C6824F080049C6003689C6849680C439C6080F83920002180F838100846C9
:20E9E00030BD022030BD10B5040003D094F8390010B107E0012010BD002084F838002046EA
:20EA000000F00CF8022084F83900211D206802F023F9012084F83900002010BD00B51E4A77
:20EA200001681E4885B0914222D1C16941F00201C161C069694600F0020004904FF470700B
:20EA400000900020019002901548FEF71DF9002211461D20FEF78CFA1D20FEF77EFA114847
:20EA60004168114A21F0A0611143416005B000BDB1F1804FFAD1C16941F00101C161C06935
:20EA8000002200F00100049011461C20FEF770FA1C20FEF762FAE9E70004004000100240EA
:20EAA0000010014000000140000C00020168CA6842F00102CA600068016841F00101016057
:20EAC000002070470168CA6822F00102CA600068016A41F21112114207D1016A92101142D1
:20EAE00003D1016821F0010101600020704700002DE9F05F04465B4D207EDFF86CB14FF066
:20EB0000000A05F1080705F11008A5F10C06A5F10809012820D1F07810B399F803108842D6
:20EB200017D12068406BF880EA88801A80B2A8F806004E4A5143B1FBF0F0CBF80C00281F90
:20EB400080F803A00021204600F092F82046FFF7B9FFF078401CF070207E022804D025E0C0
:20EB60002068406BE880F4E7B17819B399F80200814218D12168896BB980AA88891A89B225
:20EB8000A8F80410394A5043B0FBF1F0CBF808003448001F80F802A00421204600F068F8C4
:20EBA0002046FFF78FFFB078401CB070207E042804D025E02068806BA880F4E77178E9B329
:20EBC00099F80100814218D12168C96B79806A88891A89B2A8F80210244A5043B0FBF1F032
:20EBE000CBF804001F48001F80F801A00821204600F03EF82046FFF765FF7078401C707016
:20EC0000207E082823D1317839B399F8000081421AD12168096C39802A88891A89B2A8F877
:20EC20000010124A5043B0FBF1F0CBF800000D48001F80F800A00C21204600E009E000F0AE
:20EC400017F82046FFF73EFF3078401C3070BDE8F09F2068C06B6880CFE72068006C288047
:20EC6000F2E70000A0000020B8110020001BB70010B50268044631B1042908D008291ED0C1
:20EC80000C2908D11FE0D06820F0020002E0D06820F00400D0600022206802F00FF8206894
:20ECA000016A41F21112114207D1016A9210114203D1016821F001010160002010BDD06832
:20ECC00020F00800E6E7D06820F01000E2E770B50446006801694FF00005C943890715D424
:20ECE000C168C943890711D4E91E016101202076206880698007204602D0FFF7F9FE04E049
:20ED000000F098F8204600F096F8257620680169C943490717D4C168C943490713D46FF0F0
:20ED200004010161022020762068806910F4407F204602D0FFF7DCFE04E000F07BF82046CB
:20ED400000F079F8257620680169C943090716D4C168C943090712D46FF0080101610420A6
:20ED600020762068C0698007204602D0FFF7C0FE04E000F05FF8204600F05DF825762068E0
:20ED80000169C943C90617D4C168C943C90613D46FF010010161082020762068C06910F413
:20EDA000407F204602D0FFF7A3FE04E000F042F8204600F040F8257620680169C943C907C0
:20EDC00008D1C168C943C90704D1891E0161204600F032F820680169C943090609D4C168E4
:20EDE000C943090605D46FF0800101612046FFF7D0FD20680169C943490609D4C168C94355
:20EE0000490605D46FF040010161204600F032F820680169C94389060BD4C168C943890618
:20EE200007D46FF0200101612046BDE87040FFF7B1BD70BD704770470B4A0168914209D1F0
:20EE40000A4A0021116051609160D160084A11709170D1700068B0F1804F04D1044814389F
:20EE60008168491C8160704700040040B81100209C0000207047000018B5044609486A46F4
:20EE80000321006804F0B4FE9DF8000020702E2060709DF80110A170E0709DF802002071CE
:20EEA00018BD0000FC7F0008FEE7000070B500F0C7FF224C0025E8B200F0ECFC6D1C20701C
:20EEC000102DF8DB10F0FF0F06D100F09DFE207010B903F0DBFA2070FCF7CEFA00224FF4E1
:20EEE00000411748FDF7AEFF2178164C4FF0000011B1FCF711FB0120207004F017F81248C8
:20EF00001249008800EB400001EB801090F8BC00552802D10720FEF720F84FF0FF300C4BDA
:20EF20000C4A0146FCF7CCF90B490968814203D0BDE8704004F060B970BD0000A4100020BE
:20EF4000001001408B0000208E000020A4040020007B01000084000800FF01083EB51148E3
:20EF60000F49016000218160C16041614FF46022C261416001240461FDF7B4F908B1FCF7B3
:20EF8000C5FB0A20009001940520029069460548FDF7F0F8002801D0FCF7B8FB3EBD000039
:20EFA000002401403C03002008B50D48416941F001014161406900F0010000900022114659
:20EFC0000C20FDF7D5FF0C20FDF7C7FF002211460D20FDF7CDFFBDE808400D20FDF7BDBF67
:20EFE000001002402DE9F04F85B07648816941F020018161816901F020010091816941F0B1
:20F0000010018161816901F010010091816941F004018161816901F004010091816941F0F2
:20F0200008018161806900F008000090DFF898914FF44066002231464846FDF703FF00224C
:20F040004FF407416148FDF7FDFE4FF46077002239465F48FDF7F6FE4FF40048CDF804806F
:20F06000012402940225049501A95848FDF70CFE01960294049501A94846FDF705FE780060
:20F0800001900294049501A95048FDF7FDFD01970294049501A94E48FDF7F6FD0022382117
:20F0A0004B48FDF7CFFE00224FF470714846FDF7C9FEDFF820B1002204215846FDF7C2FE2C
:20F0C000012240214248FDF7BDFE4FF4805A012251464846FDF7B6FE78200190029403267E
:20F0E000049601A93A48FDF7CFFD042701970294049601A95846FDF7C7FD4FF49E500190D5
:20F100000294049601A94846FDF7BEFD4FF4804BCDF804B0029401A94846FDF7B5FD0022BB
:20F1200059464846FDF78EFECDF804A01120029001A92748FDF7A8FD002251462448FDF72B
:20F1400081FE0197029401A94846FDF79DFD002204214846FDF776FE012241464846FDF7D3
:20F1600071FECDF804800294049501A94846FDF78BFD102001900294049601A91348FDF70A
:20F1800083FD019500260296039401A90F48FDF77BFD01940296039401A90D48FDF774FD6F
:20F1A000202001900296039401A94846FDF76CFD01940294049501A90448FDF765FD05B0F5
:20F1C000BDE8F08F001002400010014000080140000C01400014014010B50F480D490160AA
:20F1E0004FF48271416000218160C160016141614FF4007282611822C26101624162816233
:20F200000A21C162FEF7C6FE002801D0FCF77EFA10BD0000003001406C03002010B5104899
:20F220000E4901604FF4827141604FF4004181600021C160016141614FF4007282612022BA
:20F24000C2610162416281620A21C162FEF7A2FE002801D0FCF75AFA10BD0000003800403A
:20F26000C40300201CB50D484FF0804101603F2141600024846040F26541C160FFF7B3FB7A
:20F2800008B1FCF743FA0094019469460348FFF782FB002801D0FCF739FA1CBD580400207B
:20F2A00010B500220849094801F044FF0849074802F029F90749054801F07EFDBDE81040DF
:20F2C000024802F06DB90000E40200201827002004000020D4020020FEE770470907090E8A
:20F2E000002806DA00F00F0000F1E02080F8141D704700F1E02080F8001470472DE9FC5F11
:20F300004FF000080446ADF80480ADF8008048F60F7B4FF002094FF4806692E1BDF8041097
:20F3200011F00F072BD030F82710ADF80010BDF80010090478D530F8272040F68F710A4099
:20F3400020F8272004EB471595F8120205F502750028206869D0297830F8212052047DD556
:20F36000B0F8503009EBC101194406EB4101415AC1F309015FEA010A71D0EA88D0E0BDF85A
:20F380000410C9062AD4018801EA0B010180206804F12805B0F850202B7809EBC301114419
:20F3A00006EB4101405AC0F309006064E16B0844E06300212046FDF73AFE94F8240000289A
:20F3C000ABD0A8690028A8D194F82400216840F08000A1F84C0084F8248032E1018804F57D
:20F3E0000275ADF80010BDF8001009051ED5B0F850302978062202EBC101194406EB4101EB
:20F40000405A04F57B71C0F30903EB61AA88206802F0EAFC2068018840F68F7211400180B6
:20F420002046FEF710F80CE1A0E055E0BDF800100904D2D5028840F68F710A40028020683A
:20F44000B0F850302978062202EBC101194406EB4101405A83059B0DEB6101E051E063E011
:20F4600008D0AA886969206802F0BEFCE96968690844686100212046FDF7E0FD2068B0F8BC
:20F480005010891D06EB4101014428693E280CD9C0F34F12C00601D1521E92B24FF6FF70FE
:20F4A00000EA822040F4004009E0C0F34F02C00701D0521C92B24FF6FF7000EA822008606D
:20F4C000216808884BF68F72104080F4405048F2800210430880B4E0B0F850202B78062170
:20F4E00001EBC301114406EB4101415AC1F309015FEA010A24D0AA885346696902F074FC34
:20F500001EE0B0F85020062303EBC101114406EB4101415AC1F309015FEA010A04D02A8940
:20F520005346696902F060FC2978206830F8213048F68F72134048F2C002134320F8213023
:20F54000E96901EB0A00E861696901EB0A026A61AB6913B12869504504D929782046FDF7AF
:20F560006DFD03E029782046FDF7D6FDBDF80000000666D5206804EB471530F8271001EA5D
:20F580000B0120F8271095F8320028350028206812D0297830F82120B0F8503052061ED5E5
:20F5A00009EBC101194406EB4101405A83059B0DEB6124D0EA881EE0B0F850302A7809EBCD
:20F5C000C201194406EB4101405A83059B0DEB6121D0AA886969206802F01DFC1BE0062217
:20F5E00002EBC101194406EB4101405A83059B0DEB6104D02A896969206802F00CFC29783A
:20F60000206830F8212048F68F731A404CF280031A4320F821202068B0F850202B7809EBB1
:20F62000C301114406EB4101405AC0F30900E86169690A186A612978AB69204663B1FDF7FD
:20F64000B6FD2068B0F84410ADF8041009043FF565AE0020BDE8FC9FFDF7E9FCF1E7FDF761
:20F6600097BF00000EB50A48C16941F08051C161C06900F080500090C02001904FF0011097
:20F68000029001A8FDF712FFFDF74EFF0EBD00000010024010B5552001F0E4F9FF2001F0B4
:20F6A0000DFA0A2003F072F8F02001F007FA0A2003F06CF8BDE81040FF2001F0FFB97047C5
:20F6C0002DE9F05F00260020DFF8E48008EB0001497809B9761CF6B2401CC0B20428F5D3D1
:20F6E0000024DFF8CC904FF0010A09F11409314FA9F6144B18E008EB04056A78A2B32E4A31
:20F7000032F81010491C22F8101009EB00104168491C41606878D0B302F064FC10B16870FF
:20F7200087F803A0641CE4B2F88800EB40010BEB811191F8BE20A242DDD803F009FE03F070
:20F740009FFCF88800EB40000BEB8010B0F8441009052BD590F8BE00B04221D8BDE8F05FAE
:20F7600000219620F9F7C8B8134B403B53F82020521C43F8202009EB00100268521C0260B7
:20F7800091F846000028C5D002F058FBC2E7FFE702F028FC68700028C4D087F803A0C1E795
:20F7A000BDE8F05F01219620F9F7A6B8BDE8F09FA4100020880000200812002070B50446D6
:20F7C0000D46164602F022FF002210210D48FDF739FB03200C490870200C4870200A8870A1
:20F7E000CC700A2304220948FEF733FE0A23324629460648FEF7A6FC012210210148FDF779
:20F8000021FB70BD00080140520200206C0300202DE9F04104460E4617461D4602F0F6FEC8
:20F82000002210211448FDF70DFB032013490870200C4870200A8870CC700A230422104839
:20F84000FEF707FE45B901200E49087000200E4908700E49087007E001200C49087000200D
:20F860000B490870074908703A4631460448FEF75FFDBDE8F081000000080140520200208D
:20F880006C030020940200209202002095020020930200202DE9F04707463FB94FF480723C
:20F8A000D5494FF46020FFF789FF09E0791E4FF4381202EB41304FF48072CF49FFF77EFFBE
:20F8C000FF2500241AE0CC48015D04F18000CA4A105C814202D08820BDE8F087C648005DBB
:20F8E000FF2803D0FF2D01D08820F5E7C248005D10B1FF2D00D12546601C84B2802CE2DBE2
:20F90000FF2D01D18820E7E74FF00009002411E0B948405D00F0010048B909F1010000F09B
:20F92000FF09B548405D4010B349485500E003E0601C84B2082CEBDB00BF2846E91705EBB0
:20F9400091718910A5EB8101490301EB89211FFA81F877B908F570204FF48062A649FFF7BF
:20F960002DFF08F578204FF48062A449FFF726FF17E0791E4FF4401202EB414101EB080013
:20F980004FF480629C49FFF719FF791E4FF4421202EB414101EB08004FF480629749FFF7C3
:20F9A0000DFF4FF6FF7600241DE09348015D04F58060914A105C814201D088208CE78E4882
:20F9C000005DFF2805D04FF6FF70864201D0882082E78948005D20B14FF6FF70864200D124
:20F9E0002646601C84B2B4F5806FDEDB4FF6FF70864201D188206FE74FF00009002411E0EF
:20FA00007D48805D00F0010048B909F1010000F0FF097948805D40107749885500E003E011
:20FA2000601C84B2082CEBDB00BF2846E91705EB91718910890401EBC80101EBC6014944E0
:20FA40006F4A02EB071211603FB94FF480726A494FF44020FFF7B2FE08E0791E694A02EB2E
:20FA600041304FF480726449FFF7A8FEFF25002419E06148015D04F180005F4A105C814202
:20FA800001D0882028E75C48005DFF2803D0FF2D01D0882020E75848005D10B1FF2D00D17C
:20FAA0002546601C84B2802CE3DBFF2D01D1882012E74FF00009002411E04F48405D00F09F
:20FAC000010048B909F1010000F0FF094A48405D40104949485500E003E0601C84B2082CDA
:20FAE000EBDB00BF2846E91705EB91718910A5EB8101490301EB89211FFA81F877B908F5D5
:20FB000050204FF480623C49FFF758FE08F558204FF480623949FFF751FE17E0791E4FF44D
:20FB2000441202EB414101EB08004FF480623249FFF744FE791E4FF4461202EB414101EBA7
:20FB400008004FF480622D49FFF738FE4FF6FF7600241DE02848015D04F58060264A105C78
:20FB6000814201D08820B7E62348005DFF2805D04FF6FF70864201D08820ADE61E48005D9D
:20FB800020B14FF6FF70864200D12646601C84B2B4F5806FDEDB4FF6FF70864201D18820E2
:20FBA0009AE64FF00009002411E01348805D00F0010048B909F1010000F0FF090E48805D18
:20FBC00040100D49885500E003E0601C84B2082CEBDB00BF2846E91705EB917189108904EE
:20FBE00001EBC80101EBC6014944054A02EB07125160002070E60000B4120020B4160020C4
:20FC0000B810002000102E00F0B56A48008800EB4000694C04EB8010807B0A286AD165486B
:20FC2000008800EB400004EB8010B0F84C2000236048008800EB400004EB8010B0F84E008B
:20FC40000004821843F100035A48008800EB400004EB8010B0F85000121C4341554800882C
:20FC600000EB400004EB8010B0F85200121C43EB00435048008800EB400004EB801090F9EE
:20FC800064004FEAE0774D4C4A4E368804EB061424684FF00006A0FB045C07FB04C400FBE7
:20FCA0000640AA184341434C248804EB4404424D05EB8414A4F85C20100C40EA034084B258
:20FCC0003C48008800EB400005EB8010A0F85E403848008800EB400005EB8010A0F860305C
:20FCE0001C0C3448008800EB400005EB8010A0F862405DE02F48008800EB40002E4C04EB23
:20FD0000801090F84C102B48008800EB400004EB801090F84E0001EB00212648008800EB06
:20FD2000400004EB801090F8500001EB00412148008800EB400004EB801090F8520001EB9E
:20FD400000611C48008800EB400004EB801090F964001A4C174D2D8804EB0514246800FBB1
:20FD60000411C8B2134C248804EB4404124D05EB8414A4F85C00C1F307240E48008800EB2B
:20FD8000400005EB8010A0F85E40C1F307440948008800EB400005EB8010A0F86040080E9C
:20FDA000044C248804EB440405EB8414A4F862000020F0BD8E000020A4040020B81000205F
:20FDC0007CB504460D464B20019000200090002210211948FDF736F84FF47A73012201A9D6
:20FDE0001648FEF736FB4FF47A73012269461348FEF72FFB4FF47A73012269460F48FEF7B5
:20FE000028FB4FF47A73012269460C48FEF721FB4FF47A73012269460848FEF71AFB4FF4B9
:20FE20007A732A4621460548FEF78CF9012210210148FDF707F87CBD00080140C40300203E
:20FE400010B5C0222A490020FFF7B8FC02222949C220FFF7B3FC012418E004EB4402244BE0
:20FE600003EB8211621E120302F5A020C022FFF7A5FC204A02EB4401621E120302F5A02054
:20FE8000C2300222FFF79AFC601CC4B2102CE4DB022219494FF41040FFF790FC1648008852
:20FEA000102802DB002014490880042213494FF4BE20FFF783FC11480068401C28B90020F2
:20FEC0000E4908600E49087011E00C4800680B490968C1F3074181EA106008490988C1F3B5
:20FEE000072148400549097848400549087010BDA4040020320200208E000020A4020020D8
:20FF00009702002010B500202549264A128801EB021108602249234A128801EB021148604B
:20FF200020480088A0B94FF460210120FBF7AEFB4FF470210120FBF7A9FB4FF440210120A8
:20FF4000FBF7A4FB4FF450210120FBF79FFB26E014480088401E4FF4381202EB403100205C
:20FF6000FBF794FB0F480088401E0F4A02EB40310020FBF78BFB0B480088401E4FF44012A6
:20FF800002EB40410120FBF781FB06480088401E4FF4441202EB40410120FBF777FB10BDD7
:20FFA000B81000208E00002000102E0010B5406A0021C186C187012180F85110416D41F074
:20FFC00008014165FDF7E5FF10BD10B5406AFEF73FFA10BD10B5406AFEF7C1FC10BD38B588
:20FFE0000025ADF80050446A0068006880065FD42068416821F0010141602068416821F089
:020000040801F1
:2000000002014160A06AB0F5005F37D10A2300220121204600F0B1F818B1606D40F01000E0
:2000200060652068C068ADF80000BDF8000001220A231146204600F0A0F818B1606D40F096
:200040001000606520688068C043C00616D4204600F091F801280DD1606D40F002006065FE
:200060002068016821F4005101602068016841F40051016021686FF0100088606068B0F5A3
:20008000827F0BD1A068B0F5004F02D0B0F5806F04D12068016821F040010160E58701201B
:2000A00084F85100606D18B12046FDF772FF38BD2046FEF7ADF938BD38B50025ADF8005020
:2000C000446A00680068800651D4A06AB0F5005F22D101220A231146204600F04EF850B9AA
:2000E0000A2300220121204600F047F818B1606D40F0100060652068C168ADF80010BDF844
:2001000000108168C943C90606D4616D41F0020161656FF0100181600A2300220221204640
:2001200000F02BF818B1606D40F0100060652068416821F0020141600A23012280212046D4
:2001400000F01BF818B1606D40F0100060652068416821F001014160E586E587012084F8A8
:200160005100606D18B12046FDF713FF38BD2046FEF7F4FB38BD012070472DE9F0471D4670
:2001800090460E460446FCF763FE07465FEA08004FF000084FF4005A4FF0010926D034E0C2
:2001A000681C23D025B1FCF753FEC01BA8421DD92068416821F0E00141602068016821F02D
:2001C00040010160A06A504509D12068016821F4005101602068016841F40051016084F8F8
:2001E000519084F850800320BDE8F0872068806836EA0000D4D10DE0681C06D0002DD7D043
:20020000FCF726FEC01BA842D2D82068806836EA0000F1D00020E7E770B504460D461646FB
:2002200002F0F4F902F042FA002210210E48FCF709FE02200D490870200C4870200A887018
:20024000CC704FF47A7304220948FEF702F94FF47A73324629460648FEF7FBF8012210212A
:200260000148FCF7EFFD70BD00080140520200206C030020704700002DE9F047ADF5016DC9
:2002800006460F464FF00008002500208149087030788DF80C0070788DF80D00B0788DF88F
:2002A0000E00F0788DF80F00802204A94FF4E220FFF784FA002416E004A8005D10B104F054
:2002C000FF0812E07F2C0CD104A8005D48B94FF4E2210020FBF7DAF94FF4E0210020FBF712
:2002E000D5F9601C84B2802CE6DB00BF002412E004A810F8080000F0010018B104EBC8000F
:20030000C5B20AE004A810F80800401004A901F80800601C84B2082CEADB00BF04225E498B
:200320004FF4BE20FFF74AFA002451E0E11704EB91518912A4EB812139B904F5E0204FF44A
:2003400080620DF58261FFF739FA9DF80C000DF58261095D884236D19DF80D100DF5826258
:20036000601C105C81422ED19DF80E10A01C105C814228D19DF80F10E01C105C814222D16A
:200380001046005D38701146601C085C7870A01C085CB870E01C085CF8700420C0EB85007F
:2003A000A0420CD13C4800683C490968884206D10120384908700DF5016DBDE8F087022033
:2003C00034490870F7E7002032490870201D84B2B4EB850FAADB2F480078E0BB2846E91714
:2003E00005EB5171C910A5EBC10201219140C9B202919DF80800C043C0B202902846E9170C
:2004000005EB5171C910A5EBC102FF2191409DF8082001EA0209AA46E91705EB5171C910DF
:2004200001F5E220012202A902F01AF9E91705EB5171C91001F5E220012201A9FFF7BEF9F4
:200440009DF80400814522D14FF4E02101EB8500042203A900E01AE002F002F94FF4E021B8
:2004600001EB850004223946FFF7A8F94FF4BE210020FBF70BF9042208494FF4BE2002F00D
:20048000EFF8042205494FF4BE20FFF797F9002091E7000096020020B0020020A402002072
:2004A00070B5FB49B1F8141101EB4101F94A02EB8110C021F8F75FF800240DE0F44814305E
:2004C000005DF349B1F8141101EB4101F14A02EB81110855601CC4B20E2CEFDBEC4890F8BE
:2004E0002200EB49B1F8141101EB4101E94A02EB81118873E64890F82300E549B1F8141128
:2005000001EB410102EB8111C873E14890F82400DF49B1F8141101EB410102EB81110874FF
:20052000DB4890F82500DA49B1F8141101EB410102EB81114874D648D0F82600D449B1F8BF
:20054000141101EB410102EB81114861D048408DCF49B1F8141101EB410102EB811108831D
:20056000CB48808DCA49B1F8141101EB410102EB81114883C648B0F8140100EB40001146B5
:2005800001EB8011C248D0E90E35426B006CC1E90A354A620863002410E004F13000BC4981
:2005A0001431095CBA48B0F8140100EB4000B94A02EB801034300155601CC4B2102CECDB78
:2005C000B348B0F85400B249B1F8141101EB4101B04A02EB8111A1F86600AD48B0F85600C2
:2005E000AB49B1F8141101EB410102EB8111A1F86800A748B0F85800A549B1F8141101EBF4
:20060000410102EB8111A1F86A00A148B0F85A009F49B1F8141101EB410102EB8111A1F82F
:200620006C009B48B0F85C009949B1F8141101EB410102EB8111A1F86E009548B0F85E0020
:200640009349B1F8141101EB410102EB8111A1F870008F48B0F860008D49B1F8141101EBCB
:20066000410102EB8111A1F84400894890F862008749B1F8141101EB410102EB811181F85D
:2006800046008348D0F863008149B1F8141101EB410102EB8111886400242FE060005330D7
:2006A0007B491431095A7A48B0F8140100EB4000784A02EB80104C3020F8141060005B3042
:2006C00073491431095A7248B0F8140100EB400002EB8010543020F81410600063306C492F
:2006E0001431095A6A48B0F8140100EB400002EB80105C3020F81410601CC4B2042CCDDBA9
:20070000634890F87F0040B26149B1F8141101EB4101604A02EB811181F864005C48B0F83D
:2007200080005B49B1F8141101EB410102EB811188835748B0F882005549B1F8141101EBEE
:20074000410102EB8111C8835148B0F884005049B1F8141101EB410102EB811108844C4894
:20076000B0F886004A49B1F8141101EB410102EB811148844648D0F888004549B1F8141137
:2007800001EB410102EB811188674148B0F88C003F49B1F8141101EB410102EB8111A1F864
:2007A00072003B48B0F88E003949B1F8141101EB410102EB8111A1F87400354890F890006F
:2007C0003349B1F8141101EB410102EB811181F8BC002F4890F891002D49B1F8141101EB2D
:2007E000410102EB811181F8BD00294890F892002749B1F8141101EB410102EB811181F813
:20080000BE00234890F893002149B1F8141101EB410102EB811181F8BF0000200FE000F177
:2008200080011B4A1432525C1949B1F8141101EB4101184B03EB81117C310A54401C4028CE
:20084000EDDB00201249B1F81411134A22F811000F48B0F8140108BB00210120FAF716FFE0
:200860000B48B0F8140100EB40000A4A02EB8011C022002001F0F4FE022205491031C020F3
:2008800001F0EEFE02220449C22001F0E9FE45E000260020A4040020320200202548B0F8B4
:2008A0001401401E4FF4A02202EB00310020FAF7EDFE204AB2F8142102EB42021E4B03EBD5
:2008C00082111C4AB2F81421521E4FF4A02303EB0230C02201F0C4FE1649B1F81411491E81
:2008E0004FF4A02202EB013101F1C00002221149103101F0B5FE0F4AB2F814210F4B03EB3F
:2009000042010C4AB2F81421521E4FF4A02303EB023202F1C200022201F0A2FE4FF41041C9
:200920000020FAF7B3FE022205494FF4104001F097FE70BD00260020A404002032020020DB
:20094000142700200125642001F015FF85E04348006808B1012DF9D14048006808B1012DAD
:200960007BD101F0A5FF0025FF2000F07BF8FF2000F0A4F8FA2001F0FEFE00240DE05520B7
:2009800000F070F8FA2001F0F6FEAA2000F06AF8FA2001F0F0FE601CC4B2022CEFDBFF20E2
:2009A00000F060F8FBF766F82D490870084601780620FAF7B1FD2A48007840B901F066FDEE
:2009C00027490870084601780120FAF7A5FD2448007840B901F0CCFD214908700846017874
:2009E0000220FAF799FD1E480078A0B9F7F7F0FF002408E01A48401C005D18B104F1300025
:200A00001749087001E0042CF4DB00BF144801780320FAF781FD1248007818B1AA2000F0A3
:200A200021F802E0552000F01DF8FA2000F046F84FF4C87001F09FFEF52000F03FF84FF471
:200A4000C87001F098FEFF2000F038F84FF4C87001F091FEF02000F031F878E704012142AD
:200A6000A41000202DE9F0410026134C0546B0460127280602D5C4F8A87101E0C4F8A881CD
:200A80006806050E022001F097FEC4F8A071022001F092FEC4F8A081022001F08DFE761CB0
:200AA000F6B2082EE5D3C4F8A4710A2001F084FEC4F8A481BDE8F081000021422DE9F04191
:200AC0000026134C0546B0460127280602D5C4F89C7101E0C4F89C816806050E022001F00C
:200AE0006BFEC4F8A471022001F066FEC4F8A481022001F061FE761CF6B2082EE5D3C4F80E
:200B0000A0710A2001F058FEC4F8A081BDE8F0810080214200B50649098801EB4101054A6B
:200B200002EB811191F8BD00F8F71EFD00BD00008E000020A40400200B4810B5008800EB28
:200B400040010A4800EB81104FF4805190F8BF200748012A00D00AB9FCF774F9BDE81040A9
:200B60000A2001F008BE00008E000020A4040020000C014010B5FCF771F9BDE81040FDF7C6
:200B800004BF4FF0E02100200861704730B593B00120099001040A9100240B940D90022509
:200BA000109511914FF4E010129009A8FCF732FF08B1FAF7ABFD0F200490059506944FF4B8
:200BC000806007900894022104A8FCF7FDFD08B1FAF79CFD122000904FF400400290039495
:200BE0006846FCF75BFD08B1FAF790FDFFF7C9FF13B030BD0D48016841F00101016041685C
:200C00000B4A1140416001680A4A11400160016821F480210160416821F4FE0141604FF4FD
:200C20001F0181600549044808607047001002400000FFF8FFFFF6FE0084000808ED00E05E
:200C40000148FEF744B80000580400200148FEF73EB800001C040020F0B50268144B154C9B
:200C6000154D4FF08047984205D0B84203D0A04201D0A84203D122F070064A683243984296
:200C800005D0B84203D0A04201D0A84203D122F44074CA68224302608A68C2620A68826212
:200CA000984201D10969016301214161F0BD0000002C0140000400400008004010B501235F
:200CC000046A8B409C430462036A8A401343036210BDD0F81802002180F8501008467047F7
:200CE00070B5D0F818420546204602F0DDFF402322460221284600F038FB002070BD10B59D
:200D00000446812100F03BFA0221204600F037FAD4F8180250B1D4F81C0204F506748068EC
:200D20008047206800F042FD00202060002010BD10B5D0F81842E16C012908D1D0F81C028B
:200D400023786178C268184690470020E064002010BD000029210180004870474000002045
:200D60000A210180004870477800002070B50646002540230322812100F0E4FA402303221A
:200D80000221304600F0DEFA542000F011FDC6F8180278B10446002084F85000D6F81C025D
:200DA00040688047402322460221304600F0DDFA284670BD0125FBE702460220002902D091
:200DC0000020C2F81C12704770B500220D78D0F81832144615F0600526D0202D4CD14A7890
:200DE000921E0A2A1CD2DFE802F010081B1B1B1B1B140C05887818643EE0012203F14001B2
:200E000031E04888000A586436E0012203F1440129E00122DA648A79194600F053F82BE0A7
:200E200000F045F8022070BD4D78062D04D00A2D1CD00B2D20D11DE04B882225B5EB132F25
:200E400007D1CA881D2A00D91D22D0F81C120C6808E02125B5EB132F04D1CA88074C092AE2
:200E600000D90922214600F047F805E0012203F14801F8E788789864002070BD6C000020DF
:200E800010B5D0F8142252689047002010BD134610B50A46002100F068FA002010BD1346EA
:200EA00010B50A46002100F00AFB002010BD10B50446802100F0DAFA2046BDE8104000212A
:200EC00000F0D4BA10B50323C0F80821C0F8F431C0F80C2113460A46002100F046FA0020EC
:200EE00010BD10B505210023C0F8F4111A46194600F03BFA002010BD10B502238261C0F804
:200F0000F431C26113460A46002100F0D8FA002010BD10B504210023C0F8F4111A46194687
:200F200000F0CDFA002010BD10B50A46024903A000F0DDF8004810BDB42D00204375737490
:200F40006F6D2048494420436F6E66696700000012200880004870470403002010B50A4655
:200F6000024903A000F0C3F8004810BDB42D0020437573746F6D2048494420496E74657230
:200F8000666163650000000004200880004870470003002010B50A46024903A000F0A7F862
:200FA000004810BDB42D0020492D434F5245000010B50A46024903A000F099F8004810BDE3
:200FC000B42D00204D43552050524F4752414D4D455220322E30000010B50A46024903A05C
:200FE00000F085F8004810BDB42D002030303030303030303030314100000000F8B5044625
:2010000048880D46010A082954D2DFE801F05304091753534951D4F81012207C0A6819E0E7
:20102000207C02260028D4F8140205D0C16A68468847014646704AE0816AF8E7C1B20629D2
:2010400026D2DFE801F0030A0F14191ED4F81012207C4A686946904718E0D4F81012207C35
:201060008A68F7E7D4F81012207CCA68F2E7D4F81012207C0A69EDE7D4F81012207C4A69FD
:20108000E8E7D4F81012207C8A69E3E701461EE0C1B2D4F814026A46836B20469847F5E7E1
:2010A000207C38B9D4F81402416B68468847EDE7207C20B129462046FFF7F9FEF8BDD4F814
:2010C0001402016B68468847014607204870BDF800000028F2D0EA88002AEFD0824200D954
:2010E0000246ADF800202046FFF706FFF8BD70B5002300281DD00446002502E06D1CEDB2F7
:20110000641C2678002EF9D1022404EB45041480CC545B1C0322CA5400245B1C06E0CA544E
:201120005B1CDAB28C54521CD3B2401C0278002AF5D170BD10B580B1D0F8143213B10023FB
:20114000C0F8143209B1C0F81012012180F8FC11027000F0AFF8002010BD022010BD10B5AC
:201160000024D0F82002FBF791FF30B1012801D0022801D0022400E00124204610BD10B5E6
:201180000024D0F82002FBF761FF30B1012801D0022801D0022400E00124204610BD2DE9A5
:2011A000F0411746044641B1D4F8140242698AB394F8FC01032842D043E0D4F8F4110025BC
:2011C00004F11400022933D1D0E902639E4207D9F31A83609AB239462046FFF760FE12E092
:2011E0004068B0FBF3F103FB1101A1B9984212D3D4F8F81188420ED2002211462046FFF73B
:201200004EFEC4F8F85100231A461946204600F0ACF80DE012E0D4F81402C16829B194F851
:20122000FC01032801D1204688472046FFF759FE94F80002012804D184F8005201E020462B
:2012400090470020BDE8F08170B51546044641B1D4F8140282693AB394F8FC01032824D063
:2012600025E0D4F8F41104F5827003291FD1D0E902218A420BD9531A83600846834200D3CF
:2012800003469AB229462046FFF701FE0FE0D4F81402016929B194F8FC01032801D12046EE
:2012A00088472046FFF735FE01E020469047002070BD000010B51A490446C1F81C04C0F862
:2012C00020121848086008204860022088600320C86000208861C86108620846FCF70CF80E
:2012E00008B1FAF713FA0022D4F820021823114604F50874FBF780FE5823002280212068EA
:20130000FBF77AFE9823002281212068FBF774FED823002202212068FBF76EFE002010BDE5
:2013200094290020005C00400A06D0F8200201F07F0100EB411002D590F82A00704790F8C5
:201340000A02704770B51D4613460024D0F820022A46FBF7BFFE30B1012801D0022801D0E6
:20136000022400E00124204670BD10B50024D0F82002FBF7D1FE30B1012801D0022801D045
:20138000022400E00124204610BD70B50022044640231146FFF7D6FF40252B460022802140
:2013A0002046C4F81051FFF7CDFF0120256284F8FC01D4F8180228B1D4F8140221794268E2
:2013C00020469047002070BD90F8FD1180F8FC110020704710B590F8FC11032904D1D0F86E
:2013E0001412C96901B18847002010BD01740020704710B50024D0F82002FCF710F830B12C
:20140000012801D0022801D0022400E00124204610BD70B5044600F50270054600F05FF811
:201420000120C4F8F401B4F80E02C4F8F80194F8080210F01F010AD001290DD0022910D0C7
:2014400000F08001204600F011F8002070BD2946204600F0AAF8F8E72946204600F08CF9DF
:20146000F3E72946204600F019F9EEE710B50024D0F82002FBF770FE30B1012801D00228AE
:2014800001D0022400E00124204610BD10B50024D0F82002FBF7DEFF30B1012801D0022876
:2014A00001D0022400E00124204610BD90F8FC1180F8FD11042180F8FC110020704710B59C
:2014C0000024D0F82002FBF772FE30B1012801D0022801D0022400E00124204610BD0A78E6
:2014E00002704A7842708A78CB7802EB032242800A794B7902EB032282808A79C97902EB60
:201500000121C18070470246002011B1C2F8141270470220704710B5D0F8142202241AB163
:201520001268904700B90024204610BD70B50E461A4D897804462970012928D894F8FC01D3
:20154000022802D0032822D105E099B10320616084F8FC0109E091B1606888420AD0C1B2DB
:201560002046FFF78DFC297861602046FFF7D3FF02280CD02046BDE87040FFF7CABC022097
:2015800084F8FC0120466160FFF77AFCF2E731462046BDE87040FFF78ABC000000000020D8
:2015A00010B5FFF773FF002010BD2DE9F0414B784FF000080125022642460A2B42D2DFE8DA
:2015C00003F03B56414F410805412926FFF716FD61E004468888C0B9C888B0B9887800F053
:2015E0007F0794F8FC0103280FD084F8FE7139462046FFF7FEFE2046FFF78BFC17B184F8E9
:20160000FC6148E084F8FC5145E020461AE0FFF78DFF40E0CB88012B14D190F8FC31022B0F
:2016200002D0032B0ED104E08260012200F1080113E00122011D10E090F8FC31022B04D00E
:20164000032B02D0FFF733FC25E0C260D0F8041201B1C660022200F10C01FFF74DFC1AE02D
:2016600004464888012816D1C4F804520BE0044690F8FC01022801D00328C6D148880128BE
:2016800009D1C4F80422D4F814028268204690472046FFF73EFC4046BDE8F08170B50D46DB
:2016A0000446287800260979C0F34110012806D06878A0B301281FD003283FD107E0D4F85C
:2016C00014022946826820469047002070BD94F8FC01022817D003282CD1688828B921B1AC
:2016E000802902D02046FFF7C1FED4F81402294682682046904713E094F8FC01022802D064
:20170000032817D103E0C9B180291BD116E06888A0B9480604D02046FFF721FDE5E703E03A
:201720002046FFF7F6FB09E094F8FC01022807D003280BD029462046FFF7B9FB304670BDC1
:201740004806FBD02046FFF791FEF7E7080601F07F0004EB001501D5143501E005F5827534
:201760002046FFF7E1FD00B101202860022229462046FFF7C1FBE1E770B5054690F8FC016D
:201780000C4603280DD1207901280AD8D5F81402826828469047E08830B92846FFF7B9FBCF
:2017A00002E02846FFF783FB002070BD70470000004870473C2900202DE9F047CC780A78CA
:2017C00048F68F1334B1012C6DD0022C08D0032C13D10BE030F822401C4044F400730AE05B
:2017E00030F822401C4020F8224006E030F822401C4044F4C06320F822300C7830F82450D8
:2018000048F68F72154048F280031D43254320F824508D7A48F6BF7904274BF68F7A48F2F7
:20182000C0044CF28006EDB30D7830F825C048F280180CEA020C4CEA080C20F825C0CD887C
:20184000B0F850C025F0010591F800800CEBC80C00EB4C0CCCF800540D89B0F850C025F023
:20186000010591F8008007EBC807674400EB4707C7F800544D78002D0D7830F825704FEA34
:2018800047477DD0002F05DA30F825701740374320F825700D7830F825707F0608D530F858
:2018A000257001E024E01DE01740274320F825700C7830F824501540354320F824500C7846
:2018C00030F8242002EA09021A4320F824200A7830F8221001EA0A01194320F82210002054
:2018E000BDE8F08730F822401C4044F4806382E74D78F5B18D88B0F8506025F001050F78E8
:2019000006EBC70600EB4606C6F800540D7830F82560760605D530F825601640264320F8B4
:2019200025600A7830F8221001EA090181F02001D2E78C88B0F8505024F0010491F800C048
:2019400007EBCC073D4400EB4505C5F80044B0F850400D78062707EBC5052C4400EB4407BF
:201960000C694FF6FF7C07F580673E2C0CD9C4F34F15E40601D16D1EADB20CEA852400E0C0
:201980001EE044F4004407E0C4F34F05E40701D06D1CADB20CEA85243C600C7830F82450DC
:2019A0006D0405D530F824501540354320F824500A7830F8221001EA0A0181F440518BE79D
:2019C000002F05DA30F825701740374320F825700D7830F82560760605D530F82560164033
:2019E000264320F825600E7830F826501540254320F826500C7830F8242002EA0A0282F414
:201A000040521A4320F824200A7830F8221001EA090161E7002070472DE9F04391F80A802F
:201A200091F801C00A7848F6BF774BF68F7948F2800348F2C0054CF2800648F68F74B8F1B3
:201A4000000F2ED0BCF1000F30F822C04FEA4C4C4ED0BCF1000F07DA30F822C00CEA040C17
:201A60004CEA060C20F822C00A7830F822C05FEA4C6C07D530F822C00CEA040C4CEA050C64
:201A800020F822C00A7830F822502540354320F822500C7830F824203A401A4320F82420A6
:201AA0001BE0BCF1000F0ED030F82260760605D530F8226026402E4320F822600A7830F8CC
:201AC000221039400EE030F822506D0405D530F822502540354320F822500A7830F82210AB
:201AE00001EA0901194320F822100020BDE8F083BCF1000F07DA30F822C00CEA040C4CEA30
:201B0000060C20F822C00A7830F82260760605D530F8226026402E4320F822600E7830F86E
:201B2000262022402A4320F826200C7830F8242002EA09021A4320F82420BFE70020704715
:201B400000207047012120F8401F00210180818001820846704730F8401F21F43D4101804F
:201B6000002070470020704730B54D780A78002D48F68F7430F8225048F2800312D06D0671
:201B800007D530F82250254048F2C004254320F822500A7830F8221048F6BF74214081F05B
:201BA000300111E06D0407D530F8225025404CF28004254320F822500A7830F822104BF6E6
:201BC0008F74214081F44051194320F82210002030BD10B50A7848F2800352B149780029F7
:201BE00030F8221010D048F6BF74214081F010010FE001884BF6BF72114081F4805181F065
:201C000010011943018007E04BF68F74214081F48051194320F82210002010BD2DE9F0412A
:201C20000D460646896995F801C00023AA7A022728690C4648F28008BCF1010F05D081425B
:201C400052D90446081AA8614FE0814203D90446081AA86100E0AB617AB1287836F820108C
:201C60004906B6F8501007EBC000084406EB4000C0F8004412D52A8911E0A3B2AA88304654
:201C8000696900F0C8F8B6F85000297807EBC101084406EB4000C0F800441CE0EA88A3B233
:201CA0003046696900F0B7F8687848F68F7110B1012807D00FE0287836F820200A4048F2DD
:201CC000C00105E0287836F820200A404CF280010A4326F82020297836F8210048F6BF723D
:201CE000104080F0300067E0AB6106234FF6FF701AB1BCF1000F1BD056E0B6F850102A786C
:201D00003E2C03EBC202114406EB410202F5806239D9C4F34F11E30632D000BF00EA8120E7
:201D200040F4004002E000BF00EA812010603BE0B6F850102A783E2C07EBC202114406EB62
:201D4000410202F580620BD9C4F34F115FEAC46C01D1491E89B200EA812141F4004108E095
:201D6000C4F34F015FEAC47C01D0491C89B200EA8121116069780029BFD001290AD013E0D5
:201D8000491E89B2CAE7C4F34F01E307CCD0491C89B2C9E7B6F85000297807EBC101084474
:201DA00006EB4000C0F80044297836F821004BF68F72104080F4405040EA080026F82100FF
:201DC0000020BDE8F08130F8401F41F43D410180002070470148FBF709BA00009429002060
:201DE000B0F84400704700005B1C00EB42005B0800F5806006D000BF30F8042B21F8022B32
:201E00005B1EF9D170470020704711B98021A0F84C100020704710B55B1C00EB42005B08EF
:201E200000F5806009D011F8012B5B1E11F8014B42EA042220F8042BF5D110BD30B5204878
:201E4000008800EB40011F4800EB8110817BB0F85C30B0F85E50B0F86020B0F862400A29C0
:201E600014D0D9B2EBB201EB0321D2B201EB024101EB0461CAB220F85C2FC1F30722428084
:201E8000C1F307428280090EC18030BD2D040021ED1841EB01034D195A4123044C19534156
:201EA00090F96420D1171219594120F85C2F120C42EA014242800B0C8180C38030BD00002E
:201EC0008E000020A40400202DE9F04F3DA393B00FCB8DE80F00DFF8008100263D4DD8F8DE
:201EE0001C004FF4C027344600F00200022829D010220CA93948FDF761FC00200CA96A46CF
:201F00000B5C12F800C063451CD1401CC0B21028F6D33248042204A91830FDF74FFC2878B8
:201F20006978EA7800EB0120A978090401EB026108440499814205D0D8F82000401C3AD0FE
:201F400001F082FE13B0BDE8F08F00BFFAF760FECDF820B0CDE909A412A908A8CDF82CA027
:201F6000FAF718FD04F10060F9F7BCF9B0F57F3FE8D14A461A493846FDF720FCDFF860800D
:201F8000002500BF58F80520002321460220FAF7FFFD2D1DADB2241D4D45F3D306F580662C
:201FA00007F58067FAF7D8FD052000F0E4FBB6F5044FCBD3C6E74FF0010A4FF0000B4FF464
:201FC0008069C3E74D4355424F4F544C4F41444552202020F87F000800200240E07F0600F8
:201FE000B41200207CB5FA48FA49098800EB01100068002878D0F648F649098800EB0110D6
:202000000068401EC0F3CE04F148F249098800EB01100078401E00F007050120A840C04396
:20202000C0B20190FF20A8409DF8041000EA0106E848008860B904F57020012201A900F0E5
:202040000FFB04F5702001226946FDF7B7FB17E0E0490988491E4FF4401202EB4141081938
:20206000012201A900F0FCFADA490988491E4FF4401202EB4141081901226946FDF79EFB0E
:202080009DF80000B04201D088207CBDD148008860B904F57820012201A900F0E1FA04F52B
:2020A000782001226946FDF789FB17E0C9490988491E4FF4421202EB41410819012201A949
:2020C00000F0CEFAC3490988491E4FF4421202EB4141081901226946FDF770FB9DF8000057
:2020E000B04202D08820D0E781E0B948B949098800EB01100088C0F30C00002877D1B44819
:20210000B449098800EB01100068401E040CB048B049098800EB01100088401EC0F34235D1
:202120000120A840C043C0B20190FF20A8409DF8041000EA0106A748008860B904F56020E6
:20214000012201A900F08CFA04F5602001226946FDF734FB17E09F490988491E4FF438126A
:2021600002EB41310819012201A900F079FA99490988491E4FF4381202EB413108190122A5
:202180006946FDF71BFB9DF80000B04201D088207BE79048008870B904F56020803001224F
:2021A00001A900F05DFA04F56020803001226946FDF704FB15E087490988491E864A02EBC6
:2021C00041310819012201A900F04AFA81490988491E814A02EB4131081901226946FDF798
:2021E000EDFA9DF80000B04202D088204DE71BE077487849098800EB01100068C0F311008F
:2022000090B97448008828B94FF470210120F9F73DFA09E06F480088401E4FF4401202EB2C
:2022200040410120F9F732FA69486A49098800EB01104068002878D065486649098800EBFF
:2022400001104068401EC0F3CE0461486149098800EB01100079401E00F007050120A84026
:20226000C043C0B20190FF20A8409DF8041000EA01065848008860B904F55020012201A940
:2022800000F0EEF904F5502001226946FDF796FA17E050490988491E4FF4441202EB414118
:2022A0000819012201A900F0DBF94A490988491E4FF4441202EB4141081901226946FDF7F2
:2022C0007DFA9DF80000B04201D08820DDE64148008860B904F55820012201A900F0C0F9B3
:2022E00004F5582001226946FDF768FA17E039490988491E4FF4461202EB41410819012286
:2023000001A900F0ADF933490988491E4FF4461202EB4141081901226946FDF74FFA9DF83A
:202320000000B04202D08820AFE687E028482949098800EB01108088C0F30C0000287DD189
:2023400023482449098800EB01104068401E040C1F482049098800EB01108088401EC0F38C
:2023600042350120A840C043C0B20190FF20A8409DF8041000EA01061648008860B904F53E
:202380004020012201A900F06BF904F5402001226946FDF713FA15E00E490988491E0F4AF3
:2023A00002EB41310819012201A900F059F909490988491E094A02EB41310819012269469F
:2023C000FDF7FCF99DF80000B04209D088205CE6B81000208E00002080002E0000102E0048
:2023E0002648008870B904F540208030012201A900F036F904F54020803001226946FDF7FA
:20240000DDF915E01D490988491E1D4A02EB41310819012201A900F023F918490988491E7A
:20242000174A02EB4131081901226946FDF7C6F99DF80000B04202D0882026E61BE01148D5
:202440000E49098800EB01104068C0F3110090B90A48008828B94FF450210120F9F716F954
:2024600009E006480088401E4FF4441202EB40410120F9F70BF9002007E600008E00002068
:2024800080002E00B8100020FEE7000070B53548F9F70CFE0A203449086001204860052028
:2024A00088603048F9F766FE00224FF480512F48FAF7C8FC962000F05EF92A48FAF762F84C
:2024C00032212848F9F7C6FF2648F9F707FF85B240F6E44105FB01F0C11700EB115109135C
:2024E0004FF6FF7202EA410441F29410844234DD41F25040844230DA012211031B48FAF729
:20250000A1FC962000F037F91648FAF73BF832211448F9F79FFF1348F9F7E0FE85B240F6F3
:20252000E44105FB01F0C11700EB115109134FF6FF7202EA410400224FF480510B48FAF7E3
:2025400081FC962000F017F9B4F5616F03DC40F6B830844203DA102070BD1120FCE700209E
:20256000FAE700003C030020F4250020000C014070B52148F9F79AFD0B2020490860012063
:202580004860052088601C48F9F7F4FD00224FF480511B48FAF756FC962000F0ECF80120BA
:2025A00018490860962000F0E6F81348F9F7EAFF32211148F9F74EFF0F48F9F78FFE85B2A6
:2025C00040F6E44105FB01F0C11700EB115109134FF6FF7202EA410400200B49C1F8B801A1
:2025E00041F25040844203DC41F29410844201DA202070BD0020FCE73C030020F4250020F3
:20260000000C0140B8012242000022421CB5FF20019005200090002210210F48FAF712FC0D
:202620000DE04FF47A73012269460C48FBF711FF4FF47A73012201A90848FBF783FD9DF801
:20264000040000F001000028EBD1012210210248FAF7F8FB1CBD0000000801406C0300206E
:202660002DE9F04781468A461546C846FFF7CEFF00F01CF8002414E008F0FF0080F0FF00C8
:20268000461C281BB04201DD374601E0281B87B20AEB04013A464046FDF7BEFDE01984B20D
:2026A000B844AC42E8DBBDE8F087000008B506200090002210210848FAF7C4FB4FF47A735B
:2026C000012269460548FBF7C4FE012210210248FAF7B8FB08BD0000000801406C03002048
:2026E00002E008C8121F08C1002AFAD170477047002001E001C1121F002AFBD1704770B505
:202700004FF6FC71B0B1012813D12923020200F035FF002500240020F6F7A0F80A2000F01D
:202720004BF8641CA4B2FF2CF5D96D1CADB2292DF0D370BD0C23C022012000F01FFF0024F5
:2027400000250020F6F78AF80A2000F035F86D1CADB2C02DF5D3641CA4B20C2CF0D370BDE3
:2027600010B500F007F810BD0020401C80B26428FBD37047704741F672710B4603E0491EAD
:2027800089B2FCD21946401EF9D2704742F2283148434FF0E021486100208861086940F046
:2027A00001000861012008610A69D203FBD5086920F0010008617047A8B100EBC0014FF027
:2027C000E0200839416100218161016941F001010161012101610269D203FBD5016921F005
:2027E00001010161704700BF00BF00BF00BF00BF00BF00BF00BF00BF00BF00BF00BF00BF0B
:2028000000BF00BF00BF00BF704700002DE9F04107461D4614460E463020F6F705F8F02016
:20282000F6F702F82846F6F719F8102D02D0112D0BD104E0761F0223B1B2082202E00223EA
:2028400008223146384600F099FE202C02D3203CE0B200E000200A49002501EB0016002425
:2028600004EBC500305CF5F7F9FF641CA4B2082CF6D36D1CADB2022DF1D3BDE8F081000070
:20288000004F01082DE9F04798461646894605460024089F08E0325D434649462846FFF781
:2028A000B5FF0835ADB2641CBC42F4DBBDE8F08710B50FA18AB00FC901AC84E80F0010A3FD
:2028C00005AC0FCB84E80F000020FFF718FF1024234601AA032120200094FFF7D3FF10238A
:2028E00005AA052120200094FFF7CCFF0AB010BD202020204175746F5465737420202020AE
:2029000020506C656173652057616974696E67207FB512A20C46054607CA01AB83E80700B6
:2029200012481149008831F8101051B9104900EB400001EB801002AAB0F87200042101F02C
:202940003DF901A8F5F722FEC0B20090102301AA21462846FFF796FF7FBD00004352433AFE
:202960002020202000000000320200208E000020A404002010B50FA18AB00FC901AC84E86D
:202980000F0010A305AC0FCB84E80F000020FFF7B6FE1024234601AA032120200094FFF76F
:2029A00071FF102305AA052120200094FFF76AFF0AB010BD20202020434845434B2049435B
:2029C0002020202020506C656173652057616974696E67200C4A117820B1012908D9491EC8
:2029E000117007E0022901D2491CF9E7012000E0022010701078012803D0022803D100F017
:202A00003DB800F093BA7047C00000207FB515A201AB07CA83E8070001A8F5F7B7FDC0B258
:202A20000090102301AA03210220FFF72BFF114C0F49208831F81010002912D10E4D00EBCA
:202A4000400005EB8010F5F7A1FDC0B200902088102300EB400005EB801203212820FFF740
:202A600011FF7FBD49433A202020202000000000320200208E000020A404002010B54CA326
:202A800094B00FCB07AC84E80F004DA11822D1E90001CDE90B014CA101A8F5F753FD50A083
:202AA000006811904FA0006812904FA0006813904E48016800200A2403E0B1FBF4F1401CFD
:202AC000C0B20029F9D1C01CC0B2C0F1100000EBD07107AA02EB610221F00101401A104494
:202AE000F8F782FF42480188002003E0B1FBF4F1401CC0B20029F9D1C01CC0B2C0F10600F9
:202B000000EBD0710BAA02EB610221F00101401A1044FCF7B1F9102236490DA8F5F712FDC5
:202B20000020FFF7ECFD01A8F5F730FDC0B20090102301AA01210820FFF7A4FE12A8F5F76C
:202B400025FDC0B20090102312AA04210820FFF799FE0520009010230BAA04213020FFF780
:202B600091FE13A8F5F712FDC0B20090102313AA07210820FFF786FE102423460DAA0721D8
:202B800030200094FFF77EFE11A8F5F7FFFCC0B20090102311AA0A210820FFF773FE102362
:202BA00007AA0A2120200094FFF76CFE14B010BD2020202020202020202020202020202074
:202BC000202020202000000044453A2020692D5772697465722047414E472D3400000000A1
:202BE00046573A0048573A0049433A00F8FF0108FC7F0008C0FF01087FB51CA201AB07CAA5
:202C000083E8070001A8F5F7C1FCC0B20090102301AA05210220FFF735FE184C1649208834
:202C200031F81010002920D1154D00EB400005EB80107C30F5F7AAFC182801D3182008E0B2
:202C4000208800EB400005EB80107C30F5F79EFCC0B200902088102300EB400005EB801265
:202C6000052130207C32FFF70DFE7FBD46696C653A20202020200000320200208E00002097
:202C8000A404002010B51EA18EB00FC901AC84E80F001FA105AC0FC984E80F0020A309AC6E
:202CA0000FCB84E80F0001A8F5F770FCC0B20090102301AA0B210220FFF7E4FD1C480D2424
:202CC000008800EB40011B4800EB811191F8BC0055280AD0AA2806D1102309AA00940B2175
:202CE0005A20FFF7CFFD0EB010BD91F8BE000DF11F02022100F07CFF102305AA0094EEE7CE
:202D000050726F674D6F64653A202020000000004175746F2020204E756D3A202000000059
:202D20004D616E75616C202020202020200000008E000020A404002010B50FA18AB00FC958
:202D400001AC84E80F0010A305AC0FCB84E80F000020FFF7D4FC1024234601AA0321202000
:202D60000094FFF78FFD102305AA052120200094FFF788FD0AB010BD20202050726F6772F5
:202D8000616D6D696E67202020506C656173652057616974696E672010B50FA18AB00FC966
:202DA00001AC84E80F0010A305AC0FCB84E80F000020FFF7A4FC1024234601AA03212020D0
:202DC0000094FFF75FFD102305AA052120200094FFF758FD0AB010BD20202052656164691A
:202DE0006E6720495243202020506C656173652057616974696E672008B50E4A0C4B12882D
:202E000033F81230002B0FD10B4B02EB420203EB821292F8BD300222002B4FF01003009287
:202E200003D006A2FFF72EFD08BD05A2FAE70000320200208E000020A40400204C53000040
:202E40004853000000B58FB01C2212A101A8F5F779FB1C2216A108A8F5F774FB0020FFF7D3
:202E60004EFC01A8F5F792FBC0B20090102301AA04210220FFF706FD08A8F5F787FBC0B236
:202E80000090102308AA07210220FFF7FBFC0FB000BD00002020202020556E737461626C91
:202EA0006520706F776572202020202020200000202020506C6561736520636865636B2187
:202EC00021212121212121212120000010B50FA18AB00FC901AC84E80F0010A305AC0FCBBC
:202EE00084E80F000020FFF70AFC1024234601AA032120200094FFF7C5FC102305AA05213C
:202F000020200094FFF7BEFC0AB010BD2020202020566572696679202020202020506C65B0
:202F20006173652057616974696E672010B50020FFF7E5FB0721022000F014F8FFF766FDEB
:202F400000F05AFAFFF758FE07215A20FFF7E0FC00F096F8FFF796FE0121BDE81040A82086
:202F6000FFF74ABF70B5364A0D4606460FCA86B001AC84E80F0033480188334801EB410229
:202F800000EB821301AA987B0C2804D02F4C34F8111089B323E0D87B0B2807D0588B00287C
:202FA00033F8660F998814D0084446E033F8660FD21C9988084480B2042100F0FFFD01A813
:202FC000F5F7E4FAC0B210230521009001AA02200EE0084480B20421D21C00F0EFFD01A8FB
:202FE000F5F7D4FAC0B20090102301AA29463046FFF748FC06B070BDFFE7332818D1DC7BB4
:20300000022C15D0032C13D0062C11D00F2C12D0132C10D0152C0ED0162C0CD0172C0AD0E2
:203020001A2C08D01D2C06D0202C04D0222C02D0B3F86600CFE733F8660F1989C9E700005A
:20304000E04501088E000020A40400203202002008B50020FFF753FB12200090102303A2BD
:2030600004211820FFF70EFC08BD0000504C454153452043484F4F53452046494C45000053
:2030800030B51BA087B007C801AB204D83E807001AA004AB07C883E807001B4C28880DF140
:2030A000070204EB00100621006800F0A1FD28880DF1150204EB00100621406800F098FDD3
:2030C00001A8F5F763FAC0B20090102301AA09210220FFF7D7FB04A8F5F758FAC0B200901E
:2030E000102304AA09215A20FFF7CCFB07B030BD4F4B3A2020202020200000004641494C3A
:203100003A20202020202000B81000208E000020F8B5833815460E46192842D2DFE800F0FC
:203120000D0F4112151D20234141414141264343292C2F433235383B3E002E4C33E02D4CD5
:20314000103430E02B4C303C01E02A4C203CA21C0121681C00F04CFD25E0264C2034F6E740
:20316000244C3034F3E7234C5034F0E7214CC03CEDE7204CB03CEAE71E4CA03CE7E71D4CF4
:20318000903CE4E71B4C503CE1E71A4C603CDEE7184C103C07E0174C6034D8E7154C403CEC
:2031A000D5E7144CD03C102035B1012D09D0022D13D0032D0CD116E0102322460321009066
:2031C0000FE0102322460321009010E0FFF75AFB3046BDE8F840FDF745BC1023224605216D
:2031E00000900220F2E710232246052100906220ECE70000C101002010B58EB018220EA1D0
:2032000001A8F5F79FF9182211A107A8F5F79AF90020FFF774FA1624102301AA0321184649
:203220000094FFF72FFB102307AA062118460094FFF728FB0EB010BD20206669726D776173
:20324000726520435243206572726F7220200000506C656173652075706461746520666929
:20326000726D77617265000038B50C460546184A0121601C00F0BCFC082234B1012C0AD078
:20328000022C16D0032C0FD11AE00092104A1023921E032112E000920D4A1023921E03213C
:2032A00013E000BFFFF7EEFA2846BDE83840FDF7D9BB0092064A1023921E05210220F1E786
:2032C0000092034A1023921E05216220EAE70000D300002070B51D4D687838B3FE20A97827
:2032E00031B380F00400E97829B380F01000297921B380F040060020FFF701FA00F07CF818
:20330000002428194078E0B122463146FFF700FF641CE4B2042CF4D30B210220FFF722FEBA
:20332000BDE870400B215A20FFF7F2BAFD20D6E780F00800D7E780F02000D8E780F080069B
:20334000D9E721463046FFF78FFFE1E7A41000202DE9F041264E274FFF253288002002EB94
:20336000420207EB82120224DFF88080012192F8BE300AE008EB000252787AB1420001FADB
:2033800002F26A40401CD5B2C0B28342F2D80020FFF7B5F900F030F800240FE04FEA400C37
:2033A00004FA0CF2EDE700BF08EB04004078C0B122462946FFF7ACFE641CE4B2308800EB2E
:2033C000400007EB801090F8BE00A042ECD80B210220FFF7C7FDBDE8F0410B215A20FFF7C5
:2033E00097BA21462846FFF73FFFE5E7A41000208E000020A40400200EB50CA10DF10902E4
:20340000D1E90001CDE901010A480221008800F0EFFB01A8F5F7BAF8C0B20090102301AA3B
:2034200001210220FFF72EFA0EBD0000436F6465205858008E00002070B590B00E46054662
:2034400014221AA101A8F5F77DF814221CA106A8F5F778F814221FA10BA8F5F773F8102440
:203460007DB1012D1AD0022D09D10020FFF747F910230BAA009405212020FFF703FA10B012
:2034800070BD0DF111020321304600F0B1FB0020FFF735F9102301AA0094ECE70020FFF719
:2034A0002EF9102306AA0094E5E70000457261736520426C6F636B20202020200000000007
:2034C00057726974652F526561642030783535200000000057726974652F526561642030DE
:2034E000784141200000000010B51AA386B00FCB01AC84E80F001B48016800200A2203E0FD
:20350000B1FBF2F1401CC0B20029F9D1C01CC0B2C0F1100000EBD07101AA02EB610221F014
:203520000101401A1044F8F75FFA0020FFF7E7F8102423460CA2042120200094FFF7A2F9C9
:20354000102301AA072120200094FFF79BF906B010BD000020202020202020202020202004
:2035600020202020F8FF010820692D5772697465722047414E472D34200000002DE9F04193
:20358000441E1D46164601F109073020F5F74CF90A20FFF711F91520F5F746F90A20FFF7DD
:2035A0000BF9E0B2F5F75AF90A20FFF705F9A019401EC0B2F5F752F90A20FFF7FDF87520AE
:2035C000F5F732F90A20FFF7F7F8F8B2F5F746F90A20FFF7F1F87819401EC0B2F5F73EF963
:2035E0000A20FFF7E9F85C20F5F71EF9BDE8F0410A20FFF7E1B800001CB500270024002080
:2036000001900090002500268046F9F72FFCFDF7BDFAFBF7E7FCFBF7C7FCFBF79FFCFBF7A9
:203620003FFEFBF7D9FDFEF74FFCFBF7F7FDF5F7B7F9F5F74FF8F8F703F8FBF713FEFCF7B0
:2036400011F8FF20FDF70EFAFF20FDF737FAC820FFF79CF8FFF748FF40F2DC50FFF796F871
:20366000FBF724FCFE48FBF721FADFF8F8A300208AF80400FFF704FD4FF00109DFF8E8A32B
:20368000DAF8140160B96420FFF780F8DAF8140130B9012E0BD00020FFF79CF90120019001
:2036A000019878B3F148006801281FD02AE04FF00108EC49C8880F2802D2401CC88001E026
:2036C0000020C880FFF732FCF7F7D6FE0720F9F739FC4FF4104B59460020F7F7D7FFE14905
:2036E0000222891D5846FEF7BBFFD9E700200190DC49487860B10A78022A0CD000204870EA
:2037000081F80090DFF868B3DBF8000130B112E081F80190F4E7401C4870F1E76420FFF7BC
:2037200035F8DBF8000130B9012E0BD00120FFF751F901200090009878B3DAF814010128B0
:203740001ED032E04FF00108C649C88810B1401EC88001E00F20C880FFF7E8FBF7F78CFEB2
:203760000720F9F7EFFB4FF4104B59460020F7F78DFFBC490222891D5846FEF771FFDAE7DE
:2037800000200090B7480178012907D000214170022101704078062804D006E04178491CDC
:2037A0004170F5E70720F9F7CDFBDFF8C8A2DAF80401002846D10A20FEF7E8FFAE480068E2
:2037C0000028F7D1FF20FDF74DF9DFF898A24FF0000B8AF800B09AF80100062811D18AF8EE
:2037E00001B0FDF7AFF840F2DC50FEF7CFFFFFF79DFB06E00120FEF7C9FF641CB4F5FA6F78
:2038000003D09D4800680028F4D0B4F5FA6F02D10126FFF71DFC0024B8F1010F01D1A046EC
:2038200000269AF80300012806D1FEF72FFE8AF8030008B9F7F720FE9AF8031019B10020CA
:20384000F7F76AFEDEE0BAF80600854900EB40004C3101EB801090F8BC00552802D0AA2845
:203860000AD0CFE0002E06D1F7F74AFD8AF802900720F9F772FBC5E0002E7DD1FF20FDF7B9
:20388000F1F8DFF8E0A18AF800B08AF801B0F7F737FDBAF80600724900EB40024C3101EB57
:2038A0008212B2F84410CB0706D0744B926F03EB00131B6893420AD2704B714A03EB001065
:2038C000D0F800A0924502D84068904207D96B488A21143841708170C170017141E0480617
:2038E0000AD5F7F76DFD38B164488921143841708170C170017134E0F4F7D6FFDFF87CB1E9
:20390000ABF1140B9BF8010050B99BF8020038B99BF8030020B99BF8040008B9F4F7BAFF5E
:203920004FF0000A5548143800EB0A0B9BF8010070B34C485149C08801EB00104168491C1E
:2039400041609BF80100C0B3FEF74CFB20B18BF80100444880F803900AF1010ABAF1040FD3
:20396000E0DBFFF7B7FCFFF78BFB3E48C08800EB40013B484C3000E044E000EB8110B0F846
:20398000440000052ED53D481438417801B325E034483A49C08801EB00110A68521C0A600A
:2039A00000EB40012E484C3000EB811090F846000028C6D0FEF742FAC3E7FFE7FEF712FB1E
:2039C0008BF801000028C7D0264880F80390C3E7817819B9C17809B90079B0B10121962009
:2039E000F4F78AFF0020254914390A1852780AB17F1CFFB2401CC0B20428F6D3384600F054
:203A0000A3F80027DFF85CB070E000219620F4F773FFE7E70025FEF7ADFFF4F739FF9BF833
:203A200004108BF805100020DFF850A0AAF1140A0AEB000252780AB96D1CEDB2401CC0B2C0
:203A40000428F5D3BBF8060000EB400204484C3000EB821090F8BE00A84216D812E0000037
:203A600058040020880000200000224200812142008021420000214204012142B810002044
:203A80003F420F008BF8049003E04FF000008BF804009BF80400012824D119BB9AF80100BA
:203AA00040B19AF8020028B19AF8030010B19AF80400B8B9FF20FCF7D5FFF4F7F5FE9AF8F5
:203AC000010078B99AF8020060B99AF8030048B99AF8040030B9F4F7DDFEFBF7F1FDC82064
:203AE000FEF754FE0125C820FEF750FEBBF8060000EB40010A4800EB811090F8BC005528BA
:203B000003D19BF80200002884D1002D3FF4B6ADFFF70CFA00250720F9F714FAAEE5000023
:203B2000A40400200649074B002000BF11F8012B1A54401CC0B20C28F8D3024870470000CC
:203B4000E8F7FF1F9812002002461048417879B1FE21837873B181F00401C3786BB181F09F
:203B60001001007960B181F0400062B1F7F76EBFFD21EEE781F00801EFE781F02001F0E71F
:203B800081F08000F1E7FBF785BD0000A410002070B50346002002466FF02F050BE09C5C08
:203BA000A4F13006092E08D800EB800005EB4000521C2044D2B28A42F1D370BDF0B50023AD
:203BC000094C0A4E55180CE0CF1A00F00F022744000907F8012CEF1AB25C5B1C07F8012C9B
:203BE000DBB28B42F0D3F0BDA4120020D0450108F0B500230A24094D0A440BE0B0FBF4F6ED
:203C000004FB1606B0FBF4F0D71AAE5D5B1C07F8016CDBB28B42F1D3F0BD0000D045010832
:203C200070B50023074C0A4409E000BF00F00F05D61A0009655D5B1C06F8015CDBB28B4208
:203C4000F4D370BDD045010800B587B0F8F7E0FFF8F78CFF01200021CDE90001FF21CDE94F
:203C600002106846F8F714FFF9F7B4F907B000BD70B504460A4D10E0402C01D9402000E035
:203C8000E0B2201A84B20520FEF775FD40232A4681210448F9F78BFA4035002CECD170BDD5
:203CA000B4120020942900202DE9F04F97B004463C2101A8F4F75FFCF948002700680090AF
:203CC000F84882782AB921780170617841708760C7600546DFF8D093F2490078B9F800C07C
:203CE000F24E4968F0384FF4FA7A4FF0010B082877D2DFE800F08A7604767635F5F468788B
:203D0000122809D0812824D0822825D083287CD1A078F4F7C1FD4EE2E2208DF800002220A2
:203D20008DF801008DF802708DF8037040236A468121DF48F9F73BFAAF705046FEF71BFD4B
:203D40000122D103DB48F9F77DF8DB495A200870ACE3F4F7A5FD2EE2A078F4F79EFD2AE2F8
:203D6000D04B687814331093422831D04FF0E50AB1284DD0CC4BB228B3F800804FF46023ED
:203D800003EB48437DD0AE46C74D4FF40038B3282D8808EB0538754675D0B42874D0C22810
:203DA00073D0C32872D0342871D0332870D0C4286FD0D1286ED0D2286DD0D3286CD000206B
:203DC0006946225C0A54401C80B24028F9D3ECE31846F7F7F9FFA87DEF602C466860109D28
:203DE0000EE0DAE311E040232A468121B048F9F7DEF90A20FEF7BFFCE06840304035E060AC
:203E00006168E0688842EED3A77017B0BDE8F08FC2B3A868884210D20020AA68215C00F133
:203E200014032A44401CD154328880B2114431804028F2D3A8684030A86069688842E4D185
:203E4000288A3188884240D1FCF72AFBF760B5F8140198B34FF49E2101EB00305FF0C00172
:203E6000F7F742FF308002228F494FF41040FBF7A5FCB9F8000000EB4001904800EB811010
:203E80000BE02EE00EE0EFE02CE15FE194E19BE1BCE1C1E1D4E107E250E290F8BC0055285E
:203EA00010D012E085F802B034F8030F686060882882A088A5F814013780A6E7FFE7C02184
:203EC0000020CDE70720F9F748F88DF800A0B1208DF8010002208DF802003088FAE0AFE26F
:203EE00089E252B1B1F5803F51D9A868B0F5803F32D2BCF1000F26D02AE085F802B02079C9
:203F0000617EE27800EB0160A17E4C46090401EB022108446860BCF1000F0CD01946012023
:203F2000F7F7B4FB21884FF4702000EB41410120F7F7ACFB69E74FF480310120F7F7A6FB51
:203F40004FF44031F3E74022214600F580300AE018444022214606E0BCF1000FF8D1402289
:203F6000214600F50030FEF77BFBA8684030A860D5F804804045A0D1B9F800104FF0000B70
:203F800051B14FF4602202EB414437802CE0A868BCF1000FDCD1D6E74FF48034F5E700BF5D
:203FA0004FF48065A84501D21FFA88F529462046F7F79AFE31882C4408443080B9F8000052
:203FC00020B9B4F5003F01D14FF440344FF4004101EB4B00A8EB050802223449FEF740FB6B
:203FE0000BF101001FFA80FBB8F1000FD8D18DF800A0B2208DF8010002208DF802003088F1
:204000008DF80400010A8DF8031040236A4681212748F9F7CCF823498F70B9F8000000EB95
:204020004001264800EB81103188B0F868008842A1D1F7F721FAFBF765FFF06818B1204868
:204040000078002897D1FBF75DFFF068002892D14FF4BE242146F7F719FB144904220C31D9
:204060002046FEF7FDFAD0E662B3A868884207D2404440222146FEF7F3FAA8684030A860B9
:2040800069688842EFD3B9F800204FF4003000EB0230F7F729FE30808DF800A0B3214FE075
:2040A00000460108002600208E000020980200209429002000100140FC4F0020A4040020A2
:2040C00096020020FFE785F802B0A0784146CEF804001CE0010A8DF803108DF8040040231F
:2040E0006A4645E2F9484FF48023008803EB003022B1AA688A420CD3104612E085F802B015
:204100002179E27801EB0221CEF80410014600200EE7104440222146FEF7A2FAA868403038
:20412000A860696888429ED1B9F800204FF4802000EB0230F7F7D8FD30808DF800A0B4212F
:204140008DF8011002218DF80210C3E7C846BCF1000F0FD0B36020796179E27800EB016090
:20416000A1794FF40034090401EB022108446860E8681DE04FF48030B060ECE7B8F800109B
:2041800021B9B1684218A24200D1B460B168402208441099FBF712FB40238121CC48109AD7
:2041A000F9F705F80A20FEF7E6FAE8684030E86069688842E2D1DFE1404640221099FBF77A
:2041C000FDFA4023109AD3E12179E0784FF4802401EB002068604E46E86813E03188402288
:2041E00004EB013108441099FBF7E8FA40238121B748109AF8F7DBFF0A20FEF7BCFAE86839
:204200004030E86069688842E8D1B5E18DF800A033208DF8010062E78DF800A08DF801000A
:2042200032208DF802000021202268464318491C89B2DA701029F9D3C01CF7F7D5FB4EE77B
:204240008DF800A0D1208DF8010009208DF80200D4F80300F06010A9E01DFCF70DF88DF8C0
:204260000300F0689B4C020E82EA1041030A5940414021708DF804008DF80530000C8DF8A3
:2042800006008DF807209DF840008DF808009DF841008DF809009DF842008DF80A009DF8AB
:2042A00043008DF80B001AE7A078F7F709F9FBF729FEFBF7C5FDA078A9F80000C8464FF44B
:2042C000806B776048B14FF4602101EB404400254FF440394FF4702709E04FF48034F6E777
:2042E000402D04D1B8F8000030B307EB404459462046F7F7F9FC71686D1C0844ADB27060AE
:20430000802DEDD3FEF712FE8DF800A0D2208DF8010070684023010E8DF80210010C8DF81B
:204320000310010A8DF804108DF805006A4681216748F8F73CFF68E54C46D8E78DF800A04E
:20434000D3208DF80100142010971197002412978DF80200FFF7E6FB002113AE425C7254F0
:20436000491CC9B20C29F9D308215B48FBF728FD002010A95FF0000251F8203002EB800C3D
:204380001B0241F8203016F80CC0521C43EA0C03D2B241F82030042AEED3401C5C40C0B28D
:2043A0000328E7D34C4E00205FF0000241F8207051F8203002EB800C1B0241F8203016F87E
:2043C0000CC0521C43EA0C03D2B241F82030042AEED3401C5C40C0B20228E5D300216A464E
:2043E000CB0024FA03F05318491CC9B2D8700429F6D34023BCE02C466D78662D9BD11022D1
:20440000364910A8F4F79EF8E6208DF800008DF8015032208DF80200002010AA6946135CB2
:204420000D18401C80B2EB701028F8D30A46402381212748F8F7BBFEA770FEF777FDE4E4B7
:2044400068784FF0E708012833D0022878D00328F5D14FF4C029C2B3A868884208D2402208
:20446000214600F5C020FEF7FBF8A8684030A86069688842E3D14846F7F70AFC30808DF88A
:20448000008003218DF8011002218DF80210010A8DF803108DF8040040236A4681210C48F3
:2044A000F8F785FEAF705046FEF765F9F8F792FDABE406484FF49C0A03880AEB43407AB110
:2044C000AA688A4224D310462AE057E08E0000209429002097020020A8020020C0FF01089A
:2044E00085F802B0A179E278637901EB026122794C46120402EB0322114469600146012013
:20450000F7F7C4F820884FF49E0101EB40410EE5104440222146FEF7A3F8A8684030A860D2
:20452000696888428BD1B9F800200AEB4240F7F7AFFB30808DF800808DF801B002E6FFE7EB
:204540001B4CFEF7F3FC8DF8008002208DF8010004208DF8020020788DF8030060788DF83B
:204560000400A0788DF80500E0788DF80600B6E581211048F8F71BFEAF7046E485F802B09D
:20458000A079E178627900EB01602179090401EB0221084449466860C9E400206946225C2F
:2045A0000A54401C80B24028F9D340230A46DFE7F87F000894290020000000000000000006
:2045C000010203040607080900000000010203043031323334353637383941424344454607
:2045E00043533A464646460000000000000000005245414420205041535300000000000040
:20460000E542000000000000963007772C610EEEBA51099919C46D078FF46A7035A563E925
:20462000A395649E3288DB0EA4B8DC791EE9D5E088D9D2972B4CB609BD7CB17E072DB8E7F5
:20464000911DBF906410B71DF220B06A4871B9F3DE41BE847DD4DA1AEBE4DD6D51B5D4F4F7
:20466000C785D38356986C13C0A86B647AF962FDECC9658A4F5C0114D96C0663633D0FFA67
:20468000F50D088DC8206E3B5E10694CE44160D5727167A2D1E4033C47D4044BFD850DD2CA
:2046A0006BB50AA5FAA8B5356C98B242D6C9BBDB40F9BCACE36CD832755CDF45CF0DD6DCF5
:2046C000593DD1ABAC30D9263A00DE518051D7C81661D0BFB5F4B42123C4B3569995BACFE9
:2046E0000FA5BDB89EB802280888055FB2D90CC624E90BB1877C6F2F114C6858AB1D61C14F
:204700003D2D66B69041DC760671DB01BC20D2982A10D5EF8985B1711FB5B606A5E4BF9FB2
:2047200033D4B8E8A2C9077834F9000F8EA8099618980EE1BB0D6A7F2D3D6D08976C6491B0
:20474000015C63E6F4516B6B62616C1CD83065854E0062F2ED95066C7BA5011BC1F408824A
:2047600057C40FF5C6D9B06550E9B712EAB8BE8B7C88B9FCDF1DDD62492DDA15F37CD38C52
:20478000654CD4FB5861B24DCE51B53A7400BCA3E230BBD441A5DF4AD795D83D6DC4D1A429
:2047A000FBF4D6D36AE96943FCD96E34468867ADD0B860DA732D0444E51D03335F4C0AAAC8
:2047C000C97C0DDD3C710550AA41022710100BBE86200CC925B56857B3856F2009D466B9D4
:2047E0009FE461CE0EF9DE5E98C9D9292298D0B0B4A8D7C7173DB359810DB42E3B5CBDB752
:20480000AD6CBAC02083B8EDB6B3BF9A0CE2B6039AD2B1743947D5EAAF77D29D1526DB04D5
:204820008316DC73120B63E3843B64943E6A6D0DA85A6A7A0BCF0EE49DFF099327AE000A8B
:20484000B19E077D44930FF0D2A3088768F2011EFEC206695D5762F7CB67658071366C19B3
:20486000E7066B6E761BD4FEE02BD3895A7ADA10CC4ADD676FDFB9F9F9EFBE8E43BEB7178D
:20488000D58EB060E8A3D6D67E93D1A1C4C2D83852F2DF4FF167BBD16757BCA6DD06B53F08
:2048A0004B36B248DA2B0DD84C1B0AAFF64A0336607A0441C3EF60DF55DF67A8EF8E6E318B
:2048C00079BE69468CB361CB1A8366BCA0D26F2536E2685295770CCC03470BBBB916022209
:2048E0002F260555BE3BBAC5280BBDB2925AB42B046AB35CA7FFD7C231CFD0B58B9ED92CB5
:204900001DAEDE5BB0C2649B26F263EC9CA36A750A936D02A906099C3F360EEB856707726A
:2049200013570005824ABF95147AB8E2AE2BB17B381BB60C9B8ED2920DBED5E5B7EFDC7C96
:2049400021DFDB0BD4D2D38642E2D4F1F8B3DD686E83DA1FCD16BE815B26B9F6E177B06FE6
:204960007747B718E65A0888706A0FFFCA3B06665C0B0111FF9E658F69AE62F8D3FF6B6168
:2049800045CF6C1678E20AA0EED20DD75483044EC2B30339612667A7F71660D04D476949E7
:2049A000DB776E3E4A6AD1AEDC5AD6D9660BDF40F03BD83753AEBCA9C59EBBDE7FCFB2476E
:2049C000E9FFB5301CF2BDBD8AC2BACA3093B353A6A3B4240536D0BA9306D7CD2957DE5414
:2049E000BF67D9232E7A66B3B84A61C4021B685D942B6F2A37BE0BB4A18E0CC31BDF055A68
:204A00008DEF022DD6D000000F08080808FF080808080F0000000000F020202020FF202039
:204A20002020F0000000CEA2081123CC017909F90979041BE80F08008000FF01027C404034
:204A40007C0811E618E60100B0AE0126342C2424374C44444C74C44506000082848991E1D4
:204A6000B2AAA4A4AAB281010100D0BE20202020F82024222120F820202020000810600016
:204A800000FC02020202020E8040300000000000000000000000000000003F0000000000D3
:204AA00040000000003040304000000000000000090B3D0B3D0900C000C0000018247F22D7
:204AC0003100C040E040800018241B0D320100C000804080031C271C070080404080404005
:204AE0000000000000001060000000000000001F20400000008040200040201F0000002048
:204B00004080000009061F06090000008000000004043F0404000000800000000000000049
:204B20000000106000000000040404040400000000000000000000000000004000000000B1
:204B400000010638400020C0000000001F2020201F0080404040800000103F000000004009
:204B6000C0400000182122241800C04040404000102024241B00804040408000020D113F2C
:204B80000100000000C040003C24242423008040404080001F24243403008040404080002B
:204BA0003020273820000000C00000001B2424241B008040404080001C2222221F0000C0A3
:204BC0004040800000000800000000004000000000000400000000006000000000040A110A
:204BE0002040000000008040090909090900000000000000004020110A0400408000000029
:204C00001820232418000000400000001F2027291F008040404040000007390F010040C03F
:204C20000000C040203F24241B0040C0404080001F2020203000804040408000203F2020A4
:204C40001F0040C040408000203F242E300040C04040C000203F242E300040C040000000F3
:204C60000F1020223302008040408000203F04043F2040C00000C04020203F202000404019
:204C8000C04040000020203F2020602020C00000203F240B302040C04000C040203F200018
:204CA000000040C0404040C03F3C033C3F00C000C000C000203F0C233F2040C04000C0004E
:204CC0001F2020201F00804040408000203F2424180040C0400000001F2121201F00804017
:204CE00040E0A000203F2426190040C04000C040182424223100C0404040800030203F2090
:204D000030000040C0400000203F00003F20008040408000203E010738200000C000000067
:204D200038073C07380000C000C0000020390639200040C000C0400020380738200000408A
:204D4000C040000030212638200040C04040C00000007F4040000000E020200000700C03A6
:204D600000000000008040000040407F0000002020E00000002040200000000000000000D4
:204D800000000000000010101010101000700C0300000000008040000002050503000080E5
:204DA0004040C040203F0404030000C04040800000030404060000804040400000030424CD
:204DC0003F0000804040C04000030505030000804040400000041F2424200040C040400039
:204DE00000020505060400E050505020203F0404030040C04000C040000427000000004098
:204E0000C0400000000004270000101010E00000203F0107040440C04000C04020203F0029
:204E200000004040C0404000070407040300C000C000C00004070404030040C04000C04003
:204E400000030404030000804040800004070404030010F05040800000030404070000800C
:204E60004050F01004070204040040C04000000000060505040000404040C00000041F0492
:204E8000000000008040400004070004070000804040C0400407040106040000C0800000A2
:204EA00006010701060000C000C0000004060106040040C000C0400004070401060410100E
:204EC000E08000000004050604000040C04040000000047B4000000000E02000000000FF21
:204EE0000000000000F0000000407B0400000020E000000040804020204000000000000083
:204F0000000000000000000000000000000000000000001F00000000000000CC0C0000009A
:204F20000008306008306000000000000000000002031E02031E020020FC2020FC20200061
:204F4000000E113F100C0000001804FF847800000F100F0007180000008438C07884780083
:204F6000000F10110E0000007884C42498E484080000000000000000010D0E0000000000EB
:204F80000000000718204000000000E018040200004020180700000000020418E000000017
:204FA0000202010F01020200404080F0804040000000000F00000000808080F880808000E1
:204FC0000000000000000000010D0E00000000000000000000000000008080808080808035
:204FE0000000000000000000000C0C0000000000000000000106182000061860800000005C
:20500000000708101008070000F008040408F0000008081F00000000000404FC040400001F
:20502000000E101010110E00000C142444840C00000C101111120C00001804040488700083
:2050400000000304081F000000E0202424FC2400001F10111110100000988404048870002D
:20506000000708111118000000F0880404887000001C1010131C1000000000FC00000000F8
:20508000000E111010110E000038448484443800000708101008070000008C444488F000E8
:2050A00000000003030000000000000C0C00000000000001000000000000010600000000CA
:2050C0000000010204081000008040201008040002020202020202002020202020202000C7
:2050E00000100804020100000004081020408000000E121010100F000000000C6C8000003E
:20510000030C131417080700E018E424C428D0000000031C07000000043CC44040E41C04C9
:20512000101F1111110E000004FC040404887000030C101010101C00E01804040408100074
:20514000101F10101008070004FC04040408F000101F11111710080004FC0404C404180075
:20516000101F11111710080004FC0400C0000000030C1010101C0000E01804044478400094
:20518000101F100000101F1004FC84808084FC040010101F10100000000404FC040400001E
:2051A000000010101F10100003010101FE000000101F11031418100004FC0480641C040005
:2051C000101F10000000000004FC040404040C00101F1F001F1F100004FC00FC00FC0400DC
:2051E000101F0C0300101F1004FC0400E018FC000708101010080700F00804040408F000F0
:20520000101F101010100F0004FC8480808000000708101010080700F01824241C0AF20056
:20522000101F111111110E0004FC0400C0300C04000E111010101C00001C048484443800DA
:205240001810101F10101800000004FC04000000101F100000101F1000F804040404F8003D
:20526000101E110000131C100000E01C708000001F10001F00101F00C03CE000E03CC0008F
:205280001018160101161810040C34C0C0340C04101C1300131C1000000004FC0400000006
:2052A00008101010131C1000041C6484040418000000007F40404000000000FE020202000C
:2052C00000300C030000000000000080601C0300004040407F00000000020202FE0000004D
:2052E0000000204040402000000000000000000000000000000000000101010101010101A6
:2053000000300C030000000000000080601C03000000010101010000009824444444FC04C3
:20532000101F00010100000000FC8804048870000000000101010000007088040404880029
:205340000000000101111F00007088040408FC04000001010101000000F844444444C8003F
:205360000001010F11111118000404FC04040000000001010101010000D6292929C90600A0
:20538000101F00010101000004FC84000004FC040001191900000000000404FC0404000014
:2053A00000000001191900000003010101FE0000101F00000101010004FC2440B40C04005C
:2053C0000010101F00000000000404FC04040000010101010101010004FC0400FC0400FC7B
:2053E000010100010101000004FC84000004FC04000001010101000000F804040404F8001C
:20540000010100010100000001FF8504048870000000000101010100007088040405FF01FA
:2054200001010100010101000404FC8404008000000001010101010000CC24242424980061
:205440000001010701010000000000F804040000010100000001010000F804040408FC0431
:2054600001010100000101010080700C106080000101000100010101F00C30C0300CF0001C
:20548000000101000101010000048C74708C040001010100000101010181710E1860800004
:2054A000000101010101010000840C3444840C0000000000013E40400000000000FC02028F
:2054C00000000000FF00000000000000FF0000000040403E01000000000202FC000000000F
:2054E0000060808040402020000000000000000010550108000000203C030000C085000872
:205500008C5601083C030020C44C0000F026010841180A6D0D0108FF0C0108C908411A31BB
:20552000081AD3101AE104C11A551869045A612C140902291301012580FA09042B02031280
:2055400010082111013301221D1607058103402D0207050207A91A313B0A06134340011B72
:20556000A24A3D0136DB01200180094943313A504153532B20200E8920CD4641494C307E5E
:20558000783A495243182910BC524F4D10BC4F5054107C454550104C57523A493B524409F9
:2055A00019201A205049153C6B487A608A44772910BC50524550680954494D45204F5554D8
:2055C00010680946494C4520455252106808554E4B4E4F574EB3380A4F50454E2053484F40
:2055E0005231180F5650502020697320204572726F7210AB4444102940CB434EC05D524FCF
:205600004C4C101139D06C52524FC729102C4E4F2033791028094552415345204E4710114D
:20562000031EFFFF024390021D011206100DFF0901A1010901954075081512262EFF81021D
:2056400009020D349102C013B4021420B7B21B08B3041ABB041E510F010889041A95041AB1
:20566000B1041AD9041A29041A5D041704030904120132021C407F1D78DD020102037F690D
:205680000F85612701081AA158000000FFFFFFFFFFFFFFFFFFFFFFFFFFFFFFFFFFFFFFFFE6
:2056A000FFFFFFFFFFFFFFFFFFFFFFFFFFFFFFFFFFFFFFFFFFFFFFFFFFFFFFFFFFFFFFFF0A
:2056C000FFFFFFFFFFFFFFFFFFFFFFFFFFFFFFFFFFFFFFFFFFFFFFFFFFFFFFFFFFFFFFFFEA
:2056E000FFFFFFFFFFFFFFFFFFFFFFFFFFFFFFFFFFFFFFFFFFFFFFFFFFFFFFFFFFFFFFFFCA
:20570000FFFFFFFFFFFFFFFFFFFFFFFFFFFFFFFFFFFFFFFFFFFFFFFFFFFFFFFFFFFFFFFFA9
:20572000FFFFFFFFFFFFFFFFFFFFFFFFFFFFFFFFFFFFFFFFFFFFFFFFFFFFFFFFFFFFFFFF89
:20574000FFFFFFFFFFFFFFFFFFFFFFFFFFFFFFFFFFFFFFFFFFFFFFFFFFFFFFFFFFFFFFFF69
:20576000FFFFFFFFFFFFFFFFFFFFFFFFFFFFFFFFFFFFFFFFFFFFFFFFFFFFFFFFFFFFFFFF49
:20578000FFFFFFFFFFFFFFFFFFFFFFFFFFFFFFFFFFFFFFFFFFFFFFFFFFFFFFFFFFFFFFFF29
:2057A000FFFFFFFFFFFFFFFFFFFFFFFFFFFFFFFFFFFFFFFFFFFFFFFFFFFFFFFFFFFFFFFF09
:2057C000FFFFFFFFFFFFFFFFFFFFFFFFFFFFFFFFFFFFFFFFFFFFFFFFFFFFFFFFFFFFFFFFE9
:2057E000FFFFFFFFFFFFFFFFFFFFFFFFFFFFFFFFFFFFFFFFFFFFFFFFFFFFFFFFFFFFFFFFC9
:20580000FFFFFFFFFFFFFFFFFFFFFFFFFFFFFFFFFFFFFFFFFFFFFFFFFFFFFFFFFFFFFFFFA8
:20582000FFFFFFFFFFFFFFFFFFFFFFFFFFFFFFFFFFFFFFFFFFFFFFFFFFFFFFFFFFFFFFFF88
:20584000FFFFFFFFFFFFFFFFFFFFFFFFFFFFFFFFFFFFFFFFFFFFFFFFFFFFFFFFFFFFFFFF68
:20586000FFFFFFFFFFFFFFFFFFFFFFFFFFFFFFFFFFFFFFFFFFFFFFFFFFFFFFFFFFFFFFFF48
:20588000FFFFFFFFFFFFFFFFFFFFFFFFFFFFFFFFFFFFFFFFFFFFFFFFFFFFFFFFFFFFFFFF28
:2058A000FFFFFFFFFFFFFFFFFFFFFFFFFFFFFFFFFFFFFFFFFFFFFFFFFFFFFFFFFFFFFFFF08
:2058C000FFFFFFFFFFFFFFFFFFFFFFFFFFFFFFFFFFFFFFFFFFFFFFFFFFFFFFFFFFFFFFFFE8
:2058E000FFFFFFFFFFFFFFFFFFFFFFFFFFFFFFFFFFFFFFFFFFFFFFFFFFFFFFFFFFFFFFFFC8
:20590000FFFFFFFFFFFFFFFFFFFFFFFFFFFFFFFFFFFFFFFFFFFFFFFFFFFFFFFFFFFFFFFFA7
:20592000FFFFFFFFFFFFFFFFFFFFFFFFFFFFFFFFFFFFFFFFFFFFFFFFFFFFFFFFFFFFFFFF87
:20594000FFFFFFFFFFFFFFFFFFFFFFFFFFFFFFFFFFFFFFFFFFFFFFFFFFFFFFFFFFFFFFFF67
:20596000FFFFFFFFFFFFFFFFFFFFFFFFFFFFFFFFFFFFFFFFFFFFFFFFFFFFFFFFFFFFFFFF47
:20598000FFFFFFFFFFFFFFFFFFFFFFFFFFFFFFFFFFFFFFFFFFFFFFFFFFFFFFFFFFFFFFFF27
:2059A000FFFFFFFFFFFFFFFFFFFFFFFFFFFFFFFFFFFFFFFFFFFFFFFFFFFFFFFFFFFFFFFF07
:2059C000FFFFFFFFFFFFFFFFFFFFFFFFFFFFFFFFFFFFFFFFFFFFFFFFFFFFFFFFFFFFFFFFE7
:2059E000FFFFFFFFFFFFFFFFFFFFFFFFFFFFFFFFFFFFFFFFFFFFFFFFFFFFFFFFFFFFFFFFC7
:205A0000FFFFFFFFFFFFFFFFFFFFFFFFFFFFFFFFFFFFFFFFFFFFFFFFFFFFFFFFFFFFFFFFA6
:205A2000FFFFFFFFFFFFFFFFFFFFFFFFFFFFFFFFFFFFFFFFFFFFFFFFFFFFFFFFFFFFFFFF86
:205A4000FFFFFFFFFFFFFFFFFFFFFFFFFFFFFFFFFFFFFFFFFFFFFFFFFFFFFFFFFFFFFFFF66
:205A6000FFFFFFFFFFFFFFFFFFFFFFFFFFFFFFFFFFFFFFFFFFFFFFFFFFFFFFFFFFFFFFFF46
:205A8000FFFFFFFFFFFFFFFFFFFFFFFFFFFFFFFFFFFFFFFFFFFFFFFFFFFFFFFFFFFFFFFF26
:205AA000FFFFFFFFFFFFFFFFFFFFFFFFFFFFFFFFFFFFFFFFFFFFFFFFFFFFFFFFFFFFFFFF06
:205AC000FFFFFFFFFFFFFFFFFFFFFFFFFFFFFFFFFFFFFFFFFFFFFFFFFFFFFFFFFFFFFFFFE6
:205AE000FFFFFFFFFFFFFFFFFFFFFFFFFFFFFFFFFFFFFFFFFFFFFFFFFFFFFFFFFFFFFFFFC6
:205B0000FFFFFFFFFFFFFFFFFFFFFFFFFFFFFFFFFFFFFFFFFFFFFFFFFFFFFFFFFFFFFFFFA5
:205B2000FFFFFFFFFFFFFFFFFFFFFFFFFFFFFFFFFFFFFFFFFFFFFFFFFFFFFFFFFFFFFFFF85
:205B4000FFFFFFFFFFFFFFFFFFFFFFFFFFFFFFFFFFFFFFFFFFFFFFFFFFFFFFFFFFFFFFFF65
:205B6000FFFFFFFFFFFFFFFFFFFFFFFFFFFFFFFFFFFFFFFFFFFFFFFFFFFFFFFFFFFFFFFF45
:205B8000FFFFFFFFFFFFFFFFFFFFFFFFFFFFFFFFFFFFFFFFFFFFFFFFFFFFFFFFFFFFFFFF25
:205BA000FFFFFFFFFFFFFFFFFFFFFFFFFFFFFFFFFFFFFFFFFFFFFFFFFFFFFFFFFFFFFFFF05
:205BC000FFFFFFFFFFFFFFFFFFFFFFFFFFFFFFFFFFFFFFFFFFFFFFFFFFFFFFFFFFFFFFFFE5
:205BE000FFFFFFFFFFFFFFFFFFFFFFFFFFFFFFFFFFFFFFFFFFFFFFFFFFFFFFFFFFFFFFFFC5
:205C0000FFFFFFFFFFFFFFFFFFFFFFFFFFFFFFFFFFFFFFFFFFFFFFFFFFFFFFFFFFFFFFFFA4
:205C2000FFFFFFFFFFFFFFFFFFFFFFFFFFFFFFFFFFFFFFFFFFFFFFFFFFFFFFFFFFFFFFFF84
:205C4000FFFFFFFFFFFFFFFFFFFFFFFFFFFFFFFFFFFFFFFFFFFFFFFFFFFFFFFFFFFFFFFF64
:205C6000FFFFFFFFFFFFFFFFFFFFFFFFFFFFFFFFFFFFFFFFFFFFFFFFFFFFFFFFFFFFFFFF44
:205C8000FFFFFFFFFFFFFFFFFFFFFFFFFFFFFFFFFFFFFFFFFFFFFFFFFFFFFFFFFFFFFFFF24
:205CA000FFFFFFFFFFFFFFFFFFFFFFFFFFFFFFFFFFFFFFFFFFFFFFFFFFFFFFFFFFFFFFFF04
:205CC000FFFFFFFFFFFFFFFFFFFFFFFFFFFFFFFFFFFFFFFFFFFFFFFFFFFFFFFFFFFFFFFFE4
:205CE000FFFFFFFFFFFFFFFFFFFFFFFFFFFFFFFFFFFFFFFFFFFFFFFFFFFFFFFFFFFFFFFFC4
:205D0000FFFFFFFFFFFFFFFFFFFFFFFFFFFFFFFFFFFFFFFFFFFFFFFFFFFFFFFFFFFFFFFFA3
:205D2000FFFFFFFFFFFFFFFFFFFFFFFFFFFFFFFFFFFFFFFFFFFFFFFFFFFFFFFFFFFFFFFF83
:205D4000FFFFFFFFFFFFFFFFFFFFFFFFFFFFFFFFFFFFFFFFFFFFFFFFFFFFFFFFFFFFFFFF63
:205D6000FFFFFFFFFFFFFFFFFFFFFFFFFFFFFFFFFFFFFFFFFFFFFFFFFFFFFFFFFFFFFFFF43
:205D8000FFFFFFFFFFFFFFFFFFFFFFFFFFFFFFFFFFFFFFFFFFFFFFFFFFFFFFFFFFFFFFFF23
:205DA000FFFFFFFFFFFFFFFFFFFFFFFFFFFFFFFFFFFFFFFFFFFFFFFFFFFFFFFFFFFFFFFF03
:205DC000FFFFFFFFFFFFFFFFFFFFFFFFFFFFFFFFFFFFFFFFFFFFFFFFFFFFFFFFFFFFFFFFE3
:205DE000FFFFFFFFFFFFFFFFFFFFFFFFFFFFFFFFFFFFFFFFFFFFFFFFFFFFFFFFFFFFFFFFC3
:205E0000FFFFFFFFFFFFFFFFFFFFFFFFFFFFFFFFFFFFFFFFFFFFFFFFFFFFFFFFFFFFFFFFA2
:205E2000FFFFFFFFFFFFFFFFFFFFFFFFFFFFFFFFFFFFFFFFFFFFFFFFFFFFFFFFFFFFFFFF82
:205E4000FFFFFFFFFFFFFFFFFFFFFFFFFFFFFFFFFFFFFFFFFFFFFFFFFFFFFFFFFFFFFFFF62
:205E6000FFFFFFFFFFFFFFFFFFFFFFFFFFFFFFFFFFFFFFFFFFFFFFFFFFFFFFFFFFFFFFFF42
:205E8000FFFFFFFFFFFFFFFFFFFFFFFFFFFFFFFFFFFFFFFFFFFFFFFFFFFFFFFFFFFFFFFF22
:205EA000FFFFFFFFFFFFFFFFFFFFFFFFFFFFFFFFFFFFFFFFFFFFFFFFFFFFFFFFFFFFFFFF02
:205EC000FFFFFFFFFFFFFFFFFFFFFFFFFFFFFFFFFFFFFFFFFFFFFFFFFFFFFFFFFFFFFFFFE2
:205EE000FFFFFFFFFFFFFFFFFFFFFFFFFFFFFFFFFFFFFFFFFFFFFFFFFFFFFFFFFFFFFFFFC2
:205F0000FFFFFFFFFFFFFFFFFFFFFFFFFFFFFFFFFFFFFFFFFFFFFFFFFFFFFFFFFFFFFFFFA1
:205F2000FFFFFFFFFFFFFFFFFFFFFFFFFFFFFFFFFFFFFFFFFFFFFFFFFFFFFFFFFFFFFFFF81
:205F4000FFFFFFFFFFFFFFFFFFFFFFFFFFFFFFFFFFFFFFFFFFFFFFFFFFFFFFFFFFFFFFFF61
:205F6000FFFFFFFFFFFFFFFFFFFFFFFFFFFFFFFFFFFFFFFFFFFFFFFFFFFFFFFFFFFFFFFF41
:205F8000FFFFFFFFFFFFFFFFFFFFFFFFFFFFFFFFFFFFFFFFFFFFFFFFFFFFFFFFFFFFFFFF21
:205FA000FFFFFFFFFFFFFFFFFFFFFFFFFFFFFFFFFFFFFFFFFFFFFFFFFFFFFFFFFFFFFFFF01
:205FC000FFFFFFFFFFFFFFFFFFFFFFFFFFFFFFFFFFFFFFFFFFFFFFFFFFFFFFFFFFFFFFFFE1
:205FE000FFFFFFFFFFFFFFFFFFFFFFFFFFFFFFFFFFFFFFFFFFFFFFFFFFFFFFFFFFFFFFFFC1
:20600000FFFFFFFFFFFFFFFFFFFFFFFFFFFFFFFFFFFFFFFFFFFFFFFFFFFFFFFFFFFFFFFFA0
:20602000FFFFFFFFFFFFFFFFFFFFFFFFFFFFFFFFFFFFFFFFFFFFFFFFFFFFFFFFFFFFFFFF80
:20604000FFFFFFFFFFFFFFFFFFFFFFFFFFFFFFFFFFFFFFFFFFFFFFFFFFFFFFFFFFFFFFFF60
:20606000FFFFFFFFFFFFFFFFFFFFFFFFFFFFFFFFFFFFFFFFFFFFFFFFFFFFFFFFFFFFFFFF40
:20608000FFFFFFFFFFFFFFFFFFFFFFFFFFFFFFFFFFFFFFFFFFFFFFFFFFFFFFFFFFFFFFFF20
:2060A000FFFFFFFFFFFFFFFFFFFFFFFFFFFFFFFFFFFFFFFFFFFFFFFFFFFFFFFFFFFFFFFF00
:2060C000FFFFFFFFFFFFFFFFFFFFFFFFFFFFFFFFFFFFFFFFFFFFFFFFFFFFFFFFFFFFFFFFE0
:2060E000FFFFFFFFFFFFFFFFFFFFFFFFFFFFFFFFFFFFFFFFFFFFFFFFFFFFFFFFFFFFFFFFC0
:20610000FFFFFFFFFFFFFFFFFFFFFFFFFFFFFFFFFFFFFFFFFFFFFFFFFFFFFFFFFFFFFFFF9F
:20612000FFFFFFFFFFFFFFFFFFFFFFFFFFFFFFFFFFFFFFFFFFFFFFFFFFFFFFFFFFFFFFFF7F
:20614000FFFFFFFFFFFFFFFFFFFFFFFFFFFFFFFFFFFFFFFFFFFFFFFFFFFFFFFFFFFFFFFF5F
:20616000FFFFFFFFFFFFFFFFFFFFFFFFFFFFFFFFFFFFFFFFFFFFFFFFFFFFFFFFFFFFFFFF3F
:20618000FFFFFFFFFFFFFFFFFFFFFFFFFFFFFFFFFFFFFFFFFFFFFFFFFFFFFFFFFFFFFFFF1F
:2061A000FFFFFFFFFFFFFFFFFFFFFFFFFFFFFFFFFFFFFFFFFFFFFFFFFFFFFFFFFFFFFFFFFF
:2061C000FFFFFFFFFFFFFFFFFFFFFFFFFFFFFFFFFFFFFFFFFFFFFFFFFFFFFFFFFFFFFFFFDF
:2061E000FFFFFFFFFFFFFFFFFFFFFFFFFFFFFFFFFFFFFFFFFFFFFFFFFFFFFFFFFFFFFFFFBF
:20620000FFFFFFFFFFFFFFFFFFFFFFFFFFFFFFFFFFFFFFFFFFFFFFFFFFFFFFFFFFFFFFFF9E
:20622000FFFFFFFFFFFFFFFFFFFFFFFFFFFFFFFFFFFFFFFFFFFFFFFFFFFFFFFFFFFFFFFF7E
:20624000FFFFFFFFFFFFFFFFFFFFFFFFFFFFFFFFFFFFFFFFFFFFFFFFFFFFFFFFFFFFFFFF5E
:20626000FFFFFFFFFFFFFFFFFFFFFFFFFFFFFFFFFFFFFFFFFFFFFFFFFFFFFFFFFFFFFFFF3E
:20628000FFFFFFFFFFFFFFFFFFFFFFFFFFFFFFFFFFFFFFFFFFFFFFFFFFFFFFFFFFFFFFFF1E
:2062A000FFFFFFFFFFFFFFFFFFFFFFFFFFFFFFFFFFFFFFFFFFFFFFFFFFFFFFFFFFFFFFFFFE
:2062C000FFFFFFFFFFFFFFFFFFFFFFFFFFFFFFFFFFFFFFFFFFFFFFFFFFFFFFFFFFFFFFFFDE
:2062E000FFFFFFFFFFFFFFFFFFFFFFFFFFFFFFFFFFFFFFFFFFFFFFFFFFFFFFFFFFFFFFFFBE
:20630000FFFFFFFFFFFFFFFFFFFFFFFFFFFFFFFFFFFFFFFFFFFFFFFFFFFFFFFFFFFFFFFF9D
:20632000FFFFFFFFFFFFFFFFFFFFFFFFFFFFFFFFFFFFFFFFFFFFFFFFFFFFFFFFFFFFFFFF7D
:20634000FFFFFFFFFFFFFFFFFFFFFFFFFFFFFFFFFFFFFFFFFFFFFFFFFFFFFFFFFFFFFFFF5D
:20636000FFFFFFFFFFFFFFFFFFFFFFFFFFFFFFFFFFFFFFFFFFFFFFFFFFFFFFFFFFFFFFFF3D
:20638000FFFFFFFFFFFFFFFFFFFFFFFFFFFFFFFFFFFFFFFFFFFFFFFFFFFFFFFFFFFFFFFF1D
:2063A000FFFFFFFFFFFFFFFFFFFFFFFFFFFFFFFFFFFFFFFFFFFFFFFFFFFFFFFFFFFFFFFFFD
:2063C000FFFFFFFFFFFFFFFFFFFFFFFFFFFFFFFFFFFFFFFFFFFFFFFFFFFFFFFFFFFFFFFFDD
:2063E000FFFFFFFFFFFFFFFFFFFFFFFFFFFFFFFFFFFFFFFFFFFFFFFFFFFFFFFFFFFFFFFFBD
:20640000FFFFFFFFFFFFFFFFFFFFFFFFFFFFFFFFFFFFFFFFFFFFFFFFFFFFFFFFFFFFFFFF9C
:20642000FFFFFFFFFFFFFFFFFFFFFFFFFFFFFFFFFFFFFFFFFFFFFFFFFFFFFFFFFFFFFFFF7C
:20644000FFFFFFFFFFFFFFFFFFFFFFFFFFFFFFFFFFFFFFFFFFFFFFFFFFFFFFFFFFFFFFFF5C
:20646000FFFFFFFFFFFFFFFFFFFFFFFFFFFFFFFFFFFFFFFFFFFFFFFFFFFFFFFFFFFFFFFF3C
:20648000FFFFFFFFFFFFFFFFFFFFFFFFFFFFFFFFFFFFFFFFFFFFFFFFFFFFFFFFFFFFFFFF1C
:2064A000FFFFFFFFFFFFFFFFFFFFFFFFFFFFFFFFFFFFFFFFFFFFFFFFFFFFFFFFFFFFFFFFFC
:2064C000FFFFFFFFFFFFFFFFFFFFFFFFFFFFFFFFFFFFFFFFFFFFFFFFFFFFFFFFFFFFFFFFDC
:2064E000FFFFFFFFFFFFFFFFFFFFFFFFFFFFFFFFFFFFFFFFFFFFFFFFFFFFFFFFFFFFFFFFBC
:20650000FFFFFFFFFFFFFFFFFFFFFFFFFFFFFFFFFFFFFFFFFFFFFFFFFFFFFFFFFFFFFFFF9B
:20652000FFFFFFFFFFFFFFFFFFFFFFFFFFFFFFFFFFFFFFFFFFFFFFFFFFFFFFFFFFFFFFFF7B
:20654000FFFFFFFFFFFFFFFFFFFFFFFFFFFFFFFFFFFFFFFFFFFFFFFFFFFFFFFFFFFFFFFF5B
:20656000FFFFFFFFFFFFFFFFFFFFFFFFFFFFFFFFFFFFFFFFFFFFFFFFFFFFFFFFFFFFFFFF3B
:20658000FFFFFFFFFFFFFFFFFFFFFFFFFFFFFFFFFFFFFFFFFFFFFFFFFFFFFFFFFFFFFFFF1B
:2065A000FFFFFFFFFFFFFFFFFFFFFFFFFFFFFFFFFFFFFFFFFFFFFFFFFFFFFFFFFFFFFFFFFB
:2065C000FFFFFFFFFFFFFFFFFFFFFFFFFFFFFFFFFFFFFFFFFFFFFFFFFFFFFFFFFFFFFFFFDB
:2065E000FFFFFFFFFFFFFFFFFFFFFFFFFFFFFFFFFFFFFFFFFFFFFFFFFFFFFFFFFFFFFFFFBB
:20660000FFFFFFFFFFFFFFFFFFFFFFFFFFFFFFFFFFFFFFFFFFFFFFFFFFFFFFFFFFFFFFFF9A
:20662000FFFFFFFFFFFFFFFFFFFFFFFFFFFFFFFFFFFFFFFFFFFFFFFFFFFFFFFFFFFFFFFF7A
:20664000FFFFFFFFFFFFFFFFFFFFFFFFFFFFFFFFFFFFFFFFFFFFFFFFFFFFFFFFFFFFFFFF5A
:20666000FFFFFFFFFFFFFFFFFFFFFFFFFFFFFFFFFFFFFFFFFFFFFFFFFFFFFFFFFFFFFFFF3A
:20668000FFFFFFFFFFFFFFFFFFFFFFFFFFFFFFFFFFFFFFFFFFFFFFFFFFFFFFFFFFFFFFFF1A
:2066A000FFFFFFFFFFFFFFFFFFFFFFFFFFFFFFFFFFFFFFFFFFFFFFFFFFFFFFFFFFFFFFFFFA
:2066C000FFFFFFFFFFFFFFFFFFFFFFFFFFFFFFFFFFFFFFFFFFFFFFFFFFFFFFFFFFFFFFFFDA
:2066E000FFFFFFFFFFFFFFFFFFFFFFFFFFFFFFFFFFFFFFFFFFFFFFFFFFFFFFFFFFFFFFFFBA
:20670000FFFFFFFFFFFFFFFFFFFFFFFFFFFFFFFFFFFFFFFFFFFFFFFFFFFFFFFFFFFFFFFF99
:20672000FFFFFFFFFFFFFFFFFFFFFFFFFFFFFFFFFFFFFFFFFFFFFFFFFFFFFFFFFFFFFFFF79
:20674000FFFFFFFFFFFFFFFFFFFFFFFFFFFFFFFFFFFFFFFFFFFFFFFFFFFFFFFFFFFFFFFF59
:20676000FFFFFFFFFFFFFFFFFFFFFFFFFFFFFFFFFFFFFFFFFFFFFFFFFFFFFFFFFFFFFFFF39
:20678000FFFFFFFFFFFFFFFFFFFFFFFFFFFFFFFFFFFFFFFFFFFFFFFFFFFFFFFFFFFFFFFF19
:2067A000FFFFFFFFFFFFFFFFFFFFFFFFFFFFFFFFFFFFFFFFFFFFFFFFFFFFFFFFFFFFFFFFF9
:2067C000FFFFFFFFFFFFFFFFFFFFFFFFFFFFFFFFFFFFFFFFFFFFFFFFFFFFFFFFFFFFFFFFD9
:2067E000FFFFFFFFFFFFFFFFFFFFFFFFFFFFFFFFFFFFFFFFFFFFFFFFFFFFFFFFFFFFFFFFB9
:20680000FFFFFFFFFFFFFFFFFFFFFFFFFFFFFFFFFFFFFFFFFFFFFFFFFFFFFFFFFFFFFFFF98
:20682000FFFFFFFFFFFFFFFFFFFFFFFFFFFFFFFFFFFFFFFFFFFFFFFFFFFFFFFFFFFFFFFF78
:20684000FFFFFFFFFFFFFFFFFFFFFFFFFFFFFFFFFFFFFFFFFFFFFFFFFFFFFFFFFFFFFFFF58
:20686000FFFFFFFFFFFFFFFFFFFFFFFFFFFFFFFFFFFFFFFFFFFFFFFFFFFFFFFFFFFFFFFF38
:20688000FFFFFFFFFFFFFFFFFFFFFFFFFFFFFFFFFFFFFFFFFFFFFFFFFFFFFFFFFFFFFFFF18
:2068A000FFFFFFFFFFFFFFFFFFFFFFFFFFFFFFFFFFFFFFFFFFFFFFFFFFFFFFFFFFFFFFFFF8
:2068C000FFFFFFFFFFFFFFFFFFFFFFFFFFFFFFFFFFFFFFFFFFFFFFFFFFFFFFFFFFFFFFFFD8
:2068E000FFFFFFFFFFFFFFFFFFFFFFFFFFFFFFFFFFFFFFFFFFFFFFFFFFFFFFFFFFFFFFFFB8
:20690000FFFFFFFFFFFFFFFFFFFFFFFFFFFFFFFFFFFFFFFFFFFFFFFFFFFFFFFFFFFFFFFF97
:20692000FFFFFFFFFFFFFFFFFFFFFFFFFFFFFFFFFFFFFFFFFFFFFFFFFFFFFFFFFFFFFFFF77
:20694000FFFFFFFFFFFFFFFFFFFFFFFFFFFFFFFFFFFFFFFFFFFFFFFFFFFFFFFFFFFFFFFF57
:20696000FFFFFFFFFFFFFFFFFFFFFFFFFFFFFFFFFFFFFFFFFFFFFFFFFFFFFFFFFFFFFFFF37
:20698000FFFFFFFFFFFFFFFFFFFFFFFFFFFFFFFFFFFFFFFFFFFFFFFFFFFFFFFFFFFFFFFF17
:2069A000FFFFFFFFFFFFFFFFFFFFFFFFFFFFFFFFFFFFFFFFFFFFFFFFFFFFFFFFFFFFFFFFF7
:2069C000FFFFFFFFFFFFFFFFFFFFFFFFFFFFFFFFFFFFFFFFFFFFFFFFFFFFFFFFFFFFFFFFD7
:2069E000FFFFFFFFFFFFFFFFFFFFFFFFFFFFFFFFFFFFFFFFFFFFFFFFFFFFFFFFFFFFFFFFB7
:206A0000FFFFFFFFFFFFFFFFFFFFFFFFFFFFFFFFFFFFFFFFFFFFFFFFFFFFFFFFFFFFFFFF96
:206A2000FFFFFFFFFFFFFFFFFFFFFFFFFFFFFFFFFFFFFFFFFFFFFFFFFFFFFFFFFFFFFFFF76
:206A4000FFFFFFFFFFFFFFFFFFFFFFFFFFFFFFFFFFFFFFFFFFFFFFFFFFFFFFFFFFFFFFFF56
:206A6000FFFFFFFFFFFFFFFFFFFFFFFFFFFFFFFFFFFFFFFFFFFFFFFFFFFFFFFFFFFFFFFF36
:206A8000FFFFFFFFFFFFFFFFFFFFFFFFFFFFFFFFFFFFFFFFFFFFFFFFFFFFFFFFFFFFFFFF16
:206AA000FFFFFFFFFFFFFFFFFFFFFFFFFFFFFFFFFFFFFFFFFFFFFFFFFFFFFFFFFFFFFFFFF6
:206AC000FFFFFFFFFFFFFFFFFFFFFFFFFFFFFFFFFFFFFFFFFFFFFFFFFFFFFFFFFFFFFFFFD6
:206AE000FFFFFFFFFFFFFFFFFFFFFFFFFFFFFFFFFFFFFFFFFFFFFFFFFFFFFFFFFFFFFFFFB6
:206B0000FFFFFFFFFFFFFFFFFFFFFFFFFFFFFFFFFFFFFFFFFFFFFFFFFFFFFFFFFFFFFFFF95
:206B2000FFFFFFFFFFFFFFFFFFFFFFFFFFFFFFFFFFFFFFFFFFFFFFFFFFFFFFFFFFFFFFFF75
:206B4000FFFFFFFFFFFFFFFFFFFFFFFFFFFFFFFFFFFFFFFFFFFFFFFFFFFFFFFFFFFFFFFF55
:206B6000FFFFFFFFFFFFFFFFFFFFFFFFFFFFFFFFFFFFFFFFFFFFFFFFFFFFFFFFFFFFFFFF35
:206B8000FFFFFFFFFFFFFFFFFFFFFFFFFFFFFFFFFFFFFFFFFFFFFFFFFFFFFFFFFFFFFFFF15
:206BA000FFFFFFFFFFFFFFFFFFFFFFFFFFFFFFFFFFFFFFFFFFFFFFFFFFFFFFFFFFFFFFFFF5
:206BC000FFFFFFFFFFFFFFFFFFFFFFFFFFFFFFFFFFFFFFFFFFFFFFFFFFFFFFFFFFFFFFFFD5
:206BE000FFFFFFFFFFFFFFFFFFFFFFFFFFFFFFFFFFFFFFFFFFFFFFFFFFFFFFFFFFFFFFFFB5
:206C0000FFFFFFFFFFFFFFFFFFFFFFFFFFFFFFFFFFFFFFFFFFFFFFFFFFFFFFFFFFFFFFFF94
:206C2000FFFFFFFFFFFFFFFFFFFFFFFFFFFFFFFFFFFFFFFFFFFFFFFFFFFFFFFFFFFFFFFF74
:206C4000FFFFFFFFFFFFFFFFFFFFFFFFFFFFFFFFFFFFFFFFFFFFFFFFFFFFFFFFFFFFFFFF54
:206C6000FFFFFFFFFFFFFFFFFFFFFFFFFFFFFFFFFFFFFFFFFFFFFFFFFFFFFFFFFFFFFFFF34
:206C8000FFFFFFFFFFFFFFFFFFFFFFFFFFFFFFFFFFFFFFFFFFFFFFFFFFFFFFFFFFFFFFFF14
:206CA000FFFFFFFFFFFFFFFFFFFFFFFFFFFFFFFFFFFFFFFFFFFFFFFFFFFFFFFFFFFFFFFFF4
:206CC000FFFFFFFFFFFFFFFFFFFFFFFFFFFFFFFFFFFFFFFFFFFFFFFFFFFFFFFFFFFFFFFFD4
:206CE000FFFFFFFFFFFFFFFFFFFFFFFFFFFFFFFFFFFFFFFFFFFFFFFFFFFFFFFFFFFFFFFFB4
:206D0000FFFFFFFFFFFFFFFFFFFFFFFFFFFFFFFFFFFFFFFFFFFFFFFFFFFFFFFFFFFFFFFF93
:206D2000FFFFFFFFFFFFFFFFFFFFFFFFFFFFFFFFFFFFFFFFFFFFFFFFFFFFFFFFFFFFFFFF73
:206D4000FFFFFFFFFFFFFFFFFFFFFFFFFFFFFFFFFFFFFFFFFFFFFFFFFFFFFFFFFFFFFFFF53
:206D6000FFFFFFFFFFFFFFFFFFFFFFFFFFFFFFFFFFFFFFFFFFFFFFFFFFFFFFFFFFFFFFFF33
:206D8000FFFFFFFFFFFFFFFFFFFFFFFFFFFFFFFFFFFFFFFFFFFFFFFFFFFFFFFFFFFFFFFF13
:206DA000FFFFFFFFFFFFFFFFFFFFFFFFFFFFFFFFFFFFFFFFFFFFFFFFFFFFFFFFFFFFFFFFF3
:206DC000FFFFFFFFFFFFFFFFFFFFFFFFFFFFFFFFFFFFFFFFFFFFFFFFFFFFFFFFFFFFFFFFD3
:206DE000FFFFFFFFFFFFFFFFFFFFFFFFFFFFFFFFFFFFFFFFFFFFFFFFFFFFFFFFFFFFFFFFB3
:206E0000FFFFFFFFFFFFFFFFFFFFFFFFFFFFFFFFFFFFFFFFFFFFFFFFFFFFFFFFFFFFFFFF92
:206E2000FFFFFFFFFFFFFFFFFFFFFFFFFFFFFFFFFFFFFFFFFFFFFFFFFFFFFFFFFFFFFFFF72
:206E4000FFFFFFFFFFFFFFFFFFFFFFFFFFFFFFFFFFFFFFFFFFFFFFFFFFFFFFFFFFFFFFFF52
:206E6000FFFFFFFFFFFFFFFFFFFFFFFFFFFFFFFFFFFFFFFFFFFFFFFFFFFFFFFFFFFFFFFF32
:206E8000FFFFFFFFFFFFFFFFFFFFFFFFFFFFFFFFFFFFFFFFFFFFFFFFFFFFFFFFFFFFFFFF12
:206EA000FFFFFFFFFFFFFFFFFFFFFFFFFFFFFFFFFFFFFFFFFFFFFFFFFFFFFFFFFFFFFFFFF2
:206EC000FFFFFFFFFFFFFFFFFFFFFFFFFFFFFFFFFFFFFFFFFFFFFFFFFFFFFFFFFFFFFFFFD2
:206EE000FFFFFFFFFFFFFFFFFFFFFFFFFFFFFFFFFFFFFFFFFFFFFFFFFFFFFFFFFFFFFFFFB2
:206F0000FFFFFFFFFFFFFFFFFFFFFFFFFFFFFFFFFFFFFFFFFFFFFFFFFFFFFFFFFFFFFFFF91
:206F2000FFFFFFFFFFFFFFFFFFFFFFFFFFFFFFFFFFFFFFFFFFFFFFFFFFFFFFFFFFFFFFFF71
:206F4000FFFFFFFFFFFFFFFFFFFFFFFFFFFFFFFFFFFFFFFFFFFFFFFFFFFFFFFFFFFFFFFF51
:206F6000FFFFFFFFFFFFFFFFFFFFFFFFFFFFFFFFFFFFFFFFFFFFFFFFFFFFFFFFFFFFFFFF31
:206F8000FFFFFFFFFFFFFFFFFFFFFFFFFFFFFFFFFFFFFFFFFFFFFFFFFFFFFFFFFFFFFFFF11
:206FA000FFFFFFFFFFFFFFFFFFFFFFFFFFFFFFFFFFFFFFFFFFFFFFFFFFFFFFFFFFFFFFFFF1
:206FC000FFFFFFFFFFFFFFFFFFFFFFFFFFFFFFFFFFFFFFFFFFFFFFFFFFFFFFFFFFFFFFFFD1
:206FE000FFFFFFFFFFFFFFFFFFFFFFFFFFFFFFFFFFFFFFFFFFFFFFFFFFFFFFFFFFFFFFFFB1
:20700000FFFFFFFFFFFFFFFFFFFFFFFFFFFFFFFFFFFFFFFFFFFFFFFFFFFFFFFFFFFFFFFF90
:20702000FFFFFFFFFFFFFFFFFFFFFFFFFFFFFFFFFFFFFFFFFFFFFFFFFFFFFFFFFFFFFFFF70
:20704000FFFFFFFFFFFFFFFFFFFFFFFFFFFFFFFFFFFFFFFFFFFFFFFFFFFFFFFFFFFFFFFF50
:20706000FFFFFFFFFFFFFFFFFFFFFFFFFFFFFFFFFFFFFFFFFFFFFFFFFFFFFFFFFFFFFFFF30
:20708000FFFFFFFFFFFFFFFFFFFFFFFFFFFFFFFFFFFFFFFFFFFFFFFFFFFFFFFFFFFFFFFF10
:2070A000FFFFFFFFFFFFFFFFFFFFFFFFFFFFFFFFFFFFFFFFFFFFFFFFFFFFFFFFFFFFFFFFF0
:2070C000FFFFFFFFFFFFFFFFFFFFFFFFFFFFFFFFFFFFFFFFFFFFFFFFFFFFFFFFFFFFFFFFD0
:2070E000FFFFFFFFFFFFFFFFFFFFFFFFFFFFFFFFFFFFFFFFFFFFFFFFFFFFFFFFFFFFFFFFB0
:20710000FFFFFFFFFFFFFFFFFFFFFFFFFFFFFFFFFFFFFFFFFFFFFFFFFFFFFFFFFFFFFFFF8F
:20712000FFFFFFFFFFFFFFFFFFFFFFFFFFFFFFFFFFFFFFFFFFFFFFFFFFFFFFFFFFFFFFFF6F
:20714000FFFFFFFFFFFFFFFFFFFFFFFFFFFFFFFFFFFFFFFFFFFFFFFFFFFFFFFFFFFFFFFF4F
:20716000FFFFFFFFFFFFFFFFFFFFFFFFFFFFFFFFFFFFFFFFFFFFFFFFFFFFFFFFFFFFFFFF2F
:20718000FFFFFFFFFFFFFFFFFFFFFFFFFFFFFFFFFFFFFFFFFFFFFFFFFFFFFFFFFFFFFFFF0F
:2071A000FFFFFFFFFFFFFFFFFFFFFFFFFFFFFFFFFFFFFFFFFFFFFFFFFFFFFFFFFFFFFFFFEF
:2071C000FFFFFFFFFFFFFFFFFFFFFFFFFFFFFFFFFFFFFFFFFFFFFFFFFFFFFFFFFFFFFFFFCF
:2071E000FFFFFFFFFFFFFFFFFFFFFFFFFFFFFFFFFFFFFFFFFFFFFFFFFFFFFFFFFFFFFFFFAF
:20720000FFFFFFFFFFFFFFFFFFFFFFFFFFFFFFFFFFFFFFFFFFFFFFFFFFFFFFFFFFFFFFFF8E
:20722000FFFFFFFFFFFFFFFFFFFFFFFFFFFFFFFFFFFFFFFFFFFFFFFFFFFFFFFFFFFFFFFF6E
:20724000FFFFFFFFFFFFFFFFFFFFFFFFFFFFFFFFFFFFFFFFFFFFFFFFFFFFFFFFFFFFFFFF4E
:20726000FFFFFFFFFFFFFFFFFFFFFFFFFFFFFFFFFFFFFFFFFFFFFFFFFFFFFFFFFFFFFFFF2E
:20728000FFFFFFFFFFFFFFFFFFFFFFFFFFFFFFFFFFFFFFFFFFFFFFFFFFFFFFFFFFFFFFFF0E
:2072A000FFFFFFFFFFFFFFFFFFFFFFFFFFFFFFFFFFFFFFFFFFFFFFFFFFFFFFFFFFFFFFFFEE
:2072C000FFFFFFFFFFFFFFFFFFFFFFFFFFFFFFFFFFFFFFFFFFFFFFFFFFFFFFFFFFFFFFFFCE
:2072E000FFFFFFFFFFFFFFFFFFFFFFFFFFFFFFFFFFFFFFFFFFFFFFFFFFFFFFFFFFFFFFFFAE
:20730000FFFFFFFFFFFFFFFFFFFFFFFFFFFFFFFFFFFFFFFFFFFFFFFFFFFFFFFFFFFFFFFF8D
:20732000FFFFFFFFFFFFFFFFFFFFFFFFFFFFFFFFFFFFFFFFFFFFFFFFFFFFFFFFFFFFFFFF6D
:20734000FFFFFFFFFFFFFFFFFFFFFFFFFFFFFFFFFFFFFFFFFFFFFFFFFFFFFFFFFFFFFFFF4D
:20736000FFFFFFFFFFFFFFFFFFFFFFFFFFFFFFFFFFFFFFFFFFFFFFFFFFFFFFFFFFFFFFFF2D
:20738000FFFFFFFFFFFFFFFFFFFFFFFFFFFFFFFFFFFFFFFFFFFFFFFFFFFFFFFFFFFFFFFF0D
:2073A000FFFFFFFFFFFFFFFFFFFFFFFFFFFFFFFFFFFFFFFFFFFFFFFFFFFFFFFFFFFFFFFFED
:2073C000FFFFFFFFFFFFFFFFFFFFFFFFFFFFFFFFFFFFFFFFFFFFFFFFFFFFFFFFFFFFFFFFCD
:2073E000FFFFFFFFFFFFFFFFFFFFFFFFFFFFFFFFFFFFFFFFFFFFFFFFFFFFFFFFFFFFFFFFAD
:20740000FFFFFFFFFFFFFFFFFFFFFFFFFFFFFFFFFFFFFFFFFFFFFFFFFFFFFFFFFFFFFFFF8C
:20742000FFFFFFFFFFFFFFFFFFFFFFFFFFFFFFFFFFFFFFFFFFFFFFFFFFFFFFFFFFFFFFFF6C
:20744000FFFFFFFFFFFFFFFFFFFFFFFFFFFFFFFFFFFFFFFFFFFFFFFFFFFFFFFFFFFFFFFF4C
:20746000FFFFFFFFFFFFFFFFFFFFFFFFFFFFFFFFFFFFFFFFFFFFFFFFFFFFFFFFFFFFFFFF2C
:20748000FFFFFFFFFFFFFFFFFFFFFFFFFFFFFFFFFFFFFFFFFFFFFFFFFFFFFFFFFFFFFFFF0C
:2074A000FFFFFFFFFFFFFFFFFFFFFFFFFFFFFFFFFFFFFFFFFFFFFFFFFFFFFFFFFFFFFFFFEC
:2074C000FFFFFFFFFFFFFFFFFFFFFFFFFFFFFFFFFFFFFFFFFFFFFFFFFFFFFFFFFFFFFFFFCC
:2074E000FFFFFFFFFFFFFFFFFFFFFFFFFFFFFFFFFFFFFFFFFFFFFFFFFFFFFFFFFFFFFFFFAC
:20750000FFFFFFFFFFFFFFFFFFFFFFFFFFFFFFFFFFFFFFFFFFFFFFFFFFFFFFFFFFFFFFFF8B
:20752000FFFFFFFFFFFFFFFFFFFFFFFFFFFFFFFFFFFFFFFFFFFFFFFFFFFFFFFFFFFFFFFF6B
:20754000FFFFFFFFFFFFFFFFFFFFFFFFFFFFFFFFFFFFFFFFFFFFFFFFFFFFFFFFFFFFFFFF4B
:20756000FFFFFFFFFFFFFFFFFFFFFFFFFFFFFFFFFFFFFFFFFFFFFFFFFFFFFFFFFFFFFFFF2B
:20758000FFFFFFFFFFFFFFFFFFFFFFFFFFFFFFFFFFFFFFFFFFFFFFFFFFFFFFFFFFFFFFFF0B
:2075A000FFFFFFFFFFFFFFFFFFFFFFFFFFFFFFFFFFFFFFFFFFFFFFFFFFFFFFFFFFFFFFFFEB
:2075C000FFFFFFFFFFFFFFFFFFFFFFFFFFFFFFFFFFFFFFFFFFFFFFFFFFFFFFFFFFFFFFFFCB
:2075E000FFFFFFFFFFFFFFFFFFFFFFFFFFFFFFFFFFFFFFFFFFFFFFFFFFFFFFFFFFFFFFFFAB
:20760000FFFFFFFFFFFFFFFFFFFFFFFFFFFFFFFFFFFFFFFFFFFFFFFFFFFFFFFFFFFFFFFF8A
:20762000FFFFFFFFFFFFFFFFFFFFFFFFFFFFFFFFFFFFFFFFFFFFFFFFFFFFFFFFFFFFFFFF6A
:20764000FFFFFFFFFFFFFFFFFFFFFFFFFFFFFFFFFFFFFFFFFFFFFFFFFFFFFFFFFFFFFFFF4A
:20766000FFFFFFFFFFFFFFFFFFFFFFFFFFFFFFFFFFFFFFFFFFFFFFFFFFFFFFFFFFFFFFFF2A
:20768000FFFFFFFFFFFFFFFFFFFFFFFFFFFFFFFFFFFFFFFFFFFFFFFFFFFFFFFFFFFFFFFF0A
:2076A000FFFFFFFFFFFFFFFFFFFFFFFFFFFFFFFFFFFFFFFFFFFFFFFFFFFFFFFFFFFFFFFFEA
:2076C000FFFFFFFFFFFFFFFFFFFFFFFFFFFFFFFFFFFFFFFFFFFFFFFFFFFFFFFFFFFFFFFFCA
:2076E000FFFFFFFFFFFFFFFFFFFFFFFFFFFFFFFFFFFFFFFFFFFFFFFFFFFFFFFFFFFFFFFFAA
:20770000FFFFFFFFFFFFFFFFFFFFFFFFFFFFFFFFFFFFFFFFFFFFFFFFFFFFFFFFFFFFFFFF89
:20772000FFFFFFFFFFFFFFFFFFFFFFFFFFFFFFFFFFFFFFFFFFFFFFFFFFFFFFFFFFFFFFFF69
:20774000FFFFFFFFFFFFFFFFFFFFFFFFFFFFFFFFFFFFFFFFFFFFFFFFFFFFFFFFFFFFFFFF49
:20776000FFFFFFFFFFFFFFFFFFFFFFFFFFFFFFFFFFFFFFFFFFFFFFFFFFFFFFFFFFFFFFFF29
:20778000FFFFFFFFFFFFFFFFFFFFFFFFFFFFFFFFFFFFFFFFFFFFFFFFFFFFFFFFFFFFFFFF09
:2077A000FFFFFFFFFFFFFFFFFFFFFFFFFFFFFFFFFFFFFFFFFFFFFFFFFFFFFFFFFFFFFFFFE9
:2077C000FFFFFFFFFFFFFFFFFFFFFFFFFFFFFFFFFFFFFFFFFFFFFFFFFFFFFFFFFFFFFFFFC9
:2077E000FFFFFFFFFFFFFFFFFFFFFFFFFFFFFFFFFFFFFFFFFFFFFFFFFFFFFFFFFFFFFFFFA9
:20780000FFFFFFFFFFFFFFFFFFFFFFFFFFFFFFFFFFFFFFFFFFFFFFFFFFFFFFFFFFFFFFFF88
:20782000FFFFFFFFFFFFFFFFFFFFFFFFFFFFFFFFFFFFFFFFFFFFFFFFFFFFFFFFFFFFFFFF68
:20784000FFFFFFFFFFFFFFFFFFFFFFFFFFFFFFFFFFFFFFFFFFFFFFFFFFFFFFFFFFFFFFFF48
:20786000FFFFFFFFFFFFFFFFFFFFFFFFFFFFFFFFFFFFFFFFFFFFFFFFFFFFFFFFFFFFFFFF28
:20788000FFFFFFFFFFFFFFFFFFFFFFFFFFFFFFFFFFFFFFFFFFFFFFFFFFFFFFFFFFFFFFFF08
:2078A000FFFFFFFFFFFFFFFFFFFFFFFFFFFFFFFFFFFFFFFFFFFFFFFFFFFFFFFFFFFFFFFFE8
:2078C000FFFFFFFFFFFFFFFFFFFFFFFFFFFFFFFFFFFFFFFFFFFFFFFFFFFFFFFFFFFFFFFFC8
:2078E000FFFFFFFFFFFFFFFFFFFFFFFFFFFFFFFFFFFFFFFFFFFFFFFFFFFFFFFFFFFFFFFFA8
:20790000FFFFFFFFFFFFFFFFFFFFFFFFFFFFFFFFFFFFFFFFFFFFFFFFFFFFFFFFFFFFFFFF87
:20792000FFFFFFFFFFFFFFFFFFFFFFFFFFFFFFFFFFFFFFFFFFFFFFFFFFFFFFFFFFFFFFFF67
:20794000FFFFFFFFFFFFFFFFFFFFFFFFFFFFFFFFFFFFFFFFFFFFFFFFFFFFFFFFFFFFFFFF47
:20796000FFFFFFFFFFFFFFFFFFFFFFFFFFFFFFFFFFFFFFFFFFFFFFFFFFFFFFFFFFFFFFFF27
:20798000FFFFFFFFFFFFFFFFFFFFFFFFFFFFFFFFFFFFFFFFFFFFFFFFFFFFFFFFFFFFFFFF07
:2079A000FFFFFFFFFFFFFFFFFFFFFFFFFFFFFFFFFFFFFFFFFFFFFFFFFFFFFFFFFFFFFFFFE7
:2079C000FFFFFFFFFFFFFFFFFFFFFFFFFFFFFFFFFFFFFFFFFFFFFFFFFFFFFFFFFFFFFFFFC7
:2079E000FFFFFFFFFFFFFFFFFFFFFFFFFFFFFFFFFFFFFFFFFFFFFFFFFFFFFFFFFFFFFFFFA7
:207A0000FFFFFFFFFFFFFFFFFFFFFFFFFFFFFFFFFFFFFFFFFFFFFFFFFFFFFFFFFFFFFFFF86
:207A2000FFFFFFFFFFFFFFFFFFFFFFFFFFFFFFFFFFFFFFFFFFFFFFFFFFFFFFFFFFFFFFFF66
:207A4000FFFFFFFFFFFFFFFFFFFFFFFFFFFFFFFFFFFFFFFFFFFFFFFFFFFFFFFFFFFFFFFF46
:207A6000FFFFFFFFFFFFFFFFFFFFFFFFFFFFFFFFFFFFFFFFFFFFFFFFFFFFFFFFFFFFFFFF26
:207A8000FFFFFFFFFFFFFFFFFFFFFFFFFFFFFFFFFFFFFFFFFFFFFFFFFFFFFFFFFFFFFFFF06
:207AA000FFFFFFFFFFFFFFFFFFFFFFFFFFFFFFFFFFFFFFFFFFFFFFFFFFFFFFFFFFFFFFFFE6
:207AC000FFFFFFFFFFFFFFFFFFFFFFFFFFFFFFFFFFFFFFFFFFFFFFFFFFFFFFFFFFFFFFFFC6
:207AE000FFFFFFFFFFFFFFFFFFFFFFFFFFFFFFFFFFFFFFFFFFFFFFFFFFFFFFFFFFFFFFFFA6
:207B0000FFFFFFFFFFFFFFFFFFFFFFFFFFFFFFFFFFFFFFFFFFFFFFFFFFFFFFFFFFFFFFFF85
:207B2000FFFFFFFFFFFFFFFFFFFFFFFFFFFFFFFFFFFFFFFFFFFFFFFFFFFFFFFFFFFFFFFF65
:207B4000FFFFFFFFFFFFFFFFFFFFFFFFFFFFFFFFFFFFFFFFFFFFFFFFFFFFFFFFFFFFFFFF45
:207B6000FFFFFFFFFFFFFFFFFFFFFFFFFFFFFFFFFFFFFFFFFFFFFFFFFFFFFFFFFFFFFFFF25
:207B8000FFFFFFFFFFFFFFFFFFFFFFFFFFFFFFFFFFFFFFFFFFFFFFFFFFFFFFFFFFFFFFFF05
:207BA000FFFFFFFFFFFFFFFFFFFFFFFFFFFFFFFFFFFFFFFFFFFFFFFFFFFFFFFFFFFFFFFFE5
:207BC000FFFFFFFFFFFFFFFFFFFFFFFFFFFFFFFFFFFFFFFFFFFFFFFFFFFFFFFFFFFFFFFFC5
:207BE000FFFFFFFFFFFFFFFFFFFFFFFFFFFFFFFFFFFFFFFFFFFFFFFFFFFFFFFFFFFFFFFFA5
:207C0000FFFFFFFFFFFFFFFFFFFFFFFFFFFFFFFFFFFFFFFFFFFFFFFFFFFFFFFFFFFFFFFF84
:207C2000FFFFFFFFFFFFFFFFFFFFFFFFFFFFFFFFFFFFFFFFFFFFFFFFFFFFFFFFFFFFFFFF64
:207C4000FFFFFFFFFFFFFFFFFFFFFFFFFFFFFFFFFFFFFFFFFFFFFFFFFFFFFFFFFFFFFFFF44
:207C6000FFFFFFFFFFFFFFFFFFFFFFFFFFFFFFFFFFFFFFFFFFFFFFFFFFFFFFFFFFFFFFFF24
:207C8000FFFFFFFFFFFFFFFFFFFFFFFFFFFFFFFFFFFFFFFFFFFFFFFFFFFFFFFFFFFFFFFF04
:207CA000FFFFFFFFFFFFFFFFFFFFFFFFFFFFFFFFFFFFFFFFFFFFFFFFFFFFFFFFFFFFFFFFE4
:207CC000FFFFFFFFFFFFFFFFFFFFFFFFFFFFFFFFFFFFFFFFFFFFFFFFFFFFFFFFFFFFFFFFC4
:207CE000FFFFFFFFFFFFFFFFFFFFFFFFFFFFFFFFFFFFFFFFFFFFFFFFFFFFFFFFFFFFFFFFA4
:207D0000FFFFFFFFFFFFFFFFFFFFFFFFFFFFFFFFFFFFFFFFFFFFFFFFFFFFFFFFFFFFFFFF83
:207D2000FFFFFFFFFFFFFFFFFFFFFFFFFFFFFFFFFFFFFFFFFFFFFFFFFFFFFFFFFFFFFFFF63
:207D4000FFFFFFFFFFFFFFFFFFFFFFFFFFFFFFFFFFFFFFFFFFFFFFFFFFFFFFFFFFFFFFFF43
:207D6000FFFFFFFFFFFFFFFFFFFFFFFFFFFFFFFFFFFFFFFFFFFFFFFFFFFFFFFFFFFFFFFF23
:207D8000FFFFFFFFFFFFFFFFFFFFFFFFFFFFFFFFFFFFFFFFFFFFFFFFFFFFFFFFFFFFFFFF03
:207DA000FFFFFFFFFFFFFFFFFFFFFFFFFFFFFFFFFFFFFFFFFFFFFFFFFFFFFFFFFFFFFFFFE3
:207DC000FFFFFFFFFFFFFFFFFFFFFFFFFFFFFFFFFFFFFFFFFFFFFFFFFFFFFFFFFFFFFFFFC3
:207DE000FFFFFFFFFFFFFFFFFFFFFFFFFFFFFFFFFFFFFFFFFFFFFFFFFFFFFFFFFFFFFFFFA3
:207E0000FFFFFFFFFFFFFFFFFFFFFFFFFFFFFFFFFFFFFFFFFFFFFFFFFFFFFFFFFFFFFFFF82
:207E2000FFFFFFFFFFFFFFFFFFFFFFFFFFFFFFFFFFFFFFFFFFFFFFFFFFFFFFFFFFFFFFFF62
:207E4000FFFFFFFFFFFFFFFFFFFFFFFFFFFFFFFFFFFFFFFFFFFFFFFFFFFFFFFFFFFFFFFF42
:207E6000FFFFFFFFFFFFFFFFFFFFFFFFFFFFFFFFFFFFFFFFFFFFFFFFFFFFFFFFFFFFFFFF22
:207E8000FFFFFFFFFFFFFFFFFFFFFFFFFFFFFFFFFFFFFFFFFFFFFFFFFFFFFFFFFFFFFFFF02
:207EA000FFFFFFFFFFFFFFFFFFFFFFFFFFFFFFFFFFFFFFFFFFFFFFFFFFFFFFFFFFFFFFFFE2
:207EC000FFFFFFFFFFFFFFFFFFFFFFFFFFFFFFFFFFFFFFFFFFFFFFFFFFFFFFFFFFFFFFFFC2
:207EE000FFFFFFFFFFFFFFFFFFFFFFFFFFFFFFFFFFFFFFFFFFFFFFFFFFFFFFFFFFFFFFFFA2
:207F0000FFFFFFFFFFFFFFFFFFFFFFFFFFFFFFFFFFFFFFFFFFFFFFFFFFFFFFFFFFFFFFFF81
:207F2000FFFFFFFFFFFFFFFFFFFFFFFFFFFFFFFFFFFFFFFFFFFFFFFFFFFFFFFFFFFFFFFF61
:207F4000FFFFFFFFFFFFFFFFFFFFFFFFFFFFFFFFFFFFFFFFFFFFFFFFFFFFFFFFFFFFFFFF41
:207F6000FFFFFFFFFFFFFFFFFFFFFFFFFFFFFFFFFFFFFFFFFFFFFFFFFFFFFFFFFFFFFFFF21
:207F8000FFFFFFFFFFFFFFFFFFFFFFFFFFFFFFFFFFFFFFFFFFFFFFFFFFFFFFFFFFFFFFFF01
:207FA000FFFFFFFFFFFFFFFFFFFFFFFFFFFFFFFFFFFFFFFFFFFFFFFFFFFFFFFFFFFFFFFFE1
:207FC000FFFFFFFFFFFFFFFFFFFFFFFFFFFFFFFFFFFFFFFFFFFFFFFFFFFFFFFFFFFFFFFFC1
:207FE000FFFFFFFFFFFFFFFFFFFFFFFFFFFFFFFFFFFFFFFFFFFFFFFFFFFFFFFFFFFFFFFFA1
:20800000FFFFFFFFFFFFFFFFFFFFFFFFFFFFFFFFFFFFFFFFFFFFFFFFFFFFFFFFFFFFFFFF80
:20802000FFFFFFFFFFFFFFFFFFFFFFFFFFFFFFFFFFFFFFFFFFFFFFFFFFFFFFFFFFFFFFFF60
:20804000FFFFFFFFFFFFFFFFFFFFFFFFFFFFFFFFFFFFFFFFFFFFFFFFFFFFFFFFFFFFFFFF40
:20806000FFFFFFFFFFFFFFFFFFFFFFFFFFFFFFFFFFFFFFFFFFFFFFFFFFFFFFFFFFFFFFFF20
:20808000FFFFFFFFFFFFFFFFFFFFFFFFFFFFFFFFFFFFFFFFFFFFFFFFFFFFFFFFFFFFFFFF00
:2080A000FFFFFFFFFFFFFFFFFFFFFFFFFFFFFFFFFFFFFFFFFFFFFFFFFFFFFFFFFFFFFFFFE0
:2080C000FFFFFFFFFFFFFFFFFFFFFFFFFFFFFFFFFFFFFFFFFFFFFFFFFFFFFFFFFFFFFFFFC0
:2080E000FFFFFFFFFFFFFFFFFFFFFFFFFFFFFFFFFFFFFFFFFFFFFFFFFFFFFFFFFFFFFFFFA0
:20810000FFFFFFFFFFFFFFFFFFFFFFFFFFFFFFFFFFFFFFFFFFFFFFFFFFFFFFFFFFFFFFFF7F
:20812000FFFFFFFFFFFFFFFFFFFFFFFFFFFFFFFFFFFFFFFFFFFFFFFFFFFFFFFFFFFFFFFF5F
:20814000FFFFFFFFFFFFFFFFFFFFFFFFFFFFFFFFFFFFFFFFFFFFFFFFFFFFFFFFFFFFFFFF3F
:20816000FFFFFFFFFFFFFFFFFFFFFFFFFFFFFFFFFFFFFFFFFFFFFFFFFFFFFFFFFFFFFFFF1F
:20818000FFFFFFFFFFFFFFFFFFFFFFFFFFFFFFFFFFFFFFFFFFFFFFFFFFFFFFFFFFFFFFFFFF
:2081A000FFFFFFFFFFFFFFFFFFFFFFFFFFFFFFFFFFFFFFFFFFFFFFFFFFFFFFFFFFFFFFFFDF
:2081C000FFFFFFFFFFFFFFFFFFFFFFFFFFFFFFFFFFFFFFFFFFFFFFFFFFFFFFFFFFFFFFFFBF
:2081E000FFFFFFFFFFFFFFFFFFFFFFFFFFFFFFFFFFFFFFFFFFFFFFFFFFFFFFFFFFFFFFFF9F
:20820000FFFFFFFFFFFFFFFFFFFFFFFFFFFFFFFFFFFFFFFFFFFFFFFFFFFFFFFFFFFFFFFF7E
:20822000FFFFFFFFFFFFFFFFFFFFFFFFFFFFFFFFFFFFFFFFFFFFFFFFFFFFFFFFFFFFFFFF5E
:20824000FFFFFFFFFFFFFFFFFFFFFFFFFFFFFFFFFFFFFFFFFFFFFFFFFFFFFFFFFFFFFFFF3E
:20826000FFFFFFFFFFFFFFFFFFFFFFFFFFFFFFFFFFFFFFFFFFFFFFFFFFFFFFFFFFFFFFFF1E
:20828000FFFFFFFFFFFFFFFFFFFFFFFFFFFFFFFFFFFFFFFFFFFFFFFFFFFFFFFFFFFFFFFFFE
:2082A000FFFFFFFFFFFFFFFFFFFFFFFFFFFFFFFFFFFFFFFFFFFFFFFFFFFFFFFFFFFFFFFFDE
:2082C000FFFFFFFFFFFFFFFFFFFFFFFFFFFFFFFFFFFFFFFFFFFFFFFFFFFFFFFFFFFFFFFFBE
:2082E000FFFFFFFFFFFFFFFFFFFFFFFFFFFFFFFFFFFFFFFFFFFFFFFFFFFFFFFFFFFFFFFF9E
:20830000FFFFFFFFFFFFFFFFFFFFFFFFFFFFFFFFFFFFFFFFFFFFFFFFFFFFFFFFFFFFFFFF7D
:20832000FFFFFFFFFFFFFFFFFFFFFFFFFFFFFFFFFFFFFFFFFFFFFFFFFFFFFFFFFFFFFFFF5D
:20834000FFFFFFFFFFFFFFFFFFFFFFFFFFFFFFFFFFFFFFFFFFFFFFFFFFFFFFFFFFFFFFFF3D
:20836000FFFFFFFFFFFFFFFFFFFFFFFFFFFFFFFFFFFFFFFFFFFFFFFFFFFFFFFFFFFFFFFF1D
:20838000FFFFFFFFFFFFFFFFFFFFFFFFFFFFFFFFFFFFFFFFFFFFFFFFFFFFFFFFFFFFFFFFFD
:2083A000FFFFFFFFFFFFFFFFFFFFFFFFFFFFFFFFFFFFFFFFFFFFFFFFFFFFFFFFFFFFFFFFDD
:2083C000FFFFFFFFFFFFFFFFFFFFFFFFFFFFFFFFFFFFFFFFFFFFFFFFFFFFFFFFFFFFFFFFBD
:2083E000FFFFFFFFFFFFFFFFFFFFFFFFFFFFFFFFFFFFFFFFFFFFFFFFFFFFFFFFFFFFFFFF9D
:20840000FFFFFFFFFFFFFFFFFFFFFFFFFFFFFFFFFFFFFFFFFFFFFFFFFFFFFFFFFFFFFFFF7C
:20842000FFFFFFFFFFFFFFFFFFFFFFFFFFFFFFFFFFFFFFFFFFFFFFFFFFFFFFFFFFFFFFFF5C
:20844000FFFFFFFFFFFFFFFFFFFFFFFFFFFFFFFFFFFFFFFFFFFFFFFFFFFFFFFFFFFFFFFF3C
:20846000FFFFFFFFFFFFFFFFFFFFFFFFFFFFFFFFFFFFFFFFFFFFFFFFFFFFFFFFFFFFFFFF1C
:20848000FFFFFFFFFFFFFFFFFFFFFFFFFFFFFFFFFFFFFFFFFFFFFFFFFFFFFFFFFFFFFFFFFC
:2084A000FFFFFFFFFFFFFFFFFFFFFFFFFFFFFFFFFFFFFFFFFFFFFFFFFFFFFFFFFFFFFFFFDC
:2084C000FFFFFFFFFFFFFFFFFFFFFFFFFFFFFFFFFFFFFFFFFFFFFFFFFFFFFFFFFFFFFFFFBC
:2084E000FFFFFFFFFFFFFFFFFFFFFFFFFFFFFFFFFFFFFFFFFFFFFFFFFFFFFFFFFFFFFFFF9C
:20850000FFFFFFFFFFFFFFFFFFFFFFFFFFFFFFFFFFFFFFFFFFFFFFFFFFFFFFFFFFFFFFFF7B
:20852000FFFFFFFFFFFFFFFFFFFFFFFFFFFFFFFFFFFFFFFFFFFFFFFFFFFFFFFFFFFFFFFF5B
:20854000FFFFFFFFFFFFFFFFFFFFFFFFFFFFFFFFFFFFFFFFFFFFFFFFFFFFFFFFFFFFFFFF3B
:20856000FFFFFFFFFFFFFFFFFFFFFFFFFFFFFFFFFFFFFFFFFFFFFFFFFFFFFFFFFFFFFFFF1B
:20858000FFFFFFFFFFFFFFFFFFFFFFFFFFFFFFFFFFFFFFFFFFFFFFFFFFFFFFFFFFFFFFFFFB
:2085A000FFFFFFFFFFFFFFFFFFFFFFFFFFFFFFFFFFFFFFFFFFFFFFFFFFFFFFFFFFFFFFFFDB
:2085C000FFFFFFFFFFFFFFFFFFFFFFFFFFFFFFFFFFFFFFFFFFFFFFFFFFFFFFFFFFFFFFFFBB
:2085E000FFFFFFFFFFFFFFFFFFFFFFFFFFFFFFFFFFFFFFFFFFFFFFFFFFFFFFFFFFFFFFFF9B
:20860000FFFFFFFFFFFFFFFFFFFFFFFFFFFFFFFFFFFFFFFFFFFFFFFFFFFFFFFFFFFFFFFF7A
:20862000FFFFFFFFFFFFFFFFFFFFFFFFFFFFFFFFFFFFFFFFFFFFFFFFFFFFFFFFFFFFFFFF5A
:20864000FFFFFFFFFFFFFFFFFFFFFFFFFFFFFFFFFFFFFFFFFFFFFFFFFFFFFFFFFFFFFFFF3A
:20866000FFFFFFFFFFFFFFFFFFFFFFFFFFFFFFFFFFFFFFFFFFFFFFFFFFFFFFFFFFFFFFFF1A
:20868000FFFFFFFFFFFFFFFFFFFFFFFFFFFFFFFFFFFFFFFFFFFFFFFFFFFFFFFFFFFFFFFFFA
:2086A000FFFFFFFFFFFFFFFFFFFFFFFFFFFFFFFFFFFFFFFFFFFFFFFFFFFFFFFFFFFFFFFFDA
:2086C000FFFFFFFFFFFFFFFFFFFFFFFFFFFFFFFFFFFFFFFFFFFFFFFFFFFFFFFFFFFFFFFFBA
:2086E000FFFFFFFFFFFFFFFFFFFFFFFFFFFFFFFFFFFFFFFFFFFFFFFFFFFFFFFFFFFFFFFF9A
:20870000FFFFFFFFFFFFFFFFFFFFFFFFFFFFFFFFFFFFFFFFFFFFFFFFFFFFFFFFFFFFFFFF79
:20872000FFFFFFFFFFFFFFFFFFFFFFFFFFFFFFFFFFFFFFFFFFFFFFFFFFFFFFFFFFFFFFFF59
:20874000FFFFFFFFFFFFFFFFFFFFFFFFFFFFFFFFFFFFFFFFFFFFFFFFFFFFFFFFFFFFFFFF39
:20876000FFFFFFFFFFFFFFFFFFFFFFFFFFFFFFFFFFFFFFFFFFFFFFFFFFFFFFFFFFFFFFFF19
:20878000FFFFFFFFFFFFFFFFFFFFFFFFFFFFFFFFFFFFFFFFFFFFFFFFFFFFFFFFFFFFFFFFF9
:2087A000FFFFFFFFFFFFFFFFFFFFFFFFFFFFFFFFFFFFFFFFFFFFFFFFFFFFFFFFFFFFFFFFD9
:2087C000FFFFFFFFFFFFFFFFFFFFFFFFFFFFFFFFFFFFFFFFFFFFFFFFFFFFFFFFFFFFFFFFB9
:2087E000FFFFFFFFFFFFFFFFFFFFFFFFFFFFFFFFFFFFFFFFFFFFFFFFFFFFFFFFFFFFFFFF99
:20880000FFFFFFFFFFFFFFFFFFFFFFFFFFFFFFFFFFFFFFFFFFFFFFFFFFFFFFFFFFFFFFFF78
:20882000FFFFFFFFFFFFFFFFFFFFFFFFFFFFFFFFFFFFFFFFFFFFFFFFFFFFFFFFFFFFFFFF58
:20884000FFFFFFFFFFFFFFFFFFFFFFFFFFFFFFFFFFFFFFFFFFFFFFFFFFFFFFFFFFFFFFFF38
:20886000FFFFFFFFFFFFFFFFFFFFFFFFFFFFFFFFFFFFFFFFFFFFFFFFFFFFFFFFFFFFFFFF18
:20888000FFFFFFFFFFFFFFFFFFFFFFFFFFFFFFFFFFFFFFFFFFFFFFFFFFFFFFFFFFFFFFFFF8
:2088A000FFFFFFFFFFFFFFFFFFFFFFFFFFFFFFFFFFFFFFFFFFFFFFFFFFFFFFFFFFFFFFFFD8
:2088C000FFFFFFFFFFFFFFFFFFFFFFFFFFFFFFFFFFFFFFFFFFFFFFFFFFFFFFFFFFFFFFFFB8
:2088E000FFFFFFFFFFFFFFFFFFFFFFFFFFFFFFFFFFFFFFFFFFFFFFFFFFFFFFFFFFFFFFFF98
:20890000FFFFFFFFFFFFFFFFFFFFFFFFFFFFFFFFFFFFFFFFFFFFFFFFFFFFFFFFFFFFFFFF77
:20892000FFFFFFFFFFFFFFFFFFFFFFFFFFFFFFFFFFFFFFFFFFFFFFFFFFFFFFFFFFFFFFFF57
:20894000FFFFFFFFFFFFFFFFFFFFFFFFFFFFFFFFFFFFFFFFFFFFFFFFFFFFFFFFFFFFFFFF37
:20896000FFFFFFFFFFFFFFFFFFFFFFFFFFFFFFFFFFFFFFFFFFFFFFFFFFFFFFFFFFFFFFFF17
:20898000FFFFFFFFFFFFFFFFFFFFFFFFFFFFFFFFFFFFFFFFFFFFFFFFFFFFFFFFFFFFFFFFF7
:2089A000FFFFFFFFFFFFFFFFFFFFFFFFFFFFFFFFFFFFFFFFFFFFFFFFFFFFFFFFFFFFFFFFD7
:2089C000FFFFFFFFFFFFFFFFFFFFFFFFFFFFFFFFFFFFFFFFFFFFFFFFFFFFFFFFFFFFFFFFB7
:2089E000FFFFFFFFFFFFFFFFFFFFFFFFFFFFFFFFFFFFFFFFFFFFFFFFFFFFFFFFFFFFFFFF97
:208A0000FFFFFFFFFFFFFFFFFFFFFFFFFFFFFFFFFFFFFFFFFFFFFFFFFFFFFFFFFFFFFFFF76
:208A2000FFFFFFFFFFFFFFFFFFFFFFFFFFFFFFFFFFFFFFFFFFFFFFFFFFFFFFFFFFFFFFFF56
:208A4000FFFFFFFFFFFFFFFFFFFFFFFFFFFFFFFFFFFFFFFFFFFFFFFFFFFFFFFFFFFFFFFF36
:208A6000FFFFFFFFFFFFFFFFFFFFFFFFFFFFFFFFFFFFFFFFFFFFFFFFFFFFFFFFFFFFFFFF16
:208A8000FFFFFFFFFFFFFFFFFFFFFFFFFFFFFFFFFFFFFFFFFFFFFFFFFFFFFFFFFFFFFFFFF6
:208AA000FFFFFFFFFFFFFFFFFFFFFFFFFFFFFFFFFFFFFFFFFFFFFFFFFFFFFFFFFFFFFFFFD6
:208AC000FFFFFFFFFFFFFFFFFFFFFFFFFFFFFFFFFFFFFFFFFFFFFFFFFFFFFFFFFFFFFFFFB6
:208AE000FFFFFFFFFFFFFFFFFFFFFFFFFFFFFFFFFFFFFFFFFFFFFFFFFFFFFFFFFFFFFFFF96
:208B0000FFFFFFFFFFFFFFFFFFFFFFFFFFFFFFFFFFFFFFFFFFFFFFFFFFFFFFFFFFFFFFFF75
:208B2000FFFFFFFFFFFFFFFFFFFFFFFFFFFFFFFFFFFFFFFFFFFFFFFFFFFFFFFFFFFFFFFF55
:208B4000FFFFFFFFFFFFFFFFFFFFFFFFFFFFFFFFFFFFFFFFFFFFFFFFFFFFFFFFFFFFFFFF35
:208B6000FFFFFFFFFFFFFFFFFFFFFFFFFFFFFFFFFFFFFFFFFFFFFFFFFFFFFFFFFFFFFFFF15
:208B8000FFFFFFFFFFFFFFFFFFFFFFFFFFFFFFFFFFFFFFFFFFFFFFFFFFFFFFFFFFFFFFFFF5
:208BA000FFFFFFFFFFFFFFFFFFFFFFFFFFFFFFFFFFFFFFFFFFFFFFFFFFFFFFFFFFFFFFFFD5
:208BC000FFFFFFFFFFFFFFFFFFFFFFFFFFFFFFFFFFFFFFFFFFFFFFFFFFFFFFFFFFFFFFFFB5
:208BE000FFFFFFFFFFFFFFFFFFFFFFFFFFFFFFFFFFFFFFFFFFFFFFFFFFFFFFFFFFFFFFFF95
:208C0000FFFFFFFFFFFFFFFFFFFFFFFFFFFFFFFFFFFFFFFFFFFFFFFFFFFFFFFFFFFFFFFF74
:208C2000FFFFFFFFFFFFFFFFFFFFFFFFFFFFFFFFFFFFFFFFFFFFFFFFFFFFFFFFFFFFFFFF54
:208C4000FFFFFFFFFFFFFFFFFFFFFFFFFFFFFFFFFFFFFFFFFFFFFFFFFFFFFFFFFFFFFFFF34
:208C6000FFFFFFFFFFFFFFFFFFFFFFFFFFFFFFFFFFFFFFFFFFFFFFFFFFFFFFFFFFFFFFFF14
:208C8000FFFFFFFFFFFFFFFFFFFFFFFFFFFFFFFFFFFFFFFFFFFFFFFFFFFFFFFFFFFFFFFFF4
:208CA000FFFFFFFFFFFFFFFFFFFFFFFFFFFFFFFFFFFFFFFFFFFFFFFFFFFFFFFFFFFFFFFFD4
:208CC000FFFFFFFFFFFFFFFFFFFFFFFFFFFFFFFFFFFFFFFFFFFFFFFFFFFFFFFFFFFFFFFFB4
:208CE000FFFFFFFFFFFFFFFFFFFFFFFFFFFFFFFFFFFFFFFFFFFFFFFFFFFFFFFFFFFFFFFF94
:208D0000FFFFFFFFFFFFFFFFFFFFFFFFFFFFFFFFFFFFFFFFFFFFFFFFFFFFFFFFFFFFFFFF73
:208D2000FFFFFFFFFFFFFFFFFFFFFFFFFFFFFFFFFFFFFFFFFFFFFFFFFFFFFFFFFFFFFFFF53
:208D4000FFFFFFFFFFFFFFFFFFFFFFFFFFFFFFFFFFFFFFFFFFFFFFFFFFFFFFFFFFFFFFFF33
:208D6000FFFFFFFFFFFFFFFFFFFFFFFFFFFFFFFFFFFFFFFFFFFFFFFFFFFFFFFFFFFFFFFF13
:208D8000FFFFFFFFFFFFFFFFFFFFFFFFFFFFFFFFFFFFFFFFFFFFFFFFFFFFFFFFFFFFFFFFF3
:208DA000FFFFFFFFFFFFFFFFFFFFFFFFFFFFFFFFFFFFFFFFFFFFFFFFFFFFFFFFFFFFFFFFD3
:208DC000FFFFFFFFFFFFFFFFFFFFFFFFFFFFFFFFFFFFFFFFFFFFFFFFFFFFFFFFFFFFFFFFB3
:208DE000FFFFFFFFFFFFFFFFFFFFFFFFFFFFFFFFFFFFFFFFFFFFFFFFFFFFFFFFFFFFFFFF93
:208E0000FFFFFFFFFFFFFFFFFFFFFFFFFFFFFFFFFFFFFFFFFFFFFFFFFFFFFFFFFFFFFFFF72
:208E2000FFFFFFFFFFFFFFFFFFFFFFFFFFFFFFFFFFFFFFFFFFFFFFFFFFFFFFFFFFFFFFFF52
:208E4000FFFFFFFFFFFFFFFFFFFFFFFFFFFFFFFFFFFFFFFFFFFFFFFFFFFFFFFFFFFFFFFF32
:208E6000FFFFFFFFFFFFFFFFFFFFFFFFFFFFFFFFFFFFFFFFFFFFFFFFFFFFFFFFFFFFFFFF12
:208E8000FFFFFFFFFFFFFFFFFFFFFFFFFFFFFFFFFFFFFFFFFFFFFFFFFFFFFFFFFFFFFFFFF2
:208EA000FFFFFFFFFFFFFFFFFFFFFFFFFFFFFFFFFFFFFFFFFFFFFFFFFFFFFFFFFFFFFFFFD2
:208EC000FFFFFFFFFFFFFFFFFFFFFFFFFFFFFFFFFFFFFFFFFFFFFFFFFFFFFFFFFFFFFFFFB2
:208EE000FFFFFFFFFFFFFFFFFFFFFFFFFFFFFFFFFFFFFFFFFFFFFFFFFFFFFFFFFFFFFFFF92
:208F0000FFFFFFFFFFFFFFFFFFFFFFFFFFFFFFFFFFFFFFFFFFFFFFFFFFFFFFFFFFFFFFFF71
:208F2000FFFFFFFFFFFFFFFFFFFFFFFFFFFFFFFFFFFFFFFFFFFFFFFFFFFFFFFFFFFFFFFF51
:208F4000FFFFFFFFFFFFFFFFFFFFFFFFFFFFFFFFFFFFFFFFFFFFFFFFFFFFFFFFFFFFFFFF31
:208F6000FFFFFFFFFFFFFFFFFFFFFFFFFFFFFFFFFFFFFFFFFFFFFFFFFFFFFFFFFFFFFFFF11
:208F8000FFFFFFFFFFFFFFFFFFFFFFFFFFFFFFFFFFFFFFFFFFFFFFFFFFFFFFFFFFFFFFFFF1
:208FA000FFFFFFFFFFFFFFFFFFFFFFFFFFFFFFFFFFFFFFFFFFFFFFFFFFFFFFFFFFFFFFFFD1
:208FC000FFFFFFFFFFFFFFFFFFFFFFFFFFFFFFFFFFFFFFFFFFFFFFFFFFFFFFFFFFFFFFFFB1
:208FE000FFFFFFFFFFFFFFFFFFFFFFFFFFFFFFFFFFFFFFFFFFFFFFFFFFFFFFFFFFFFFFFF91
:20900000FFFFFFFFFFFFFFFFFFFFFFFFFFFFFFFFFFFFFFFFFFFFFFFFFFFFFFFFFFFFFFFF70
:20902000FFFFFFFFFFFFFFFFFFFFFFFFFFFFFFFFFFFFFFFFFFFFFFFFFFFFFFFFFFFFFFFF50
:20904000FFFFFFFFFFFFFFFFFFFFFFFFFFFFFFFFFFFFFFFFFFFFFFFFFFFFFFFFFFFFFFFF30
:20906000FFFFFFFFFFFFFFFFFFFFFFFFFFFFFFFFFFFFFFFFFFFFFFFFFFFFFFFFFFFFFFFF10
:20908000FFFFFFFFFFFFFFFFFFFFFFFFFFFFFFFFFFFFFFFFFFFFFFFFFFFFFFFFFFFFFFFFF0
:2090A000FFFFFFFFFFFFFFFFFFFFFFFFFFFFFFFFFFFFFFFFFFFFFFFFFFFFFFFFFFFFFFFFD0
:2090C000FFFFFFFFFFFFFFFFFFFFFFFFFFFFFFFFFFFFFFFFFFFFFFFFFFFFFFFFFFFFFFFFB0
:2090E000FFFFFFFFFFFFFFFFFFFFFFFFFFFFFFFFFFFFFFFFFFFFFFFFFFFFFFFFFFFFFFFF90
:20910000FFFFFFFFFFFFFFFFFFFFFFFFFFFFFFFFFFFFFFFFFFFFFFFFFFFFFFFFFFFFFFFF6F
:20912000FFFFFFFFFFFFFFFFFFFFFFFFFFFFFFFFFFFFFFFFFFFFFFFFFFFFFFFFFFFFFFFF4F
:20914000FFFFFFFFFFFFFFFFFFFFFFFFFFFFFFFFFFFFFFFFFFFFFFFFFFFFFFFFFFFFFFFF2F
:20916000FFFFFFFFFFFFFFFFFFFFFFFFFFFFFFFFFFFFFFFFFFFFFFFFFFFFFFFFFFFFFFFF0F
:20918000FFFFFFFFFFFFFFFFFFFFFFFFFFFFFFFFFFFFFFFFFFFFFFFFFFFFFFFFFFFFFFFFEF
:2091A000FFFFFFFFFFFFFFFFFFFFFFFFFFFFFFFFFFFFFFFFFFFFFFFFFFFFFFFFFFFFFFFFCF
:2091C000FFFFFFFFFFFFFFFFFFFFFFFFFFFFFFFFFFFFFFFFFFFFFFFFFFFFFFFFFFFFFFFFAF
:2091E000FFFFFFFFFFFFFFFFFFFFFFFFFFFFFFFFFFFFFFFFFFFFFFFFFFFFFFFFFFFFFFFF8F
:20920000FFFFFFFFFFFFFFFFFFFFFFFFFFFFFFFFFFFFFFFFFFFFFFFFFFFFFFFFFFFFFFFF6E
:20922000FFFFFFFFFFFFFFFFFFFFFFFFFFFFFFFFFFFFFFFFFFFFFFFFFFFFFFFFFFFFFFFF4E
:20924000FFFFFFFFFFFFFFFFFFFFFFFFFFFFFFFFFFFFFFFFFFFFFFFFFFFFFFFFFFFFFFFF2E
:20926000FFFFFFFFFFFFFFFFFFFFFFFFFFFFFFFFFFFFFFFFFFFFFFFFFFFFFFFFFFFFFFFF0E
:20928000FFFFFFFFFFFFFFFFFFFFFFFFFFFFFFFFFFFFFFFFFFFFFFFFFFFFFFFFFFFFFFFFEE
:2092A000FFFFFFFFFFFFFFFFFFFFFFFFFFFFFFFFFFFFFFFFFFFFFFFFFFFFFFFFFFFFFFFFCE
:2092C000FFFFFFFFFFFFFFFFFFFFFFFFFFFFFFFFFFFFFFFFFFFFFFFFFFFFFFFFFFFFFFFFAE
:2092E000FFFFFFFFFFFFFFFFFFFFFFFFFFFFFFFFFFFFFFFFFFFFFFFFFFFFFFFFFFFFFFFF8E
:20930000FFFFFFFFFFFFFFFFFFFFFFFFFFFFFFFFFFFFFFFFFFFFFFFFFFFFFFFFFFFFFFFF6D
:20932000FFFFFFFFFFFFFFFFFFFFFFFFFFFFFFFFFFFFFFFFFFFFFFFFFFFFFFFFFFFFFFFF4D
:20934000FFFFFFFFFFFFFFFFFFFFFFFFFFFFFFFFFFFFFFFFFFFFFFFFFFFFFFFFFFFFFFFF2D
:20936000FFFFFFFFFFFFFFFFFFFFFFFFFFFFFFFFFFFFFFFFFFFFFFFFFFFFFFFFFFFFFFFF0D
:20938000FFFFFFFFFFFFFFFFFFFFFFFFFFFFFFFFFFFFFFFFFFFFFFFFFFFFFFFFFFFFFFFFED
:2093A000FFFFFFFFFFFFFFFFFFFFFFFFFFFFFFFFFFFFFFFFFFFFFFFFFFFFFFFFFFFFFFFFCD
:2093C000FFFFFFFFFFFFFFFFFFFFFFFFFFFFFFFFFFFFFFFFFFFFFFFFFFFFFFFFFFFFFFFFAD
:2093E000FFFFFFFFFFFFFFFFFFFFFFFFFFFFFFFFFFFFFFFFFFFFFFFFFFFFFFFFFFFFFFFF8D
:20940000FFFFFFFFFFFFFFFFFFFFFFFFFFFFFFFFFFFFFFFFFFFFFFFFFFFFFFFFFFFFFFFF6C
:20942000FFFFFFFFFFFFFFFFFFFFFFFFFFFFFFFFFFFFFFFFFFFFFFFFFFFFFFFFFFFFFFFF4C
:20944000FFFFFFFFFFFFFFFFFFFFFFFFFFFFFFFFFFFFFFFFFFFFFFFFFFFFFFFFFFFFFFFF2C
:20946000FFFFFFFFFFFFFFFFFFFFFFFFFFFFFFFFFFFFFFFFFFFFFFFFFFFFFFFFFFFFFFFF0C
:20948000FFFFFFFFFFFFFFFFFFFFFFFFFFFFFFFFFFFFFFFFFFFFFFFFFFFFFFFFFFFFFFFFEC
:2094A000FFFFFFFFFFFFFFFFFFFFFFFFFFFFFFFFFFFFFFFFFFFFFFFFFFFFFFFFFFFFFFFFCC
:2094C000FFFFFFFFFFFFFFFFFFFFFFFFFFFFFFFFFFFFFFFFFFFFFFFFFFFFFFFFFFFFFFFFAC
:2094E000FFFFFFFFFFFFFFFFFFFFFFFFFFFFFFFFFFFFFFFFFFFFFFFFFFFFFFFFFFFFFFFF8C
:20950000FFFFFFFFFFFFFFFFFFFFFFFFFFFFFFFFFFFFFFFFFFFFFFFFFFFFFFFFFFFFFFFF6B
:20952000FFFFFFFFFFFFFFFFFFFFFFFFFFFFFFFFFFFFFFFFFFFFFFFFFFFFFFFFFFFFFFFF4B
:20954000FFFFFFFFFFFFFFFFFFFFFFFFFFFFFFFFFFFFFFFFFFFFFFFFFFFFFFFFFFFFFFFF2B
:20956000FFFFFFFFFFFFFFFFFFFFFFFFFFFFFFFFFFFFFFFFFFFFFFFFFFFFFFFFFFFFFFFF0B
:20958000FFFFFFFFFFFFFFFFFFFFFFFFFFFFFFFFFFFFFFFFFFFFFFFFFFFFFFFFFFFFFFFFEB
:2095A000FFFFFFFFFFFFFFFFFFFFFFFFFFFFFFFFFFFFFFFFFFFFFFFFFFFFFFFFFFFFFFFFCB
:2095C000FFFFFFFFFFFFFFFFFFFFFFFFFFFFFFFFFFFFFFFFFFFFFFFFFFFFFFFFFFFFFFFFAB
:2095E000FFFFFFFFFFFFFFFFFFFFFFFFFFFFFFFFFFFFFFFFFFFFFFFFFFFFFFFFFFFFFFFF8B
:20960000FFFFFFFFFFFFFFFFFFFFFFFFFFFFFFFFFFFFFFFFFFFFFFFFFFFFFFFFFFFFFFFF6A
:20962000FFFFFFFFFFFFFFFFFFFFFFFFFFFFFFFFFFFFFFFFFFFFFFFFFFFFFFFFFFFFFFFF4A
:20964000FFFFFFFFFFFFFFFFFFFFFFFFFFFFFFFFFFFFFFFFFFFFFFFFFFFFFFFFFFFFFFFF2A
:20966000FFFFFFFFFFFFFFFFFFFFFFFFFFFFFFFFFFFFFFFFFFFFFFFFFFFFFFFFFFFFFFFF0A
:20968000FFFFFFFFFFFFFFFFFFFFFFFFFFFFFFFFFFFFFFFFFFFFFFFFFFFFFFFFFFFFFFFFEA
:2096A000FFFFFFFFFFFFFFFFFFFFFFFFFFFFFFFFFFFFFFFFFFFFFFFFFFFFFFFFFFFFFFFFCA
:2096C000FFFFFFFFFFFFFFFFFFFFFFFFFFFFFFFFFFFFFFFFFFFFFFFFFFFFFFFFFFFFFFFFAA
:2096E000FFFFFFFFFFFFFFFFFFFFFFFFFFFFFFFFFFFFFFFFFFFFFFFFFFFFFFFFFFFFFFFF8A
:20970000FFFFFFFFFFFFFFFFFFFFFFFFFFFFFFFFFFFFFFFFFFFFFFFFFFFFFFFFFFFFFFFF69
:20972000FFFFFFFFFFFFFFFFFFFFFFFFFFFFFFFFFFFFFFFFFFFFFFFFFFFFFFFFFFFFFFFF49
:20974000FFFFFFFFFFFFFFFFFFFFFFFFFFFFFFFFFFFFFFFFFFFFFFFFFFFFFFFFFFFFFFFF29
:20976000FFFFFFFFFFFFFFFFFFFFFFFFFFFFFFFFFFFFFFFFFFFFFFFFFFFFFFFFFFFFFFFF09
:20978000FFFFFFFFFFFFFFFFFFFFFFFFFFFFFFFFFFFFFFFFFFFFFFFFFFFFFFFFFFFFFFFFE9
:2097A000FFFFFFFFFFFFFFFFFFFFFFFFFFFFFFFFFFFFFFFFFFFFFFFFFFFFFFFFFFFFFFFFC9
:2097C000FFFFFFFFFFFFFFFFFFFFFFFFFFFFFFFFFFFFFFFFFFFFFFFFFFFFFFFFFFFFFFFFA9
:2097E000FFFFFFFFFFFFFFFFFFFFFFFFFFFFFFFFFFFFFFFFFFFFFFFFFFFFFFFFFFFFFFFF89
:20980000FFFFFFFFFFFFFFFFFFFFFFFFFFFFFFFFFFFFFFFFFFFFFFFFFFFFFFFFFFFFFFFF68
:20982000FFFFFFFFFFFFFFFFFFFFFFFFFFFFFFFFFFFFFFFFFFFFFFFFFFFFFFFFFFFFFFFF48
:20984000FFFFFFFFFFFFFFFFFFFFFFFFFFFFFFFFFFFFFFFFFFFFFFFFFFFFFFFFFFFFFFFF28
:20986000FFFFFFFFFFFFFFFFFFFFFFFFFFFFFFFFFFFFFFFFFFFFFFFFFFFFFFFFFFFFFFFF08
:20988000FFFFFFFFFFFFFFFFFFFFFFFFFFFFFFFFFFFFFFFFFFFFFFFFFFFFFFFFFFFFFFFFE8
:2098A000FFFFFFFFFFFFFFFFFFFFFFFFFFFFFFFFFFFFFFFFFFFFFFFFFFFFFFFFFFFFFFFFC8
:2098C000FFFFFFFFFFFFFFFFFFFFFFFFFFFFFFFFFFFFFFFFFFFFFFFFFFFFFFFFFFFFFFFFA8
:2098E000FFFFFFFFFFFFFFFFFFFFFFFFFFFFFFFFFFFFFFFFFFFFFFFFFFFFFFFFFFFFFFFF88
:20990000FFFFFFFFFFFFFFFFFFFFFFFFFFFFFFFFFFFFFFFFFFFFFFFFFFFFFFFFFFFFFFFF67
:20992000FFFFFFFFFFFFFFFFFFFFFFFFFFFFFFFFFFFFFFFFFFFFFFFFFFFFFFFFFFFFFFFF47
:20994000FFFFFFFFFFFFFFFFFFFFFFFFFFFFFFFFFFFFFFFFFFFFFFFFFFFFFFFFFFFFFFFF27
:20996000FFFFFFFFFFFFFFFFFFFFFFFFFFFFFFFFFFFFFFFFFFFFFFFFFFFFFFFFFFFFFFFF07
:20998000FFFFFFFFFFFFFFFFFFFFFFFFFFFFFFFFFFFFFFFFFFFFFFFFFFFFFFFFFFFFFFFFE7
:2099A000FFFFFFFFFFFFFFFFFFFFFFFFFFFFFFFFFFFFFFFFFFFFFFFFFFFFFFFFFFFFFFFFC7
:2099C000FFFFFFFFFFFFFFFFFFFFFFFFFFFFFFFFFFFFFFFFFFFFFFFFFFFFFFFFFFFFFFFFA7
:2099E000FFFFFFFFFFFFFFFFFFFFFFFFFFFFFFFFFFFFFFFFFFFFFFFFFFFFFFFFFFFFFFFF87
:209A0000FFFFFFFFFFFFFFFFFFFFFFFFFFFFFFFFFFFFFFFFFFFFFFFFFFFFFFFFFFFFFFFF66
:209A2000FFFFFFFFFFFFFFFFFFFFFFFFFFFFFFFFFFFFFFFFFFFFFFFFFFFFFFFFFFFFFFFF46
:209A4000FFFFFFFFFFFFFFFFFFFFFFFFFFFFFFFFFFFFFFFFFFFFFFFFFFFFFFFFFFFFFFFF26
:209A6000FFFFFFFFFFFFFFFFFFFFFFFFFFFFFFFFFFFFFFFFFFFFFFFFFFFFFFFFFFFFFFFF06
:209A8000FFFFFFFFFFFFFFFFFFFFFFFFFFFFFFFFFFFFFFFFFFFFFFFFFFFFFFFFFFFFFFFFE6
:209AA000FFFFFFFFFFFFFFFFFFFFFFFFFFFFFFFFFFFFFFFFFFFFFFFFFFFFFFFFFFFFFFFFC6
:209AC000FFFFFFFFFFFFFFFFFFFFFFFFFFFFFFFFFFFFFFFFFFFFFFFFFFFFFFFFFFFFFFFFA6
:209AE000FFFFFFFFFFFFFFFFFFFFFFFFFFFFFFFFFFFFFFFFFFFFFFFFFFFFFFFFFFFFFFFF86
:209B0000FFFFFFFFFFFFFFFFFFFFFFFFFFFFFFFFFFFFFFFFFFFFFFFFFFFFFFFFFFFFFFFF65
:209B2000FFFFFFFFFFFFFFFFFFFFFFFFFFFFFFFFFFFFFFFFFFFFFFFFFFFFFFFFFFFFFFFF45
:209B4000FFFFFFFFFFFFFFFFFFFFFFFFFFFFFFFFFFFFFFFFFFFFFFFFFFFFFFFFFFFFFFFF25
:209B6000FFFFFFFFFFFFFFFFFFFFFFFFFFFFFFFFFFFFFFFFFFFFFFFFFFFFFFFFFFFFFFFF05
:209B8000FFFFFFFFFFFFFFFFFFFFFFFFFFFFFFFFFFFFFFFFFFFFFFFFFFFFFFFFFFFFFFFFE5
:209BA000FFFFFFFFFFFFFFFFFFFFFFFFFFFFFFFFFFFFFFFFFFFFFFFFFFFFFFFFFFFFFFFFC5
:209BC000FFFFFFFFFFFFFFFFFFFFFFFFFFFFFFFFFFFFFFFFFFFFFFFFFFFFFFFFFFFFFFFFA5
:209BE000FFFFFFFFFFFFFFFFFFFFFFFFFFFFFFFFFFFFFFFFFFFFFFFFFFFFFFFFFFFFFFFF85
:209C0000FFFFFFFFFFFFFFFFFFFFFFFFFFFFFFFFFFFFFFFFFFFFFFFFFFFFFFFFFFFFFFFF64
:209C2000FFFFFFFFFFFFFFFFFFFFFFFFFFFFFFFFFFFFFFFFFFFFFFFFFFFFFFFFFFFFFFFF44
:209C4000FFFFFFFFFFFFFFFFFFFFFFFFFFFFFFFFFFFFFFFFFFFFFFFFFFFFFFFFFFFFFFFF24
:209C6000FFFFFFFFFFFFFFFFFFFFFFFFFFFFFFFFFFFFFFFFFFFFFFFFFFFFFFFFFFFFFFFF04
:209C8000FFFFFFFFFFFFFFFFFFFFFFFFFFFFFFFFFFFFFFFFFFFFFFFFFFFFFFFFFFFFFFFFE4
:209CA000FFFFFFFFFFFFFFFFFFFFFFFFFFFFFFFFFFFFFFFFFFFFFFFFFFFFFFFFFFFFFFFFC4
:209CC000FFFFFFFFFFFFFFFFFFFFFFFFFFFFFFFFFFFFFFFFFFFFFFFFFFFFFFFFFFFFFFFFA4
:209CE000FFFFFFFFFFFFFFFFFFFFFFFFFFFFFFFFFFFFFFFFFFFFFFFFFFFFFFFFFFFFFFFF84
:209D0000FFFFFFFFFFFFFFFFFFFFFFFFFFFFFFFFFFFFFFFFFFFFFFFFFFFFFFFFFFFFFFFF63
:209D2000FFFFFFFFFFFFFFFFFFFFFFFFFFFFFFFFFFFFFFFFFFFFFFFFFFFFFFFFFFFFFFFF43
:209D4000FFFFFFFFFFFFFFFFFFFFFFFFFFFFFFFFFFFFFFFFFFFFFFFFFFFFFFFFFFFFFFFF23
:209D6000FFFFFFFFFFFFFFFFFFFFFFFFFFFFFFFFFFFFFFFFFFFFFFFFFFFFFFFFFFFFFFFF03
:209D8000FFFFFFFFFFFFFFFFFFFFFFFFFFFFFFFFFFFFFFFFFFFFFFFFFFFFFFFFFFFFFFFFE3
:209DA000FFFFFFFFFFFFFFFFFFFFFFFFFFFFFFFFFFFFFFFFFFFFFFFFFFFFFFFFFFFFFFFFC3
:209DC000FFFFFFFFFFFFFFFFFFFFFFFFFFFFFFFFFFFFFFFFFFFFFFFFFFFFFFFFFFFFFFFFA3
:209DE000FFFFFFFFFFFFFFFFFFFFFFFFFFFFFFFFFFFFFFFFFFFFFFFFFFFFFFFFFFFFFFFF83
:209E0000FFFFFFFFFFFFFFFFFFFFFFFFFFFFFFFFFFFFFFFFFFFFFFFFFFFFFFFFFFFFFFFF62
:209E2000FFFFFFFFFFFFFFFFFFFFFFFFFFFFFFFFFFFFFFFFFFFFFFFFFFFFFFFFFFFFFFFF42
:209E4000FFFFFFFFFFFFFFFFFFFFFFFFFFFFFFFFFFFFFFFFFFFFFFFFFFFFFFFFFFFFFFFF22
:209E6000FFFFFFFFFFFFFFFFFFFFFFFFFFFFFFFFFFFFFFFFFFFFFFFFFFFFFFFFFFFFFFFF02
:209E8000FFFFFFFFFFFFFFFFFFFFFFFFFFFFFFFFFFFFFFFFFFFFFFFFFFFFFFFFFFFFFFFFE2
:209EA000FFFFFFFFFFFFFFFFFFFFFFFFFFFFFFFFFFFFFFFFFFFFFFFFFFFFFFFFFFFFFFFFC2
:209EC000FFFFFFFFFFFFFFFFFFFFFFFFFFFFFFFFFFFFFFFFFFFFFFFFFFFFFFFFFFFFFFFFA2
:209EE000FFFFFFFFFFFFFFFFFFFFFFFFFFFFFFFFFFFFFFFFFFFFFFFFFFFFFFFFFFFFFFFF82
:209F0000FFFFFFFFFFFFFFFFFFFFFFFFFFFFFFFFFFFFFFFFFFFFFFFFFFFFFFFFFFFFFFFF61
:209F2000FFFFFFFFFFFFFFFFFFFFFFFFFFFFFFFFFFFFFFFFFFFFFFFFFFFFFFFFFFFFFFFF41
:209F4000FFFFFFFFFFFFFFFFFFFFFFFFFFFFFFFFFFFFFFFFFFFFFFFFFFFFFFFFFFFFFFFF21
:209F6000FFFFFFFFFFFFFFFFFFFFFFFFFFFFFFFFFFFFFFFFFFFFFFFFFFFFFFFFFFFFFFFF01
:209F8000FFFFFFFFFFFFFFFFFFFFFFFFFFFFFFFFFFFFFFFFFFFFFFFFFFFFFFFFFFFFFFFFE1
:209FA000FFFFFFFFFFFFFFFFFFFFFFFFFFFFFFFFFFFFFFFFFFFFFFFFFFFFFFFFFFFFFFFFC1
:209FC000FFFFFFFFFFFFFFFFFFFFFFFFFFFFFFFFFFFFFFFFFFFFFFFFFFFFFFFFFFFFFFFFA1
:209FE000FFFFFFFFFFFFFFFFFFFFFFFFFFFFFFFFFFFFFFFFFFFFFFFFFFFFFFFFFFFFFFFF81
:20A00000FFFFFFFFFFFFFFFFFFFFFFFFFFFFFFFFFFFFFFFFFFFFFFFFFFFFFFFFFFFFFFFF60
:20A02000FFFFFFFFFFFFFFFFFFFFFFFFFFFFFFFFFFFFFFFFFFFFFFFFFFFFFFFFFFFFFFFF40
:20A04000FFFFFFFFFFFFFFFFFFFFFFFFFFFFFFFFFFFFFFFFFFFFFFFFFFFFFFFFFFFFFFFF20
:20A06000FFFFFFFFFFFFFFFFFFFFFFFFFFFFFFFFFFFFFFFFFFFFFFFFFFFFFFFFFFFFFFFF00
:20A08000FFFFFFFFFFFFFFFFFFFFFFFFFFFFFFFFFFFFFFFFFFFFFFFFFFFFFFFFFFFFFFFFE0
:20A0A000FFFFFFFFFFFFFFFFFFFFFFFFFFFFFFFFFFFFFFFFFFFFFFFFFFFFFFFFFFFFFFFFC0
:20A0C000FFFFFFFFFFFFFFFFFFFFFFFFFFFFFFFFFFFFFFFFFFFFFFFFFFFFFFFFFFFFFFFFA0
:20A0E000FFFFFFFFFFFFFFFFFFFFFFFFFFFFFFFFFFFFFFFFFFFFFFFFFFFFFFFFFFFFFFFF80
:20A10000FFFFFFFFFFFFFFFFFFFFFFFFFFFFFFFFFFFFFFFFFFFFFFFFFFFFFFFFFFFFFFFF5F
:20A12000FFFFFFFFFFFFFFFFFFFFFFFFFFFFFFFFFFFFFFFFFFFFFFFFFFFFFFFFFFFFFFFF3F
:20A14000FFFFFFFFFFFFFFFFFFFFFFFFFFFFFFFFFFFFFFFFFFFFFFFFFFFFFFFFFFFFFFFF1F
:20A16000FFFFFFFFFFFFFFFFFFFFFFFFFFFFFFFFFFFFFFFFFFFFFFFFFFFFFFFFFFFFFFFFFF
:20A18000FFFFFFFFFFFFFFFFFFFFFFFFFFFFFFFFFFFFFFFFFFFFFFFFFFFFFFFFFFFFFFFFDF
:20A1A000FFFFFFFFFFFFFFFFFFFFFFFFFFFFFFFFFFFFFFFFFFFFFFFFFFFFFFFFFFFFFFFFBF
:20A1C000FFFFFFFFFFFFFFFFFFFFFFFFFFFFFFFFFFFFFFFFFFFFFFFFFFFFFFFFFFFFFFFF9F
:20A1E000FFFFFFFFFFFFFFFFFFFFFFFFFFFFFFFFFFFFFFFFFFFFFFFFFFFFFFFFFFFFFFFF7F
:20A20000FFFFFFFFFFFFFFFFFFFFFFFFFFFFFFFFFFFFFFFFFFFFFFFFFFFFFFFFFFFFFFFF5E
:20A22000FFFFFFFFFFFFFFFFFFFFFFFFFFFFFFFFFFFFFFFFFFFFFFFFFFFFFFFFFFFFFFFF3E
:20A24000FFFFFFFFFFFFFFFFFFFFFFFFFFFFFFFFFFFFFFFFFFFFFFFFFFFFFFFFFFFFFFFF1E
:20A26000FFFFFFFFFFFFFFFFFFFFFFFFFFFFFFFFFFFFFFFFFFFFFFFFFFFFFFFFFFFFFFFFFE
:20A28000FFFFFFFFFFFFFFFFFFFFFFFFFFFFFFFFFFFFFFFFFFFFFFFFFFFFFFFFFFFFFFFFDE
:20A2A000FFFFFFFFFFFFFFFFFFFFFFFFFFFFFFFFFFFFFFFFFFFFFFFFFFFFFFFFFFFFFFFFBE
:20A2C000FFFFFFFFFFFFFFFFFFFFFFFFFFFFFFFFFFFFFFFFFFFFFFFFFFFFFFFFFFFFFFFF9E
:20A2E000FFFFFFFFFFFFFFFFFFFFFFFFFFFFFFFFFFFFFFFFFFFFFFFFFFFFFFFFFFFFFFFF7E
:20A30000FFFFFFFFFFFFFFFFFFFFFFFFFFFFFFFFFFFFFFFFFFFFFFFFFFFFFFFFFFFFFFFF5D
:20A32000FFFFFFFFFFFFFFFFFFFFFFFFFFFFFFFFFFFFFFFFFFFFFFFFFFFFFFFFFFFFFFFF3D
:20A34000FFFFFFFFFFFFFFFFFFFFFFFFFFFFFFFFFFFFFFFFFFFFFFFFFFFFFFFFFFFFFFFF1D
:20A36000FFFFFFFFFFFFFFFFFFFFFFFFFFFFFFFFFFFFFFFFFFFFFFFFFFFFFFFFFFFFFFFFFD
:20A38000FFFFFFFFFFFFFFFFFFFFFFFFFFFFFFFFFFFFFFFFFFFFFFFFFFFFFFFFFFFFFFFFDD
:20A3A000FFFFFFFFFFFFFFFFFFFFFFFFFFFFFFFFFFFFFFFFFFFFFFFFFFFFFFFFFFFFFFFFBD
:20A3C000FFFFFFFFFFFFFFFFFFFFFFFFFFFFFFFFFFFFFFFFFFFFFFFFFFFFFFFFFFFFFFFF9D
:20A3E000FFFFFFFFFFFFFFFFFFFFFFFFFFFFFFFFFFFFFFFFFFFFFFFFFFFFFFFFFFFFFFFF7D
:20A40000FFFFFFFFFFFFFFFFFFFFFFFFFFFFFFFFFFFFFFFFFFFFFFFFFFFFFFFFFFFFFFFF5C
:20A42000FFFFFFFFFFFFFFFFFFFFFFFFFFFFFFFFFFFFFFFFFFFFFFFFFFFFFFFFFFFFFFFF3C
:20A44000FFFFFFFFFFFFFFFFFFFFFFFFFFFFFFFFFFFFFFFFFFFFFFFFFFFFFFFFFFFFFFFF1C
:20A46000FFFFFFFFFFFFFFFFFFFFFFFFFFFFFFFFFFFFFFFFFFFFFFFFFFFFFFFFFFFFFFFFFC
:20A48000FFFFFFFFFFFFFFFFFFFFFFFFFFFFFFFFFFFFFFFFFFFFFFFFFFFFFFFFFFFFFFFFDC
:20A4A000FFFFFFFFFFFFFFFFFFFFFFFFFFFFFFFFFFFFFFFFFFFFFFFFFFFFFFFFFFFFFFFFBC
:20A4C000FFFFFFFFFFFFFFFFFFFFFFFFFFFFFFFFFFFFFFFFFFFFFFFFFFFFFFFFFFFFFFFF9C
:20A4E000FFFFFFFFFFFFFFFFFFFFFFFFFFFFFFFFFFFFFFFFFFFFFFFFFFFFFFFFFFFFFFFF7C
:20A50000FFFFFFFFFFFFFFFFFFFFFFFFFFFFFFFFFFFFFFFFFFFFFFFFFFFFFFFFFFFFFFFF5B
:20A52000FFFFFFFFFFFFFFFFFFFFFFFFFFFFFFFFFFFFFFFFFFFFFFFFFFFFFFFFFFFFFFFF3B
:20A54000FFFFFFFFFFFFFFFFFFFFFFFFFFFFFFFFFFFFFFFFFFFFFFFFFFFFFFFFFFFFFFFF1B
:20A56000FFFFFFFFFFFFFFFFFFFFFFFFFFFFFFFFFFFFFFFFFFFFFFFFFFFFFFFFFFFFFFFFFB
:20A58000FFFFFFFFFFFFFFFFFFFFFFFFFFFFFFFFFFFFFFFFFFFFFFFFFFFFFFFFFFFFFFFFDB
:20A5A000FFFFFFFFFFFFFFFFFFFFFFFFFFFFFFFFFFFFFFFFFFFFFFFFFFFFFFFFFFFFFFFFBB
:20A5C000FFFFFFFFFFFFFFFFFFFFFFFFFFFFFFFFFFFFFFFFFFFFFFFFFFFFFFFFFFFFFFFF9B
:20A5E000FFFFFFFFFFFFFFFFFFFFFFFFFFFFFFFFFFFFFFFFFFFFFFFFFFFFFFFFFFFFFFFF7B
:20A60000FFFFFFFFFFFFFFFFFFFFFFFFFFFFFFFFFFFFFFFFFFFFFFFFFFFFFFFFFFFFFFFF5A
:20A62000FFFFFFFFFFFFFFFFFFFFFFFFFFFFFFFFFFFFFFFFFFFFFFFFFFFFFFFFFFFFFFFF3A
:20A64000FFFFFFFFFFFFFFFFFFFFFFFFFFFFFFFFFFFFFFFFFFFFFFFFFFFFFFFFFFFFFFFF1A
:20A66000FFFFFFFFFFFFFFFFFFFFFFFFFFFFFFFFFFFFFFFFFFFFFFFFFFFFFFFFFFFFFFFFFA
:20A68000FFFFFFFFFFFFFFFFFFFFFFFFFFFFFFFFFFFFFFFFFFFFFFFFFFFFFFFFFFFFFFFFDA
:20A6A000FFFFFFFFFFFFFFFFFFFFFFFFFFFFFFFFFFFFFFFFFFFFFFFFFFFFFFFFFFFFFFFFBA
:20A6C000FFFFFFFFFFFFFFFFFFFFFFFFFFFFFFFFFFFFFFFFFFFFFFFFFFFFFFFFFFFFFFFF9A
:20A6E000FFFFFFFFFFFFFFFFFFFFFFFFFFFFFFFFFFFFFFFFFFFFFFFFFFFFFFFFFFFFFFFF7A
:20A70000FFFFFFFFFFFFFFFFFFFFFFFFFFFFFFFFFFFFFFFFFFFFFFFFFFFFFFFFFFFFFFFF59
:20A72000FFFFFFFFFFFFFFFFFFFFFFFFFFFFFFFFFFFFFFFFFFFFFFFFFFFFFFFFFFFFFFFF39
:20A74000FFFFFFFFFFFFFFFFFFFFFFFFFFFFFFFFFFFFFFFFFFFFFFFFFFFFFFFFFFFFFFFF19
:20A76000FFFFFFFFFFFFFFFFFFFFFFFFFFFFFFFFFFFFFFFFFFFFFFFFFFFFFFFFFFFFFFFFF9
:20A78000FFFFFFFFFFFFFFFFFFFFFFFFFFFFFFFFFFFFFFFFFFFFFFFFFFFFFFFFFFFFFFFFD9
:20A7A000FFFFFFFFFFFFFFFFFFFFFFFFFFFFFFFFFFFFFFFFFFFFFFFFFFFFFFFFFFFFFFFFB9
:20A7C000FFFFFFFFFFFFFFFFFFFFFFFFFFFFFFFFFFFFFFFFFFFFFFFFFFFFFFFFFFFFFFFF99
:20A7E000FFFFFFFFFFFFFFFFFFFFFFFFFFFFFFFFFFFFFFFFFFFFFFFFFFFFFFFFFFFFFFFF79
:20A80000FFFFFFFFFFFFFFFFFFFFFFFFFFFFFFFFFFFFFFFFFFFFFFFFFFFFFFFFFFFFFFFF58
:20A82000FFFFFFFFFFFFFFFFFFFFFFFFFFFFFFFFFFFFFFFFFFFFFFFFFFFFFFFFFFFFFFFF38
:20A84000FFFFFFFFFFFFFFFFFFFFFFFFFFFFFFFFFFFFFFFFFFFFFFFFFFFFFFFFFFFFFFFF18
:20A86000FFFFFFFFFFFFFFFFFFFFFFFFFFFFFFFFFFFFFFFFFFFFFFFFFFFFFFFFFFFFFFFFF8
:20A88000FFFFFFFFFFFFFFFFFFFFFFFFFFFFFFFFFFFFFFFFFFFFFFFFFFFFFFFFFFFFFFFFD8
:20A8A000FFFFFFFFFFFFFFFFFFFFFFFFFFFFFFFFFFFFFFFFFFFFFFFFFFFFFFFFFFFFFFFFB8
:20A8C000FFFFFFFFFFFFFFFFFFFFFFFFFFFFFFFFFFFFFFFFFFFFFFFFFFFFFFFFFFFFFFFF98
:20A8E000FFFFFFFFFFFFFFFFFFFFFFFFFFFFFFFFFFFFFFFFFFFFFFFFFFFFFFFFFFFFFFFF78
:20A90000FFFFFFFFFFFFFFFFFFFFFFFFFFFFFFFFFFFFFFFFFFFFFFFFFFFFFFFFFFFFFFFF57
:20A92000FFFFFFFFFFFFFFFFFFFFFFFFFFFFFFFFFFFFFFFFFFFFFFFFFFFFFFFFFFFFFFFF37
:20A94000FFFFFFFFFFFFFFFFFFFFFFFFFFFFFFFFFFFFFFFFFFFFFFFFFFFFFFFFFFFFFFFF17
:20A96000FFFFFFFFFFFFFFFFFFFFFFFFFFFFFFFFFFFFFFFFFFFFFFFFFFFFFFFFFFFFFFFFF7
:20A98000FFFFFFFFFFFFFFFFFFFFFFFFFFFFFFFFFFFFFFFFFFFFFFFFFFFFFFFFFFFFFFFFD7
:20A9A000FFFFFFFFFFFFFFFFFFFFFFFFFFFFFFFFFFFFFFFFFFFFFFFFFFFFFFFFFFFFFFFFB7
:20A9C000FFFFFFFFFFFFFFFFFFFFFFFFFFFFFFFFFFFFFFFFFFFFFFFFFFFFFFFFFFFFFFFF97
:20A9E000FFFFFFFFFFFFFFFFFFFFFFFFFFFFFFFFFFFFFFFFFFFFFFFFFFFFFFFFFFFFFFFF77
:20AA0000FFFFFFFFFFFFFFFFFFFFFFFFFFFFFFFFFFFFFFFFFFFFFFFFFFFFFFFFFFFFFFFF56
:20AA2000FFFFFFFFFFFFFFFFFFFFFFFFFFFFFFFFFFFFFFFFFFFFFFFFFFFFFFFFFFFFFFFF36
:20AA4000FFFFFFFFFFFFFFFFFFFFFFFFFFFFFFFFFFFFFFFFFFFFFFFFFFFFFFFFFFFFFFFF16
:20AA6000FFFFFFFFFFFFFFFFFFFFFFFFFFFFFFFFFFFFFFFFFFFFFFFFFFFFFFFFFFFFFFFFF6
:20AA8000FFFFFFFFFFFFFFFFFFFFFFFFFFFFFFFFFFFFFFFFFFFFFFFFFFFFFFFFFFFFFFFFD6
:20AAA000FFFFFFFFFFFFFFFFFFFFFFFFFFFFFFFFFFFFFFFFFFFFFFFFFFFFFFFFFFFFFFFFB6
:20AAC000FFFFFFFFFFFFFFFFFFFFFFFFFFFFFFFFFFFFFFFFFFFFFFFFFFFFFFFFFFFFFFFF96
:20AAE000FFFFFFFFFFFFFFFFFFFFFFFFFFFFFFFFFFFFFFFFFFFFFFFFFFFFFFFFFFFFFFFF76
:20AB0000FFFFFFFFFFFFFFFFFFFFFFFFFFFFFFFFFFFFFFFFFFFFFFFFFFFFFFFFFFFFFFFF55
:20AB2000FFFFFFFFFFFFFFFFFFFFFFFFFFFFFFFFFFFFFFFFFFFFFFFFFFFFFFFFFFFFFFFF35
:20AB4000FFFFFFFFFFFFFFFFFFFFFFFFFFFFFFFFFFFFFFFFFFFFFFFFFFFFFFFFFFFFFFFF15
:20AB6000FFFFFFFFFFFFFFFFFFFFFFFFFFFFFFFFFFFFFFFFFFFFFFFFFFFFFFFFFFFFFFFFF5
:20AB8000FFFFFFFFFFFFFFFFFFFFFFFFFFFFFFFFFFFFFFFFFFFFFFFFFFFFFFFFFFFFFFFFD5
:20ABA000FFFFFFFFFFFFFFFFFFFFFFFFFFFFFFFFFFFFFFFFFFFFFFFFFFFFFFFFFFFFFFFFB5
:20ABC000FFFFFFFFFFFFFFFFFFFFFFFFFFFFFFFFFFFFFFFFFFFFFFFFFFFFFFFFFFFFFFFF95
:20ABE000FFFFFFFFFFFFFFFFFFFFFFFFFFFFFFFFFFFFFFFFFFFFFFFFFFFFFFFFFFFFFFFF75
:20AC0000FFFFFFFFFFFFFFFFFFFFFFFFFFFFFFFFFFFFFFFFFFFFFFFFFFFFFFFFFFFFFFFF54
:20AC2000FFFFFFFFFFFFFFFFFFFFFFFFFFFFFFFFFFFFFFFFFFFFFFFFFFFFFFFFFFFFFFFF34
:20AC4000FFFFFFFFFFFFFFFFFFFFFFFFFFFFFFFFFFFFFFFFFFFFFFFFFFFFFFFFFFFFFFFF14
:20AC6000FFFFFFFFFFFFFFFFFFFFFFFFFFFFFFFFFFFFFFFFFFFFFFFFFFFFFFFFFFFFFFFFF4
:20AC8000FFFFFFFFFFFFFFFFFFFFFFFFFFFFFFFFFFFFFFFFFFFFFFFFFFFFFFFFFFFFFFFFD4
:20ACA000FFFFFFFFFFFFFFFFFFFFFFFFFFFFFFFFFFFFFFFFFFFFFFFFFFFFFFFFFFFFFFFFB4
:20ACC000FFFFFFFFFFFFFFFFFFFFFFFFFFFFFFFFFFFFFFFFFFFFFFFFFFFFFFFFFFFFFFFF94
:20ACE000FFFFFFFFFFFFFFFFFFFFFFFFFFFFFFFFFFFFFFFFFFFFFFFFFFFFFFFFFFFFFFFF74
:20AD0000FFFFFFFFFFFFFFFFFFFFFFFFFFFFFFFFFFFFFFFFFFFFFFFFFFFFFFFFFFFFFFFF53
:20AD2000FFFFFFFFFFFFFFFFFFFFFFFFFFFFFFFFFFFFFFFFFFFFFFFFFFFFFFFFFFFFFFFF33
:20AD4000FFFFFFFFFFFFFFFFFFFFFFFFFFFFFFFFFFFFFFFFFFFFFFFFFFFFFFFFFFFFFFFF13
:20AD6000FFFFFFFFFFFFFFFFFFFFFFFFFFFFFFFFFFFFFFFFFFFFFFFFFFFFFFFFFFFFFFFFF3
:20AD8000FFFFFFFFFFFFFFFFFFFFFFFFFFFFFFFFFFFFFFFFFFFFFFFFFFFFFFFFFFFFFFFFD3
:20ADA000FFFFFFFFFFFFFFFFFFFFFFFFFFFFFFFFFFFFFFFFFFFFFFFFFFFFFFFFFFFFFFFFB3
:20ADC000FFFFFFFFFFFFFFFFFFFFFFFFFFFFFFFFFFFFFFFFFFFFFFFFFFFFFFFFFFFFFFFF93
:20ADE000FFFFFFFFFFFFFFFFFFFFFFFFFFFFFFFFFFFFFFFFFFFFFFFFFFFFFFFFFFFFFFFF73
:20AE0000FFFFFFFFFFFFFFFFFFFFFFFFFFFFFFFFFFFFFFFFFFFFFFFFFFFFFFFFFFFFFFFF52
:20AE2000FFFFFFFFFFFFFFFFFFFFFFFFFFFFFFFFFFFFFFFFFFFFFFFFFFFFFFFFFFFFFFFF32
:20AE4000FFFFFFFFFFFFFFFFFFFFFFFFFFFFFFFFFFFFFFFFFFFFFFFFFFFFFFFFFFFFFFFF12
:20AE6000FFFFFFFFFFFFFFFFFFFFFFFFFFFFFFFFFFFFFFFFFFFFFFFFFFFFFFFFFFFFFFFFF2
:20AE8000FFFFFFFFFFFFFFFFFFFFFFFFFFFFFFFFFFFFFFFFFFFFFFFFFFFFFFFFFFFFFFFFD2
:20AEA000FFFFFFFFFFFFFFFFFFFFFFFFFFFFFFFFFFFFFFFFFFFFFFFFFFFFFFFFFFFFFFFFB2
:20AEC000FFFFFFFFFFFFFFFFFFFFFFFFFFFFFFFFFFFFFFFFFFFFFFFFFFFFFFFFFFFFFFFF92
:20AEE000FFFFFFFFFFFFFFFFFFFFFFFFFFFFFFFFFFFFFFFFFFFFFFFFFFFFFFFFFFFFFFFF72
:20AF0000FFFFFFFFFFFFFFFFFFFFFFFFFFFFFFFFFFFFFFFFFFFFFFFFFFFFFFFFFFFFFFFF51
:20AF2000FFFFFFFFFFFFFFFFFFFFFFFFFFFFFFFFFFFFFFFFFFFFFFFFFFFFFFFFFFFFFFFF31
:20AF4000FFFFFFFFFFFFFFFFFFFFFFFFFFFFFFFFFFFFFFFFFFFFFFFFFFFFFFFFFFFFFFFF11
:20AF6000FFFFFFFFFFFFFFFFFFFFFFFFFFFFFFFFFFFFFFFFFFFFFFFFFFFFFFFFFFFFFFFFF1
:20AF8000FFFFFFFFFFFFFFFFFFFFFFFFFFFFFFFFFFFFFFFFFFFFFFFFFFFFFFFFFFFFFFFFD1
:20AFA000FFFFFFFFFFFFFFFFFFFFFFFFFFFFFFFFFFFFFFFFFFFFFFFFFFFFFFFFFFFFFFFFB1
:20AFC000FFFFFFFFFFFFFFFFFFFFFFFFFFFFFFFFFFFFFFFFFFFFFFFFFFFFFFFFFFFFFFFF91
:20AFE000FFFFFFFFFFFFFFFFFFFFFFFFFFFFFFFFFFFFFFFFFFFFFFFFFFFFFFFFFFFFFFFF71
:20B00000FFFFFFFFFFFFFFFFFFFFFFFFFFFFFFFFFFFFFFFFFFFFFFFFFFFFFFFFFFFFFFFF50
:20B02000FFFFFFFFFFFFFFFFFFFFFFFFFFFFFFFFFFFFFFFFFFFFFFFFFFFFFFFFFFFFFFFF30
:20B04000FFFFFFFFFFFFFFFFFFFFFFFFFFFFFFFFFFFFFFFFFFFFFFFFFFFFFFFFFFFFFFFF10
:20B06000FFFFFFFFFFFFFFFFFFFFFFFFFFFFFFFFFFFFFFFFFFFFFFFFFFFFFFFFFFFFFFFFF0
:20B08000FFFFFFFFFFFFFFFFFFFFFFFFFFFFFFFFFFFFFFFFFFFFFFFFFFFFFFFFFFFFFFFFD0
:20B0A000FFFFFFFFFFFFFFFFFFFFFFFFFFFFFFFFFFFFFFFFFFFFFFFFFFFFFFFFFFFFFFFFB0
:20B0C000FFFFFFFFFFFFFFFFFFFFFFFFFFFFFFFFFFFFFFFFFFFFFFFFFFFFFFFFFFFFFFFF90
:20B0E000FFFFFFFFFFFFFFFFFFFFFFFFFFFFFFFFFFFFFFFFFFFFFFFFFFFFFFFFFFFFFFFF70
:20B10000FFFFFFFFFFFFFFFFFFFFFFFFFFFFFFFFFFFFFFFFFFFFFFFFFFFFFFFFFFFFFFFF4F
:20B12000FFFFFFFFFFFFFFFFFFFFFFFFFFFFFFFFFFFFFFFFFFFFFFFFFFFFFFFFFFFFFFFF2F
:20B14000FFFFFFFFFFFFFFFFFFFFFFFFFFFFFFFFFFFFFFFFFFFFFFFFFFFFFFFFFFFFFFFF0F
:20B16000FFFFFFFFFFFFFFFFFFFFFFFFFFFFFFFFFFFFFFFFFFFFFFFFFFFFFFFFFFFFFFFFEF
:20B18000FFFFFFFFFFFFFFFFFFFFFFFFFFFFFFFFFFFFFFFFFFFFFFFFFFFFFFFFFFFFFFFFCF
:20B1A000FFFFFFFFFFFFFFFFFFFFFFFFFFFFFFFFFFFFFFFFFFFFFFFFFFFFFFFFFFFFFFFFAF
:20B1C000FFFFFFFFFFFFFFFFFFFFFFFFFFFFFFFFFFFFFFFFFFFFFFFFFFFFFFFFFFFFFFFF8F
:20B1E000FFFFFFFFFFFFFFFFFFFFFFFFFFFFFFFFFFFFFFFFFFFFFFFFFFFFFFFFFFFFFFFF6F
:20B20000FFFFFFFFFFFFFFFFFFFFFFFFFFFFFFFFFFFFFFFFFFFFFFFFFFFFFFFFFFFFFFFF4E
:20B22000FFFFFFFFFFFFFFFFFFFFFFFFFFFFFFFFFFFFFFFFFFFFFFFFFFFFFFFFFFFFFFFF2E
:20B24000FFFFFFFFFFFFFFFFFFFFFFFFFFFFFFFFFFFFFFFFFFFFFFFFFFFFFFFFFFFFFFFF0E
:20B26000FFFFFFFFFFFFFFFFFFFFFFFFFFFFFFFFFFFFFFFFFFFFFFFFFFFFFFFFFFFFFFFFEE
:20B28000FFFFFFFFFFFFFFFFFFFFFFFFFFFFFFFFFFFFFFFFFFFFFFFFFFFFFFFFFFFFFFFFCE
:20B2A000FFFFFFFFFFFFFFFFFFFFFFFFFFFFFFFFFFFFFFFFFFFFFFFFFFFFFFFFFFFFFFFFAE
:20B2C000FFFFFFFFFFFFFFFFFFFFFFFFFFFFFFFFFFFFFFFFFFFFFFFFFFFFFFFFFFFFFFFF8E
:20B2E000FFFFFFFFFFFFFFFFFFFFFFFFFFFFFFFFFFFFFFFFFFFFFFFFFFFFFFFFFFFFFFFF6E
:20B30000FFFFFFFFFFFFFFFFFFFFFFFFFFFFFFFFFFFFFFFFFFFFFFFFFFFFFFFFFFFFFFFF4D
:20B32000FFFFFFFFFFFFFFFFFFFFFFFFFFFFFFFFFFFFFFFFFFFFFFFFFFFFFFFFFFFFFFFF2D
:20B34000FFFFFFFFFFFFFFFFFFFFFFFFFFFFFFFFFFFFFFFFFFFFFFFFFFFFFFFFFFFFFFFF0D
:20B36000FFFFFFFFFFFFFFFFFFFFFFFFFFFFFFFFFFFFFFFFFFFFFFFFFFFFFFFFFFFFFFFFED
:20B38000FFFFFFFFFFFFFFFFFFFFFFFFFFFFFFFFFFFFFFFFFFFFFFFFFFFFFFFFFFFFFFFFCD
:20B3A000FFFFFFFFFFFFFFFFFFFFFFFFFFFFFFFFFFFFFFFFFFFFFFFFFFFFFFFFFFFFFFFFAD
:20B3C000FFFFFFFFFFFFFFFFFFFFFFFFFFFFFFFFFFFFFFFFFFFFFFFFFFFFFFFFFFFFFFFF8D
:20B3E000FFFFFFFFFFFFFFFFFFFFFFFFFFFFFFFFFFFFFFFFFFFFFFFFFFFFFFFFFFFFFFFF6D
:20B40000FFFFFFFFFFFFFFFFFFFFFFFFFFFFFFFFFFFFFFFFFFFFFFFFFFFFFFFFFFFFFFFF4C
:20B42000FFFFFFFFFFFFFFFFFFFFFFFFFFFFFFFFFFFFFFFFFFFFFFFFFFFFFFFFFFFFFFFF2C
:20B44000FFFFFFFFFFFFFFFFFFFFFFFFFFFFFFFFFFFFFFFFFFFFFFFFFFFFFFFFFFFFFFFF0C
:20B46000FFFFFFFFFFFFFFFFFFFFFFFFFFFFFFFFFFFFFFFFFFFFFFFFFFFFFFFFFFFFFFFFEC
:20B48000FFFFFFFFFFFFFFFFFFFFFFFFFFFFFFFFFFFFFFFFFFFFFFFFFFFFFFFFFFFFFFFFCC
:20B4A000FFFFFFFFFFFFFFFFFFFFFFFFFFFFFFFFFFFFFFFFFFFFFFFFFFFFFFFFFFFFFFFFAC
:20B4C000FFFFFFFFFFFFFFFFFFFFFFFFFFFFFFFFFFFFFFFFFFFFFFFFFFFFFFFFFFFFFFFF8C
:20B4E000FFFFFFFFFFFFFFFFFFFFFFFFFFFFFFFFFFFFFFFFFFFFFFFFFFFFFFFFFFFFFFFF6C
:20B50000FFFFFFFFFFFFFFFFFFFFFFFFFFFFFFFFFFFFFFFFFFFFFFFFFFFFFFFFFFFFFFFF4B
:20B52000FFFFFFFFFFFFFFFFFFFFFFFFFFFFFFFFFFFFFFFFFFFFFFFFFFFFFFFFFFFFFFFF2B
:20B54000FFFFFFFFFFFFFFFFFFFFFFFFFFFFFFFFFFFFFFFFFFFFFFFFFFFFFFFFFFFFFFFF0B
:20B56000FFFFFFFFFFFFFFFFFFFFFFFFFFFFFFFFFFFFFFFFFFFFFFFFFFFFFFFFFFFFFFFFEB
:20B58000FFFFFFFFFFFFFFFFFFFFFFFFFFFFFFFFFFFFFFFFFFFFFFFFFFFFFFFFFFFFFFFFCB
:20B5A000FFFFFFFFFFFFFFFFFFFFFFFFFFFFFFFFFFFFFFFFFFFFFFFFFFFFFFFFFFFFFFFFAB
:20B5C000FFFFFFFFFFFFFFFFFFFFFFFFFFFFFFFFFFFFFFFFFFFFFFFFFFFFFFFFFFFFFFFF8B
:20B5E000FFFFFFFFFFFFFFFFFFFFFFFFFFFFFFFFFFFFFFFFFFFFFFFFFFFFFFFFFFFFFFFF6B
:20B60000FFFFFFFFFFFFFFFFFFFFFFFFFFFFFFFFFFFFFFFFFFFFFFFFFFFFFFFFFFFFFFFF4A
:20B62000FFFFFFFFFFFFFFFFFFFFFFFFFFFFFFFFFFFFFFFFFFFFFFFFFFFFFFFFFFFFFFFF2A
:20B64000FFFFFFFFFFFFFFFFFFFFFFFFFFFFFFFFFFFFFFFFFFFFFFFFFFFFFFFFFFFFFFFF0A
:20B66000FFFFFFFFFFFFFFFFFFFFFFFFFFFFFFFFFFFFFFFFFFFFFFFFFFFFFFFFFFFFFFFFEA
:20B68000FFFFFFFFFFFFFFFFFFFFFFFFFFFFFFFFFFFFFFFFFFFFFFFFFFFFFFFFFFFFFFFFCA
:20B6A000FFFFFFFFFFFFFFFFFFFFFFFFFFFFFFFFFFFFFFFFFFFFFFFFFFFFFFFFFFFFFFFFAA
:20B6C000FFFFFFFFFFFFFFFFFFFFFFFFFFFFFFFFFFFFFFFFFFFFFFFFFFFFFFFFFFFFFFFF8A
:20B6E000FFFFFFFFFFFFFFFFFFFFFFFFFFFFFFFFFFFFFFFFFFFFFFFFFFFFFFFFFFFFFFFF6A
:20B70000FFFFFFFFFFFFFFFFFFFFFFFFFFFFFFFFFFFFFFFFFFFFFFFFFFFFFFFFFFFFFFFF49
:20B72000FFFFFFFFFFFFFFFFFFFFFFFFFFFFFFFFFFFFFFFFFFFFFFFFFFFFFFFFFFFFFFFF29
:20B74000FFFFFFFFFFFFFFFFFFFFFFFFFFFFFFFFFFFFFFFFFFFFFFFFFFFFFFFFFFFFFFFF09
:20B76000FFFFFFFFFFFFFFFFFFFFFFFFFFFFFFFFFFFFFFFFFFFFFFFFFFFFFFFFFFFFFFFFE9
:20B78000FFFFFFFFFFFFFFFFFFFFFFFFFFFFFFFFFFFFFFFFFFFFFFFFFFFFFFFFFFFFFFFFC9
:20B7A000FFFFFFFFFFFFFFFFFFFFFFFFFFFFFFFFFFFFFFFFFFFFFFFFFFFFFFFFFFFFFFFFA9
:20B7C000FFFFFFFFFFFFFFFFFFFFFFFFFFFFFFFFFFFFFFFFFFFFFFFFFFFFFFFFFFFFFFFF89
:20B7E000FFFFFFFFFFFFFFFFFFFFFFFFFFFFFFFFFFFFFFFFFFFFFFFFFFFFFFFFFFFFFFFF69
:20B80000FFFFFFFFFFFFFFFFFFFFFFFFFFFFFFFFFFFFFFFFFFFFFFFFFFFFFFFFFFFFFFFF48
:20B82000FFFFFFFFFFFFFFFFFFFFFFFFFFFFFFFFFFFFFFFFFFFFFFFFFFFFFFFFFFFFFFFF28
:20B84000FFFFFFFFFFFFFFFFFFFFFFFFFFFFFFFFFFFFFFFFFFFFFFFFFFFFFFFFFFFFFFFF08
:20B86000FFFFFFFFFFFFFFFFFFFFFFFFFFFFFFFFFFFFFFFFFFFFFFFFFFFFFFFFFFFFFFFFE8
:20B88000FFFFFFFFFFFFFFFFFFFFFFFFFFFFFFFFFFFFFFFFFFFFFFFFFFFFFFFFFFFFFFFFC8
:20B8A000FFFFFFFFFFFFFFFFFFFFFFFFFFFFFFFFFFFFFFFFFFFFFFFFFFFFFFFFFFFFFFFFA8
:20B8C000FFFFFFFFFFFFFFFFFFFFFFFFFFFFFFFFFFFFFFFFFFFFFFFFFFFFFFFFFFFFFFFF88
:20B8E000FFFFFFFFFFFFFFFFFFFFFFFFFFFFFFFFFFFFFFFFFFFFFFFFFFFFFFFFFFFFFFFF68
:20B90000FFFFFFFFFFFFFFFFFFFFFFFFFFFFFFFFFFFFFFFFFFFFFFFFFFFFFFFFFFFFFFFF47
:20B92000FFFFFFFFFFFFFFFFFFFFFFFFFFFFFFFFFFFFFFFFFFFFFFFFFFFFFFFFFFFFFFFF27
:20B94000FFFFFFFFFFFFFFFFFFFFFFFFFFFFFFFFFFFFFFFFFFFFFFFFFFFFFFFFFFFFFFFF07
:20B96000FFFFFFFFFFFFFFFFFFFFFFFFFFFFFFFFFFFFFFFFFFFFFFFFFFFFFFFFFFFFFFFFE7
:20B98000FFFFFFFFFFFFFFFFFFFFFFFFFFFFFFFFFFFFFFFFFFFFFFFFFFFFFFFFFFFFFFFFC7
:20B9A000FFFFFFFFFFFFFFFFFFFFFFFFFFFFFFFFFFFFFFFFFFFFFFFFFFFFFFFFFFFFFFFFA7
:20B9C000FFFFFFFFFFFFFFFFFFFFFFFFFFFFFFFFFFFFFFFFFFFFFFFFFFFFFFFFFFFFFFFF87
:20B9E000FFFFFFFFFFFFFFFFFFFFFFFFFFFFFFFFFFFFFFFFFFFFFFFFFFFFFFFFFFFFFFFF67
:20BA0000FFFFFFFFFFFFFFFFFFFFFFFFFFFFFFFFFFFFFFFFFFFFFFFFFFFFFFFFFFFFFFFF46
:20BA2000FFFFFFFFFFFFFFFFFFFFFFFFFFFFFFFFFFFFFFFFFFFFFFFFFFFFFFFFFFFFFFFF26
:20BA4000FFFFFFFFFFFFFFFFFFFFFFFFFFFFFFFFFFFFFFFFFFFFFFFFFFFFFFFFFFFFFFFF06
:20BA6000FFFFFFFFFFFFFFFFFFFFFFFFFFFFFFFFFFFFFFFFFFFFFFFFFFFFFFFFFFFFFFFFE6
:20BA8000FFFFFFFFFFFFFFFFFFFFFFFFFFFFFFFFFFFFFFFFFFFFFFFFFFFFFFFFFFFFFFFFC6
:20BAA000FFFFFFFFFFFFFFFFFFFFFFFFFFFFFFFFFFFFFFFFFFFFFFFFFFFFFFFFFFFFFFFFA6
:20BAC000FFFFFFFFFFFFFFFFFFFFFFFFFFFFFFFFFFFFFFFFFFFFFFFFFFFFFFFFFFFFFFFF86
:20BAE000FFFFFFFFFFFFFFFFFFFFFFFFFFFFFFFFFFFFFFFFFFFFFFFFFFFFFFFFFFFFFFFF66
:20BB0000FFFFFFFFFFFFFFFFFFFFFFFFFFFFFFFFFFFFFFFFFFFFFFFFFFFFFFFFFFFFFFFF45
:20BB2000FFFFFFFFFFFFFFFFFFFFFFFFFFFFFFFFFFFFFFFFFFFFFFFFFFFFFFFFFFFFFFFF25
:20BB4000FFFFFFFFFFFFFFFFFFFFFFFFFFFFFFFFFFFFFFFFFFFFFFFFFFFFFFFFFFFFFFFF05
:20BB6000FFFFFFFFFFFFFFFFFFFFFFFFFFFFFFFFFFFFFFFFFFFFFFFFFFFFFFFFFFFFFFFFE5
:20BB8000FFFFFFFFFFFFFFFFFFFFFFFFFFFFFFFFFFFFFFFFFFFFFFFFFFFFFFFFFFFFFFFFC5
:20BBA000FFFFFFFFFFFFFFFFFFFFFFFFFFFFFFFFFFFFFFFFFFFFFFFFFFFFFFFFFFFFFFFFA5
:20BBC000FFFFFFFFFFFFFFFFFFFFFFFFFFFFFFFFFFFFFFFFFFFFFFFFFFFFFFFFFFFFFFFF85
:20BBE000FFFFFFFFFFFFFFFFFFFFFFFFFFFFFFFFFFFFFFFFFFFFFFFFFFFFFFFFFFFFFFFF65
:20BC0000FFFFFFFFFFFFFFFFFFFFFFFFFFFFFFFFFFFFFFFFFFFFFFFFFFFFFFFFFFFFFFFF44
:20BC2000FFFFFFFFFFFFFFFFFFFFFFFFFFFFFFFFFFFFFFFFFFFFFFFFFFFFFFFFFFFFFFFF24
:20BC4000FFFFFFFFFFFFFFFFFFFFFFFFFFFFFFFFFFFFFFFFFFFFFFFFFFFFFFFFFFFFFFFF04
:20BC6000FFFFFFFFFFFFFFFFFFFFFFFFFFFFFFFFFFFFFFFFFFFFFFFFFFFFFFFFFFFFFFFFE4
:20BC8000FFFFFFFFFFFFFFFFFFFFFFFFFFFFFFFFFFFFFFFFFFFFFFFFFFFFFFFFFFFFFFFFC4
:20BCA000FFFFFFFFFFFFFFFFFFFFFFFFFFFFFFFFFFFFFFFFFFFFFFFFFFFFFFFFFFFFFFFFA4
:20BCC000FFFFFFFFFFFFFFFFFFFFFFFFFFFFFFFFFFFFFFFFFFFFFFFFFFFFFFFFFFFFFFFF84
:20BCE000FFFFFFFFFFFFFFFFFFFFFFFFFFFFFFFFFFFFFFFFFFFFFFFFFFFFFFFFFFFFFFFF64
:20BD0000FFFFFFFFFFFFFFFFFFFFFFFFFFFFFFFFFFFFFFFFFFFFFFFFFFFFFFFFFFFFFFFF43
:20BD2000FFFFFFFFFFFFFFFFFFFFFFFFFFFFFFFFFFFFFFFFFFFFFFFFFFFFFFFFFFFFFFFF23
:20BD4000FFFFFFFFFFFFFFFFFFFFFFFFFFFFFFFFFFFFFFFFFFFFFFFFFFFFFFFFFFFFFFFF03
:20BD6000FFFFFFFFFFFFFFFFFFFFFFFFFFFFFFFFFFFFFFFFFFFFFFFFFFFFFFFFFFFFFFFFE3
:20BD8000FFFFFFFFFFFFFFFFFFFFFFFFFFFFFFFFFFFFFFFFFFFFFFFFFFFFFFFFFFFFFFFFC3
:20BDA000FFFFFFFFFFFFFFFFFFFFFFFFFFFFFFFFFFFFFFFFFFFFFFFFFFFFFFFFFFFFFFFFA3
:20BDC000FFFFFFFFFFFFFFFFFFFFFFFFFFFFFFFFFFFFFFFFFFFFFFFFFFFFFFFFFFFFFFFF83
:20BDE000FFFFFFFFFFFFFFFFFFFFFFFFFFFFFFFFFFFFFFFFFFFFFFFFFFFFFFFFFFFFFFFF63
:20BE0000FFFFFFFFFFFFFFFFFFFFFFFFFFFFFFFFFFFFFFFFFFFFFFFFFFFFFFFFFFFFFFFF42
:20BE2000FFFFFFFFFFFFFFFFFFFFFFFFFFFFFFFFFFFFFFFFFFFFFFFFFFFFFFFFFFFFFFFF22
:20BE4000FFFFFFFFFFFFFFFFFFFFFFFFFFFFFFFFFFFFFFFFFFFFFFFFFFFFFFFFFFFFFFFF02
:20BE6000FFFFFFFFFFFFFFFFFFFFFFFFFFFFFFFFFFFFFFFFFFFFFFFFFFFFFFFFFFFFFFFFE2
:20BE8000FFFFFFFFFFFFFFFFFFFFFFFFFFFFFFFFFFFFFFFFFFFFFFFFFFFFFFFFFFFFFFFFC2
:20BEA000FFFFFFFFFFFFFFFFFFFFFFFFFFFFFFFFFFFFFFFFFFFFFFFFFFFFFFFFFFFFFFFFA2
:20BEC000FFFFFFFFFFFFFFFFFFFFFFFFFFFFFFFFFFFFFFFFFFFFFFFFFFFFFFFFFFFFFFFF82
:20BEE000FFFFFFFFFFFFFFFFFFFFFFFFFFFFFFFFFFFFFFFFFFFFFFFFFFFFFFFFFFFFFFFF62
:20BF0000FFFFFFFFFFFFFFFFFFFFFFFFFFFFFFFFFFFFFFFFFFFFFFFFFFFFFFFFFFFFFFFF41
:20BF2000FFFFFFFFFFFFFFFFFFFFFFFFFFFFFFFFFFFFFFFFFFFFFFFFFFFFFFFFFFFFFFFF21
:20BF4000FFFFFFFFFFFFFFFFFFFFFFFFFFFFFFFFFFFFFFFFFFFFFFFFFFFFFFFFFFFFFFFF01
:20BF6000FFFFFFFFFFFFFFFFFFFFFFFFFFFFFFFFFFFFFFFFFFFFFFFFFFFFFFFFFFFFFFFFE1
:20BF8000FFFFFFFFFFFFFFFFFFFFFFFFFFFFFFFFFFFFFFFFFFFFFFFFFFFFFFFFFFFFFFFFC1
:20BFA000FFFFFFFFFFFFFFFFFFFFFFFFFFFFFFFFFFFFFFFFFFFFFFFFFFFFFFFFFFFFFFFFA1
:20BFC000FFFFFFFFFFFFFFFFFFFFFFFFFFFFFFFFFFFFFFFFFFFFFFFFFFFFFFFFFFFFFFFF81
:20BFE000FFFFFFFFFFFFFFFFFFFFFFFFFFFFFFFFFFFFFFFFFFFFFFFFFFFFFFFFFFFFFFFF61
:20C00000FFFFFFFFFFFFFFFFFFFFFFFFFFFFFFFFFFFFFFFFFFFFFFFFFFFFFFFFFFFFFFFF40
:20C02000FFFFFFFFFFFFFFFFFFFFFFFFFFFFFFFFFFFFFFFFFFFFFFFFFFFFFFFFFFFFFFFF20
:20C04000FFFFFFFFFFFFFFFFFFFFFFFFFFFFFFFFFFFFFFFFFFFFFFFFFFFFFFFFFFFFFFFF00
:20C06000FFFFFFFFFFFFFFFFFFFFFFFFFFFFFFFFFFFFFFFFFFFFFFFFFFFFFFFFFFFFFFFFE0
:20C08000FFFFFFFFFFFFFFFFFFFFFFFFFFFFFFFFFFFFFFFFFFFFFFFFFFFFFFFFFFFFFFFFC0
:20C0A000FFFFFFFFFFFFFFFFFFFFFFFFFFFFFFFFFFFFFFFFFFFFFFFFFFFFFFFFFFFFFFFFA0
:20C0C000FFFFFFFFFFFFFFFFFFFFFFFFFFFFFFFFFFFFFFFFFFFFFFFFFFFFFFFFFFFFFFFF80
:20C0E000FFFFFFFFFFFFFFFFFFFFFFFFFFFFFFFFFFFFFFFFFFFFFFFFFFFFFFFFFFFFFFFF60
:20C10000FFFFFFFFFFFFFFFFFFFFFFFFFFFFFFFFFFFFFFFFFFFFFFFFFFFFFFFFFFFFFFFF3F
:20C12000FFFFFFFFFFFFFFFFFFFFFFFFFFFFFFFFFFFFFFFFFFFFFFFFFFFFFFFFFFFFFFFF1F
:20C14000FFFFFFFFFFFFFFFFFFFFFFFFFFFFFFFFFFFFFFFFFFFFFFFFFFFFFFFFFFFFFFFFFF
:20C16000FFFFFFFFFFFFFFFFFFFFFFFFFFFFFFFFFFFFFFFFFFFFFFFFFFFFFFFFFFFFFFFFDF
:20C18000FFFFFFFFFFFFFFFFFFFFFFFFFFFFFFFFFFFFFFFFFFFFFFFFFFFFFFFFFFFFFFFFBF
:20C1A000FFFFFFFFFFFFFFFFFFFFFFFFFFFFFFFFFFFFFFFFFFFFFFFFFFFFFFFFFFFFFFFF9F
:20C1C000FFFFFFFFFFFFFFFFFFFFFFFFFFFFFFFFFFFFFFFFFFFFFFFFFFFFFFFFFFFFFFFF7F
:20C1E000FFFFFFFFFFFFFFFFFFFFFFFFFFFFFFFFFFFFFFFFFFFFFFFFFFFFFFFFFFFFFFFF5F
:20C20000FFFFFFFFFFFFFFFFFFFFFFFFFFFFFFFFFFFFFFFFFFFFFFFFFFFFFFFFFFFFFFFF3E
:20C22000FFFFFFFFFFFFFFFFFFFFFFFFFFFFFFFFFFFFFFFFFFFFFFFFFFFFFFFFFFFFFFFF1E
:20C24000FFFFFFFFFFFFFFFFFFFFFFFFFFFFFFFFFFFFFFFFFFFFFFFFFFFFFFFFFFFFFFFFFE
:20C26000FFFFFFFFFFFFFFFFFFFFFFFFFFFFFFFFFFFFFFFFFFFFFFFFFFFFFFFFFFFFFFFFDE
:20C28000FFFFFFFFFFFFFFFFFFFFFFFFFFFFFFFFFFFFFFFFFFFFFFFFFFFFFFFFFFFFFFFFBE
:20C2A000FFFFFFFFFFFFFFFFFFFFFFFFFFFFFFFFFFFFFFFFFFFFFFFFFFFFFFFFFFFFFFFF9E
:20C2C000FFFFFFFFFFFFFFFFFFFFFFFFFFFFFFFFFFFFFFFFFFFFFFFFFFFFFFFFFFFFFFFF7E
:20C2E000FFFFFFFFFFFFFFFFFFFFFFFFFFFFFFFFFFFFFFFFFFFFFFFFFFFFFFFFFFFFFFFF5E
:20C30000FFFFFFFFFFFFFFFFFFFFFFFFFFFFFFFFFFFFFFFFFFFFFFFFFFFFFFFFFFFFFFFF3D
:20C32000FFFFFFFFFFFFFFFFFFFFFFFFFFFFFFFFFFFFFFFFFFFFFFFFFFFFFFFFFFFFFFFF1D
:20C34000FFFFFFFFFFFFFFFFFFFFFFFFFFFFFFFFFFFFFFFFFFFFFFFFFFFFFFFFFFFFFFFFFD
:20C36000FFFFFFFFFFFFFFFFFFFFFFFFFFFFFFFFFFFFFFFFFFFFFFFFFFFFFFFFFFFFFFFFDD
:20C38000FFFFFFFFFFFFFFFFFFFFFFFFFFFFFFFFFFFFFFFFFFFFFFFFFFFFFFFFFFFFFFFFBD
:20C3A000FFFFFFFFFFFFFFFFFFFFFFFFFFFFFFFFFFFFFFFFFFFFFFFFFFFFFFFFFFFFFFFF9D
:20C3C000FFFFFFFFFFFFFFFFFFFFFFFFFFFFFFFFFFFFFFFFFFFFFFFFFFFFFFFFFFFFFFFF7D
:20C3E000FFFFFFFFFFFFFFFFFFFFFFFFFFFFFFFFFFFFFFFFFFFFFFFFFFFFFFFFFFFFFFFF5D
:20C40000FFFFFFFFFFFFFFFFFFFFFFFFFFFFFFFFFFFFFFFFFFFFFFFFFFFFFFFFFFFFFFFF3C
:20C42000FFFFFFFFFFFFFFFFFFFFFFFFFFFFFFFFFFFFFFFFFFFFFFFFFFFFFFFFFFFFFFFF1C
:20C44000FFFFFFFFFFFFFFFFFFFFFFFFFFFFFFFFFFFFFFFFFFFFFFFFFFFFFFFFFFFFFFFFFC
:20C46000FFFFFFFFFFFFFFFFFFFFFFFFFFFFFFFFFFFFFFFFFFFFFFFFFFFFFFFFFFFFFFFFDC
:20C48000FFFFFFFFFFFFFFFFFFFFFFFFFFFFFFFFFFFFFFFFFFFFFFFFFFFFFFFFFFFFFFFFBC
:20C4A000FFFFFFFFFFFFFFFFFFFFFFFFFFFFFFFFFFFFFFFFFFFFFFFFFFFFFFFFFFFFFFFF9C
:20C4C000FFFFFFFFFFFFFFFFFFFFFFFFFFFFFFFFFFFFFFFFFFFFFFFFFFFFFFFFFFFFFFFF7C
:20C4E000FFFFFFFFFFFFFFFFFFFFFFFFFFFFFFFFFFFFFFFFFFFFFFFFFFFFFFFFFFFFFFFF5C
:20C50000FFFFFFFFFFFFFFFFFFFFFFFFFFFFFFFFFFFFFFFFFFFFFFFFFFFFFFFFFFFFFFFF3B
:20C52000FFFFFFFFFFFFFFFFFFFFFFFFFFFFFFFFFFFFFFFFFFFFFFFFFFFFFFFFFFFFFFFF1B
:20C54000FFFFFFFFFFFFFFFFFFFFFFFFFFFFFFFFFFFFFFFFFFFFFFFFFFFFFFFFFFFFFFFFFB
:20C56000FFFFFFFFFFFFFFFFFFFFFFFFFFFFFFFFFFFFFFFFFFFFFFFFFFFFFFFFFFFFFFFFDB
:20C58000FFFFFFFFFFFFFFFFFFFFFFFFFFFFFFFFFFFFFFFFFFFFFFFFFFFFFFFFFFFFFFFFBB
:20C5A000FFFFFFFFFFFFFFFFFFFFFFFFFFFFFFFFFFFFFFFFFFFFFFFFFFFFFFFFFFFFFFFF9B
:20C5C000FFFFFFFFFFFFFFFFFFFFFFFFFFFFFFFFFFFFFFFFFFFFFFFFFFFFFFFFFFFFFFFF7B
:20C5E000FFFFFFFFFFFFFFFFFFFFFFFFFFFFFFFFFFFFFFFFFFFFFFFFFFFFFFFFFFFFFFFF5B
:20C60000FFFFFFFFFFFFFFFFFFFFFFFFFFFFFFFFFFFFFFFFFFFFFFFFFFFFFFFFFFFFFFFF3A
:20C62000FFFFFFFFFFFFFFFFFFFFFFFFFFFFFFFFFFFFFFFFFFFFFFFFFFFFFFFFFFFFFFFF1A
:20C64000FFFFFFFFFFFFFFFFFFFFFFFFFFFFFFFFFFFFFFFFFFFFFFFFFFFFFFFFFFFFFFFFFA
:20C66000FFFFFFFFFFFFFFFFFFFFFFFFFFFFFFFFFFFFFFFFFFFFFFFFFFFFFFFFFFFFFFFFDA
:20C68000FFFFFFFFFFFFFFFFFFFFFFFFFFFFFFFFFFFFFFFFFFFFFFFFFFFFFFFFFFFFFFFFBA
:20C6A000FFFFFFFFFFFFFFFFFFFFFFFFFFFFFFFFFFFFFFFFFFFFFFFFFFFFFFFFFFFFFFFF9A
:20C6C000FFFFFFFFFFFFFFFFFFFFFFFFFFFFFFFFFFFFFFFFFFFFFFFFFFFFFFFFFFFFFFFF7A
:20C6E000FFFFFFFFFFFFFFFFFFFFFFFFFFFFFFFFFFFFFFFFFFFFFFFFFFFFFFFFFFFFFFFF5A
:20C70000FFFFFFFFFFFFFFFFFFFFFFFFFFFFFFFFFFFFFFFFFFFFFFFFFFFFFFFFFFFFFFFF39
:20C72000FFFFFFFFFFFFFFFFFFFFFFFFFFFFFFFFFFFFFFFFFFFFFFFFFFFFFFFFFFFFFFFF19
:20C74000FFFFFFFFFFFFFFFFFFFFFFFFFFFFFFFFFFFFFFFFFFFFFFFFFFFFFFFFFFFFFFFFF9
:20C76000FFFFFFFFFFFFFFFFFFFFFFFFFFFFFFFFFFFFFFFFFFFFFFFFFFFFFFFFFFFFFFFFD9
:20C78000FFFFFFFFFFFFFFFFFFFFFFFFFFFFFFFFFFFFFFFFFFFFFFFFFFFFFFFFFFFFFFFFB9
:20C7A000FFFFFFFFFFFFFFFFFFFFFFFFFFFFFFFFFFFFFFFFFFFFFFFFFFFFFFFFFFFFFFFF99
:20C7C000FFFFFFFFFFFFFFFFFFFFFFFFFFFFFFFFFFFFFFFFFFFFFFFFFFFFFFFFFFFFFFFF79
:20C7E000FFFFFFFFFFFFFFFFFFFFFFFFFFFFFFFFFFFFFFFFFFFFFFFFFFFFFFFFFFFFFFFF59
:20C80000FFFFFFFFFFFFFFFFFFFFFFFFFFFFFFFFFFFFFFFFFFFFFFFFFFFFFFFFFFFFFFFF38
:20C82000FFFFFFFFFFFFFFFFFFFFFFFFFFFFFFFFFFFFFFFFFFFFFFFFFFFFFFFFFFFFFFFF18
:20C84000FFFFFFFFFFFFFFFFFFFFFFFFFFFFFFFFFFFFFFFFFFFFFFFFFFFFFFFFFFFFFFFFF8
:20C86000FFFFFFFFFFFFFFFFFFFFFFFFFFFFFFFFFFFFFFFFFFFFFFFFFFFFFFFFFFFFFFFFD8
:20C88000FFFFFFFFFFFFFFFFFFFFFFFFFFFFFFFFFFFFFFFFFFFFFFFFFFFFFFFFFFFFFFFFB8
:20C8A000FFFFFFFFFFFFFFFFFFFFFFFFFFFFFFFFFFFFFFFFFFFFFFFFFFFFFFFFFFFFFFFF98
:20C8C000FFFFFFFFFFFFFFFFFFFFFFFFFFFFFFFFFFFFFFFFFFFFFFFFFFFFFFFFFFFFFFFF78
:20C8E000FFFFFFFFFFFFFFFFFFFFFFFFFFFFFFFFFFFFFFFFFFFFFFFFFFFFFFFFFFFFFFFF58
:20C90000FFFFFFFFFFFFFFFFFFFFFFFFFFFFFFFFFFFFFFFFFFFFFFFFFFFFFFFFFFFFFFFF37
:20C92000FFFFFFFFFFFFFFFFFFFFFFFFFFFFFFFFFFFFFFFFFFFFFFFFFFFFFFFFFFFFFFFF17
:20C94000FFFFFFFFFFFFFFFFFFFFFFFFFFFFFFFFFFFFFFFFFFFFFFFFFFFFFFFFFFFFFFFFF7
:20C96000FFFFFFFFFFFFFFFFFFFFFFFFFFFFFFFFFFFFFFFFFFFFFFFFFFFFFFFFFFFFFFFFD7
:20C98000FFFFFFFFFFFFFFFFFFFFFFFFFFFFFFFFFFFFFFFFFFFFFFFFFFFFFFFFFFFFFFFFB7
:20C9A000FFFFFFFFFFFFFFFFFFFFFFFFFFFFFFFFFFFFFFFFFFFFFFFFFFFFFFFFFFFFFFFF97
:20C9C000FFFFFFFFFFFFFFFFFFFFFFFFFFFFFFFFFFFFFFFFFFFFFFFFFFFFFFFFFFFFFFFF77
:20C9E000FFFFFFFFFFFFFFFFFFFFFFFFFFFFFFFFFFFFFFFFFFFFFFFFFFFFFFFFFFFFFFFF57
:20CA0000FFFFFFFFFFFFFFFFFFFFFFFFFFFFFFFFFFFFFFFFFFFFFFFFFFFFFFFFFFFFFFFF36
:20CA2000FFFFFFFFFFFFFFFFFFFFFFFFFFFFFFFFFFFFFFFFFFFFFFFFFFFFFFFFFFFFFFFF16
:20CA4000FFFFFFFFFFFFFFFFFFFFFFFFFFFFFFFFFFFFFFFFFFFFFFFFFFFFFFFFFFFFFFFFF6
:20CA6000FFFFFFFFFFFFFFFFFFFFFFFFFFFFFFFFFFFFFFFFFFFFFFFFFFFFFFFFFFFFFFFFD6
:20CA8000FFFFFFFFFFFFFFFFFFFFFFFFFFFFFFFFFFFFFFFFFFFFFFFFFFFFFFFFFFFFFFFFB6
:20CAA000FFFFFFFFFFFFFFFFFFFFFFFFFFFFFFFFFFFFFFFFFFFFFFFFFFFFFFFFFFFFFFFF96
:20CAC000FFFFFFFFFFFFFFFFFFFFFFFFFFFFFFFFFFFFFFFFFFFFFFFFFFFFFFFFFFFFFFFF76
:20CAE000FFFFFFFFFFFFFFFFFFFFFFFFFFFFFFFFFFFFFFFFFFFFFFFFFFFFFFFFFFFFFFFF56
:20CB0000FFFFFFFFFFFFFFFFFFFFFFFFFFFFFFFFFFFFFFFFFFFFFFFFFFFFFFFFFFFFFFFF35
:20CB2000FFFFFFFFFFFFFFFFFFFFFFFFFFFFFFFFFFFFFFFFFFFFFFFFFFFFFFFFFFFFFFFF15
:20CB4000FFFFFFFFFFFFFFFFFFFFFFFFFFFFFFFFFFFFFFFFFFFFFFFFFFFFFFFFFFFFFFFFF5
:20CB6000FFFFFFFFFFFFFFFFFFFFFFFFFFFFFFFFFFFFFFFFFFFFFFFFFFFFFFFFFFFFFFFFD5
:20CB8000FFFFFFFFFFFFFFFFFFFFFFFFFFFFFFFFFFFFFFFFFFFFFFFFFFFFFFFFFFFFFFFFB5
:20CBA000FFFFFFFFFFFFFFFFFFFFFFFFFFFFFFFFFFFFFFFFFFFFFFFFFFFFFFFFFFFFFFFF95
:20CBC000FFFFFFFFFFFFFFFFFFFFFFFFFFFFFFFFFFFFFFFFFFFFFFFFFFFFFFFFFFFFFFFF75
:20CBE000FFFFFFFFFFFFFFFFFFFFFFFFFFFFFFFFFFFFFFFFFFFFFFFFFFFFFFFFFFFFFFFF55
:20CC0000FFFFFFFFFFFFFFFFFFFFFFFFFFFFFFFFFFFFFFFFFFFFFFFFFFFFFFFFFFFFFFFF34
:20CC2000FFFFFFFFFFFFFFFFFFFFFFFFFFFFFFFFFFFFFFFFFFFFFFFFFFFFFFFFFFFFFFFF14
:20CC4000FFFFFFFFFFFFFFFFFFFFFFFFFFFFFFFFFFFFFFFFFFFFFFFFFFFFFFFFFFFFFFFFF4
:20CC6000FFFFFFFFFFFFFFFFFFFFFFFFFFFFFFFFFFFFFFFFFFFFFFFFFFFFFFFFFFFFFFFFD4
:20CC8000FFFFFFFFFFFFFFFFFFFFFFFFFFFFFFFFFFFFFFFFFFFFFFFFFFFFFFFFFFFFFFFFB4
:20CCA000FFFFFFFFFFFFFFFFFFFFFFFFFFFFFFFFFFFFFFFFFFFFFFFFFFFFFFFFFFFFFFFF94
:20CCC000FFFFFFFFFFFFFFFFFFFFFFFFFFFFFFFFFFFFFFFFFFFFFFFFFFFFFFFFFFFFFFFF74
:20CCE000FFFFFFFFFFFFFFFFFFFFFFFFFFFFFFFFFFFFFFFFFFFFFFFFFFFFFFFFFFFFFFFF54
:20CD0000FFFFFFFFFFFFFFFFFFFFFFFFFFFFFFFFFFFFFFFFFFFFFFFFFFFFFFFFFFFFFFFF33
:20CD2000FFFFFFFFFFFFFFFFFFFFFFFFFFFFFFFFFFFFFFFFFFFFFFFFFFFFFFFFFFFFFFFF13
:20CD4000FFFFFFFFFFFFFFFFFFFFFFFFFFFFFFFFFFFFFFFFFFFFFFFFFFFFFFFFFFFFFFFFF3
:20CD6000FFFFFFFFFFFFFFFFFFFFFFFFFFFFFFFFFFFFFFFFFFFFFFFFFFFFFFFFFFFFFFFFD3
:20CD8000FFFFFFFFFFFFFFFFFFFFFFFFFFFFFFFFFFFFFFFFFFFFFFFFFFFFFFFFFFFFFFFFB3
:20CDA000FFFFFFFFFFFFFFFFFFFFFFFFFFFFFFFFFFFFFFFFFFFFFFFFFFFFFFFFFFFFFFFF93
:20CDC000FFFFFFFFFFFFFFFFFFFFFFFFFFFFFFFFFFFFFFFFFFFFFFFFFFFFFFFFFFFFFFFF73
:20CDE000FFFFFFFFFFFFFFFFFFFFFFFFFFFFFFFFFFFFFFFFFFFFFFFFFFFFFFFFFFFFFFFF53
:20CE0000FFFFFFFFFFFFFFFFFFFFFFFFFFFFFFFFFFFFFFFFFFFFFFFFFFFFFFFFFFFFFFFF32
:20CE2000FFFFFFFFFFFFFFFFFFFFFFFFFFFFFFFFFFFFFFFFFFFFFFFFFFFFFFFFFFFFFFFF12
:20CE4000FFFFFFFFFFFFFFFFFFFFFFFFFFFFFFFFFFFFFFFFFFFFFFFFFFFFFFFFFFFFFFFFF2
:20CE6000FFFFFFFFFFFFFFFFFFFFFFFFFFFFFFFFFFFFFFFFFFFFFFFFFFFFFFFFFFFFFFFFD2
:20CE8000FFFFFFFFFFFFFFFFFFFFFFFFFFFFFFFFFFFFFFFFFFFFFFFFFFFFFFFFFFFFFFFFB2
:20CEA000FFFFFFFFFFFFFFFFFFFFFFFFFFFFFFFFFFFFFFFFFFFFFFFFFFFFFFFFFFFFFFFF92
:20CEC000FFFFFFFFFFFFFFFFFFFFFFFFFFFFFFFFFFFFFFFFFFFFFFFFFFFFFFFFFFFFFFFF72
:20CEE000FFFFFFFFFFFFFFFFFFFFFFFFFFFFFFFFFFFFFFFFFFFFFFFFFFFFFFFFFFFFFFFF52
:20CF0000FFFFFFFFFFFFFFFFFFFFFFFFFFFFFFFFFFFFFFFFFFFFFFFFFFFFFFFFFFFFFFFF31
:20CF2000FFFFFFFFFFFFFFFFFFFFFFFFFFFFFFFFFFFFFFFFFFFFFFFFFFFFFFFFFFFFFFFF11
:20CF4000FFFFFFFFFFFFFFFFFFFFFFFFFFFFFFFFFFFFFFFFFFFFFFFFFFFFFFFFFFFFFFFFF1
:20CF6000FFFFFFFFFFFFFFFFFFFFFFFFFFFFFFFFFFFFFFFFFFFFFFFFFFFFFFFFFFFFFFFFD1
:20CF8000FFFFFFFFFFFFFFFFFFFFFFFFFFFFFFFFFFFFFFFFFFFFFFFFFFFFFFFFFFFFFFFFB1
:20CFA000FFFFFFFFFFFFFFFFFFFFFFFFFFFFFFFFFFFFFFFFFFFFFFFFFFFFFFFFFFFFFFFF91
:20CFC000FFFFFFFFFFFFFFFFFFFFFFFFFFFFFFFFFFFFFFFFFFFFFFFFFFFFFFFFFFFFFFFF71
:20CFE000FFFFFFFFFFFFFFFFFFFFFFFFFFFFFFFFFFFFFFFFFFFFFFFFFFFFFFFFFFFFFFFF51
:20D00000FFFFFFFFFFFFFFFFFFFFFFFFFFFFFFFFFFFFFFFFFFFFFFFFFFFFFFFFFFFFFFFF30
:20D02000FFFFFFFFFFFFFFFFFFFFFFFFFFFFFFFFFFFFFFFFFFFFFFFFFFFFFFFFFFFFFFFF10
:20D04000FFFFFFFFFFFFFFFFFFFFFFFFFFFFFFFFFFFFFFFFFFFFFFFFFFFFFFFFFFFFFFFFF0
:20D06000FFFFFFFFFFFFFFFFFFFFFFFFFFFFFFFFFFFFFFFFFFFFFFFFFFFFFFFFFFFFFFFFD0
:20D08000FFFFFFFFFFFFFFFFFFFFFFFFFFFFFFFFFFFFFFFFFFFFFFFFFFFFFFFFFFFFFFFFB0
:20D0A000FFFFFFFFFFFFFFFFFFFFFFFFFFFFFFFFFFFFFFFFFFFFFFFFFFFFFFFFFFFFFFFF90
:20D0C000FFFFFFFFFFFFFFFFFFFFFFFFFFFFFFFFFFFFFFFFFFFFFFFFFFFFFFFFFFFFFFFF70
:20D0E000FFFFFFFFFFFFFFFFFFFFFFFFFFFFFFFFFFFFFFFFFFFFFFFFFFFFFFFFFFFFFFFF50
:20D10000FFFFFFFFFFFFFFFFFFFFFFFFFFFFFFFFFFFFFFFFFFFFFFFFFFFFFFFFFFFFFFFF2F
:20D12000FFFFFFFFFFFFFFFFFFFFFFFFFFFFFFFFFFFFFFFFFFFFFFFFFFFFFFFFFFFFFFFF0F
:20D14000FFFFFFFFFFFFFFFFFFFFFFFFFFFFFFFFFFFFFFFFFFFFFFFFFFFFFFFFFFFFFFFFEF
:20D16000FFFFFFFFFFFFFFFFFFFFFFFFFFFFFFFFFFFFFFFFFFFFFFFFFFFFFFFFFFFFFFFFCF
:20D18000FFFFFFFFFFFFFFFFFFFFFFFFFFFFFFFFFFFFFFFFFFFFFFFFFFFFFFFFFFFFFFFFAF
:20D1A000FFFFFFFFFFFFFFFFFFFFFFFFFFFFFFFFFFFFFFFFFFFFFFFFFFFFFFFFFFFFFFFF8F
:20D1C000FFFFFFFFFFFFFFFFFFFFFFFFFFFFFFFFFFFFFFFFFFFFFFFFFFFFFFFFFFFFFFFF6F
:20D1E000FFFFFFFFFFFFFFFFFFFFFFFFFFFFFFFFFFFFFFFFFFFFFFFFFFFFFFFFFFFFFFFF4F
:20D20000FFFFFFFFFFFFFFFFFFFFFFFFFFFFFFFFFFFFFFFFFFFFFFFFFFFFFFFFFFFFFFFF2E
:20D22000FFFFFFFFFFFFFFFFFFFFFFFFFFFFFFFFFFFFFFFFFFFFFFFFFFFFFFFFFFFFFFFF0E
:20D24000FFFFFFFFFFFFFFFFFFFFFFFFFFFFFFFFFFFFFFFFFFFFFFFFFFFFFFFFFFFFFFFFEE
:20D26000FFFFFFFFFFFFFFFFFFFFFFFFFFFFFFFFFFFFFFFFFFFFFFFFFFFFFFFFFFFFFFFFCE
:20D28000FFFFFFFFFFFFFFFFFFFFFFFFFFFFFFFFFFFFFFFFFFFFFFFFFFFFFFFFFFFFFFFFAE
:20D2A000FFFFFFFFFFFFFFFFFFFFFFFFFFFFFFFFFFFFFFFFFFFFFFFFFFFFFFFFFFFFFFFF8E
:20D2C000FFFFFFFFFFFFFFFFFFFFFFFFFFFFFFFFFFFFFFFFFFFFFFFFFFFFFFFFFFFFFFFF6E
:20D2E000FFFFFFFFFFFFFFFFFFFFFFFFFFFFFFFFFFFFFFFFFFFFFFFFFFFFFFFFFFFFFFFF4E
:20D30000FFFFFFFFFFFFFFFFFFFFFFFFFFFFFFFFFFFFFFFFFFFFFFFFFFFFFFFFFFFFFFFF2D
:20D32000FFFFFFFFFFFFFFFFFFFFFFFFFFFFFFFFFFFFFFFFFFFFFFFFFFFFFFFFFFFFFFFF0D
:20D34000FFFFFFFFFFFFFFFFFFFFFFFFFFFFFFFFFFFFFFFFFFFFFFFFFFFFFFFFFFFFFFFFED
:20D36000FFFFFFFFFFFFFFFFFFFFFFFFFFFFFFFFFFFFFFFFFFFFFFFFFFFFFFFFFFFFFFFFCD
:20D38000FFFFFFFFFFFFFFFFFFFFFFFFFFFFFFFFFFFFFFFFFFFFFFFFFFFFFFFFFFFFFFFFAD
:20D3A000FFFFFFFFFFFFFFFFFFFFFFFFFFFFFFFFFFFFFFFFFFFFFFFFFFFFFFFFFFFFFFFF8D
:20D3C000FFFFFFFFFFFFFFFFFFFFFFFFFFFFFFFFFFFFFFFFFFFFFFFFFFFFFFFFFFFFFFFF6D
:20D3E000FFFFFFFFFFFFFFFFFFFFFFFFFFFFFFFFFFFFFFFFFFFFFFFFFFFFFFFFFFFFFFFF4D
:20D40000FFFFFFFFFFFFFFFFFFFFFFFFFFFFFFFFFFFFFFFFFFFFFFFFFFFFFFFFFFFFFFFF2C
:20D42000FFFFFFFFFFFFFFFFFFFFFFFFFFFFFFFFFFFFFFFFFFFFFFFFFFFFFFFFFFFFFFFF0C
:20D44000FFFFFFFFFFFFFFFFFFFFFFFFFFFFFFFFFFFFFFFFFFFFFFFFFFFFFFFFFFFFFFFFEC
:20D46000FFFFFFFFFFFFFFFFFFFFFFFFFFFFFFFFFFFFFFFFFFFFFFFFFFFFFFFFFFFFFFFFCC
:20D48000FFFFFFFFFFFFFFFFFFFFFFFFFFFFFFFFFFFFFFFFFFFFFFFFFFFFFFFFFFFFFFFFAC
:20D4A000FFFFFFFFFFFFFFFFFFFFFFFFFFFFFFFFFFFFFFFFFFFFFFFFFFFFFFFFFFFFFFFF8C
:20D4C000FFFFFFFFFFFFFFFFFFFFFFFFFFFFFFFFFFFFFFFFFFFFFFFFFFFFFFFFFFFFFFFF6C
:20D4E000FFFFFFFFFFFFFFFFFFFFFFFFFFFFFFFFFFFFFFFFFFFFFFFFFFFFFFFFFFFFFFFF4C
:20D50000FFFFFFFFFFFFFFFFFFFFFFFFFFFFFFFFFFFFFFFFFFFFFFFFFFFFFFFFFFFFFFFF2B
:20D52000FFFFFFFFFFFFFFFFFFFFFFFFFFFFFFFFFFFFFFFFFFFFFFFFFFFFFFFFFFFFFFFF0B
:20D54000FFFFFFFFFFFFFFFFFFFFFFFFFFFFFFFFFFFFFFFFFFFFFFFFFFFFFFFFFFFFFFFFEB
:20D56000FFFFFFFFFFFFFFFFFFFFFFFFFFFFFFFFFFFFFFFFFFFFFFFFFFFFFFFFFFFFFFFFCB
:20D58000FFFFFFFFFFFFFFFFFFFFFFFFFFFFFFFFFFFFFFFFFFFFFFFFFFFFFFFFFFFFFFFFAB
:20D5A000FFFFFFFFFFFFFFFFFFFFFFFFFFFFFFFFFFFFFFFFFFFFFFFFFFFFFFFFFFFFFFFF8B
:20D5C000FFFFFFFFFFFFFFFFFFFFFFFFFFFFFFFFFFFFFFFFFFFFFFFFFFFFFFFFFFFFFFFF6B
:20D5E000FFFFFFFFFFFFFFFFFFFFFFFFFFFFFFFFFFFFFFFFFFFFFFFFFFFFFFFFFFFFFFFF4B
:20D60000FFFFFFFFFFFFFFFFFFFFFFFFFFFFFFFFFFFFFFFFFFFFFFFFFFFFFFFFFFFFFFFF2A
:20D62000FFFFFFFFFFFFFFFFFFFFFFFFFFFFFFFFFFFFFFFFFFFFFFFFFFFFFFFFFFFFFFFF0A
:20D64000FFFFFFFFFFFFFFFFFFFFFFFFFFFFFFFFFFFFFFFFFFFFFFFFFFFFFFFFFFFFFFFFEA
:20D66000FFFFFFFFFFFFFFFFFFFFFFFFFFFFFFFFFFFFFFFFFFFFFFFFFFFFFFFFFFFFFFFFCA
:20D68000FFFFFFFFFFFFFFFFFFFFFFFFFFFFFFFFFFFFFFFFFFFFFFFFFFFFFFFFFFFFFFFFAA
:20D6A000FFFFFFFFFFFFFFFFFFFFFFFFFFFFFFFFFFFFFFFFFFFFFFFFFFFFFFFFFFFFFFFF8A
:20D6C000FFFFFFFFFFFFFFFFFFFFFFFFFFFFFFFFFFFFFFFFFFFFFFFFFFFFFFFFFFFFFFFF6A
:20D6E000FFFFFFFFFFFFFFFFFFFFFFFFFFFFFFFFFFFFFFFFFFFFFFFFFFFFFFFFFFFFFFFF4A
:20D70000FFFFFFFFFFFFFFFFFFFFFFFFFFFFFFFFFFFFFFFFFFFFFFFFFFFFFFFFFFFFFFFF29
:20D72000FFFFFFFFFFFFFFFFFFFFFFFFFFFFFFFFFFFFFFFFFFFFFFFFFFFFFFFFFFFFFFFF09
:20D74000FFFFFFFFFFFFFFFFFFFFFFFFFFFFFFFFFFFFFFFFFFFFFFFFFFFFFFFFFFFFFFFFE9
:20D76000FFFFFFFFFFFFFFFFFFFFFFFFFFFFFFFFFFFFFFFFFFFFFFFFFFFFFFFFFFFFFFFFC9
:20D78000FFFFFFFFFFFFFFFFFFFFFFFFFFFFFFFFFFFFFFFFFFFFFFFFFFFFFFFFFFFFFFFFA9
:20D7A000FFFFFFFFFFFFFFFFFFFFFFFFFFFFFFFFFFFFFFFFFFFFFFFFFFFFFFFFFFFFFFFF89
:20D7C000FFFFFFFFFFFFFFFFFFFFFFFFFFFFFFFFFFFFFFFFFFFFFFFFFFFFFFFFFFFFFFFF69
:20D7E000FFFFFFFFFFFFFFFFFFFFFFFFFFFFFFFFFFFFFFFFFFFFFFFFFFFFFFFFFFFFFFFF49
:20D80000FFFFFFFFFFFFFFFFFFFFFFFFFFFFFFFFFFFFFFFFFFFFFFFFFFFFFFFFFFFFFFFF28
:20D82000FFFFFFFFFFFFFFFFFFFFFFFFFFFFFFFFFFFFFFFFFFFFFFFFFFFFFFFFFFFFFFFF08
:20D84000FFFFFFFFFFFFFFFFFFFFFFFFFFFFFFFFFFFFFFFFFFFFFFFFFFFFFFFFFFFFFFFFE8
:20D86000FFFFFFFFFFFFFFFFFFFFFFFFFFFFFFFFFFFFFFFFFFFFFFFFFFFFFFFFFFFFFFFFC8
:20D88000FFFFFFFFFFFFFFFFFFFFFFFFFFFFFFFFFFFFFFFFFFFFFFFFFFFFFFFFFFFFFFFFA8
:20D8A000FFFFFFFFFFFFFFFFFFFFFFFFFFFFFFFFFFFFFFFFFFFFFFFFFFFFFFFFFFFFFFFF88
:20D8C000FFFFFFFFFFFFFFFFFFFFFFFFFFFFFFFFFFFFFFFFFFFFFFFFFFFFFFFFFFFFFFFF68
:20D8E000FFFFFFFFFFFFFFFFFFFFFFFFFFFFFFFFFFFFFFFFFFFFFFFFFFFFFFFFFFFFFFFF48
:20D90000FFFFFFFFFFFFFFFFFFFFFFFFFFFFFFFFFFFFFFFFFFFFFFFFFFFFFFFFFFFFFFFF27
:20D92000FFFFFFFFFFFFFFFFFFFFFFFFFFFFFFFFFFFFFFFFFFFFFFFFFFFFFFFFFFFFFFFF07
:20D94000FFFFFFFFFFFFFFFFFFFFFFFFFFFFFFFFFFFFFFFFFFFFFFFFFFFFFFFFFFFFFFFFE7
:20D96000FFFFFFFFFFFFFFFFFFFFFFFFFFFFFFFFFFFFFFFFFFFFFFFFFFFFFFFFFFFFFFFFC7
:20D98000FFFFFFFFFFFFFFFFFFFFFFFFFFFFFFFFFFFFFFFFFFFFFFFFFFFFFFFFFFFFFFFFA7
:20D9A000FFFFFFFFFFFFFFFFFFFFFFFFFFFFFFFFFFFFFFFFFFFFFFFFFFFFFFFFFFFFFFFF87
:20D9C000FFFFFFFFFFFFFFFFFFFFFFFFFFFFFFFFFFFFFFFFFFFFFFFFFFFFFFFFFFFFFFFF67
:20D9E000FFFFFFFFFFFFFFFFFFFFFFFFFFFFFFFFFFFFFFFFFFFFFFFFFFFFFFFFFFFFFFFF47
:20DA0000FFFFFFFFFFFFFFFFFFFFFFFFFFFFFFFFFFFFFFFFFFFFFFFFFFFFFFFFFFFFFFFF26
:20DA2000FFFFFFFFFFFFFFFFFFFFFFFFFFFFFFFFFFFFFFFFFFFFFFFFFFFFFFFFFFFFFFFF06
:20DA4000FFFFFFFFFFFFFFFFFFFFFFFFFFFFFFFFFFFFFFFFFFFFFFFFFFFFFFFFFFFFFFFFE6
:20DA6000FFFFFFFFFFFFFFFFFFFFFFFFFFFFFFFFFFFFFFFFFFFFFFFFFFFFFFFFFFFFFFFFC6
:20DA8000FFFFFFFFFFFFFFFFFFFFFFFFFFFFFFFFFFFFFFFFFFFFFFFFFFFFFFFFFFFFFFFFA6
:20DAA000FFFFFFFFFFFFFFFFFFFFFFFFFFFFFFFFFFFFFFFFFFFFFFFFFFFFFFFFFFFFFFFF86
:20DAC000FFFFFFFFFFFFFFFFFFFFFFFFFFFFFFFFFFFFFFFFFFFFFFFFFFFFFFFFFFFFFFFF66
:20DAE000FFFFFFFFFFFFFFFFFFFFFFFFFFFFFFFFFFFFFFFFFFFFFFFFFFFFFFFFFFFFFFFF46
:20DB0000FFFFFFFFFFFFFFFFFFFFFFFFFFFFFFFFFFFFFFFFFFFFFFFFFFFFFFFFFFFFFFFF25
:20DB2000FFFFFFFFFFFFFFFFFFFFFFFFFFFFFFFFFFFFFFFFFFFFFFFFFFFFFFFFFFFFFFFF05
:20DB4000FFFFFFFFFFFFFFFFFFFFFFFFFFFFFFFFFFFFFFFFFFFFFFFFFFFFFFFFFFFFFFFFE5
:20DB6000FFFFFFFFFFFFFFFFFFFFFFFFFFFFFFFFFFFFFFFFFFFFFFFFFFFFFFFFFFFFFFFFC5
:20DB8000FFFFFFFFFFFFFFFFFFFFFFFFFFFFFFFFFFFFFFFFFFFFFFFFFFFFFFFFFFFFFFFFA5
:20DBA000FFFFFFFFFFFFFFFFFFFFFFFFFFFFFFFFFFFFFFFFFFFFFFFFFFFFFFFFFFFFFFFF85
:20DBC000FFFFFFFFFFFFFFFFFFFFFFFFFFFFFFFFFFFFFFFFFFFFFFFFFFFFFFFFFFFFFFFF65
:20DBE000FFFFFFFFFFFFFFFFFFFFFFFFFFFFFFFFFFFFFFFFFFFFFFFFFFFFFFFFFFFFFFFF45
:20DC0000FFFFFFFFFFFFFFFFFFFFFFFFFFFFFFFFFFFFFFFFFFFFFFFFFFFFFFFFFFFFFFFF24
:20DC2000FFFFFFFFFFFFFFFFFFFFFFFFFFFFFFFFFFFFFFFFFFFFFFFFFFFFFFFFFFFFFFFF04
:20DC4000FFFFFFFFFFFFFFFFFFFFFFFFFFFFFFFFFFFFFFFFFFFFFFFFFFFFFFFFFFFFFFFFE4
:20DC6000FFFFFFFFFFFFFFFFFFFFFFFFFFFFFFFFFFFFFFFFFFFFFFFFFFFFFFFFFFFFFFFFC4
:20DC8000FFFFFFFFFFFFFFFFFFFFFFFFFFFFFFFFFFFFFFFFFFFFFFFFFFFFFFFFFFFFFFFFA4
:20DCA000FFFFFFFFFFFFFFFFFFFFFFFFFFFFFFFFFFFFFFFFFFFFFFFFFFFFFFFFFFFFFFFF84
:20DCC000FFFFFFFFFFFFFFFFFFFFFFFFFFFFFFFFFFFFFFFFFFFFFFFFFFFFFFFFFFFFFFFF64
:20DCE000FFFFFFFFFFFFFFFFFFFFFFFFFFFFFFFFFFFFFFFFFFFFFFFFFFFFFFFFFFFFFFFF44
:20DD0000FFFFFFFFFFFFFFFFFFFFFFFFFFFFFFFFFFFFFFFFFFFFFFFFFFFFFFFFFFFFFFFF23
:20DD2000FFFFFFFFFFFFFFFFFFFFFFFFFFFFFFFFFFFFFFFFFFFFFFFFFFFFFFFFFFFFFFFF03
:20DD4000FFFFFFFFFFFFFFFFFFFFFFFFFFFFFFFFFFFFFFFFFFFFFFFFFFFFFFFFFFFFFFFFE3
:20DD6000FFFFFFFFFFFFFFFFFFFFFFFFFFFFFFFFFFFFFFFFFFFFFFFFFFFFFFFFFFFFFFFFC3
:20DD8000FFFFFFFFFFFFFFFFFFFFFFFFFFFFFFFFFFFFFFFFFFFFFFFFFFFFFFFFFFFFFFFFA3
:20DDA000FFFFFFFFFFFFFFFFFFFFFFFFFFFFFFFFFFFFFFFFFFFFFFFFFFFFFFFFFFFFFFFF83
:20DDC000FFFFFFFFFFFFFFFFFFFFFFFFFFFFFFFFFFFFFFFFFFFFFFFFFFFFFFFFFFFFFFFF63
:20DDE000FFFFFFFFFFFFFFFFFFFFFFFFFFFFFFFFFFFFFFFFFFFFFFFFFFFFFFFFFFFFFFFF43
:20DE0000FFFFFFFFFFFFFFFFFFFFFFFFFFFFFFFFFFFFFFFFFFFFFFFFFFFFFFFFFFFFFFFF22
:20DE2000FFFFFFFFFFFFFFFFFFFFFFFFFFFFFFFFFFFFFFFFFFFFFFFFFFFFFFFFFFFFFFFF02
:20DE4000FFFFFFFFFFFFFFFFFFFFFFFFFFFFFFFFFFFFFFFFFFFFFFFFFFFFFFFFFFFFFFFFE2
:20DE6000FFFFFFFFFFFFFFFFFFFFFFFFFFFFFFFFFFFFFFFFFFFFFFFFFFFFFFFFFFFFFFFFC2
:20DE8000FFFFFFFFFFFFFFFFFFFFFFFFFFFFFFFFFFFFFFFFFFFFFFFFFFFFFFFFFFFFFFFFA2
:20DEA000FFFFFFFFFFFFFFFFFFFFFFFFFFFFFFFFFFFFFFFFFFFFFFFFFFFFFFFFFFFFFFFF82
:20DEC000FFFFFFFFFFFFFFFFFFFFFFFFFFFFFFFFFFFFFFFFFFFFFFFFFFFFFFFFFFFFFFFF62
:20DEE000FFFFFFFFFFFFFFFFFFFFFFFFFFFFFFFFFFFFFFFFFFFFFFFFFFFFFFFFFFFFFFFF42
:20DF0000FFFFFFFFFFFFFFFFFFFFFFFFFFFFFFFFFFFFFFFFFFFFFFFFFFFFFFFFFFFFFFFF21
:20DF2000FFFFFFFFFFFFFFFFFFFFFFFFFFFFFFFFFFFFFFFFFFFFFFFFFFFFFFFFFFFFFFFF01
:20DF4000FFFFFFFFFFFFFFFFFFFFFFFFFFFFFFFFFFFFFFFFFFFFFFFFFFFFFFFFFFFFFFFFE1
:20DF6000FFFFFFFFFFFFFFFFFFFFFFFFFFFFFFFFFFFFFFFFFFFFFFFFFFFFFFFFFFFFFFFFC1
:20DF8000FFFFFFFFFFFFFFFFFFFFFFFFFFFFFFFFFFFFFFFFFFFFFFFFFFFFFFFFFFFFFFFFA1
:20DFA000FFFFFFFFFFFFFFFFFFFFFFFFFFFFFFFFFFFFFFFFFFFFFFFFFFFFFFFFFFFFFFFF81
:20DFC000FFFFFFFFFFFFFFFFFFFFFFFFFFFFFFFFFFFFFFFFFFFFFFFFFFFFFFFFFFFFFFFF61
:20DFE000FFFFFFFFFFFFFFFFFFFFFFFFFFFFFFFFFFFFFFFFFFFFFFFFFFFFFFFFFFFFFFFF41
:20E00000FFFFFFFFFFFFFFFFFFFFFFFFFFFFFFFFFFFFFFFFFFFFFFFFFFFFFFFFFFFFFFFF20
:20E02000FFFFFFFFFFFFFFFFFFFFFFFFFFFFFFFFFFFFFFFFFFFFFFFFFFFFFFFFFFFFFFFF00
:20E04000FFFFFFFFFFFFFFFFFFFFFFFFFFFFFFFFFFFFFFFFFFFFFFFFFFFFFFFFFFFFFFFFE0
:20E06000FFFFFFFFFFFFFFFFFFFFFFFFFFFFFFFFFFFFFFFFFFFFFFFFFFFFFFFFFFFFFFFFC0
:20E08000FFFFFFFFFFFFFFFFFFFFFFFFFFFFFFFFFFFFFFFFFFFFFFFFFFFFFFFFFFFFFFFFA0
:20E0A000FFFFFFFFFFFFFFFFFFFFFFFFFFFFFFFFFFFFFFFFFFFFFFFFFFFFFFFFFFFFFFFF80
:20E0C000FFFFFFFFFFFFFFFFFFFFFFFFFFFFFFFFFFFFFFFFFFFFFFFFFFFFFFFFFFFFFFFF60
:20E0E000FFFFFFFFFFFFFFFFFFFFFFFFFFFFFFFFFFFFFFFFFFFFFFFFFFFFFFFFFFFFFFFF40
:20E10000FFFFFFFFFFFFFFFFFFFFFFFFFFFFFFFFFFFFFFFFFFFFFFFFFFFFFFFFFFFFFFFF1F
:20E12000FFFFFFFFFFFFFFFFFFFFFFFFFFFFFFFFFFFFFFFFFFFFFFFFFFFFFFFFFFFFFFFFFF
:20E14000FFFFFFFFFFFFFFFFFFFFFFFFFFFFFFFFFFFFFFFFFFFFFFFFFFFFFFFFFFFFFFFFDF
:20E16000FFFFFFFFFFFFFFFFFFFFFFFFFFFFFFFFFFFFFFFFFFFFFFFFFFFFFFFFFFFFFFFFBF
:20E18000FFFFFFFFFFFFFFFFFFFFFFFFFFFFFFFFFFFFFFFFFFFFFFFFFFFFFFFFFFFFFFFF9F
:20E1A000FFFFFFFFFFFFFFFFFFFFFFFFFFFFFFFFFFFFFFFFFFFFFFFFFFFFFFFFFFFFFFFF7F
:20E1C000FFFFFFFFFFFFFFFFFFFFFFFFFFFFFFFFFFFFFFFFFFFFFFFFFFFFFFFFFFFFFFFF5F
:20E1E000FFFFFFFFFFFFFFFFFFFFFFFFFFFFFFFFFFFFFFFFFFFFFFFFFFFFFFFFFFFFFFFF3F
:20E20000FFFFFFFFFFFFFFFFFFFFFFFFFFFFFFFFFFFFFFFFFFFFFFFFFFFFFFFFFFFFFFFF1E
:20E22000FFFFFFFFFFFFFFFFFFFFFFFFFFFFFFFFFFFFFFFFFFFFFFFFFFFFFFFFFFFFFFFFFE
:20E24000FFFFFFFFFFFFFFFFFFFFFFFFFFFFFFFFFFFFFFFFFFFFFFFFFFFFFFFFFFFFFFFFDE
:20E26000FFFFFFFFFFFFFFFFFFFFFFFFFFFFFFFFFFFFFFFFFFFFFFFFFFFFFFFFFFFFFFFFBE
:20E28000FFFFFFFFFFFFFFFFFFFFFFFFFFFFFFFFFFFFFFFFFFFFFFFFFFFFFFFFFFFFFFFF9E
:20E2A000FFFFFFFFFFFFFFFFFFFFFFFFFFFFFFFFFFFFFFFFFFFFFFFFFFFFFFFFFFFFFFFF7E
:20E2C000FFFFFFFFFFFFFFFFFFFFFFFFFFFFFFFFFFFFFFFFFFFFFFFFFFFFFFFFFFFFFFFF5E
:20E2E000FFFFFFFFFFFFFFFFFFFFFFFFFFFFFFFFFFFFFFFFFFFFFFFFFFFFFFFFFFFFFFFF3E
:20E30000FFFFFFFFFFFFFFFFFFFFFFFFFFFFFFFFFFFFFFFFFFFFFFFFFFFFFFFFFFFFFFFF1D
:20E32000FFFFFFFFFFFFFFFFFFFFFFFFFFFFFFFFFFFFFFFFFFFFFFFFFFFFFFFFFFFFFFFFFD
:20E34000FFFFFFFFFFFFFFFFFFFFFFFFFFFFFFFFFFFFFFFFFFFFFFFFFFFFFFFFFFFFFFFFDD
:20E36000FFFFFFFFFFFFFFFFFFFFFFFFFFFFFFFFFFFFFFFFFFFFFFFFFFFFFFFFFFFFFFFFBD
:20E38000FFFFFFFFFFFFFFFFFFFFFFFFFFFFFFFFFFFFFFFFFFFFFFFFFFFFFFFFFFFFFFFF9D
:20E3A000FFFFFFFFFFFFFFFFFFFFFFFFFFFFFFFFFFFFFFFFFFFFFFFFFFFFFFFFFFFFFFFF7D
:20E3C000FFFFFFFFFFFFFFFFFFFFFFFFFFFFFFFFFFFFFFFFFFFFFFFFFFFFFFFFFFFFFFFF5D
:20E3E000FFFFFFFFFFFFFFFFFFFFFFFFFFFFFFFFFFFFFFFFFFFFFFFFFFFFFFFFFFFFFFFF3D
:20E40000FFFFFFFFFFFFFFFFFFFFFFFFFFFFFFFFFFFFFFFFFFFFFFFFFFFFFFFFFFFFFFFF1C
:20E42000FFFFFFFFFFFFFFFFFFFFFFFFFFFFFFFFFFFFFFFFFFFFFFFFFFFFFFFFFFFFFFFFFC
:20E44000FFFFFFFFFFFFFFFFFFFFFFFFFFFFFFFFFFFFFFFFFFFFFFFFFFFFFFFFFFFFFFFFDC
:20E46000FFFFFFFFFFFFFFFFFFFFFFFFFFFFFFFFFFFFFFFFFFFFFFFFFFFFFFFFFFFFFFFFBC
:20E48000FFFFFFFFFFFFFFFFFFFFFFFFFFFFFFFFFFFFFFFFFFFFFFFFFFFFFFFFFFFFFFFF9C
:20E4A000FFFFFFFFFFFFFFFFFFFFFFFFFFFFFFFFFFFFFFFFFFFFFFFFFFFFFFFFFFFFFFFF7C
:20E4C000FFFFFFFFFFFFFFFFFFFFFFFFFFFFFFFFFFFFFFFFFFFFFFFFFFFFFFFFFFFFFFFF5C
:20E4E000FFFFFFFFFFFFFFFFFFFFFFFFFFFFFFFFFFFFFFFFFFFFFFFFFFFFFFFFFFFFFFFF3C
:20E50000FFFFFFFFFFFFFFFFFFFFFFFFFFFFFFFFFFFFFFFFFFFFFFFFFFFFFFFFFFFFFFFF1B
:20E52000FFFFFFFFFFFFFFFFFFFFFFFFFFFFFFFFFFFFFFFFFFFFFFFFFFFFFFFFFFFFFFFFFB
:20E54000FFFFFFFFFFFFFFFFFFFFFFFFFFFFFFFFFFFFFFFFFFFFFFFFFFFFFFFFFFFFFFFFDB
:20E56000FFFFFFFFFFFFFFFFFFFFFFFFFFFFFFFFFFFFFFFFFFFFFFFFFFFFFFFFFFFFFFFFBB
:20E58000FFFFFFFFFFFFFFFFFFFFFFFFFFFFFFFFFFFFFFFFFFFFFFFFFFFFFFFFFFFFFFFF9B
:20E5A000FFFFFFFFFFFFFFFFFFFFFFFFFFFFFFFFFFFFFFFFFFFFFFFFFFFFFFFFFFFFFFFF7B
:20E5C000FFFFFFFFFFFFFFFFFFFFFFFFFFFFFFFFFFFFFFFFFFFFFFFFFFFFFFFFFFFFFFFF5B
:20E5E000FFFFFFFFFFFFFFFFFFFFFFFFFFFFFFFFFFFFFFFFFFFFFFFFFFFFFFFFFFFFFFFF3B
:20E60000FFFFFFFFFFFFFFFFFFFFFFFFFFFFFFFFFFFFFFFFFFFFFFFFFFFFFFFFFFFFFFFF1A
:20E62000FFFFFFFFFFFFFFFFFFFFFFFFFFFFFFFFFFFFFFFFFFFFFFFFFFFFFFFFFFFFFFFFFA
:20E64000FFFFFFFFFFFFFFFFFFFFFFFFFFFFFFFFFFFFFFFFFFFFFFFFFFFFFFFFFFFFFFFFDA
:20E66000FFFFFFFFFFFFFFFFFFFFFFFFFFFFFFFFFFFFFFFFFFFFFFFFFFFFFFFFFFFFFFFFBA
:20E68000FFFFFFFFFFFFFFFFFFFFFFFFFFFFFFFFFFFFFFFFFFFFFFFFFFFFFFFFFFFFFFFF9A
:20E6A000FFFFFFFFFFFFFFFFFFFFFFFFFFFFFFFFFFFFFFFFFFFFFFFFFFFFFFFFFFFFFFFF7A
:20E6C000FFFFFFFFFFFFFFFFFFFFFFFFFFFFFFFFFFFFFFFFFFFFFFFFFFFFFFFFFFFFFFFF5A
:20E6E000FFFFFFFFFFFFFFFFFFFFFFFFFFFFFFFFFFFFFFFFFFFFFFFFFFFFFFFFFFFFFFFF3A
:20E70000FFFFFFFFFFFFFFFFFFFFFFFFFFFFFFFFFFFFFFFFFFFFFFFFFFFFFFFFFFFFFFFF19
:20E72000FFFFFFFFFFFFFFFFFFFFFFFFFFFFFFFFFFFFFFFFFFFFFFFFFFFFFFFFFFFFFFFFF9
:20E74000FFFFFFFFFFFFFFFFFFFFFFFFFFFFFFFFFFFFFFFFFFFFFFFFFFFFFFFFFFFFFFFFD9
:20E76000FFFFFFFFFFFFFFFFFFFFFFFFFFFFFFFFFFFFFFFFFFFFFFFFFFFFFFFFFFFFFFFFB9
:20E78000FFFFFFFFFFFFFFFFFFFFFFFFFFFFFFFFFFFFFFFFFFFFFFFFFFFFFFFFFFFFFFFF99
:20E7A000FFFFFFFFFFFFFFFFFFFFFFFFFFFFFFFFFFFFFFFFFFFFFFFFFFFFFFFFFFFFFFFF79
:20E7C000FFFFFFFFFFFFFFFFFFFFFFFFFFFFFFFFFFFFFFFFFFFFFFFFFFFFFFFFFFFFFFFF59
:20E7E000FFFFFFFFFFFFFFFFFFFFFFFFFFFFFFFFFFFFFFFFFFFFFFFFFFFFFFFFFFFFFFFF39
:20E80000FFFFFFFFFFFFFFFFFFFFFFFFFFFFFFFFFFFFFFFFFFFFFFFFFFFFFFFFFFFFFFFF18
:20E82000FFFFFFFFFFFFFFFFFFFFFFFFFFFFFFFFFFFFFFFFFFFFFFFFFFFFFFFFFFFFFFFFF8
:20E84000FFFFFFFFFFFFFFFFFFFFFFFFFFFFFFFFFFFFFFFFFFFFFFFFFFFFFFFFFFFFFFFFD8
:20E86000FFFFFFFFFFFFFFFFFFFFFFFFFFFFFFFFFFFFFFFFFFFFFFFFFFFFFFFFFFFFFFFFB8
:20E88000FFFFFFFFFFFFFFFFFFFFFFFFFFFFFFFFFFFFFFFFFFFFFFFFFFFFFFFFFFFFFFFF98
:20E8A000FFFFFFFFFFFFFFFFFFFFFFFFFFFFFFFFFFFFFFFFFFFFFFFFFFFFFFFFFFFFFFFF78
:20E8C000FFFFFFFFFFFFFFFFFFFFFFFFFFFFFFFFFFFFFFFFFFFFFFFFFFFFFFFFFFFFFFFF58
:20E8E000FFFFFFFFFFFFFFFFFFFFFFFFFFFFFFFFFFFFFFFFFFFFFFFFFFFFFFFFFFFFFFFF38
:20E90000FFFFFFFFFFFFFFFFFFFFFFFFFFFFFFFFFFFFFFFFFFFFFFFFFFFFFFFFFFFFFFFF17
:20E92000FFFFFFFFFFFFFFFFFFFFFFFFFFFFFFFFFFFFFFFFFFFFFFFFFFFFFFFFFFFFFFFFF7
:20E94000FFFFFFFFFFFFFFFFFFFFFFFFFFFFFFFFFFFFFFFFFFFFFFFFFFFFFFFFFFFFFFFFD7
:20E96000FFFFFFFFFFFFFFFFFFFFFFFFFFFFFFFFFFFFFFFFFFFFFFFFFFFFFFFFFFFFFFFFB7
:20E98000FFFFFFFFFFFFFFFFFFFFFFFFFFFFFFFFFFFFFFFFFFFFFFFFFFFFFFFFFFFFFFFF97
:20E9A000FFFFFFFFFFFFFFFFFFFFFFFFFFFFFFFFFFFFFFFFFFFFFFFFFFFFFFFFFFFFFFFF77
:20E9C000FFFFFFFFFFFFFFFFFFFFFFFFFFFFFFFFFFFFFFFFFFFFFFFFFFFFFFFFFFFFFFFF57
:20E9E000FFFFFFFFFFFFFFFFFFFFFFFFFFFFFFFFFFFFFFFFFFFFFFFFFFFFFFFFFFFFFFFF37
:20EA0000FFFFFFFFFFFFFFFFFFFFFFFFFFFFFFFFFFFFFFFFFFFFFFFFFFFFFFFFFFFFFFFF16
:20EA2000FFFFFFFFFFFFFFFFFFFFFFFFFFFFFFFFFFFFFFFFFFFFFFFFFFFFFFFFFFFFFFFFF6
:20EA4000FFFFFFFFFFFFFFFFFFFFFFFFFFFFFFFFFFFFFFFFFFFFFFFFFFFFFFFFFFFFFFFFD6
:20EA6000FFFFFFFFFFFFFFFFFFFFFFFFFFFFFFFFFFFFFFFFFFFFFFFFFFFFFFFFFFFFFFFFB6
:20EA8000FFFFFFFFFFFFFFFFFFFFFFFFFFFFFFFFFFFFFFFFFFFFFFFFFFFFFFFFFFFFFFFF96
:20EAA000FFFFFFFFFFFFFFFFFFFFFFFFFFFFFFFFFFFFFFFFFFFFFFFFFFFFFFFFFFFFFFFF76
:20EAC000FFFFFFFFFFFFFFFFFFFFFFFFFFFFFFFFFFFFFFFFFFFFFFFFFFFFFFFFFFFFFFFF56
:20EAE000FFFFFFFFFFFFFFFFFFFFFFFFFFFFFFFFFFFFFFFFFFFFFFFFFFFFFFFFFFFFFFFF36
:20EB0000FFFFFFFFFFFFFFFFFFFFFFFFFFFFFFFFFFFFFFFFFFFFFFFFFFFFFFFFFFFFFFFF15
:20EB2000FFFFFFFFFFFFFFFFFFFFFFFFFFFFFFFFFFFFFFFFFFFFFFFFFFFFFFFFFFFFFFFFF5
:20EB4000FFFFFFFFFFFFFFFFFFFFFFFFFFFFFFFFFFFFFFFFFFFFFFFFFFFFFFFFFFFFFFFFD5
:20EB6000FFFFFFFFFFFFFFFFFFFFFFFFFFFFFFFFFFFFFFFFFFFFFFFFFFFFFFFFFFFFFFFFB5
:20EB8000FFFFFFFFFFFFFFFFFFFFFFFFFFFFFFFFFFFFFFFFFFFFFFFFFFFFFFFFFFFFFFFF95
:20EBA000FFFFFFFFFFFFFFFFFFFFFFFFFFFFFFFFFFFFFFFFFFFFFFFFFFFFFFFFFFFFFFFF75
:20EBC000FFFFFFFFFFFFFFFFFFFFFFFFFFFFFFFFFFFFFFFFFFFFFFFFFFFFFFFFFFFFFFFF55
:20EBE000FFFFFFFFFFFFFFFFFFFFFFFFFFFFFFFFFFFFFFFFFFFFFFFFFFFFFFFFFFFFFFFF35
:20EC0000FFFFFFFFFFFFFFFFFFFFFFFFFFFFFFFFFFFFFFFFFFFFFFFFFFFFFFFFFFFFFFFF14
:20EC2000FFFFFFFFFFFFFFFFFFFFFFFFFFFFFFFFFFFFFFFFFFFFFFFFFFFFFFFFFFFFFFFFF4
:20EC4000FFFFFFFFFFFFFFFFFFFFFFFFFFFFFFFFFFFFFFFFFFFFFFFFFFFFFFFFFFFFFFFFD4
:20EC6000FFFFFFFFFFFFFFFFFFFFFFFFFFFFFFFFFFFFFFFFFFFFFFFFFFFFFFFFFFFFFFFFB4
:20EC8000FFFFFFFFFFFFFFFFFFFFFFFFFFFFFFFFFFFFFFFFFFFFFFFFFFFFFFFFFFFFFFFF94
:20ECA000FFFFFFFFFFFFFFFFFFFFFFFFFFFFFFFFFFFFFFFFFFFFFFFFFFFFFFFFFFFFFFFF74
:20ECC000FFFFFFFFFFFFFFFFFFFFFFFFFFFFFFFFFFFFFFFFFFFFFFFFFFFFFFFFFFFFFFFF54
:20ECE000FFFFFFFFFFFFFFFFFFFFFFFFFFFFFFFFFFFFFFFFFFFFFFFFFFFFFFFFFFFFFFFF34
:20ED0000FFFFFFFFFFFFFFFFFFFFFFFFFFFFFFFFFFFFFFFFFFFFFFFFFFFFFFFFFFFFFFFF13
:20ED2000FFFFFFFFFFFFFFFFFFFFFFFFFFFFFFFFFFFFFFFFFFFFFFFFFFFFFFFFFFFFFFFFF3
:20ED4000FFFFFFFFFFFFFFFFFFFFFFFFFFFFFFFFFFFFFFFFFFFFFFFFFFFFFFFFFFFFFFFFD3
:20ED6000FFFFFFFFFFFFFFFFFFFFFFFFFFFFFFFFFFFFFFFFFFFFFFFFFFFFFFFFFFFFFFFFB3
:20ED8000FFFFFFFFFFFFFFFFFFFFFFFFFFFFFFFFFFFFFFFFFFFFFFFFFFFFFFFFFFFFFFFF93
:20EDA000FFFFFFFFFFFFFFFFFFFFFFFFFFFFFFFFFFFFFFFFFFFFFFFFFFFFFFFFFFFFFFFF73
:20EDC000FFFFFFFFFFFFFFFFFFFFFFFFFFFFFFFFFFFFFFFFFFFFFFFFFFFFFFFFFFFFFFFF53
:20EDE000FFFFFFFFFFFFFFFFFFFFFFFFFFFFFFFFFFFFFFFFFFFFFFFFFFFFFFFFFFFFFFFF33
:20EE0000FFFFFFFFFFFFFFFFFFFFFFFFFFFFFFFFFFFFFFFFFFFFFFFFFFFFFFFFFFFFFFFF12
:20EE2000FFFFFFFFFFFFFFFFFFFFFFFFFFFFFFFFFFFFFFFFFFFFFFFFFFFFFFFFFFFFFFFFF2
:20EE4000FFFFFFFFFFFFFFFFFFFFFFFFFFFFFFFFFFFFFFFFFFFFFFFFFFFFFFFFFFFFFFFFD2
:20EE6000FFFFFFFFFFFFFFFFFFFFFFFFFFFFFFFFFFFFFFFFFFFFFFFFFFFFFFFFFFFFFFFFB2
:20EE8000FFFFFFFFFFFFFFFFFFFFFFFFFFFFFFFFFFFFFFFFFFFFFFFFFFFFFFFFFFFFFFFF92
:20EEA000FFFFFFFFFFFFFFFFFFFFFFFFFFFFFFFFFFFFFFFFFFFFFFFFFFFFFFFFFFFFFFFF72
:20EEC000FFFFFFFFFFFFFFFFFFFFFFFFFFFFFFFFFFFFFFFFFFFFFFFFFFFFFFFFFFFFFFFF52
:20EEE000FFFFFFFFFFFFFFFFFFFFFFFFFFFFFFFFFFFFFFFFFFFFFFFFFFFFFFFFFFFFFFFF32
:20EF0000FFFFFFFFFFFFFFFFFFFFFFFFFFFFFFFFFFFFFFFFFFFFFFFFFFFFFFFFFFFFFFFF11
:20EF2000FFFFFFFFFFFFFFFFFFFFFFFFFFFFFFFFFFFFFFFFFFFFFFFFFFFFFFFFFFFFFFFFF1
:20EF4000FFFFFFFFFFFFFFFFFFFFFFFFFFFFFFFFFFFFFFFFFFFFFFFFFFFFFFFFFFFFFFFFD1
:20EF6000FFFFFFFFFFFFFFFFFFFFFFFFFFFFFFFFFFFFFFFFFFFFFFFFFFFFFFFFFFFFFFFFB1
:20EF8000FFFFFFFFFFFFFFFFFFFFFFFFFFFFFFFFFFFFFFFFFFFFFFFFFFFFFFFFFFFFFFFF91
:20EFA000FFFFFFFFFFFFFFFFFFFFFFFFFFFFFFFFFFFFFFFFFFFFFFFFFFFFFFFFFFFFFFFF71
:20EFC000FFFFFFFFFFFFFFFFFFFFFFFFFFFFFFFFFFFFFFFFFFFFFFFFFFFFFFFFFFFFFFFF51
:20EFE000FFFFFFFFFFFFFFFFFFFFFFFFFFFFFFFFFFFFFFFFFFFFFFFFFFFFFFFFFFFFFFFF31
:20F00000FFFFFFFFFFFFFFFFFFFFFFFFFFFFFFFFFFFFFFFFFFFFFFFFFFFFFFFFFFFFFFFF10
:20F02000FFFFFFFFFFFFFFFFFFFFFFFFFFFFFFFFFFFFFFFFFFFFFFFFFFFFFFFFFFFFFFFFF0
:20F04000FFFFFFFFFFFFFFFFFFFFFFFFFFFFFFFFFFFFFFFFFFFFFFFFFFFFFFFFFFFFFFFFD0
:20F06000FFFFFFFFFFFFFFFFFFFFFFFFFFFFFFFFFFFFFFFFFFFFFFFFFFFFFFFFFFFFFFFFB0
:20F08000FFFFFFFFFFFFFFFFFFFFFFFFFFFFFFFFFFFFFFFFFFFFFFFFFFFFFFFFFFFFFFFF90
:20F0A000FFFFFFFFFFFFFFFFFFFFFFFFFFFFFFFFFFFFFFFFFFFFFFFFFFFFFFFFFFFFFFFF70
:20F0C000FFFFFFFFFFFFFFFFFFFFFFFFFFFFFFFFFFFFFFFFFFFFFFFFFFFFFFFFFFFFFFFF50
:20F0E000FFFFFFFFFFFFFFFFFFFFFFFFFFFFFFFFFFFFFFFFFFFFFFFFFFFFFFFFFFFFFFFF30
:20F10000FFFFFFFFFFFFFFFFFFFFFFFFFFFFFFFFFFFFFFFFFFFFFFFFFFFFFFFFFFFFFFFF0F
:20F12000FFFFFFFFFFFFFFFFFFFFFFFFFFFFFFFFFFFFFFFFFFFFFFFFFFFFFFFFFFFFFFFFEF
:20F14000FFFFFFFFFFFFFFFFFFFFFFFFFFFFFFFFFFFFFFFFFFFFFFFFFFFFFFFFFFFFFFFFCF
:20F16000FFFFFFFFFFFFFFFFFFFFFFFFFFFFFFFFFFFFFFFFFFFFFFFFFFFFFFFFFFFFFFFFAF
:20F18000FFFFFFFFFFFFFFFFFFFFFFFFFFFFFFFFFFFFFFFFFFFFFFFFFFFFFFFFFFFFFFFF8F
:20F1A000FFFFFFFFFFFFFFFFFFFFFFFFFFFFFFFFFFFFFFFFFFFFFFFFFFFFFFFFFFFFFFFF6F
:20F1C000FFFFFFFFFFFFFFFFFFFFFFFFFFFFFFFFFFFFFFFFFFFFFFFFFFFFFFFFFFFFFFFF4F
:20F1E000FFFFFFFFFFFFFFFFFFFFFFFFFFFFFFFFFFFFFFFFFFFFFFFFFFFFFFFFFFFFFFFF2F
:20F20000FFFFFFFFFFFFFFFFFFFFFFFFFFFFFFFFFFFFFFFFFFFFFFFFFFFFFFFFFFFFFFFF0E
:20F22000FFFFFFFFFFFFFFFFFFFFFFFFFFFFFFFFFFFFFFFFFFFFFFFFFFFFFFFFFFFFFFFFEE
:20F24000FFFFFFFFFFFFFFFFFFFFFFFFFFFFFFFFFFFFFFFFFFFFFFFFFFFFFFFFFFFFFFFFCE
:20F26000FFFFFFFFFFFFFFFFFFFFFFFFFFFFFFFFFFFFFFFFFFFFFFFFFFFFFFFFFFFFFFFFAE
:20F28000FFFFFFFFFFFFFFFFFFFFFFFFFFFFFFFFFFFFFFFFFFFFFFFFFFFFFFFFFFFFFFFF8E
:20F2A000FFFFFFFFFFFFFFFFFFFFFFFFFFFFFFFFFFFFFFFFFFFFFFFFFFFFFFFFFFFFFFFF6E
:20F2C000FFFFFFFFFFFFFFFFFFFFFFFFFFFFFFFFFFFFFFFFFFFFFFFFFFFFFFFFFFFFFFFF4E
:20F2E000FFFFFFFFFFFFFFFFFFFFFFFFFFFFFFFFFFFFFFFFFFFFFFFFFFFFFFFFFFFFFFFF2E
:20F30000FFFFFFFFFFFFFFFFFFFFFFFFFFFFFFFFFFFFFFFFFFFFFFFFFFFFFFFFFFFFFFFF0D
:20F32000FFFFFFFFFFFFFFFFFFFFFFFFFFFFFFFFFFFFFFFFFFFFFFFFFFFFFFFFFFFFFFFFED
:20F34000FFFFFFFFFFFFFFFFFFFFFFFFFFFFFFFFFFFFFFFFFFFFFFFFFFFFFFFFFFFFFFFFCD
:20F36000FFFFFFFFFFFFFFFFFFFFFFFFFFFFFFFFFFFFFFFFFFFFFFFFFFFFFFFFFFFFFFFFAD
:20F38000FFFFFFFFFFFFFFFFFFFFFFFFFFFFFFFFFFFFFFFFFFFFFFFFFFFFFFFFFFFFFFFF8D
:20F3A000FFFFFFFFFFFFFFFFFFFFFFFFFFFFFFFFFFFFFFFFFFFFFFFFFFFFFFFFFFFFFFFF6D
:20F3C000FFFFFFFFFFFFFFFFFFFFFFFFFFFFFFFFFFFFFFFFFFFFFFFFFFFFFFFFFFFFFFFF4D
:20F3E000FFFFFFFFFFFFFFFFFFFFFFFFFFFFFFFFFFFFFFFFFFFFFFFFFFFFFFFFFFFFFFFF2D
:20F40000FFFFFFFFFFFFFFFFFFFFFFFFFFFFFFFFFFFFFFFFFFFFFFFFFFFFFFFFFFFFFFFF0C
:20F42000FFFFFFFFFFFFFFFFFFFFFFFFFFFFFFFFFFFFFFFFFFFFFFFFFFFFFFFFFFFFFFFFEC
:20F44000FFFFFFFFFFFFFFFFFFFFFFFFFFFFFFFFFFFFFFFFFFFFFFFFFFFFFFFFFFFFFFFFCC
:20F46000FFFFFFFFFFFFFFFFFFFFFFFFFFFFFFFFFFFFFFFFFFFFFFFFFFFFFFFFFFFFFFFFAC
:20F48000FFFFFFFFFFFFFFFFFFFFFFFFFFFFFFFFFFFFFFFFFFFFFFFFFFFFFFFFFFFFFFFF8C
:20F4A000FFFFFFFFFFFFFFFFFFFFFFFFFFFFFFFFFFFFFFFFFFFFFFFFFFFFFFFFFFFFFFFF6C
:20F4C000FFFFFFFFFFFFFFFFFFFFFFFFFFFFFFFFFFFFFFFFFFFFFFFFFFFFFFFFFFFFFFFF4C
:20F4E000FFFFFFFFFFFFFFFFFFFFFFFFFFFFFFFFFFFFFFFFFFFFFFFFFFFFFFFFFFFFFFFF2C
:20F50000FFFFFFFFFFFFFFFFFFFFFFFFFFFFFFFFFFFFFFFFFFFFFFFFFFFFFFFFFFFFFFFF0B
:20F52000FFFFFFFFFFFFFFFFFFFFFFFFFFFFFFFFFFFFFFFFFFFFFFFFFFFFFFFFFFFFFFFFEB
:20F54000FFFFFFFFFFFFFFFFFFFFFFFFFFFFFFFFFFFFFFFFFFFFFFFFFFFFFFFFFFFFFFFFCB
:20F56000FFFFFFFFFFFFFFFFFFFFFFFFFFFFFFFFFFFFFFFFFFFFFFFFFFFFFFFFFFFFFFFFAB
:20F58000FFFFFFFFFFFFFFFFFFFFFFFFFFFFFFFFFFFFFFFFFFFFFFFFFFFFFFFFFFFFFFFF8B
:20F5A000FFFFFFFFFFFFFFFFFFFFFFFFFFFFFFFFFFFFFFFFFFFFFFFFFFFFFFFFFFFFFFFF6B
:20F5C000FFFFFFFFFFFFFFFFFFFFFFFFFFFFFFFFFFFFFFFFFFFFFFFFFFFFFFFFFFFFFFFF4B
:20F5E000FFFFFFFFFFFFFFFFFFFFFFFFFFFFFFFFFFFFFFFFFFFFFFFFFFFFFFFFFFFFFFFF2B
:20F60000FFFFFFFFFFFFFFFFFFFFFFFFFFFFFFFFFFFFFFFFFFFFFFFFFFFFFFFFFFFFFFFF0A
:20F62000FFFFFFFFFFFFFFFFFFFFFFFFFFFFFFFFFFFFFFFFFFFFFFFFFFFFFFFFFFFFFFFFEA
:20F64000FFFFFFFFFFFFFFFFFFFFFFFFFFFFFFFFFFFFFFFFFFFFFFFFFFFFFFFFFFFFFFFFCA
:20F66000FFFFFFFFFFFFFFFFFFFFFFFFFFFFFFFFFFFFFFFFFFFFFFFFFFFFFFFFFFFFFFFFAA
:20F68000FFFFFFFFFFFFFFFFFFFFFFFFFFFFFFFFFFFFFFFFFFFFFFFFFFFFFFFFFFFFFFFF8A
:20F6A000FFFFFFFFFFFFFFFFFFFFFFFFFFFFFFFFFFFFFFFFFFFFFFFFFFFFFFFFFFFFFFFF6A
:20F6C000FFFFFFFFFFFFFFFFFFFFFFFFFFFFFFFFFFFFFFFFFFFFFFFFFFFFFFFFFFFFFFFF4A
:20F6E000FFFFFFFFFFFFFFFFFFFFFFFFFFFFFFFFFFFFFFFFFFFFFFFFFFFFFFFFFFFFFFFF2A
:20F70000FFFFFFFFFFFFFFFFFFFFFFFFFFFFFFFFFFFFFFFFFFFFFFFFFFFFFFFFFFFFFFFF09
:20F72000FFFFFFFFFFFFFFFFFFFFFFFFFFFFFFFFFFFFFFFFFFFFFFFFFFFFFFFFFFFFFFFFE9
:20F74000FFFFFFFFFFFFFFFFFFFFFFFFFFFFFFFFFFFFFFFFFFFFFFFFFFFFFFFFFFFFFFFFC9
:20F76000FFFFFFFFFFFFFFFFFFFFFFFFFFFFFFFFFFFFFFFFFFFFFFFFFFFFFFFFFFFFFFFFA9
:20F78000FFFFFFFFFFFFFFFFFFFFFFFFFFFFFFFFFFFFFFFFFFFFFFFFFFFFFFFFFFFFFFFF89
:20F7A000FFFFFFFFFFFFFFFFFFFFFFFFFFFFFFFFFFFFFFFFFFFFFFFFFFFFFFFFFFFFFFFF69
:20F7C000FFFFFFFFFFFFFFFFFFFFFFFFFFFFFFFFFFFFFFFFFFFFFFFFFFFFFFFFFFFFFFFF49
:20F7E000FFFFFFFFFFFFFFFFFFFFFFFFFFFFFFFFFFFFFFFFFFFFFFFFFFFFFFFFFFFFFFFF29
:20F80000FFFFFFFFFFFFFFFFFFFFFFFFFFFFFFFFFFFFFFFFFFFFFFFFFFFFFFFFFFFFFFFF08
:20F82000FFFFFFFFFFFFFFFFFFFFFFFFFFFFFFFFFFFFFFFFFFFFFFFFFFFFFFFFFFFFFFFFE8
:20F84000FFFFFFFFFFFFFFFFFFFFFFFFFFFFFFFFFFFFFFFFFFFFFFFFFFFFFFFFFFFFFFFFC8
:20F86000FFFFFFFFFFFFFFFFFFFFFFFFFFFFFFFFFFFFFFFFFFFFFFFFFFFFFFFFFFFFFFFFA8
:20F88000FFFFFFFFFFFFFFFFFFFFFFFFFFFFFFFFFFFFFFFFFFFFFFFFFFFFFFFFFFFFFFFF88
:20F8A000FFFFFFFFFFFFFFFFFFFFFFFFFFFFFFFFFFFFFFFFFFFFFFFFFFFFFFFFFFFFFFFF68
:20F8C000FFFFFFFFFFFFFFFFFFFFFFFFFFFFFFFFFFFFFFFFFFFFFFFFFFFFFFFFFFFFFFFF48
:20F8E000FFFFFFFFFFFFFFFFFFFFFFFFFFFFFFFFFFFFFFFFFFFFFFFFFFFFFFFFFFFFFFFF28
:20F90000FFFFFFFFFFFFFFFFFFFFFFFFFFFFFFFFFFFFFFFFFFFFFFFFFFFFFFFFFFFFFFFF07
:20F92000FFFFFFFFFFFFFFFFFFFFFFFFFFFFFFFFFFFFFFFFFFFFFFFFFFFFFFFFFFFFFFFFE7
:20F94000FFFFFFFFFFFFFFFFFFFFFFFFFFFFFFFFFFFFFFFFFFFFFFFFFFFFFFFFFFFFFFFFC7
:20F96000FFFFFFFFFFFFFFFFFFFFFFFFFFFFFFFFFFFFFFFFFFFFFFFFFFFFFFFFFFFFFFFFA7
:20F98000FFFFFFFFFFFFFFFFFFFFFFFFFFFFFFFFFFFFFFFFFFFFFFFFFFFFFFFFFFFFFFFF87
:20F9A000FFFFFFFFFFFFFFFFFFFFFFFFFFFFFFFFFFFFFFFFFFFFFFFFFFFFFFFFFFFFFFFF67
:20F9C000FFFFFFFFFFFFFFFFFFFFFFFFFFFFFFFFFFFFFFFFFFFFFFFFFFFFFFFFFFFFFFFF47
:20F9E000FFFFFFFFFFFFFFFFFFFFFFFFFFFFFFFFFFFFFFFFFFFFFFFFFFFFFFFFFFFFFFFF27
:20FA0000FFFFFFFFFFFFFFFFFFFFFFFFFFFFFFFFFFFFFFFFFFFFFFFFFFFFFFFFFFFFFFFF06
:20FA2000FFFFFFFFFFFFFFFFFFFFFFFFFFFFFFFFFFFFFFFFFFFFFFFFFFFFFFFFFFFFFFFFE6
:20FA4000FFFFFFFFFFFFFFFFFFFFFFFFFFFFFFFFFFFFFFFFFFFFFFFFFFFFFFFFFFFFFFFFC6
:20FA6000FFFFFFFFFFFFFFFFFFFFFFFFFFFFFFFFFFFFFFFFFFFFFFFFFFFFFFFFFFFFFFFFA6
:20FA8000FFFFFFFFFFFFFFFFFFFFFFFFFFFFFFFFFFFFFFFFFFFFFFFFFFFFFFFFFFFFFFFF86
:20FAA000FFFFFFFFFFFFFFFFFFFFFFFFFFFFFFFFFFFFFFFFFFFFFFFFFFFFFFFFFFFFFFFF66
:20FAC000FFFFFFFFFFFFFFFFFFFFFFFFFFFFFFFFFFFFFFFFFFFFFFFFFFFFFFFFFFFFFFFF46
:20FAE000FFFFFFFFFFFFFFFFFFFFFFFFFFFFFFFFFFFFFFFFFFFFFFFFFFFFFFFFFFFFFFFF26
:20FB0000FFFFFFFFFFFFFFFFFFFFFFFFFFFFFFFFFFFFFFFFFFFFFFFFFFFFFFFFFFFFFFFF05
:20FB2000FFFFFFFFFFFFFFFFFFFFFFFFFFFFFFFFFFFFFFFFFFFFFFFFFFFFFFFFFFFFFFFFE5
:20FB4000FFFFFFFFFFFFFFFFFFFFFFFFFFFFFFFFFFFFFFFFFFFFFFFFFFFFFFFFFFFFFFFFC5
:20FB6000FFFFFFFFFFFFFFFFFFFFFFFFFFFFFFFFFFFFFFFFFFFFFFFFFFFFFFFFFFFFFFFFA5
:20FB8000FFFFFFFFFFFFFFFFFFFFFFFFFFFFFFFFFFFFFFFFFFFFFFFFFFFFFFFFFFFFFFFF85
:20FBA000FFFFFFFFFFFFFFFFFFFFFFFFFFFFFFFFFFFFFFFFFFFFFFFFFFFFFFFFFFFFFFFF65
:20FBC000FFFFFFFFFFFFFFFFFFFFFFFFFFFFFFFFFFFFFFFFFFFFFFFFFFFFFFFFFFFFFFFF45
:20FBE000FFFFFFFFFFFFFFFFFFFFFFFFFFFFFFFFFFFFFFFFFFFFFFFFFFFFFFFFFFFFFFFF25
:20FC0000FFFFFFFFFFFFFFFFFFFFFFFFFFFFFFFFFFFFFFFFFFFFFFFFFFFFFFFFFFFFFFFF04
:20FC2000FFFFFFFFFFFFFFFFFFFFFFFFFFFFFFFFFFFFFFFFFFFFFFFFFFFFFFFFFFFFFFFFE4
:20FC4000FFFFFFFFFFFFFFFFFFFFFFFFFFFFFFFFFFFFFFFFFFFFFFFFFFFFFFFFFFFFFFFFC4
:20FC6000FFFFFFFFFFFFFFFFFFFFFFFFFFFFFFFFFFFFFFFFFFFFFFFFFFFFFFFFFFFFFFFFA4
:20FC8000FFFFFFFFFFFFFFFFFFFFFFFFFFFFFFFFFFFFFFFFFFFFFFFFFFFFFFFFFFFFFFFF84
:20FCA000FFFFFFFFFFFFFFFFFFFFFFFFFFFFFFFFFFFFFFFFFFFFFFFFFFFFFFFFFFFFFFFF64
:20FCC000FFFFFFFFFFFFFFFFFFFFFFFFFFFFFFFFFFFFFFFFFFFFFFFFFFFFFFFFFFFFFFFF44
:20FCE000FFFFFFFFFFFFFFFFFFFFFFFFFFFFFFFFFFFFFFFFFFFFFFFFFFFFFFFFFFFFFFFF24
:20FD0000FFFFFFFFFFFFFFFFFFFFFFFFFFFFFFFFFFFFFFFFFFFFFFFFFFFFFFFFFFFFFFFF03
:20FD2000FFFFFFFFFFFFFFFFFFFFFFFFFFFFFFFFFFFFFFFFFFFFFFFFFFFFFFFFFFFFFFFFE3
:20FD4000FFFFFFFFFFFFFFFFFFFFFFFFFFFFFFFFFFFFFFFFFFFFFFFFFFFFFFFFFFFFFFFFC3
:20FD6000FFFFFFFFFFFFFFFFFFFFFFFFFFFFFFFFFFFFFFFFFFFFFFFFFFFFFFFFFFFFFFFFA3
:20FD8000FFFFFFFFFFFFFFFFFFFFFFFFFFFFFFFFFFFFFFFFFFFFFFFFFFFFFFFFFFFFFFFF83
:20FDA000FFFFFFFFFFFFFFFFFFFFFFFFFFFFFFFFFFFFFFFFFFFFFFFFFFFFFFFFFFFFFFFF63
:20FDC000FFFFFFFFFFFFFFFFFFFFFFFFFFFFFFFFFFFFFFFFFFFFFFFFFFFFFFFFFFFFFFFF43
:20FDE000FFFFFFFFFFFFFFFFFFFFFFFFFFFFFFFFFFFFFFFFFFFFFFFFFFFFFFFFFFFFFFFF23
:20FE0000FFFFFFFFFFFFFFFFFFFFFFFFFFFFFFFFFFFFFFFFFFFFFFFFFFFFFFFFFFFFFFFF02
:20FE2000FFFFFFFFFFFFFFFFFFFFFFFFFFFFFFFFFFFFFFFFFFFFFFFFFFFFFFFFFFFFFFFFE2
:20FE4000FFFFFFFFFFFFFFFFFFFFFFFFFFFFFFFFFFFFFFFFFFFFFFFFFFFFFFFFFFFFFFFFC2
:20FE6000FFFFFFFFFFFFFFFFFFFFFFFFFFFFFFFFFFFFFFFFFFFFFFFFFFFFFFFFFFFFFFFFA2
:20FE8000FFFFFFFFFFFFFFFFFFFFFFFFFFFFFFFFFFFFFFFFFFFFFFFFFFFFFFFFFFFFFFFF82
:20FEA000FFFFFFFFFFFFFFFFFFFFFFFFFFFFFFFFFFFFFFFFFFFFFFFFFFFFFFFFFFFFFFFF62
:20FEC000FFFFFFFFFFFFFFFFFFFFFFFFFFFFFFFFFFFFFFFFFFFFFFFFFFFFFFFFFFFFFFFF42
:20FEE000FFFFFFFFFFFFFFFFFFFFFFFFFFFFFFFFFFFFFFFFFFFFFFFFFFFFFFFFFFFFFFFF22
:04FF0000B2C76C64B4
:20FFC00035313133000000000000000000000000462F57204445534352495054494F4E2007
:20FFE0004D4355202047414E472D342056312E3000000000000000004069F705153500006A
:04000005080084ED7E
:00000001FF
