:020000040800F2
:20840000E8440020058500086BF000088DEC000869F00008AF8900080124010800000000CB
:2084200000000000000000000000000001FE0008B3B300080000000025F40008D5080108C0
:208440001F850008EFF300081F8500081F8500081F8500081F8500081F8500082FB500083E
:2084600035B500081F8500081F8500081F8500087DB3000889B300081F8500081F85000832
:208480001F8500081F8500081F8500081F850008491F01081F8500081F8500081F850008B7
:2084A0001F8500081F8500081F8500081F85000895090108A10901081F8500081F8500085A
:2084C0001F8500081F8500081F8500081F8500081F8500081F8500081D0E01081F850008B4
:2084E00011B500081F8500081F850008DFF810D000F046F800480047D9370108AFF30080A7
:20850000E84400200648804706480047FEE7FEE7FEE7FEE7FEE7FEE7FEE7FEE7FEE7FEE773
:2085200049090108ED84000840EA01039B0703D009E008C9121F08C0042AFAD203E011F82B
:20854000013B00F8013B521EF9D27047D2B201E000F8012B491EFBD270470022F6E710B581
:2085600013460A4604461946FFF7F0FF204610BD421C10F8011B0029FBD1801A70470000C9
:20858000064C074D06E0E06840F0010394E8070098471034AC42F6D3FFF7ACFF7853010801
:2085A0009853010870B58C1810F8015B15F0070301D110F8013B2A1106D110F8012B03E04C
:2085C00010F8016B01F8016B5B1EF9D12B0705D40023521E0DD401F8013BFAE710F8013BA6
:2085E000CB1A921C03E013F8015B01F8015B521EF9D5A142D8D3002070BD000070B50446C1
:2086000000688168C943C9071CD1816821F00101816004F0E9F905460FE000BF04F0E4F9C3
:20862000401B022809D9A06A40F01000A062E06A40F00100E062012070BD20688068C04309
:20864000C007EBD0002070BDF8B500260446009600688168C943C90728D0816841F0010157
:208660008160134813490068B0FBF1F000E0401E00900028FBD104F0B7F9054611E000BF0D
:2086800004F0B2F9401B02280BD9A06A40F01000A062E06A40F00100E06284F824600120A8
:2086A000F8BD20688068C043C007E9D10020F8BD8400002040420F0010B500F093F8302077
:2086C00000F0A4F8942000F0A1F8D12000F09EF8202000F09BF80B2000F0B2F8812000F041
:2086E00095F83F2000F0ACF8032000F0A9F8F02000F08CF8102000F0A3F8CA2000F086F8AF
:20870000002000F09DF8872000F09AF8202000F097F8BC2000F07AF8002000F091F8A6202F
:2087200000F074F8762000F071F8752000F06EF8002000F085F8282000F082F8152000F09F
:2087400065F8002000F07CF8FF2000F079F8312000F05CF8322000F059F8002000F070F818
:20876000022000F06DF8012000F06AF8512000F04DF8FB2000F064F8402000F047F8F4205F
:2087800000F044F8002000F05BF8002000F058F8002000F055F8002000F052F8002000F023
:2087A0004FF8002000F04CF8002000F049F8002000F046F8F02000F029F8152000F040F801
:2087C000152000F03DF8152000F03AF8152000F037F8302000F01AF8BDE81040AF2000F08E
:2087E00015B8000010B5084C0020C4F8AC01322004F5D67409F0CCFF01202060BDE810401B
:20880000322009F0C5BF00000000224231B509490020C1F8A801084CC4F8BC010A2301224E
:208820006946064804F5DE7405F066FB0120206038BD00000000224200002142C42F00202A
:2088400031B509480124C0F8A841084D0020C5F8BC010A2322466946054805F5DE7505F059
:208860004BFB2C6038BD00000000224200002142C42F002000F024BF01F088B8704701207B
:2088800001F01CB9012001F055BC0000114810B5008800EB001101EB40110F4800EB81004D
:2088A000C17B807B00EBC00202EB001001EB800000F6FB30B0F5005F08D08720074A002155
:2088C0005318491C58700429FADB10BD00F024FFF4E70000920000204C0300208C0F002067
:2088E00070B5274D04464FF0000649B114E001221021284604F072F8642009F05FFF761CD5
:20890000A642F4D334E001221021284604F066F8642009F053FF761CA642F4D3002210211D
:20892000284604F05BF8642009F032FF002608E001221021284604F051F8642009F03EFF0D
:20894000761CA642F4D300221021284604F046F8642009F01DFF002608E00122102128467A
:2089600004F03CF8642009F029FF761CA642F4D32846BDE870400022102104F02FB80000F8
:208980000010014030B50246002001465FF0010422FA01F3DB0705D0C1F1070504FA05F323
:2089A0000343D8B2491CC9B20729F1D330BDFEE7084882B0416941F0400141614069074908
:2089C00000F04000009004480860084602B003F047BC000000100240003002400403002042
:2089E00010B50AF021FA002404E000211B480155601CC4B2042CF8DB00F032F8002000F09C
:208A0000D9FB00F065FA00F025FA002000F0D2FB102000F04FFA00F01DFA1048401E407869
:208A200058B10E48401E807838B10C48401EC07818B10A48401E007960B90AF0C5F90020CB
:208A400000F0B8FB00F026FD0AF0A8FA00F08EFA00F000FA00F0FEF910BD00008D0F0020F2
:208A600010B504201149087018E0012000F0A2FB00F02EFA0E48407840B10D48807828B158
:208A80000B48C07810B10A48007900B90AE000F0E1F906480078801C044908700348007868
:208AA0000A28E2DB00BF00F0D5F910BD210300208C0F00202DE9F04705460E4617464FF0F6
:208AC000A5084FF00009A94600F090FCDD4800784FF4F00101EAC040DB49086000242FE0BB
:208AE00008F0010040B1D74800784FF4707101EA8010D649086107E0D24800784FF0707135
:208B000001EA8050D1490861D14800688047CD480078782101EAC000CB490860CC48006806
:208B20008047C84800784FF4F00101EAC040C64908604FEA5808C64800688047601CC4B288
:208B4000082CCDDBBF4800784FF4707101EA8010BE490861BE4800688047BA480078782163
:208B600001EAC000B8490860B94800688047B54800784FF4F00101EAC040B3490860B448BD
:208B800000688047AF480078782101EAC000AE490860AF4800688047AA4800784FF4F001D0
:208BA00001EAC040A8490860A94800688047A5480078782101EAC000A3490860A448006800
:208BC0008047A04800784FF4F00101EAC0409E4908609F48006880479A480078782101EA0C
:208BE000C000994908609A4800688047954800784FF4F00101EAC04093490860944800685E
:208C0000804790480078782101EAC0008E4908608F48006880478B4800784FF4F00101EA4A
:208C2000C040894908608A480068804700242EE007F0010040B1834800784FF4707101EA8C
:208C400080108249086107E07E4800784FF0707101EA80507D4908617D480068804779486C
:208C60000078782101EAC00077490860784800688047744800784FF4F00101EAC040724913
:208C800008607F10724800688047601CC4B2102CCEDB00242EE006F0010040B169480078DA
:208CA0004FF4707101EA80106849086107E0654800784FF0707101EA805064490861644852
:208CC000006880475F480078782101EAC0005E4908605F48006880475A4800784FF4F001CF
:208CE00001EAC040584908607610594800688047601CC4B2062CCEDB00242FE009F0010030
:208D000040B1504800784FF4707101EA80104F49086107E04B4800784FF0707101EA8050E5
:208D20004A4908614A480068804746480078782101EAC000444908604548006880474148F2
:208D400000784FF4F00101EAC0403F4908604FEA69093F4800688047601CC4B2082CCDDB5D
:208D600085EA251585EAA50585EA650505F0010040B1344800784FF4707101EA8010334962
:208D8000086107E02F4800784FF0707101EA80502E4908612E48006880472A4800787821B1
:208DA00001EAC00028490860294800688047254800784FF4F00101EAC0402349086024484B
:208DC000006880471F4800784FF4707101EA80101E4908611E4800688047002416E0194806
:208DE0000078782101EAC00017490860184800688047144800784FF4F00101EAC040124912
:208E00000860134800688047601CC4B2032CE6DB0C480078782101EAC0000B4908600C485E
:208E200000688047074800784FF4F00101EAC0400549086006480068804700F005FBBDE855
:208E4000F08700008E000020100C0140001001402403002010B5144800784FF4F00101EA40
:208E6000C04012490860104800784FF0707101EA80500F490861002007F0C6FC1E2009F0B3
:208E80007CFC09480078FFF77DFD00F0F004204607F0BAFC142009F070FC002007F0B4FCCA
:208EA000192009F075FC10BD8E000020100C01400010014010B50446062009F069FC002231
:208EC00021461046FFF7F6FD0F2009F061FC10BD1CB54FF4004220210020FFF7EBFD01A85C
:208EE00000F07CF8684600F079F8002417E001A8005D87280ED11DF8040001280AD11A48D1
:208F0000005D18B11848005D012806D100211648015502E0982114480155601CC4B2042C2A
:208F2000E5DB9DF80400872803D19DF80000012819D09DF80500872803D19DF801000128D2
:208F400011D09DF80600872803D19DF80200012809D09DF80700872803D19DF80300012899
:208F600001D0FFF777FF1CBD8D0F002038B5002202211046FFF79EFD002527E0684600F03C
:208F80002DF800240BE01DF80400552805D01248005D10B9932110480155601C84B2042C6E
:208FA000F1DB9DF8000055280ED09DF8010055280AD09DF80200552806D09DF80300552809
:208FC00002D0FFF747FF38BD681C85B2B5F5006FD4DB00BFF7E700008D0F002070B5044643
:208FE00000F004FA052009F0E9FB6E48006820F07F4040F088406B4908600846406820F07A
:20900000FF0040F04400486008040861052009F0D5FB002542E020784010207060784010EB
:209020006070A0784010A070E0784010E0705E480078782101EAC0005C4908605C48006875
:2090400080475848806800F4007010B12078803020705448806800F4807010B16078803013
:2090600060705048806800F0800010B1A0788030A0704C48806800F0400010B1E078803022
:20908000E070494800784FF4F00101EAC04047490860474800688047681CC5B2082DBADBDD
:2090A00043480068804740480078782101EAC0003E4908603E48006880473B4800784FF4D0
:2090C000F00101EAC040394908603948006880473448006820F07F4040F08850314908607D
:2090E0000846406820F0FF0040F011004860881408612D4800784FF0707101EA8050294943
:2091000008612B480068804727480078782101EAC0002649086026480068804722480078C3
:209120004FF4F00101EAC040204908602048006880471D480078782101EAC0001B490860BB
:209140001B4800688047184800784FF4F00101EAC040164908601648006880471248007860
:20916000782101EAC000114908601148006880470D4800784FF4F00101EAC0400B490860B9
:209180000B480068804708480078782101EAC0000649086006480068804700F055F90020AF
:2091A00070BD0000001001408E000020100C0140240300202DE9F0410646884800784FF4C1
:2091C000F00101EAC04086490860844800784FF0707101EA805083490861642009F0EEFAC3
:2091E000002007F011FB322009F0C7FA7B480078FFF7C8FB0709384607F006FB7A4800788C
:2092000009F0C6FA75480078782101EAC000744908600A2009F0D2FA002417E06F480078BE
:209220004FF0707101EA80506E4908610A2009F0C5FA6A4800784FF4707101EA80106949D6
:2092400008610A2009F0BAFA601CC4B20D2CE5DB0A2009F0B3FA002416E0604800784FF496
:20926000F00101EAC0405E4908600A2009F0A6FA5A480078782101EAC000594908600A20AE
:2092800009F09CFA601CC4B20D2CE6DB0A2009F095FA002417E0514800784FF0707101EA6A
:2092A0008050504908610A2009F088FA4B4800784FF4707101EA80104A4908610A2009F06E
:2092C0007DFA601CC4B20D2CE5DB1EB90A2009F075FA02E00A2009F05BFA404800784FF426
:2092E000F00101EAC0403E4908604BF25A15002431E005F4004040B1384800784FF470717C
:2093000001EA80103749086107E0344800784FF0707101EA8050334908610A2009F04EFAE3
:209320002E480078782101EAC0002D4908600A2009F044FA294800784FF4F00101EAC040B4
:20934000274908604FF6FF7000EA45050A2009F035FA601CC4B2102CCBDB0A2009F02EFADC
:209360004AF21B55002431E005F4004040B11B4800784FF4707101EA80101A49086107E0B5
:20938000164800784FF0707101EA8050154908610A2009F013FA11480078782101EAC00010
:2093A0000F4908600A2009F009FA0C4800784FF4F00101EAC0400A4908604FF6FF7000EA83
:2093C00045050A2009F0FAF9601CC4B2102CCBDB1E2009F0DDF9BDE8F08100008E00002088
:2093E000100C0140001001402103002010B5134800784FF4707101EA8010114908610F482A
:209400000078782101EAC0000E490860052009F0D5F90A4800784FF0707101EA80500849EF
:209420000861052009F0CAF9044800784FF4F00101EAC0400349086010BD00008E000020D0
:2094400000100140100C014010B50F4800784FF0707101EA80500D4908610B4800787821CC
:2094600001EAC0000A490860052009F0A7F9064800784FF4707101EA801004490861052088
:2094800009F09CF910BD00008E00002000100140100C014070B55525002204212846FFF7CB
:2094A00009FB0A2009F08AF90A2009F087F90A2009F084F9012407E0284600F00BF80A2028
:2094C00009F07CF9601C84B2B4F5006FF4DB002070BD000070B504462546FFF787FF744826
:2094E00000784FF4F00101EAC0407249086000262EE005F0010040B16D4800784FF4707146
:2095000001EA80106C49086107E0694800784FF0707101EA805068490861684800688047CE
:2095200063480078782101EAC000624908606348006880475E4800784FF4F00101EAC0409A
:209540005C4908606D105D4800688047701CC6B2082ECEDB84EA241484EAA40484EA640438
:2095600004F0010040B1524800784FF4707101EA80105149086107E04D4800784FF070713D
:2095800001EA80504C4908614C480068804748480078782101EAC000464908604748006815
:2095A0008047434800784FF4F00101EAC040414908604248006880473F48006820F07F4059
:2095C00040F088403C4908600846406820F0FF0040F0440048600804086138480068804761
:2095E00033480078782101EAC000324908603348006880472E4800784FF4F00101EAC0409A
:209600002C4908602D48006880472B48006820F07F4040F08850284908600846406820F038
:20962000FF0040F01100486088140861204800784FF0707101EA80501F4908611F480068E2
:2096400080471B480078782101EAC000194908601A4800688047164800784FF4F00101EAD4
:20966000C0401449086015480068804710480078782101EAC0000F4908601048006880473E
:209680000B4800784FF4F00101EAC040094908600A480068804706480078782101EAC0009B
:2096A00004490860054800688047FFF7CDFE70BD8E000020100C01400010014024030020E8
:2096C00010B501F0B9FC01F0F9FA01F00DFB01F001FB01F0C3FA10BD08B1034900E00349A9
:2096E000034A116070470000D3B00008C9B000084003002010B5044601F0CAFC204600F06A
:20970000B5FF002000F0F2FF002000F0EFFF142009F03EF810BD00002DE9F04772480088D7
:209720004FF4A02101EB404900256F48008800EB001101EB40106D4901EB80004069C0F396
:20974000872A00264DE04FF480626949484605F0BDFEAAF10100B04234D16348008800EB3F
:20976000001101EB4010614901EB8000B0F866005D49098801EB011202EB41115B4A02EB71
:209780008101B1F86E10084487B25748008800EB001101EB4010114601EB8000B0F87280DF
:2097A000FF205449487008704FEA1820887081F80380380A08714F71FF2088714C4890F8A9
:2097C000FF03C871002405E04948005D284485B2601C84B2B4F5806FF6DB09F58069701C26
:2097E000C6B25645AFDB4048008800EB001101EB40103E4901EB8000B0F86800A84202D0C5
:209800008620BDE8F0873849098801EB011303EB4111364B03EB81010A8B334909884FF45E
:20982000003303EB0130344905F050FE0025002405E03148005D284485B2601C84B22A484B
:20984000008800EB001101EB4010284901EB8000008BA042EDDC2448008800EB001101EB59
:209860004010224901EB8000B0F86C00A84201D08620C6E71C49098801EB011303EB411169
:209880001A4B03EB81014A8B174909884FF4403303EB0130194905F019FE0025002405E0BC
:2098A0001648005D284485B2601C84B20E48008800EB001101EB40100C4901EB8000408BF6
:2098C000A042EDDC0848008800EB001101EB4010064901EB8000B0F87000A84201D0862099
:2098E0008FE700208DE70000920000204C0300203C120020280300203C2200203C23002087
:2099000010B501F0C5FB1D4800F0B0FE1C49098801EB011202EB41111A4A02EB8101496915
:20992000A1F1080000F0E2FE17490878002100F073FD15494878002100F06EFD1249887867
:20994000002100F069FD1049C878012100F064FD0D490879002100F05FFD0B49487900210A
:2099600000F05AFD08498879002100F055FD0649C879012100F050FD10BD0000001012000D
:20998000920000204C0300202803002010B509F01BFA01F051FB01F091F901F0A5F905F04C
:2099A00043FD10B1032000F089F805F03DFD98B11348FFF79FFE01F089F801F08BF901F0D4
:2099C0004DF909F0EBFA01F037FB01F077F901F08BF9002000F0AEFB05F026FD08B101F0EF
:2099E00013FA05F021FD18B1FFF78AFF00F0C6FE01F070F901F032F90248007810BD000046
:209A0000006C12008C0F002070B50446002546E020784006000E207060784006000E6070DB
:209A2000A0784006000EA070E0784006000EE0701E4800784FF4F00101EAC0401C490860E4
:209A40001C480068804719480078782101EAC000174908601748006880471748806800F4C5
:209A6000007010B12078401C20701348806800F4807010B16078401C60700F48806800F016
:209A8000800010B1A078401CA0700B48806800F0400010B1E078401CE070681CC5B2082DA1
:209AA000B6DB022008F08AFE70BD00008E000020100C01404003002000100140FEB5064688
:209AC000002701F0E5FAFD4800F0D0FD002E73D1002000F00BFEFA48006820F07F4040F059
:209AE0008840F74908600846406820F0FF0040F0440048600804086100254AE002A8FFF771
:209B000083FF002413E002A8005DEE49495D88420BD0ED48005D40B9EC480078A04000F01C
:209B2000080010B19721E8480155601CC4B2042CE9DB9DF80800E349495D884227D09DF873
:209B40000900E049495D884221D09DF80A00DD49495D88421BD09DF80B00DA49495D88421F
:209B600015D0D748006820F07F4040F08850D44908600846406820F0FF0040F0110048602F
:209B80008814086101F084FA01F068F8FEBD681C85B2402DB2DBCA48006820F07F4040F017
:209BA0008850C74908600846406820F0FF0040F01100486088140861012E43D1002509E011
:209BC000C2480078A84000F0080008B1EFB203E0681C85B2042DF3DB00BF002000F086FDDA
:209BE000B748006820F07F4040F08840B44908600846406820F0FF0040F0440048600804A5
:209C00000861002508E002A8FFF7FEFE02A8C05DAF494855681C85B2402DF4DBA848006887
:209C200020F07F4040F08850A54908600846406820F0FF0040F011004860881408614020A4
:209C40000AF0E2F9022E7CD1002000F04FFD9C48006820F07F4040F08840994908600846AB
:209C6000406820F0FF0040F04400486008040861002510E002A8FFF7C7FE002407E002A86D
:209C8000005D944901EB44214855601CC4B2042CF5DB681C85B2FF2DECDD8948006820F0B1
:209CA0007F4040F08850864908600846406820F0FF0040F0110048608814086101F0E8F9E1
:209CC0007E4800F0D3FC4FF4807000F00FFD7C48006820F07F4040F0884079490860084665
:209CE000406820F0FF0040F04400486008040861051510E002A8FFF787FE002407E002A838
:209D0000005D744901EB44214855601CC4B2042CF5DB681C85B2B5F5007FEBDB6848006887
:209D200020F07F4040F08850654908600846406820F0FF0040F0110048608814086100251E
:209D400050E051E0002419E0624800EB4420415D604800EB442205F58070105C81420BD001
:209D60005948005D40B959480078A04000F0080010B1972154480155601CC4B2042CE3DBB0
:209D80005448415D024605F58070105C814227D002F50070425D05F58071405C82421FD0F1
:209DA0004D48425D405C82421AD04C48425D405C824215D04248006820F07F4040F08850E4
:209DC0003F4908600846406820F0FF0040F0110048608814086101F05BF900F03FFFD5E672
:209DE000681C85B2FF2DADDD032E7FD1EE2000F07DFC3348006820F07F4040F088403049D7
:209E000008600846406820F0FF0040F04400486008040861002510E002A8FFF7F5FD002479
:209E200007E002A8005D694601EB44014855601CC4B2042CF5DB681C85B2022DECDB2048AC
:209E4000006820F07F4040F088501D4908600846406820F0FF0040F0110048608814086102
:209E600001F016F9002455E1684600EB440040781DF8141000EB0120194921F814001948BE
:209E8000008800EB001101EB4010174901EB8000007C05282DD1124830F814001D2827D0BD
:209EA0000948005D002823D108480078A04000F008000028F3D09821034818E0801022009F
:209EC000001001403C2200208D0F00208E0000203C120020643200206436002064380020AF
:209EE00038030020920000204C03002015E101550EE18B48008800EB001101EB4010894946
:209F000001EB8000007C012815D1874830F8140040F6CC518842EBD08448005D0028E7D15E
:209F200083480078A04000F008000028E0D098217E480155ECE07A48008800EB001101EB5B
:209F40004010784901EB8000007C022815D1764830F8140040F6CD518842C9D07348005D2F
:209F60000028C5D172480078A04000F008000028BED098216D480155CAE06948008800EBD1
:209F8000001101EB4010674901EB8000007C032815D1654830F8140040F6CE5188420DD0E6
:209FA0006248005D002809D161480078A04000F00800002802D098215C480155A8E05848CA
:209FC000008800EB001101EB4010564901EB8000007C042815D1544830F8140040F6CF51FA
:209FE00088420DD05148005D002809D150480078A04000F00800002802D098214B4801553E
:20A0000086E04748008800EB001101EB4010454901EB8000007C072813D1434830F814003B
:20A0200040F6D151884273D04048005D38BB40480078A04000F0080008B398213B480155BE
:20A0400066E03748008800EB001101EB4010354901EB8000007C082812D1334830F814004B
:20A06000B0F55D6F54D03148005D40B930480078A04000F0080010B198212C48015547E049
:20A080002748008800EB001101EB4010254901EB8000007C062811D1234830F81400132849
:20A0A00036D02248005D30BB21480078A04000F0080000B398211D48015529E01848008817
:20A0C00000EB001101EB4010164901EB8000007C092811D1144830F81400202818D01348CB
:20A0E000005D40B912480078A04000F0080010B198210E4801550BE00C48005D40B90C4851
:20A100000078A04000F0080010B1982107480155601CC4B2042CFFF6A7AE00BF36E500008A
:20A12000920000204C030020380300208D0F00208E0000202DE9FF5F074600200390AF48CE
:20A14000008800EB001101EB4010AD4901EB8000806CC0F387200090A848008800EB001193
:20A1600001EB4010A64901EB8000B0F84800C0F309000190A148008800EB001101EB401062
:20A180009F4901EB800090F8461001980844B0F5806F13D90198404200F0FF0997480088AE
:20A1A00000EB001101EB4010954901EB800090F84600A0EB090000F0FF0A0CE08F48008877
:20A1C00000EB001101EB40108D4901EB800090F846904FF0000A012F03D100F02DFF00F04E
:20A1E0006DFD00F055FF874800F040FA002000F07DFA8548006820F07F4040F0884082496A
:20A2000008600846406820F0FF0040F044004860080408617948008800EB001101EB4010BF
:20A22000774901EB80004069C0F38728002F7DD1724800884FF4A02101EB404B00259CE00C
:20A240004FF480627149584605F040F9A8F10100A84211D1FF206D4981F8F80381F8F9032F
:20A2600081F8FA0381F8FB0381F8FC0381F8FD0381F8FE0381F8FF036048008800EB0011DF
:20A2800001EB40105E4901EB800090F84600E8B1009885420AD1002406E0FF2101982044A7
:20A2A0005A4A1154601C84B24C45F6DBBAF1000F0CD00098401C854208D1002404E0FF2030
:20A2C00052490855601C84B25445F8DB00244DE002A8FFF799FB002613E002A8805D4B49AF
:20A2E000095D88420BD04A48805D40B949480078B04000F0080010B1932145488155701C96
:20A3000086B2042EE9DB9DF808004049095D88422AD09DF809003D49095D884224D09DF8E2
:20A320000A003A49095D88421ED000E028E09DF80B003649095D884216D03348006820F062
:20A340007F4040F08850304908600846406820F0FF0040F0110048608814086100F098FEDC
:20A3600000F07CFCBDE8FF9F601C84B2B4F5806FAEDB0BF5806B681CC5B24545FFF660AFEB
:20A38000012F28D100240AE022480078A04000F0080010B1E0B2039003E0601C84B2042C21
:20A3A000F2DB00BF002514E0002409E002A8FFF72BFB02A90398085C14490855601C84B20F
:20A3C000B4F5806FF2DB4FF4806009F01DFE681CC5B24545E8DB0C48006820F07F4040F0DE
:20A3E0008850094908600846406820F0FF0040F0110048608814086100BFB3E792000020CD
:20A400004C03002000102200001001403C1200208D0F00208E00002070B504460D4600268A
:20A420002FE0264800784FF4F00101EAC0402449086024480068804704F0800040B11F48CC
:20A4400000784FF4707101EA80101F49086107E01A4800784FF0707101EA80501A490861AC
:20A4600018480068804715480078782101EAC000134908601348006880476006040E701CE2
:20A48000C6B2082ECDDBA5B90C4800784FF4F00101EAC0400A4908600A4800688047074892
:20A4A0000078782101EAC00005490860054800688047012D01D100F08BFA70BD8E0000205E
:20A4C000100C014040030020001001402DE9F04105460F46144600267FE034B1012C08D0BB
:20A4E000022C0BD0032C13D10DE000205C4908600EE000205A49091F086009E0002058493B
:20A500000839086004E0002055490C39086000BF00BF54480068804705F08000D8B134B117
:20A52000012C08D0022C0BD0032C13D10DE001204D4908600EE001204B49091F086009E0D2
:20A54000012049490839086004E0012046490C39086000BF1BE034B1012C08D0022C0BD0B1
:20A56000032C13D10DE000203F4908600EE000203D49091F086009E000203B490839086071
:20A5800004E0002038490C39086000BF00BF35480068804734B1012C08D0022C0BD0032C3D
:20A5A00013D10DE001202E4908600EE001202C49091F086009E0012029490839086004E0AD
:20A5C000012027490C39086000BF00BF2548006880476806050E701CC6B2082EFFF67DAF47
:20A5E00034B1012C08D0022C0BD0032C13D10DE000201B4908600EE000201949091F08607C
:20A6000009E0002016490839086004E0002014490C39086000BF00BF12480068804734B12F
:20A62000012C08D0022C0BD0032C13D10DE001200B4908600EE001200949091F086009E055
:20A64000012007490839086004E0012004490C39086000BF00BF034800688047BDE8F081D3
:20A660009881214240030020A401224270B5044600252EE01A4800784FF4F00101EAC04057
:20A68000184908600A2008F099F804F4000040B1134800784FF4707101EA8010124908611F
:20A6A00007E00F4800784FF0707101EA80500E4908610A2008F082F809480078782101EA60
:20A6C000C000084908600A2008F078F86400681CC5B2182DCEDB0A2008F070F870BD00006B
:20A6E0008E000020100C01400010014070B5044600252EE01E4800784FF4F00101EAC0405F
:20A700001C4908600A2008F059F804F4004040B1174800784FF4707101EA80101649086192
:20A7200007E0134800784FF0707101EA8050124908610A2008F042F80D480078782101EA13
:20A74000C0000C4908600A2008F038F86400681CC5B2102DCEDB064800784FF4F00101EA00
:20A76000C040044908600A2008F028F870BD00008E000020100C01400010014038B500F07C
:20A7800087FC4148FFF772FF4049098801EB011202EB41113E4A02EB81014969A1F10800AB
:20A7A000FFF7A4FF3B48006820F07F4040F08840384908600846406820F0FF0040F04400EC
:20A7C000486008040861002448E06846FFF71CF9002513E01DF805002F49095D88420BD0A2
:20A7E0002E48405D40B92E480078A84000F0080010B1932129484155681CC5B2042DE9DB13
:20A800009DF800002449095D884225D09DF801002149095D88421FD09DF802001E49095D8E
:20A82000884219D09DF803001B49095D884213D01848006820F07F4040F0885015490860F1
:20A840000846406820F0FF0040F0110048608814086100F01DFC38BD601CC4B2082CB4DB52
:20A860000C48006820F07F4040F08850094908600846406820F0FF0040F011004860881401
:20A88000086100BFE7E7000000102200920000204C03002000100140280300208D0F002017
:20A8A0008E0000202DE9F84F064688461546414800884FF4A02101EB404A06F00309C9F1D1
:20A8C0000400404501DA082700E004274FF6FC71314001EB0A003A46374904F0F7FD0024B5
:20A8E00011E03448008800EB001101EB4010334901EB80005C3010F8140004EB09012E4A2A
:20A900005054601CC4B22B48008800EB001101EB40102A4901EB800090F84600A042E0DC23
:20A9200000F0B6FB2648FFF7A1FE4FF6FC7106EA0100FFF7DBFE2348006820F07F4040F02F
:20A940008840204908600846406820F0FF0040F04400486008040861002416E06846FFF70A
:20A9600053F81DF805001449095D88420BD01648405D40B915480078A84000F0080010B1A0
:20A98000932111484155601CC4B2BC42E6DB0D48006820F07F4040F088500A4908600846C6
:20A9A000406820F0FF0040F01100486088140861BDE8F88F920000203C1200204C03002037
:20A9C00000102200001001408D0F00208E00002010B50B4800784FF4F00101EAC040094989
:20A9E000086009480068804705480078782101EAC0000449086004480068804710BD000069
:20AA00008E000020100C0140400300202DE9F04705460F469146294800884FF4A02101EB1B
:20AA2000404A00F035FB2648FFF720FE4FF6FC7105EA0100FFF75AFE05F00308C8F104003D
:20AA4000B84201DA082600E004264FF6FC71294001EB0A0032461B4904F038FD002411E0BE
:20AA60001648008800EB001101EB4010164901EB80005C3010F8140004EB0801114A50544E
:20AA8000601CC4B20D48008800EB001101EB40100D4901EB800090F84600A042E0DC00245D
:20AAA00007E00849085D4A460021FFF70FFD601CC4B2B442F5DBBDE8F087000092000020C0
:20AAC000001012003C1200204C0300202DE9FC5F0020019000BF401E00905C4800884FF439
:20AAE000A02101EB404A5948008800EB001101EB4010574901EB80004069C0F3872953480B
:20AB0000008800EB001101EB4010514901EB8000806CC0F3872B4D48008800EB001101EB19
:20AB200040104B4901EB8000B0F84800C0F309084648008800EB001101EB4010444901EB4A
:20AB4000800090F846004044B0F5806F10D9C8F10000C6B23D48008800EB001101EB401030
:20AB60003B4901EB800090F84600801BC7B20BE03648008800EB001101EB4010344901EB71
:20AB8000800090F84660002700F082FA3148FFF76DFD0020FFF7AAFD002553E04FF4806261
:20ABA0002D49504604F092FCA9F10100A84211D1FF20294981F8F80381F8F90381F8FA03B0
:20ABC00081F8FB0381F8FC0381F8FD0381F8FE0381F8FF031D48008800EB001101EB4010F3
:20ABE0001B4901EB800090F84600D0B15D450AD1002406E0FF2004EB0801174A5054601C17
:20AC000084B2B442F6DB67B10BF10100854208D1002404E0FF2010490855601C84B2BC42F5
:20AC2000F8DB002406E00C49085D0021FFF7F4FB601C84B2B4F5806FF5DB0AF5806A681CF0
:20AC4000C0B205464D45A9DBBDE8FC9F920000204C030020001012003C12002010B514480F
:20AC600000784FF4F00101EAC04012490860104800784FF0707101EA80500F4908610020EE
:20AC800005F0C2FD1E2007F078FD09480078FDF779FE00F0F004204605F0B6FD142007F005
:20ACA0006CFD002005F0B0FD642007F071FD10BD8E000020100C01400010014010B500F0A2
:20ACC000E7F9034800F07CF9322007F077FD10BD915C8A4810B500F0DBF9024800F070F96F
:20ACE00010BD0000995C8A4830B585B000F0D0F94048FFF7BBFC0020FFF7F8FC3E480068C0
:20AD000020F07F4040F088403B4908600846406820F0FF0040F044004860080408610024C6
:20AD200010E06846FEF770FE002507E01DF8050001A901EB84014855681CC5B2042DF5DB38
:20AD4000601CC4B2042CECDB2B48006820F07F4040F08850284908600846406820F0FF007A
:20AD600040F0110048608814086100241DE001A8005D21280BD102A8005D082807D103A8DF
:20AD8000005D012803D100211C4801550BE01B48005D40B91A480078A04000F0080010B167
:20ADA000982116480155601CC4B2042CDFDB00241CE004A8005D012803D10020114908554D
:20ADC00012E004A8005D18B901200E4908550BE00A48005D40B90A480078A04000F008009D
:20ADE00010B1982105480155601CC4B2042CE0DB05B030BD00202200001001408D0F002068
:20AE00008E0000203203002070B56948008800EB001101EB4010674901EB800090F84600AF
:20AE200000B970BD0024BEE06348005D00287DD162480078A04000F00800002876D05C48E0
:20AE4000008800EB001101EB40105A4901EB800090F85C505648008800EB001101EB401091
:20AE6000544901EB800090F85E0005EB00255048008800EB001101EB40104E4901EB800073
:20AE800090F8600005EB00454948008800EB001101EB4010474901EB800090F8620005EB6E
:20AEA0000065434A128802EB021303EB42120B4603EB820292F846103D4A128802EB0213FC
:20AEC00003EB42123B4B03EB8202B2F8482090B22246FFF79BFD642007F05AFC344A128805
:20AEE00002EB021303EB4212324B03EB820292F846102F4A128802EB021303EB42122D4B70
:20AF000003EB8202B2F8482090B22246FFF7CAFC2948005D98B929480078A04000F0080067
:20AF200068B12348008800EB001100E039E001EB4010204901EB800090F964000544E8B22F
:20AF40001B49098801EB011202EB4111194A02EB8101A1F85C00C5F307211548008800EB47
:20AF6000001202EB4010134A02EB8000A0F85E10C5F307410E48008800EB001202EB40109A
:20AF80000C4A02EB8000A0F86010280E0849098801EB011202EB4111064A02EB8101A1F838
:20AFA0006200601CC4B2042CFFF63EAF00BF38E7920000204C0300208D0F00208E000020C2
:20AFC00070B5044600252EE004F0004040B1174800784FF4707101EA80101549086107E086
:20AFE000124800784FF0707101EA8050104908610A2007F0E3FB0D4800784FF4F00101EAF7
:20B00000C0400C4908600A2007F0D8FB07480078782101EAC000074908600A2007F0CEFBD2
:20B020006400681CC5B2202DCEDB70BD8E00002000100140100C014010B5012007F0A8FBB2
:20B04000002005F0E1FB322007F097FB0D480078FDF798FC0409204605F0D6FB09480078CD
:20B060004FF4F00101EAC04007490860054800784FF0707101EA805004490861082007F084
:20B0800087FB10BD8E000020100C01400010014010B50B4800784FF4F00101EAC040094904
:20B0A0000860FA2007F08AFB05480078782101EAC00004490860FA2007F080FB10BD00007B
:20B0C0008E000020100C014010B5012007F076FB10BD10B5032007F071FB10BD002070475B
:20B0E000002070470020704770B50024064D07E0165D4640F6B2641C55F8266086EA10208B
:20B100009C42F5D3484070BDC04801082DE9F8432C482E4F002501784278DFF8AC8001EB3A
:20B1200002218278C078120402EB006001EB00093878A52801D1002038702548FDF718FAD8
:20B14000C1B2234808F0B6FE04462248008800EB001101EB4012204908EB404001EB8201A4
:20B1600000F52F00CA7B897B01EBC10303EB011102EB81060422694604F0A8F99DF800003F
:20B180009DF803109DF8012040EA01609DF80210090441EA02210843B9F1D70F0FD0B44214
:20B1A00001D004B10125B44203D10C490968884201D1002D03D0A520387001F0D7FCBDE8E1
:20B1C000F8830000F87F0008F87B0100F84F0020C0FF0108920000204C030020F8FF0108B1
:20B1E00010B52F48008800EB80002E4B53F830002B4B1B8803EB83032A4C04EBC3035B68B1
:20B200001844274B1B8803EB830304EBC3039B681844234B1B8803EB830304EBC303DB68B8
:20B22000C2181F48008800EB001303EB40101E4B03EB800090F8440000F0010068B11848FC
:20B24000008800EB001303EB4010174B03EB8000806F904201D8012010BD00211CE010485D
:20B26000008800EB80000F4B03EBC00050F821000E4B98420CD80A48008800EB8000094BBA
:20B2800003EBC000103050F82100084B984201D90120E1E7481CC1B20429E0DB0020DBE7C6
:20B2A00092000020A00F00204C0300203F420F00F0B52C48008800EB001101EB40112A48C2
:20B2C00000EB810090F80EE0B0F85C40B0F85EC0B0F86020B0F86270B0F85430B0F8566056
:20B2E000B0F85810B0F85A50BEF10A0F18D0E0B20CF0FF0400EB0420D2B200EB0240DAB25F
:20B30000F3B202EB0322C9B202EB014100EB076001EB0561421C01D0884220D98920F0BDE0
:20B320004FEA0C4C00201CEB040440EB000C10EB040E42EB0C023C0410EB0E0754413204B3
:20B34000D21840EB000683187141C01841EB05426FEA07012143E1D0C01BA241DED3002035
:20B36000F0BD0000920000204C03002010B505F091FABDE8104005F079BA0000014801F063
:20B3800041B80000B4300020014801F03BB80000EC30002010B5046863604368102B036802
:20B3A00003D099600068C26010BD9A600068C16010BD704710B504464FF4803000EB043141
:20B3C000002000F001F94FF4A02000EB4441012000F0FAF84FF4C02000EB4441012000F049
:20B3E000F3F810BDF0B5074638A00E4691B007C801AB83E8070038A004AB07C883E8070081
:20B4000038A207AB07CA83E8070039A00AAB07C883E8070039A20DAB07CA83E80700002098
:20B4200007F075F90C2546B1300907282CD2DFE800F02B222428262B2A00072F0ED2DFE871
:20B4400007F00D04060A080D0C0001AC06E004AC04E00DAC02E00AAC00E007AC102322460D
:20B4600005213820009507F032FA10230821264A4020009521E001AC06E004AC04E00AACF7
:20B4800002E00DAC00E007AC1023224605213820009507F01CFA06F002001C4A012108F04B
:20B4A0009FFD1A4A02210832304608F099FD174A1023921E08213820009507F008FA4FF495
:20B4C000FA7007F05AF911B0F0BD00002056444420434845434B2020205650572043484581
:20B4E000434B202020464C415348205445535420205541525420205445535420434F4E4E46
:20B500004543542054455354B4000020D601002010B54FF4804001F077F94FF4006001F067
:20B5200073F9BDE810404FF4806001F06DB9022001F06AB9042001F067B9000030B51E48BA
:20B5400085B0816941F004018161816901F004010491816941F0080181618069174C00F0FD
:20B5600008000490022001258DE831006946144801F056F944F604408DE8310069461148CA
:20B5800001F04EF902221146082001F0BDFA082001F0AFFA03220221072001F0B5FA072030
:20B5A00001F09CFA05220221282001F0ADFA282001F09FFA05B030BD0010024000002110E3
:20B5C00000080140000C014070B505460C4607F025F807F073F800221021184801F0FEF902
:20B5E00025B1012D06D0022D0CD107E020201449087007E0D8201249087003E0C720104994
:20B60000087000BF00BF4FF47A7301220C490D4802F072FC022D0BD0200C09490870200AAD
:20B6200048708C704FF47A730322064802F064FC01221021014801F0D1F970BD0008014093
:20B64000140200206C2F0020FEE700003EB5174B044600250A21186803E0B0FBF1F06D1CAD
:20B66000EDB20028F9D16A462946186808F052FC9DF8000020702E2060709DF80110A1705A
:20B68000E0709DF8020020719DF8030060712020A071002069462D1F05E00A182318127990
:20B6A000401CDA71C0B2A842F7DB3EBDF8FF010810B505F051F8FF2005F07AF80A2007F010
:20B6C00067F8F02005F074F80A2007F061F8BDE81040FF2005F06CB82DE9F0474FF000095E
:20B6E000002426E0E1B2002007F022FF4FF4803000EB044702115349384603F0E7FE002502
:20B7000008E05048405DFF2802D04FF0010904E0681C85B2B5F5805FF3DB00BFB9F1010F5B
:20B7200005D139460120FFF74FFF4FF00009601C84B2CD2CD6DB00267FE000210846FFF7C1
:20B7400043FF16B14FF0550801E04FF0AA08711CC8B2002107F0ECFE002404E0394800F8E8
:20B760000480601C84B2FF2CF8DD00274FF480723449384606F07CFF4FF48072314938469E
:20B7800003F0A4FE002408E02E48005D404502D06020BDE8F087601C84B2FF2CF4DD002173
:20B7A0000846FFF711FF16B14FF0550801E04FF0AA08002404E0234800F80480601C84B25F
:20B7C000FF2CF8DD4FF48037002509E04FF480721C49384606F04CFF07F58037681C85B29A
:20B7E000CD2DF3DB4FF48037002515E04FF480721449384603F06AFE07F58037002407E044
:20B800001048005D404501D06020C2E7601C84B2FF2CF5DD681C85B2CD2DE7DB002408E0C2
:20B820004FF4803000EB04410020FFF7CDFE601C84B2CD2CF4DB701C86B2022EFFF67DAF75
:20B840000020A6E73C1200202DE9F04107460C464FF00008FF224FF480511048FCF776FEAC
:20B8600016E0B4F5806F01D2A5B201E04FF480652A460A49384603F029FE002604E0074853
:20B88000805D8044701C86B2AE42F8DB2F44641B002CE6D14046BDE8F08100003C120020A1
:20B8A0002DE9F04107460C464FF00008FF224FF480512C48FCF74AFEB4F5803F35D916E00B
:20B8C000B4F5806F01D2A5B201E04FF480652A462449384603F0FAFD002604E02148805D08
:20B8E0008044701C86B2AE42F8DB2F44641BB4F5803FE5D816E0B4F5806F01D2A5B201E04D
:20B900004FF480652A461749384603F0DFFD002604E01448805D8044701C86B2AE42F8DB54
:20B920002F44641B002CE6D119E016E0B4F5806F01D2A5B201E04FF480652A460949384638
:20B9400003F0C4FD002604E00648805D8044701C86B2AE42F8DB2F44641B002CE6D1404658
:20B96000BDE8F0813C1200207FB504461022C9496846FCF7D9FDC848008800EB8000C749F7
:20B9800051F83000C449098801EB8101C34A02EBC10149680844C049098801EB810102EB74
:20B9A000C10189680844BC49098801EB810102EBC101C9684618E5202070422060707A20E5
:20B9C000A07004F0CFF8B449087803F0A9FD03F063FF002505E0B248415DE81C2154681C92
:20B9E000C5B2102DF7DBAF480088000AE074AD4800782075AC480068000E6075AA48006849
:20BA0000000CA075A8480088000AE075A64800782076002508E0A548284490F8E81705F14F
:20BA200019002154681CC5B20C2DF4DB00250EE09948008800EB001101EB40109C4901EBF0
:20BA40008000415D05F125002154681CC5B20E2DEEDB9148008800EB001101EB40109449C3
:20BA600001EB8000807B04F8330F8B48008800EB001101EB40108E4901EB8000C07B607040
:20BA80008548008800EB001101EB4010884901EB8000B0F84400000AA0707F48008800EB9C
:20BAA000001101EB4010824901EB800090F84400E0707948008800EB001101EB40107C49A0
:20BAC00001EB8000B0F86600000A20717248008800EB001101EB4010754901EB800090F825
:20BAE000660060716C48008800EB001101EB40106F4901EB8000B0F86A00000AA07166489C
:20BB0000008800EB001101EB4010694901EB800090F86A00E0716048008800EB001101EBEC
:20BB20004010634901EB8000B0F86E00000A20725948008800EB001101EB40105C4901EBF9
:20BB4000800090F86E0060725348008800EB001101EB4010564901EB8000007CA072333C3A
:20BB60004D48008800EB001202EB40100A4602EB800000F12401102204F14000FCF7D4FC71
:20BB80004548008800EB001101EB4010484901EB800090F8460084F850003F48008800EBC7
:20BBA000001101EB4010424901EB800090F8640084F851003848008800EB001101EB401048
:20BBC0003B4901EB8000806CC4F8520000252EE03148008800EB001101EB4010344901EBA6
:20BBE00080004C3030F815106800563021522A48008800EB001101EB40102D4901EB800087
:20BC0000543030F8151068005E3021522248008800EB001101EB4010254901EB80005C305A
:20BC200030F81510680066302152681CC5B2042DCEDB44F86E6F1848008800EB001101EB88
:20BC400040101B4901EB8000808BA0801248008800EB001101EB4010154901EB8000C08B6A
:20BC6000E0800D48008800EB001101EB4010104901EB8000008C20810748008800EB00118A
:20BC800001EB40100A4901EB8000408C60816E3C7FBD0000C0FF010892000020A00F0020CD
:20BCA000E0FF0108FC7F0008F8FF010800F0FF1F4C030020F8B500250446009590F824003F
:20BCC000012808D0012084F824002046FCF796FC060002D04BE00220F8BDA06A20F48850E7
:20BCE00040F00200A062022001F02CFA22490968B1FBF0F0400000E0401E00900028FBD16D
:20BD00002046FCF7A1FC2068816841F00801816000F06AFE074604E000F066FEC01B0A28B7
:20BD200011D8206880680007F6D42068816841F00401816000F058FE07460EE000F054FE8E
:20BD4000C01B0A2809D9A06A20F0020040F01000A06284F824500120F8BD20688068400719
:20BD6000ECD4A06A20F0020040F00100A06284F824503046F8BD000084000020F8B5002523
:20BD8000009590F82420AE46012A1ED0012280F824204A681F244FF47873072A17D20668AB
:20BDA000776B93FAA3FCBCFA8CFC521E02FB0CFC04FA0CF4A74393FAA3F3B3FA83F30C6820
:20BDC0005A439440274377632DE00220F8BD06680D2A14D2376B93FAA3FCBCFA8CFCD21F42
:20BDE00002FB0CFC04FA0CF4A74393FAA3F3B3FA83F30C685A4394402743376313E0F76AD3
:20BE000093FAA3FCBCFA8CFC0D3A02FB0CFC04FA0CF4A74393FAA3F3B3FA83F30C685A432D
:20BE200094402743F7620A683823072406680A2A14D3F76893FAA3FCBCFA8CFC0A3A02FBE0
:20BE40000CFC04FA0CF4A74393FAA3F3B3FA83F38C685A4394402743F76012E0376993FA67
:20BE6000A3FCBCFA8CFC02FB0CFC04FA0CF4A74393FAA3F3B3FA83F38C685A4394402743E3
:20BE800037610A68102A01D0112A20D1124B02689A4217D193681B0219D4936843F400039C
:20BEA00093600968102912D10C490D4A0968B1FBF2F101EB8101490000E0491E009100299E
:20BEC000FBD104E0816A41F020018162012580F824E02846F8BD00000024014084000020C4
:20BEE00040420F000068C06C704700002DE9F04104004FF0000513D0A06A002628B9E6629B
:20BF000084F82460204600F08BF82046FCF776FBA16AC90600D420B1A06A40F01000A062B3
:20BF200078E0A16A21F4885141F00201A1626268E16902270A43E16897FAA7F70B46B7FA75
:20BF400087F7B9400A43A1684FF48077B94209D0012907D05FF00001D4F814C0BCF1010F58
:20BF600002D00AE03946F7E7F3B1A36A43F02003A362E36A43F00103E3622368D3F804C0B9
:20BF80002CF4694C4CEA010CC3F804C021688B68DFF884C003EA0C0313438B60A168B94232
:20BFA00010D001290ED016E04FF4604CA3699CFAACFCBCFA8CFC5B1E03FA0CF30B4343F432
:20BFC0000061DAE74FF47001256991FAA1F1B1FA81F16D1E8D402168CB6A23F470032B43B5
:20BFE000CB62216889680D4B1940914208D1E662A16A21F0020141F00101A162BDE8F0818A
:20C00000A06A20F0020040F01000A062E06A40F00100E0620120F1E7FDF7E1FFFE0E1FFF0E
:20C0200010B500680E4986B0884217D10D48816941F4007181618069032400F400700490C5
:20C040000F20CDE900046946074800F0E9FB0120CDE900046946054800F0E2FB06B010BDFE
:20C06000002401400010024000100140000801402DE9F84300260D460446009600F0B4FC25
:20C08000804620688168C90508D5A06A40F02000A06284F824600120BDE8F8834168C905AA
:20C0A00003D4C06A10F4700F26D0022001F04AF838490968B1FBF0F72068036936490B426C
:20C0C0004FEA61014FEAA1121BD1C3684FEA611C13EA0C0F15D103690B4221D1C0681042E9
:20C0E0001ED114201FE0681C06D045B300F07CFCA0EB0800A84222D8206800688007F2D5AF
:20C100002AE003690B4202D1C168114206D0026922490A4206D1C068084203D1542002E0A2
:20C12000292000E0FC204743009813E0681C0ED02DB100F059FCA0EB0800A84207D9A06AB9
:20C1400040F00400A06284F824600320A4E70098401C0090B842E9D321686FF0120008605F
:20C16000A06A40F40070A06220688068C0F3424007280CD1E06850B9A06A20F48070A062FD
:20C18000A06AC00403D4A06A40F00100A062002082E700008400002024499224499224006E
:20C1A00070B5044690F8240001280DD0012084F824002046FCF748FA02004FF0000005D0EC
:20C1C00084F82400104670BD022070BDA16A40F20123994341F48071A1621F4D23681F4928
:20C1E000AB4218D10E6816F4702F14D0A66A46F48016A6620E68760505D5A66A26F4005633
:20C2000046F48056A662A66AF6040AD5E66A26F00606E66206E0A66A26F48016A6625E68EF
:20C22000E9E7E06284F824006FF00200186020688368C3F34243072B05D1A84208D1096889
:20C2400011F4702F04D0816841F480118160B9E7816841F4A001F9E70028014004240140C5
:20C2600010B5040002D0607910B106E0012010BD00202071204600F004F8012060710020A0
:20C2800010BD70472DE9F04104460068016821F00101016000F0A8FB054600264FF47A770C
:20C2A00010E000BF00F0A0FB401BB8420AD954F8340F40F0200044F814090320607026704B
:20C2C000BDE8F08120680068C007EBD1012084F8210084F820600020F2E70000F0B540B38A
:20C2E00090F82110022924D001680A6822F001020A6001684FF0000EC1F800E00168C1F89B
:20C3000004E00168C1F808E00168C1F80CE03C4C3B4D3B4E3A4F3A4ADFF8E4C0016814344F
:20C3200028353C3650370CF1640C914203D102211BE00120F0BDA14201D1202115E0A942D1
:20C3400002D14FF4007110E0B14202D14FF400510BE0B94202D14FF4003106E0614502D180
:20C360004FF4001101E04FF00071254B083B59600168914201D1082119E0A14201D18021E6
:20C3800015E0A94202D14FF4006110E0B14202D14FF400410BE0B94202D14FF4002106E009
:20C3A000614502D14FF4000101E04FF0006159600168914201D1042119E0A14201D1402144
:20C3C00015E0A94202D14FF4806110E0B14202D14FF480410BE0B94202D14FF4802106E049
:20C3E000614502D14FF4800101E04FF080615960C0F834E080F821E080F820E00020F0BDBC
:20C40000080002402DE9F05FDFF860820446D8F80020DFF858B2954D944E944F0068DFF8B3
:20C420004C92DFF848A20BF1080B1C35303644374FF400614FF4004C4FF4002E09F158091D
:20C440000AF16C0A584501D1082316E0A84201D1802312E0B04201D10B460EE0B84201D1BB
:20C4600063460AE0484501D1734606E0504502D14FF4000301E04FF000631A4231D0026833
:20C48000D24312072DD4026822F0080202602068584501D1082114E0A84201D1802110E024
:20C4A000B0420ED0B84201D161460AE0484501D1714606E0504502D14FF4000101E04FF087
:20C4C0000061C8F80410606B40F001006063042084F82100002084F82000216B09B120463F
:20C4E00088476248D0F800C04FF4806120680A010B044FF4802E584502D14FF0040816E0D3
:20C50000A84202D14FF0400811E0B04201D188460DE0B84201D1904609E0484501D1F04647
:20C5200005E0504502D14FF4800800E098461CEA080F33D0D0F800C06FEA0C0C5FEA4C7CFB
:20C540002CD4D0F800C05FEA8C6C05D4D0F800C02CF0040CC0F800C02068584501D10421F1
:20C5600013E0A84201D140210FE0B0420DD0B84201D1114609E0484501D1714605E0504551
:20C5800002D14FF4800100E0194638484160112084F82100E16A09B120468847334AD2F855
:20C5A00000C05B46206851154FF4005B4FF4003E984202D14FF0020817E0A84202D14FF024
:20C5C000200812E0B04201D188460EE0B84201D1D8460AE0484501D1F04606E0504502D10A
:20C5E0004FF4001801E04FF000781CEA080F3BD0D0F800C06FEA0C0C5FEA8C7C34D4D0F806
:20C6000000C05FEA8C6C05D4D0F800C02CF0020CC0F800C02068984201D1022114E0A842E1
:20C6200001D1202110E0B0420ED0B84201D159460AE0484501D1714606E0504502D14FF42B
:20C64000001101E04FF000715160606B6063012084F82100002084F82000A16A002903D078
:20C660002046BDE8F05F0847BDE8F09F0000024070B520B190F82110002411B103E0012002
:20C6800070BD80F82040022180F8211003681A6843F6F0718A43D0E901152943D0E9035628
:20C6A000354329434569294385692943C5692943114319604463012180F82110002070BDFC
:20C6C00070B5044690F82000012823D0012084F82000022084F821002068056825F001059B
:20C6E00005602046FEF756FE2068016841F0020101602068016841F0040101602068016827
:20C7000041F0080101602068016841F001010160002070BD022070BD31B500F065F90446DF
:20C7200000F062F90099001B8842F9D338BD000070B506460A2006F020F82F4C2F4DB6F524
:20C74000806F3AD012DC022E25D0042E34D1D5F80801002830D10A2006F01AF8D5F808018F
:20C76000002829D1207840F0010034E0B6F5006F33D0B6F5804F1FD1D5F8380100281BD119
:20C780000A2006F005F8D5F83801002814D1207840F008001FE01A4CD4F8040100280BD15F
:20C7A000642005F0F5FFD4F80401002804D11548017881F00101017070BDD5F82801002839
:20C7C000FAD10A2005F0E4FFD5F828010028F3D1207840F00200207070BDD5F82C01002801
:20C7E000FAD10A2005F0D4FFD5F82C010028F3D1207840F00400EEE78D0000200080214265
:20C80000000021428C000020044910B50A68024202D00860FFF78CFF10BD00001404014060
:20C820002DE9F84FDFF890A100220AF1040B144601274FF00F090BF1040E00BF0B6807FA4D
:20C8400004F52B40AB4274D1DFF870C14E68A6EB0C0866452BD00DDC032E34D005DC36B351
:20C86000012E19D0022E2FD11BE0112E16D0122E2AD119E0B8F5881F19D006DCB8F5803F91
:20C8800015D0B8F5801F1FD111E0B8F5001F0ED0B8F5041F18D10AE0CA6815E0CA68121DB1
:20C8A00012E0CA6808320FE0CA680C320CE08A682AB1012A4FF0080203D0456104E004220B
:20C8C00002E0056100E00022FF2B01D8064601E000F104064FEA840501D9A5F12005D6F8BE
:20C8E00000C009FA05F82CEA080C02FA05F54CEA050CC6F800C04D68ED0057D5304DAE6931
:20C9000046F00106AE61AD6924F0030605F0010500952C4D06EB050CDCF80850A6074FEA7B
:20C92000167809FA08F6B543274EB04202D1002610E03BE0254EB04201D101260AE0244E4B
:20C94000B04201D1022605E0224EB04201D1032600E0042606FA08F62E43CCF808604D684F
:20C96000DAF80060ED03554601D51E4300E09E432E604D68DBF80060AD035D4601D51E4302
:20C9800000E09E432E604D68DEF80060ED02754601D51E4300E09E432E604D68AD020E4D6E
:20C9A0002E6801D51E4300E09E432E60641C102CFFF444AFBDE8F88F000401400000111027
:20C9C000001002400000014000080140000C014000100140001401400C0401400AB101611A
:20C9E00070470904FBE7000001480068704700001003002002480168491C016070470000C6
:20CA000010030020074810B5016841F010010160032000F099F8002000F006F800F016F813
:20CA2000002010BD0020024010B5044600F05CFD4FF47A71B0FBF1F001F05BFC00222146C4
:20CA4000501E00F061F8002010BD0000214808B5816941F001018161806900F001000090A3
:20CA6000032000F071F8002211466FF00B0000F04BF8002211466FF00A0000F045F80022F3
:20CA800011466FF0090000F03FF800221146501F00F03AF800221146101F00F035F80022BF
:20CAA0001146901E00F030F800221146501E00F02BF800221146012000F026F8012000F0A6
:20CAC00018F80548416821F0E06141F00071416008BD0000001002400000014000F01F0252
:20CAE000012191404009800000F1E020C0F88011704700F01F02012191404009800000F1CB
:20CB0000E020C0F800117047F0B40E4B1B680C46C3F30223C3F10705042D00D90425191DBF
:20CB2000072901D2002300E0DB1E012606FA05F1491E214099409E40761E16403143F0BC50
:20CB400002F094BA0CED00E0064900F0070208684FF6FF03184040EA0220034A1043086011
:20CB6000704700000CED00E00000FA05BFF34F8F05480168054A01F4E06111430160BFF3F4
:20CB80004F8F00BFFDE700000CED00E00400FA0510B50C0605D501F07F0100EB4110283082
:20CBA00003E000EB411000F5027099B232B101228272C180190C0181002010BD00228272BF
:20CBC0008180F9E7704700EB4112D0F81C04D26B04F09FBB00EB4112D0F81C04D2F81C22DE
:20CBE00004F0ECBB10B504460A460B0601F07F0004EB401101D5283101E001F50271087089
:20CC0000D009487094F8E803012809D0012084F8E803206804F0BAFF002084F8E80310BDF9
:20CC2000022010BD70B50A460446090602F07F0003D504EB4011283103E004EB421101F53A
:20CC4000027100258D700870D009487094F8E803012809D0012084F8E803206805F03EF882
:20CC600084F8E853002070BD022070BD70B504460D460E0601F07F0004EB401101D52831AC
:20CC800001E001F502710870E80948700A61CB7094F8E803012809D0012084F8E8032068FA
:20CCA00004F044FE002084F8E80370BD022070BD70B504460E4601F07F0004EB401101F5D2
:20CCC000077100252CC101F81F5C01F8200D94F8E80301280AD0012084F8E8037006206830
:20CCE00005F056F884F8E853002070BD022070BD70B50D460446090605F07F0003D504EB92
:20CD00004011283103E004EB451101F5027101228A700870E809487094F8E803012807D023
:20CD200084F8E823206805F00EF8680602D006E0022070BD04F57B71206804F0CDFF002027
:20CD400084F8E80370BD70B504460E4601F07F0004EB40113C3100252CC1012201F81F2CE6
:20CD600001F8200D94F8E803012809D084F8E8237006206805F00CF884F8E853002070BD92
:20CD8000022070BD10B50446006805F0E3F8000402D5204602F07AF9206805F0DBF84005C2
:20CDA0000CD5206830F8441F21F480610180204600F0ECF80021204600F0FDF8206805F0E5
:20CDC000C9F8400405D5206830F8441F21F480410180206805F0BEF8800405D5206830F8C9
:20CDE000441F21F400510180206805F0B3F8C00413D5206830F8401F21F0040101802168E6
:20CE00004FF43D40A1F84000204600F0CCF8206830F8441F21F480510180206805F09AF8D6
:20CE200000051AD5206830F8441F21F400610180206830F8401F41F008010180206830F87A
:20CE4000401F41F004010180206805F083F8C043C00402D5204600F0E3F8206805F07AF806
:20CE6000800508D5206830F8441F21F400710180204600F09CF8206805F06CF8C00505D5CC
:20CE8000206830F8441F21F48071018010BD00002DE9F04186B004004FF0000504D094F806
:20CEA000E903002620B108E0012006B0BDE8F08184F8E863204600F04BF8032084F8E903CF
:20CEC000206804F002FF04F11001142288466846FBF72AFB94E80F0004F056FE002120688A
:20CEE00005F04BF85FF0010704EB451080F8297000F8285F8581C670066146616D1C866115
:20CF00000F2DF1D35FF0000004EB401181F8096281F80802888681F80B62C1F81862C1F83B
:20CF20001C62401CC1F820620F28EDD3142241466846FBF7F9FA94E80F0004F0BDFE84F8DF
:20CF4000246084F8E973206804F0B4FE0020ACE708B500680B49884212D10B48C16941F4BC
:20CF60000001C161C069002200F40000009011461420FFF7C9FDBDE808401420FFF7B9BDEB
:20CF800008BD0000005C00400010024010B504460121D0F81C0404F0E3FAD4F81C04BDE863
:20CFA000104004F0ACBAD0F81C0404F0C7BAD0F81C0404F0C9BA10B5044690F8E803012860
:20CFC0000BD0012084F8E80384F82410206804F0D6FF002084F8E80310BD022010BDD0F8E2
:20CFE0001C2400F57B71104604F0CDBA10B5044690F8E803012810D0012084F8E8030146E5
:20D000002046FFF7DFFD206804F052FE206804F094FF002084F8E80310BD022010BD0000BA
:20D0200010B50446D0F81C0404F0FAFAA069002804D00348016841F00601016010BD0000F2
:20D0400010ED00E030B51C490A68036822F0E0021A430A6019490A6822F480320A600C1FE0
:20D06000226822F480322260144A0832136823F4803313600B1D1D6825F480351D604568E7
:20D08000ED0303D5256845F4803525604468A40303D50C6844F480340C600179C90703D0B4
:20D0A000196841F4803119600079800703D5106840F48030106030BD007000400404014006
:20D0C0000120102191FAA1F1024AB1FA81F142F82100704700000E4270B504F069FF05F0A0
:20D0E00019FF4FF496740E4D0FE0FF2003F034FB01212046FBF7F4FBC82005F03EFBAA20F7
:20D1000003F02AFBC82005F038FB68684007ECD40448008802F004FABDE8704005F06EBFD5
:20D12000007000409200002010B5054C2068C00304D5FFF7D1FF4FF48030206010BD00004D
:20D140001404014010B533A401461DCC86B08DE81D0034A0344C006804900020012931D047
:20D16000022948D010292BD161682268D20127D54FF4701292FAA2F201F47010B2FA82F29B
:20D18000D040C9031DF8000010D561684FF4003292FAA2F201F40031B2FA82F2D14004AA56
:20D1A000515C224AB2FBF1F1484301E0204948436168490204D440005FF00301B0FBF1F05C
:20D1C00006B010BD226AC2F30121012903D1920701D5C803F4E7022905D1626A920702D519
:20D1E00049F64040ECE70329EAD121688903E7D54FF22440E4E700F095F961684FF4804229
:20D2000092FAA2F201F44041B2FA82F2D140491C4900D3E702030405060708090A0B0C0D85
:20D220000E0F1010010200000010024000127A0000093D002DE9F84305460078454CC0071E
:20D2400074D0E06940F08050E061E069424E00F080500090306840F480703060FFF7C4FBD6
:20D26000074604E0FFF7C0FBC01B642833D83068C005F7D5206A10F4407051D0A98801F4AC
:20D28000407181424CD0206A0126310491FAA1F2B2FA82F29300314A20F440701344C3F8F6
:20D2A000006491FAA1F1B1FA81F102EB81010023C1F800342062C00732D0FFF795FB074633
:20D2C00041F288394FF0020808E000BFFFF78CFBC11B494502D90320BDE8F88398FAA8F13A
:20D2E000B1FA81F141F040014046B6EB511F01D121680BE090FAA0F1B1FA81F141F0400118
:20D30000B0EB511F01D1216A00E0616A98FAA8F0B0FA80F000F01F0206FA02F00142D5D0CB
:20D32000206A696820F44070084320622878800705D56068A96820F44040084360602878E8
:20D34000C00605D56068E96820F48000084360600020C1E700100240007000400000424227
:20D360002DE9F047DFF8708105460E46D8F8000000F00700B0420CD2D8F8001021F0070169
:20D380003143C8F80010D8F8000000F00700B04277D12878514C800705D56068A96820F0C1
:20D3A000F000084360602878C00759D06968012001290DD0022929D05FF0020393FAA3F24F
:20D3C000B2FA82F242F02002520904D0226803E04FF40033F2E7626A93FAA3F3B3FA83F3DC
:20D3E00003F01F03984002424BD0606820F0030008436060FFF7F8FA6968074641F288300A
:20D4000001290DD00229814617D025E04FF00073D4E700BFFFF7E8FAC11B494501D918E0E7
:20D4200081466068C0F381000128F3D118E000BFFFF7DAFAC11B49450BD86068C0F3810072
:20D440000228F5D10CE000BFFFF7CEFAC11B494502D90320BDE8F087606810F00C0FF3D148
:20D46000D8F80010404601F00701B1420BD9016821F0070131430160006800F00700B042CE
:20D4800001D00120E6E72878400705D56068E96820F4E060084360602878000706D560684A
:20D4A000296920F4605040EAC100606000F052F86168F02292FAA2F201F0F001B2FA82F234
:20D4C000D140074A515CC840064908600020FFF7ABFA0020BEE7000000200240001002404A
:20D4E000644801088400002001480068704700008400002008480949006849684FF4E06287
:20D5000092FAA2F201F4E061B2FA82F2D140044A515CC840704700008400002000100240D4
:20D520007448010808480949006849684FF4605292FAA2F201F46051B2FA82F2D140044A31
:20D54000515CC8407047000084000020001002407448010810B519A385B00FCB8DE80F0090
:20D560001AA01B4B006804905A681A4802F00C0104291DD008291BD14FF4701494FAA4F448
:20D5800002F47011B4FA84F4E140D2031DF8011010D55A684FF4003393FAA3F302F400326A
:20D5A000B3FA83F3DA4004AB9A5CB0FBF2F0484305B010BD08484843FAE700000203040525
:20D5C000060708090A0B0C0D0E0F1010010200000010024000127A0000093D002DE9F84F3E
:20D5E00004460078F74DC0074FF0010625D068687704C0F38100012807D06868C0F38100A0
:20D6000002281BD16868C00318D597FAA7F0B0FA80F040F02000400901D0286800E0686A86
:20D6200097FAA7F1B1FA81F101F01F0106FA01F108425ED0606800287CD05AE06068B0F546
:20D64000803F0BD010B1B0F5A02F11D0286820F480302860286820F4802002E0286840F454
:20D6600080302860606828B3FFF7BEF980460BE0286840F480202860F0E700BFFFF7B4F94C
:20D68000A0EB0800642871D897FAA7F0B0FA80F040F02000400901D0286800E0686A97FAA3
:20D6A000A7F1B1FA81F101F01F0106FA01F10842E4D01EE0FFF798F9804605E0FFF794F901
:20D6C000A0EB08006428DED897FAA7F0B0FA80F040F02000400901D0286800E0686A97FAF6
:20D6E000A7F1B1FA81F101F01F0106FA01F10842E4D12078DFF8D08280074FF000094FF0A4
:20D7000002075BD568684FF0F80B10F00C0F07D06868C0F3810002281CD16868C00319D431
:20D7200097FAA7F0B0FA80F040F02000400902D0286801E08BE0686A97FAA7F1B1FA81F148
:20D7400001F01F0106FA01F108422CD0206901287DD128E0206990B396FAA6F0B0FA80F06C
:20D7600048F82060FFF740F9824607E011E100BFFFF73AF9A0EB0A00022884D897FAA7F0EE
:20D78000B0FA80F040F02000400901D0286800E0686A97FAA7F1B1FA81F101F01F0106FA6C
:20D7A00001F10842E4D028689BFAABF26169B2FA82F220F0F80091400843286025E0FFE736
:20D7C00096FAA6F1B1FA81F148F82190FFF70CF9824605E0FFF708F9A0EB0A000228CCD812
:20D7E00097FAA7F0B0FA80F040F02000400901D0286800E0686A97FAA7F1B1FA81F101F004
:20D800001F0106FA01F10842E4D1207800076ED5A069B8B396FAA6F0B0FA80F008EB8000EE
:20D82000C0F88064FFF7E0F8824605E0FFF7DCF8A0EB0A000228A0D897FAA7F0B0FA80F08E
:20D8400040F06000B6EB501F02D128680CE062E197FAA7F0B0FA80F040F06000B7EB501FB3
:20D8600001D1286A00E0686A97FAA7F1B1FA81F101F01F0106FA01F21042D7D00120FEF739
:20D880004BFF34E0FFE796FAA6F1B1FA81F108EB8101C1F88094FFF7A7F8824606E000BFBC
:20D8A000FFF7A2F8A0EB0A00022872D897FAA7F0B0FA80F040F06000B6EB501F01D128688B
:20D8C0000BE097FAA7F0B0FA80F040F06000B7EB501F01D1286A00E0686A97FAA7F1B1FA90
:20D8E00081F101F01F0106FA01F21042D8D12078400765D5E86940F08050E861E869DFF8DC
:20D90000CCB000F080500090DBF8001041F48071CBF80010FFF768F8824605E0FFF764F80A
:20D92000A0EB0A00642834D8DBF80000C005F5D5E06801280AD008B1052813D0286A20F0A2
:20D9400001002862286A20F0040002E0286A40F001002862E06841F2883B90B3FFF744F8B4
:20D9600082460BE0286A40F004002862EEE700BFFFF73AF8A0EB0A0159450AD897FAA7F0AA
:20D98000B0FA80F040F04000B6EB501F02D128680CE0A3E097FAA7F0B0FA80F040F0400069
:20D9A000B7EB501F01D1286A00E0686A97FAA7F1B1FA81F101F01F0206FA02F10842D7D004
:20D9C00031E005E0001002400000424200700040FFF70AF8824605E0FFF706F8A0EB0A019C
:20D9E00059457BD897FAA7F0B0FA80F040F04000B6EB501F01D128680BE097FAA7F0B0FA55
:20DA000080F040F04000B7EB501F01D1286A00E0686A97FAA7F1B1FA81F101F01F0206FAA7
:20DA200002F10842D8D1E06980B36968C1F38101022970D04FF080714F000228484609D002
:20DA400091FAA1F1B1FA81F148F82100FEF7CCFF044669E08A4691FAA1F1B1FA81F1C146C7
:20DA600048F82100FEF7C0FF804605E0FEF7BCFFA0EB0800022854D897FAA7F0B0FA80F00B
:20DA800040F02000400902D0286801E061E0686A97FAA7F1B1FA81F101F01F0106FA01F14E
:20DAA0000842E3D1206AB0F5803F05D16868A16820F4003008436860D4E908010843696892
:20DAC00021F47411084368609AFAAAF0B0FA80F049F82060FEF788FF044606E021E000BF24
:20DAE000FEF782FF001B02281BD897FAA7F0B0FA80F040F02000400901D0286800E0686A8A
:20DB000097FAA7F1B1FA81F101F01F0106FA01F10842E5D01DE01EE0FEF766FF001B022823
:20DB200002D90320BDE8F88F97FAA7F0B0FA80F040F02000400901D0286800E0686A97FA3C
:20DB4000A7F1B1FA81F101F01F0106FA01F10842E2D10020E6E70120E4E7000010B504006E
:20DB600003D094F8510010B104E0012010BD204600F038F8022084F851002068016821F0EB
:20DB800040010160D4E901010843D4E903121143084361690843218B01F400710843E169AC
:20DBA0000843216A0843A16A084321680860A069042101EA1040616A0843216848602168C4
:20DBC000E06A08612068C16921F40061C1610449002008706065012084F85100002010BDC3
:20DBE000140300202DE9F04F054600683F49DFF80081032685B088425CD1D8F8181041F484
:20DC00008051C8F81810D8F81800DFF8E8B000F480500490A02000900220019069465C4648
:20DC200003965846FEF7FCFD4FF000094020CDE900094F4669462046CDF80890FEF7F0FD6F
:20DC40002E4C2D484FF0800AC4E90007C4E9027A27616761A7612046E761FEF709FD08B175
:20DC6000FDF7F2FC6C6465622348254C14301027C4E90007C4E9029AC4F81090C4F814901B
:20DC8000C4F818902046C4F81C90FEF7F1FC08B1FDF7DAFC2C6465620120CDE900706946A0
:20DCA0005C4603965846FEF7BBFD012210212046FEF794FE13492868884214D1D8F81C1006
:20DCC00041F48041C8F81C10D8F81C00694600F4804004904FF42040009002200190039600
:20DCE0000948FEF79DFD05B0BDE8F08F0030014000100240000801401C000240B4300020FD
:20DD0000EC30002000380040000C01402DE9F84F00259A460446ADF8005090F8510001285F
:20DD20007ED1E9B3E2B394F85000012878D0012684F85060222084F851006565A163A287BD
:20DD4000E287A564E5642563A586E586A0684FF40049484504D12068036823F480430360C4
:20DD6000A06A4FF40057B84209D12068036823F4005303602068036843F4005303606068C3
:20DD80004FF48278404501D1A06878B120680168490603D4016841F040010160E06800E043
:20DDA00001E0E8B131E00120BDE8F88F84F8505013460A462046CDF800A000F040F9F3E7F8
:20DDC000534600220121204601F09CFF48BB2068C168A06B421CA2630170E08F401EE087AD
:20DDE000E08F0128ECD813E0534600220121204601F088FFA8B92068C068A16B0880A06B69
:20DE0000801CA063E08F401EE087E08F0128EBD8A06AB84207D12068016841F4805101E020
:20DE200068E007E00160534600220121204601F069FF08B10320B7E7E0680028206817D05D
:20DE4000C068A16B0880A06B801CA063E08F401EE087A06AB84217D15346002201212046F9
:20DE600001F050FF50B1606D40F002006065E1E7C168A06B421CA2630170E7E72068C0684F
:20DE8000ADF80000BDF80000606840450AD1A068484502D0B0F5806F04D12068016821F02E
:20DEA0004001016084F85160A06AB8420DD120688068C043C00608D4204601F021FF0128FC
:20DEC00007D021686FF01000886084F8505000206AE7606D40F0020060652068016821F434
:20DEE000005101602068016841F40051016084F8505058E7022057E72DE9F843044690F8BA
:20DF000051009846012870D139B332B394F8500001286AD0012684F85060122084F8510006
:20DF2000002565652163A286E286E564A564A563A587E587A06A7703B84209D120680168A3
:20DF400021F4005101602068016841F400510160A068B0F5004F03D007E00120BDE8F8832B
:20DF60002068016841F48041016020680168490603D4016841F040010160E06800286068CE
:20DF800004D0D8B1E08E012818D021E010B1E08E012808D1206B411C216321680078C860DE
:20DFA000E08E401EE0860004000C1FD0434600220221204601F0A6FEA8B9EBE7206B216820
:20DFC0000088C860206B801C2063E08E401EE0860004000C0AD0434600220221204601F0A6
:20DFE00091FE0028EAD00320B8E726E0A06AB84204D12068016841F480510160434600220C
:20E000000221204601F07EFE30B9434601228021204601F077FE20B1606D40F01000606565
:20E02000E1E7A06818B92068C1688068009084F8516084F85050002090E702208EE72DE989
:20E04000F8430025DDF820800446ADF8005090F85100012803D094F8510022287DD169B148
:20E0600062B15BB194F85000012876D0012684F8506094F85100012803D005E00120BDE85F
:20E08000F883322084F851006565A263A387E3872163A386E386A564E564A06A4FF4005777
:20E0A000B84209D12068016821F4005101602068016841F40051016020680168490603D4E5
:20E0C000016841F040010160E0684FF48271B0F5006F606807D0002867D088426ED1E08EFD
:20E0E000012862D06AE020B188420CD1E08E012809D1206B21680088C860206B801C206324
:20E10000E08E401EE086E08E80B9A06AB84244D12068016841F4805101603EE02068C068E7
:20E12000A16B0880A06B801CA0639EE0434600220221204601F0E6FD002874D1206B21689A
:20E140000088C860206B801C2063E08E401E0004000CE08609D1A06A00E0C7E0B84204D1E9
:20E160002068016841F480510160434600220121204601F0C7FD00286FD12068C068A16B3B
:20E180000880A06B801CA063E08F401EE087E08E0028CBD1606800286AD1434600220121EF
:20E1A000204601F0AFFDF0BBB8E7206B411C216321680078C860E08E401EE086E08E98B98C
:20E1C000A06AB84204D12068016841F480510160434600220121204601F094FD18BB2068FE
:20E1E000C068A16B087040E0434600220221204601F088FDB8B9206B411C216321680078CB
:20E20000C860E08E401E0004000CE08607D1A06AB84204D12068016841F480510160002269
:20E220004346012100E018E0204601F06BFDA0B92068C168A06B421CA2630170E08F401EE6
:20E24000E087E08E0028CFD1606888B9434600220121204601F056FD08B103200FE7206847
:20E26000C168A06B421CA2630170E08F401EE087A06AB84210D1434600220121204601F059
:20E2800041FD18B1606D40F002000FE02068C068ADF80000BDF800004346012280212046CC
:20E2A00001F030FD20B1606D40F010006065D4E784F85160A06AB84214D120688168C9434F
:20E2C000C9060FD4616D41F002016165016821F4005101602068016841F40051016084F840
:20E2E0005050CBE684F850500020C8E60220C6E6704710B5401EB0F1807F01D3012010BDD9
:20E300004FF0E02460610F21601700F0AFFE0020A06107202061002010BD10B5FFF7E8FF5D
:20E3200010BD7047704730B590F83820012A20D0012280F83820022380F8393003685C689A
:20E3400024F070045C6003685C680D682C435C6003689C6824F080049C6003689C68496887
:20E360000C439C6080F83920002180F83810084630BD022030BD10B5040003D094F83900F5
:20E3800010B107E0012010BD002084F83800204600F00CF8022084F83900211D206802F02A
:20E3A00005FB012084F83900002010BD00B51E4A01681E4885B0914222D1C16941F0020155
:20E3C000C161C069694600F0020004904FF4707000900020019002901548FEF721FA002238
:20E3E00011461D20FEF790FB1D20FEF782FB11484168114A21F0A0611143416005B000BD84
:20E40000B1F1804FFAD1C16941F00101C161C069002200F00100049011461C20FEF774FB7A
:20E420001C20FEF766FBE9E700040040001002400010014000000140000C00020168CA68A9
:20E4400042F00102CA600068016841F001010160002070470168CA6822F00102CA600068DF
:20E46000016A41F21112114207D1016A9210114203D1016821F001010160002070470000C8
:20E480002DE9F05F5B4E0446007EDFF86CB1A6F10C054FF0000A06F1080706F1100805F1B6
:20E4A0000409012820D1EA7812B399F803108A4217D12068406BF880F288801A4F4A80B22C
:20E4C0005143B1FBF0F1A8F80600CBF80C10311F204681F803A0002100F092F82046FFF7CD
:20E4E000B9FFE878401CE870207E022804D025E02068406BF080F4E7AA781AB399F802109F
:20E500008A4218D12068806BB880B288801A3B4A80B25143B1FBF0F1A8F80400CBF8081070
:20E5200034492046091F81F802A0042100F068F82046FFF78FFFA878401CA870207E0428F8
:20E5400004D025E02068806BB080F4E76878E8B399F80110884218D12068C06B78807288EF
:20E56000801A264A80B25143B1FBF0F1A8F80200CBF804101F492046091F81F801A008218C
:20E5800000F03EF82046FFF765FF6878401C6870207E082823D1297839B399F800008142DE
:20E5A0001AD12168096C39803288891A134A89B2A8F800105043B0FBF1F1CBF800100D49CB
:20E5C0002046091F81F800A00C2100E009E000F017F82046FFF73EFF2878401C2870BDE8CD
:20E5E000F09F2068C06B7080CFE72068006C3080F2E70000EC020020A4300020001BB700E2
:20E6000010B50268044631B1042908D008291ED00C2908D11FE0D06820F0020002E0D0680A
:20E6200020F00400D0600022206802F0F1F92068016A41F21112114207D1016A921011423C
:20E6400003D1016821F001010160002010BDD06820F00800E6E7D06820F01000E2E770B5B9
:20E660000446006801694FF00005C943890715D4C168C943890711D4E91E016101202076EB
:20E68000206880698007204602D0FFF7F9FE04E000F098F8204600F096F825762068016988
:20E6A000C943490717D4C168C943490713D46FF004010161022020762068806910F4407FF5
:20E6C000204602D0FFF7DCFE04E000F07BF8204600F079F8257620680169C943090716D491
:20E6E000C168C943090712D46FF008010161042020762068C0698007204602D0FFF7C0FE47
:20E7000004E000F05FF8204600F05DF8257620680169C943C90617D4C168C943C90613D4E5
:20E720006FF010010161082020762068C06910F4407F204602D0FFF7A3FE04E000F042F8F8
:20E74000204600F040F8257620680169C943C90708D1C168C943C90704D1891E01612046A0
:20E7600000F032F820680169C943090609D4C168C943090605D46FF0800101612046FFF7DA
:20E78000D0FD20680169C943490609D4C168C943490605D46FF040010161204600F032F8A3
:20E7A00020680169C94389060BD4C168C943890607D46FF0200101612046BDE87040FFF7BB
:20E7C000B1BD70BD704770470B4A0168914209D10A4A0021116051609160D160084A117039
:20E7E0009170D1700068B0F1804F04D104480C380168491C0160704700040040A43000207C
:20E80000E8020020704710B504460068416921F0C0014161206B08B1FDF734FD606B08B1B5
:20E82000FDF730FD012084F83900002010BD704790F839007047000038B5044600680168BD
:20E84000C26811F0010F02F4807204D01AB1E16B41F00101E1630168C1F34002416901F039
:20E86000010122B119B1E26B42F00402E2630268C2F3800222B119B1E26B42F00202E26329
:20E880000268C2F3C00222B119B1E16B41F00801E1630168C068C1F3401100F0200019B1C0
:20E8A00010B1204602F032F920680168C068C1F3C01100F0800019B110B1204602F032FAF7
:20E8C00021680868CA68C0F3801002F04002012570B16AB1CA68204622F04002CA6094F892
:20E8E0003910322911D080F8395000BF00F0B4F9E06B002808D0206801684068009084F846
:20E9000039502046FFF793FF38BD222180F83910ECE770B5040004D094F83900002510B10C
:20E9200006E0012070BD84F83850204600F020F8022084F839002068C16821F40051C16022
:20E94000204602F037F92068016921F4904101612068416921F02A0141612068C16841F4FF
:20E960000051C160E563012084F83900002070BD10B500681D4986B0884235D11C488169D3
:20E9800041F004018161816901F004010491C16941F40031C161C16901F400310491816969
:20E9A00041F0010181618069124C00F00100049004200090022001900120029003200390A6
:20E9C00069462046FDF72CFF082000900020019069462046FDF724FF2620FEF78AF803228C
:20E9E00011462620FEF790F806B010BD0044004000100240000801402DE9F047044690F83C
:20EA0000390099460D46012801D0122858D12DB322B394F83800012852D0012684F838602F
:20EA20000027E76394F8390012281AD05FF0220084F83900A285E2854FF48058E08D4B46AF
:20EA4000401EE085A0684FF0000240454FF02001204616D102F099F9B0B904E00120BDE8E1
:20EA6000F0873220E4E7206900282068406803D0C1B225F8011B12E0C0F3080125F8021BBA
:20EA80000DE002F082F908B10320E8E7206900282068406801D000F07F0005F8010BE08DDA
:20EAA0000028CBD194F83900322805D084F8396084F838700020D2E7122084F83900F7E7C7
:20EAC0000220CCE770B5044690F83900012801D0122832D169B362B394F8380001282CD0E0
:20EAE000012084F83800A162A2850025E56394F8390012281FD0222084F83900636B10489F
:20EB00009862636B0F48D862636B0F48186308461346666B216802463046091DFDF7D0FD56
:20EB20002068416941F04001416184F83850002070BD012070BD3220DEE7022070BD00008A
:20EB4000450A01087B0A0108270A010830B50068194988421ED119484FF000030246418879
:20EB600012780C0423D54C0419D58C0413D5C1F30B04134D491C89B22A5541804478C1F3DA
:20EB80000B02A24202D141F480514180C1F30B01C7290AD830BD427041F4005103E0AA2A7C
:20EBA00003D141F48041418030BD438030BD552AFBD141F40041F6E7004400400C030020DC
:20EBC000243100207047000070B5044690F83900012801D0222836D181B37AB394F8380069
:20EBE000012830D0012084F838002162A284E2840025E56394F83900222822D05FF0120039
:20EC000084F83900236B11489862236B1048D862236B1048186326681346321D206BFDF728
:20EC20004FFD21686FF0400008602068416941F08001416184F83850002070BDFFE701201A
:20EC4000FBE73220DCE70220F7E70000850A0108B30A0108270A01087047704718B50446A0
:20EC600009486A460321006805F054F99DF8000020702E2060709DF80110A170E0709DF8E6
:20EC80000200207118BD0000FC7F0008FEE7000010B500F067FF0024E0B200F041FC641C26
:20ECA000102CF9DB164C207830B900F0F5FD207010B903F0A7FB2070FCF758FB00224FF456
:20ECC00000411048FDF78AFE21780F4C4FF0000011B1FCF787FB0120207004F08FF94FF049
:20ECE000FF300A4B0A4A0146FCF7FEF909490968814203D0BDE8104004F01ABB10BD000027
:20ED00008C0F0020001001408B000020007B01000084000800FF01080A4810B50849016063
:20ED200000218160C1604FF460224161C261416001210161FDF7DAF8002800D0FEE710BD91
:20ED4000002401403C2F00200D4808B5416941F0010141614069002200F00100009011468F
:20ED60000C20FDF7D1FE0C20FDF7C3FE002211460D20FDF7C9FEBDE808400D20FDF7B9BEDD
:20ED8000001002402DE9F04F754885B0816941F020018161816901F020010491816941F010
:20EDA00010018161816901F010010491816941F004018161816901F004010491816941F04D
:20EDC000080181618069002200F0080004904FF4D8416448FDF702FEDFF88CA100224FF44C
:20EDE00007415046FDF7FAFDDFF880B1002240F282315846FDF7F2FD4FF400470124CDE955
:20EE000000740225694650460395FDF709FD4FF44060CDE90004694603955248FDF700FD11
:20EE20004FF4E060CDE90004694603955046FDF7F7FC4FF46070CDE900046946039558461F
:20EE4000FDF7EEFC4FF4C040CDE90004694603954448FDF7E5FCCDE9005469465846039540
:20EE6000FDF7DEFC002278215846FDF7B7FD00224FF470713B48FDF7B1FDDFF8F4900122DA
:20EE800004214846FDF7AAFD4FF48058012241463448FDF7A3FD7820CDE900040326694625
:20EEA00003965846FDF7BCFC0420CDE90004694603964846FDF7B4FC4FF49E50CDE900042C
:20EEC000694603962748FDF7ABFC1120CDE9008069465846FDF7A4FC002241465846FDF75D
:20EEE0007DFD012239461F48FDF778FDCDE9007469461C480395FDF793FC1027CDE900746D
:20EF0000694650460396FDF78BFC00260095CDE9016469465046FDF783FCCDE9004669465F
:20EF200058460294FDF77CFC2020CDE90006694602940C48FDF774FC44F60440CDE90006FE
:20EF4000694602945846FDF76BFCCDE90074694604480395FDF764FC05B0BDE8F08F000089
:20EF6000001002400010014000080140000C0140001401400E4810B50C4901604FF48271FC
:20EF8000416000218160C1604FF400720161C0E905121822C0E90721416281620A21C162F7
:20EFA000FEF7DCFD002800D0FEE710BD003001406C2F00200F4810B50D4901604FF48271A4
:20EFC00041604FF4004181600021C1604FF400720161C0E905122022C0E907214162816279
:20EFE0000A21C162FEF7BAFD002800D0FEE710BD00380040C42F00201CB50C484FF08041BD
:20F00000002401603F21C0E9011440F26541C160FFF7B1F900B1FEE70094694603480194FB
:20F02000FFF781F9002800D0FEE71CBD5830002010B500220849094802F036F908490748B8
:20F0400002F01BFB0749054801F070FFBDE81040024802F05FBB0000A8020020A0260020B0
:20F060000400002098020020FEE770470907090E002806DA00F00F0000F1E02080F8141D4E
:20F08000704700F1E02080F8001470472DE9FC5F4FF000080446ADF80480ADF8008048F6F7
:20F0A0000F7B4FF002094FF4806692E1BDF8041011F00F072BD030F82710ADF80010BDF83C
:20F0C0000010090478D530F8272040F68F710A4020F8272004EB471595F8120205F502751B
:20F0E0000028206869D0297830F8212052047DD5B0F8503009EBC101194406EB4101415A6C
:20F10000C1F309015FEA010A71D0EA88D0E0BDF80410C9062AD4018801EA0B01018020685B
:20F1200004F12805B0F850202B7809EBC301114406EB4101405AC0F309006064E16B084400
:20F14000E06300212046FDF73EFD94F824000028ABD0A8690028A8D194F82400216840F048
:20F160008000A1F84C0084F8248032E1018804F50275ADF80010BDF8001009051ED5B0F8DB
:20F1800050302978062202EBC101194406EB4101405A04F57B71C0F30903EB61AA882068A3
:20F1A00002F0DCFE2068018840F68F72114001802046FDF714FF0CE1A0E055E0BDF8001095
:20F1C0000904D2D5028840F68F710A4002802068B0F850302978062202EBC101194406EB79
:20F1E0004101405A83059B0DEB6101E051E063E008D0AA886969206802F0B0FEE96968693B
:20F200000844686100212046FDF7E4FC2068B0F85010891D06EB4101014428693E280CD9F4
:20F22000C0F34F12C00601D1521E92B24FF6FF7000EA822040F4004009E0C0F34F02C00706
:20F2400001D0521C92B24FF6FF7000EA82200860216808884BF68F72104080F4405048F29A
:20F26000800210430880B4E0B0F850202B78062101EBC301114406EB4101415AC1F309012A
:20F280005FEA010A24D0AA885346696902F066FE1EE0B0F85020062303EBC101114406EBFE
:20F2A0004101415AC1F309015FEA010A04D02A895346696902F052FE2978206830F8213089
:20F2C00048F68F72134048F2C002134320F82130E96901EB0A00E861696901EB0A026A61BB
:20F2E000AB6913B12869504504D929782046FDF771FC03E029782046FDF7DAFCBDF8000062
:20F30000000666D5206804EB471530F8271001EA0B0120F8271095F8320028350028206868
:20F3200012D0297830F82120B0F8503052061ED509EBC101194406EB4101405A83059B0D5E
:20F34000EB6124D0EA881EE0B0F850302A7809EBC201194406EB4101405A83059B0DEB61D6
:20F3600021D0AA886969206802F00FFE1BE0062202EBC101194406EB4101405A83059B0DE5
:20F38000EB6104D02A896969206802F0FEFD2978206830F8212048F68F731A404CF2800366
:20F3A0001A4320F821202068B0F850202B7809EBC301114406EB4101405AC0F30900E86175
:20F3C00069690A186A612978AB69204663B1FDF7BAFC2068B0F84410ADF8041009043FF517
:20F3E00065AE0020BDE8FC9FFDF7EDFBF1E7FDF79BBE00000EB50A48C16941F08051C16136
:20F40000C06900F080500290C02000904FF0011001906846FDF716FEFDF752FE0EBD00005B
:20F42000001002407047000030B50B4A0020094C13780146082265186D7835B903FA01F5D5
:20F440002D0702D522FA01F52843491CC9B20429F1D330BD8C0F00208E00002070B50024B4
:20F4600003F0CCFF16490020144B097808221D186D7835B901FA00F52D0702D522FA00F531
:20F480002C43401CC0B20428F1D30E48008800EB001202EB40100C4A02EB8000B0F8440078
:20F4A000000507D58C4201D1002100E001219620F9F716FABDE8704004F0D6BC8C0F00205C
:20F4C0008E000020920000204C03002070B504460D46164603F0A2F8002210210D48FDF716
:20F4E0007DFA03200C490870200C4870200A8870CC700A2304220948FEF7FEFC0A2332462B
:20F5000029460648FEF702FC012210210148FDF765FA70BD00080140140200206C2F0020E4
:20F520002DE9F04780460026D0E04FF41C1101EB483106EB061201EB42404FF48072D14947
:20F54000FFF7C4FFFF2500241BE0CE48015D04F18000CC4A105C814202D08821CA4881551E
:20F56000C848005DFF2804D0FF2D02D08821C6488155C448005D10B1FF2D00D12546601C8A
:20F5800084B2802CE1DBFF2D02D18821BE4881554FF00009002411E0BA48405D00F001005C
:20F5A00048B909F1010000F0FF09B648405D4010B449485500E003E0601C84B2082CEBDB63
:20F5C00000BF2846E91705EB91718910A5EB8101490301EB89211FFA81FA4FF4241101EB87
:20F5E000484106EB061201EB424101EB0A004FF48062A449FFF76AFF4FF4261101EB4841B4
:20F6000006EB061201EB424101EB0A004FF480629E49FFF75BFF4FF6FF7700241FE0994861
:20F62000015D04F58060974A105C814202D08821954881559348005DFF2806D04FF6FF706C
:20F64000874202D08821904881558E48005D20B14FF6FF70874200D12746601C84B2B4F59E
:20F66000806FDCDB4FF6FF70874202D18821864881554FF00009002411E08248C05D00F013
:20F68000010048B909F1010000F0FF097D48C05D40107C49C85500E003E0601C84B2082CB8
:20F6A000EBDB00BF2846E91705EB91718910890401EBCA0101EBC701494408EB8802744B0B
:20F6C00003EBC20242F82610701CC6B2042EFFF62CAF0026D1E06F4901EB483106EB061205
:20F6E00001EB42404FF480726649FFF7EFFEFF2500241BE06348015D04F18000614A105CFD
:20F70000814202D08821604881555E48005DFF2804D0FF2D02D088215B4881555948005D11
:20F7200010B1FF2D00D12546601C84B2802CE1DBFF2D02D18821544881554FF00009002400
:20F7400011E05048405D00F0010048B909F1010000F0FF094B48405D40104A49485500E00E
:20F7600003E0601C84B2082CEBDB00BF2846E91705EB91718910A5EB8101490301EB89214E
:20F780001FFA81FA4FF4281101EB484106EB061201EB424101EB0A004FF480623949FFF7D9
:20F7A00095FE4FF42A1101EB484106EB061201EB424101EB0A004FF480623449FFF786FE39
:20F7C0004FF6FF7700241FE02E48015D04F580602C4A105C814202D088212B4881552948C4
:20F7E000005DFF2806D04FF6FF70874202D08821254881552348005D20B14FF6FF7087425E
:20F8000000D12746601C84B2B4F5806FDCDB4FF6FF70874202D188211B4881554FF000092F
:20F82000002411E01748C05D00F0010048B909F1010000F0FF091348C05D40101149C85513
:20F8400000E003E0601C84B2082CEBDB00BF2846E91705EB91718910890401EBCA0101EB51
:20F86000C70101EB090208EB8801094B03EBC101103141F82620701CC6B2042EFFF62BAF84
:20F88000BDE8F0873C1200208D0F00203C160020A00F002000102700F0B58F48008800EBBB
:20F8A00080008E4D55F830008B4D2D8805EB85058A4E06EBC5056D682844874D2D8805EB1C
:20F8C000850506EBC505AD682844834D2D8805EB850506EBC505ED6844197F48008800EBBC
:20F8E000001505EB40107E4D05EB8000807B0A287FD17948008800EB001505EB4010784DAD
:20F9000005EB8000B0F84C2000237348008800EB001505EB4010724D05EB8000B0F84E0098
:20F920000004821843F100036B48008800EB001505EB40106A4D05EB8000B0F85000121C2A
:20F9400043416548008800EB001505EB4010644D05EB8000B0F85200121C43EB00435E484E
:20F96000008800EB001505EB40105D4D05EB800090F964004FEAE0764FF00007A0FB045CE8
:20F9800006FB04C600FB0760AA184341524D2D8805EB051606EB4515514E06EB8505A5F893
:20F9A0005C20100C40EA034085B24B48008800EB001606EB40104A4E06EB8000A0F85E505F
:20F9C0004548008800EB001606EB4010444E06EB8000A0F860301D0C3F48008800EB00166C
:20F9E00006EB40103E4E06EB8000A0F8625071E0FFE73948008800EB001505EB4010384D7A
:20FA000005EB800090F84C103348008800EB001505EB4010324D05EB800090F84E0001EB9E
:20FA200000212D48008800EB001505EB40102C4D05EB800090F8500001EB00412648008884
:20FA400000EB001505EB4010254D05EB800090F8520001EB00612048008800EB001505EB7D
:20FA600040101F4D05EB800090F9640000FB0411C8B2194D2D8805EB051606EB4515184E0C
:20FA800006EB8505A5F85C00C1F307251248008800EB001606EB4010114E06EB8000A0F886
:20FAA0005E50C1F307450C48008800EB001606EB40100B4E06EB8000A0F86050080E064DFF
:20FAC0002D8805EB051606EB4515054E06EB8505A5F862000020F0BD92000020A00F002000
:20FAE0004C0300207CB504460D464B20019000200090002210211948FCF770FF4FF47A73D7
:20FB0000012201A91648FEF7F7F94FF47A73012269461348FEF7F0F94FF47A730122694698
:20FB20000F48FEF7E9F94FF47A73012269460C48FEF7E2F94FF47A73012269460848FEF72A
:20FB4000DBF94FF47A732A4621460548FEF7DEF8012210210148FCF741FF7CBD0008014060
:20FB6000C42F002010B5002418E004EB041202EB4412314B03EB8201220302F58030C422AA
:20FB8000FFF7A4FC2D4A02EB4401220302F58030C6300222FFF79AFC601CC4B2102CE4DBC7
:20FBA000022227490020FFF791FC25480088102802DB0020224908802148008800EB001104
:20FBC00001EB40101C4901EB800090F8BC00BB2810D01B48008800EB001101EB401016498F
:20FBE00001EB800090F8C000164908700846007815490870042215499002FFF767FC134814
:20FC00000068401C28B90020104908601049087011E00E4800680D490968C1F3074181EAB0
:20FC200010600A490988C1F3072148400749097848400749087010BD4C030020F40100209A
:20FC4000920000208D0000208E000020680200205902002010B5002448E000202549098862
:20FC600001EB8101244A02EBC10141F8240000212048008800EB800002EBC000103040F8FB
:20FC800024101C4800884FF41C1202EB403004EB041200EB42410020FBF796FC154800887A
:20FCA000164A02EB403004EB041200EB42410020FBF78AFC0F4800884FF4241202EB4040B7
:20FCC00004EB041200EB42410120FBF77DFC094800884FF4281202EB404004EB041200EB72
:20FCE00042410120FBF770FC601CC4B2042CB4DB10BD000092000020A00F002000102700CC
:20FD0000012070472DE9F0471D4690460E460446FCF76AFE07465FEA08004FF000084FF464
:20FD2000005A4FF0010926D034E0681C23D025B1FCF75AFEC01BA8421DD92068416821F081
:20FD4000E00141602068016821F040010160A06A504509D12068016821F4005101602068C4
:20FD6000016841F40051016084F8519084F850800320BDE8F0872068806836EA0000D4D116
:20FD80000DE0681C06D0002DD7D0FCF72DFEC01BA842D2D82068806836EA0000F1D000204A
:20FDA000E7E7000070B504460D46164602F036FC02F084FC002210210E48FCF70FFE0220F6
:20FDC0000D490870200C4870200A8870CC704FF47A7304220948FEF78FF84FF47A73324648
:20FDE00029460648FEF788F8012210210148FCF7F5FD70BD00080140140200206C2F0020E8
:20FE00007047000010B5002449E026480078A04000F00800002841D02348005D98B923489E
:20FE2000008800EB8000224901EBC00050F82400401C1E49098801EB81011D4A02EBC10174
:20FE400041F8240014E01948008800EB8000184901EBC000103050F82400401C13490988FB
:20FE600001EB8101124A02EBC101103141F824000D48005D48B9E0B202F09AF80A48005DF3
:20FE800060B101200B49087008E0E0B202F090F80548005D10B1012006490870641C042C6D
:20FEA000B3DB10BD8E0000208D0F002092000020A00F00208B0000202DE9F047ADF5016DF4
:20FEC00006460F464FF00008002500207F49087030788DF80C0070788DF80D00B0788DF855
:20FEE0000E00F0788DF80F00802204A94FF44050FFF7ECFA002416E004A8005D10B104F022
:20FF0000FF0812E07F2C0CD104A8005D48B94FF440510020FBF758FB4FF400510020FBF777
:20FF200053FB601C84B2802CE6DB00BF002412E004A810F8080000F0010018B104EBC80052
:20FF4000C5B20AE004A810F80800401004A901F80800601C84B2082CEADB00BF04225C4951
:20FF60009002FFF7B3FA002451E0E11704EB91518912A4EB812139B904F500504FF4806202
:20FF80000DF58261FFF7A2FA9DF80C000DF58261095D884236D19DF80D100DF58262601C19
:20FFA000105C81422ED19DF80E10A01C105C814228D19DF80F10E01C105C814222D1104654
:20FFC000005D38701146601C085C7870A01C085CB870E01C085CF8700420C0EB8500A042B7
:20FFE0000CD13B4800683B490968884206D10120364908700DF5016DBDE8F0870220334961
:020000040801F1
:200000000870F7E7002031490870201D84B2B4EB850FAADB2D480078F0BB2846E91705EB57
:200020005171C910A5EBC10201219140C9B202919DF80800C043C0B202902846E91705EBCF
:200040005171C910A5EBC102FF2191409DF8082001EA0209AA46E91705EB5171C91001F59D
:200060004050012202A902F003FBE91705EB5171C91001F54050012201A9FFF727FA9DF8A8
:200080000400814520D14FF4005101EB8500042203A902F0EDFA00E016E04FF4005101EB9F
:2000A000850004223946FFF711FA4FF480510020FBF78AFA04220749900202F0D9FA042278
:2000C00004499002FFF702FA002093E758020020740200206802002070B5FE49B1F81411E1
:2000E00001EB011202EB4111FB4A02EB8100C421F8F733FA00240FE0F6481430005DF549DE
:20010000B1F8141101EB011202EB4111F24A02EB81010855601CC4B20E2CEDDBED4890F81A
:200120002200EC49B1F8141101EB011202EB4111E94A02EB81018873E64890F82300E549B8
:20014000B1F8141101EB011202EB4111E24A02EB8101C873DF4890F82400DE49B1F81411F5
:2001600001EB011202EB4111DB4A02EB81010874D84890F82500D749B1F8141101EB011277
:2001800002EB4111D44A02EB81014874D148D0F82600D049B1F8141101EB011202EB4111AB
:2001A000CD4A02EB81014861CA48408DC949B1F8141101EB011202EB4111C74A02EB810193
:2001C0000883C448808DC349B1F8141101EB011202EB4111C04A02EB81014883BD48B0F872
:2001E000140100EB001101EB4010114601EB8001B848D0E90E35426B006CC1E90A354A6244
:200200000863002412E004F13000B2491431095CB048B0F8140100EB001202EB4010AE4AAC
:2002200002EB800034300155601CC4B2102CEADBA848B0F85400A749B1F8141101EB0112FB
:2002400002EB4111A44A02EB8101A1F86600A148B0F856009F49B1F8141101EB011202EB7A
:2002600041119D4A02EB8101A1F868009948B0F858009849B1F8141101EB011202EB411107
:20028000954A02EB8101A1F86A009248B0F85A009049B1F8141101EB011202EB41118E4A74
:2002A00002EB8101A1F86C008A48B0F85C008949B1F8141101EB011202EB4111864A02EB59
:2002C0008101A1F86E008348B0F85E008149B1F8141101EB011202EB41117F4A02EB8101B6
:2002E000A1F870007B48B0F860007A49B1F8141101EB011202EB4111774A02EB8101A1F892
:200300004400744890F862007249B1F8141101EB011202EB4111704A02EB810181F8460044
:200320006C48D0F863006B49B1F8141101EB011202EB4111684A02EB81018864002437E0D6
:200340006000533063491431095A6248B0F8140100EB001202EB40105F4A02EB80004C3033
:2003600020F8141060005B305A491431095A5948B0F8140100EB001202EB4010564A02EBE6
:200380008000543020F814106000633051491431095A5048B0F8140100EB001202EB401059
:2003A0004D4A02EB80005C3020F81410601CC4B2042CC5DB474890F87F0040B24549B1F8F0
:2003C000141101EB011202EB4111434A02EB810181F864003F48B0F880003E49B1F81411DD
:2003E00001EB011202EB41113B4A02EB810188833848B0F882003749B1F8141101EB0112C9
:2004000002EB4111344A02EB8101C8833148B0F884003049B1F8141101EB011202EB41113B
:200420002D4A02EB810108842A48B0F886002949B1F8141101EB011202EB4111264A02EBCF
:20044000810148842348D0F888002249B1F8141101EB011202EB41111F4A02EB8101886755
:200460001C48B0F88C001B49B1F8141101EB011202EB4111184A02EB8101A1F8720015483B
:20048000B0F88E001349B1F8141101EB011202EB4111114A02EB8101A1F874000D4890F80A
:2004A00090000C49B1F8141101EB011202EB4111094A02EB810181F8BC00064890F89100ED
:2004C0000449B1F8141101EB011202EB4111024A04E00000882500204C03002002EB8101E8
:2004E00081F8BD00484890F892004749B1F8141101EB011202EB4111444A02EB810181F80A
:20050000BE00414890F893003F49B1F8141101EB011202EB41113D4A02EB810181F8BF00B7
:20052000002011E000F18001374A1432525C3649B1F8141101EB011303EB4111334B03EBCA
:2005400081017C310A54401C4028EBDB2E4890F8D4002D49B1F8141101EB011202EB411130
:200560002A4A02EB810181F8C00000202649B1F81411274A22F811002348B0F814014FF4FB
:20058000803202EB00310020FBF71EF81E4AB2F8142102EB021303EB42121C4B03EB820100
:2005A000194AB2F814214FF4803303EB0230C42202F05EF81449B1F814114FF4803202EBA8
:2005C000013101F1C40002220F49103102F050F80D4AB2F814210E4B03EB42010A4AB2F87E
:2005E00014214FF4803303EB023202F1C600022202F03EF800210846FAF7E6FF02220549F2
:20060000002002F035F870BD882500204C030020F40100209C2600200125642002F0ADF8FA
:2006200094E04B48006808B1012DF9D14848006808B1012DF4D100204649087002F05EF986
:200640000025FF2000F088F8FF2000F0B1F8FA2002F093F800240DE0552000F07DF8FA2092
:2006600002F08BF8AA2000F077F8FA2002F085F8601CC4B2022CEFDBFF2000F06DF8FBF703
:200680002BF834490870084601780620FAF7AAFE3048007840B901F0B5FE2E4908700846F2
:2006A00001780120FAF79EFE2A48007840B901F01BFF28490870084601780220FAF792FED2
:2006C0002448007840B903F057FC22490870084601780320FAF786FE1E480078A0B9F8F78F
:2006E0007FF9002408E01B48401C005D18B104F130001849087001E0042CF4DB00BF154897
:2007000001780420FAF76EFE1248007818B1AA2000F022F802E0552000F01EF8FA2000F009
:2007200047F84FF4C87002F028F8F52000F040F84FF4C87002F021F8FF2000F039F84FF4A7
:20074000C87002F01AF8F02000F032F869E70000040121428C0F00202DE9F0410026134CF4
:200760000546B0460127280602D5C4F8A07101E0C4F8A0816806050E022002F01FF8C4F818
:20078000A871022002F01AF8C4F8A881022002F015F8761CF6B2082EE5D3C4F8A4710A20F1
:2007A00002F00CF8C4F8A481BDE8F081000021422DE9F0410026134C0546B0460127280686
:2007C00002D5C4F89C7101E0C4F89C816806050E022001F0F3FFC4F8A471022001F0EEFF68
:2007E000C4F8A481022001F0E9FF761CF6B2082EE5D3C4F8A0710A2001F0E0FFC4F8A08151
:20080000BDE8F081008021422DE9F0470025DFF85490154E04462F464FF00108200602D54B
:20082000C9F8B48101E0C9F8B4716006040E022001F0C4FFC6F88481022001F0BFFFC6F85B
:200840008471022001F0BAFF6D1CEDB2082DE5D34C46C9F8B8810A2001F0B0FFC4F8B87187
:20086000BDE8F087000022420080214200B50749098801EB011202EB4111054A02EB810183
:2008800091F8BD00F8F728FF00BD0000920000204C0300200C4810B5008800EB001101EB95
:2008A00040110A4800EB81004FF4805190F8BF200748012A00D00AB9FCF790F8BDE8104031
:2008C0000A2001F05ABF0000920000204C030020000C014010B5FCF78DF8BDE81040FDF750
:2008E0001CBD30B593B001210804CDE900100024029402250491CDE907504FF4E0100990B4
:200900006846FCF76BFE00B1FEE70F20CDE90A054FF48060CDE90C4002210AA80E94FCF7B4
:200920001FFD00B1FEE712200F904FF40040CDE911040FA8FCF77EFC00B1FEE74FF0E020ED
:20094000046113B030BD00000D48016841F00101016041680B4A1140416001680A4A114032
:200960000160016821F480210160416821F4FE0141604FF41F01816005490448086070473B
:20098000001002400000FFF8FFFFF6FE0084000808ED00E00148FDF762BE000058300020B6
:2009A0000148FDF75CBE00001C300020F0B50268144B154C154D4FF08047984205D0B84294
:2009C00003D0A04201D0A84203D122F070064A683243984205D0B84203D0A04201D0A8420B
:2009E00003D122F44074CA68224302608A68C2620A688262984201D10969016301214161AE
:200A0000F0BD0000002C0140000400400008004010B50123046A8B409C430462036A8A4092
:200A20001343036210BD10B5406A0021C185C184012180F83910C16B41F01001C163FDF7AA
:200A4000F6FE10BD10B50146406A0968096889060ED40021C18501684A6922F040024A614A
:200A600090F83910322906D05FF0010180F83910FEF76CF810BD1221F8E710B5406AFEF7C6
:200A8000A1F810BD10B50146406A0968096889060CD40021C18401684A6922F080024A6128
:200AA0000068C16841F04001C16010BDFEF7D4F810BD10B5406AFEF7D0F810BD114908B5A7
:200AC0004A6942F001024A61496901F0010100910D4901F1380211634A620860102048606B
:200AE00000208022C1E902020861486188615001C8610846FBF7F2FBBDE808400248FBF7BB
:200B0000B7BD000000100240EC31002010B590F83910222903D0322901D0022010BD81681A
:200B2000B1F5805F11D00169002901681FD0496801F07F03816A4A1C82620B70C18D491EDB
:200B40000904090CC18518D030E00269816A002A0268526805D0D2B20A80816A491C81627B
:200B6000ECE7C2F308020A80816A891CF7E74A68816A4B1C83620A70E0E70168CA6822F014
:200B80002002CA6090F83910322911D00168CA6822F48072CA6001684A6922F001024A6153
:200BA0005FF0010180F83910FDF7D0FF002010BD1221F7E72DE9F041044600680169E268B5
:200BC00021F44051114301612169A0680843616908432168CA6841F20C639A430243CA601E
:200BE00020684169A26921F44071114341614C4920686425322688423CD1FCF793FC00EBBA
:200C0000C00101EB001061688900B0FBF1F7FCF789FC00EBC00101EB00106168B0468900CA
:200C2000B0FBF1F0B0FBF5F06FF01801484307EB800106EB0110B0FBF5F000F0F006FCF7B7
:200C400071FC00EBC00101EB001061688900B0FBF1F0B0FBF5F006EB0016FCF763FC00EBCD
:200C6000C00101EB001061688900B0FBF1F7FCF759FC3BE0FCF73EFC00EBC00101EB00109A
:200C800061688900B0FBF1F7FCF734FC00EBC00101EB00106168B0468900B0FBF1F0B0FB25
:200CA000F5F06FF01801484307EB800106EB0110B0FBF5F000F0F006FCF71CFC00EBC001AA
:200CC00001EB001061688900B0FBF1F0B0FBF5F006EB0016FCF70EFC00EBC00101EB0010FE
:200CE00061688900B0FBF1F7FCF704FC00EBC00101EB001061688900B0FBF1F0B0FBF5F006
:200D00006FF01801484307EB800108EB0110B0FBF5F0216800F00F0030448860BDE8F081CF
:200D20000038014090F83910122903D0322901D0022070478168B1F5805F016A0BD04A1C3C
:200D40000262026809785160C18C491E0904090CC1840ED017E009880268C1F3080151603A
:200D600001690029016A02D0491C0162ECE7891CFBE70168CA6822F08002CA600068C16897
:200D800041F04001C160002070472DE9F0471D4690460E460446FBF727FE07465FEA080010
:200DA0004FF000094FF0010808D030E0681C05D095B1FBF719FEC01BA8420DD82068006879
:200DC00036EA0000F2D127E0681C20D025B1FBF70BFEC01BA8421AD92068C16821F08001E9
:200DE000C1602068C16821F02001C1602068C16821F48071C1602068416921F0010141610F
:200E000084F8398084F838900320BDE8F0872068006836EA0000D7D00020F6E710B5084851
:200E2000FDF70AFD0648FDF703FD0128FAD1012204490348FDF746FE0028F8D110BD0000D0
:200E4000243200200C030020D0F81802002180F850100846704770B5D0F818420546204615
:200E600003F0EEF8402322460221284600F037FB002070BD10B50446812100F03AFA0221D6
:200E8000204600F036FAD4F8180250B1D4F81C0204F5067480688047206800F041FD002003
:200EA0002060002010BD10B5D0F81842E16C012908D1D0F81C0223786178C26818469047D5
:200EC0000020E064002010BD2921018000487047400000200A210180004870477800002054
:200EE00070B50646002540230322812100F0E4FA402303220221304600F0DEFA542000F017
:200F000011FDC6F8180278B10446002084F85000D6F81C02406880474023224602213046CD
:200F200000F0DDFA284670BD0125FBE702460220002902D00020C2F81C12704770B50022DC
:200F40000D78D0F81832144615F0600526D0202D4CD14A78921E0A2A1CD2DFE802F0100871
:200F60001B1B1B1B1B140C05887818643EE0012203F1400131E04888000A586436E00122F3
:200F800003F1440129E00122DA648A79194600F053F82BE000F045F8022070BD4D78062D92
:200FA00004D00A2D1CD00B2D20D11DE04B882225B5EB132F07D1CA881D2A00D91D22D0F8C7
:200FC0001C120C6808E02125B5EB132F04D1CA88074C092A00D90922214600F047F805E033
:200FE000012203F14801F8E788789864002070BD6C00002010B5D0F8142252689047002069
:2010000010BD134610B50A46002100F068FA002010BD134610B50A46002100F00AFB002091
:2010200010BD10B50446802100F0DAFA2046BDE81040002100F0D4BA10B50323C0F80821A9
:20104000C0F8F431C0F80C2113460A46002100F046FA002010BD10B505210023C0F8F4111C
:201060001A46194600F03BFA002010BD10B502238261C0F8F431C26113460A46002100F018
:20108000D8FA002010BD10B504210023C0F8F4111A46194600F0CDFA002010BD10B50A464F
:2010A000024903A000F0DDF8004810BD3C2D0020437573746F6D2048494420436F6E666960
:2010C000670000001220088000487047C802002010B50A46024903A000F0C3F8004810BD43
:2010E0003C2D0020437573746F6D2048494420496E7465726661636500000000042008809A
:2011000000487047C402002010B50A46024903A000F0A7F8004810BD3C2D0020492D434FB2
:201120005245000010B50A46024903A000F099F8004810BD3C2D00204D43552050524F47B9
:2011400052414D4D455220315634000010B50A46024903A000F085F8004810BD3C2D0020E2
:2011600030303030303030303030314100000000F8B5044648880D46010A082954D2DFE8DA
:2011800001F05304091753534951D4F81012207C0A6819E0207C02260028D4F8140205D00F
:2011A000C16A68468847014646704AE0816AF8E7C1B2062926D2DFE801F0030A0F14191EDD
:2011C000D4F81012207C4A686946904718E0D4F81012207C8A68F7E7D4F81012207CCA683F
:2011E000F2E7D4F81012207C0A69EDE7D4F81012207C4A69E8E7D4F81012207C8A69E3E7F2
:2012000001461EE0C1B2D4F814026A46836B20469847F5E7207C38B9D4F81402416B6846AC
:201220008847EDE7207C20B129462046FFF7F9FEF8BDD4F81402016B6846884701460720EE
:201240004870BDF800000028F2D0EA88002AEFD0824200D90246ADF800202046FFF706FFD1
:20126000F8BD70B5002300281DD00446002502E06D1CEDB2641C2678002EF9D1022404EBB8
:2012800045041480CC545B1C0322CA5400245B1C06E0CA545B1CDAB28C54521CD3B2401CC6
:2012A0000278002AF5D170BD10B580B1D0F8143213B10023C0F8143209B1C0F810120121F8
:2012C00080F8FC11027000F0AFF8002010BD022010BD10B50024D0F82002FBF7A3FC30B15F
:2012E000012801D0022801D0022400E00124204610BD10B50024D0F82002FBF773FC30B186
:20130000012801D0022801D0022400E00124204610BD2DE9F0411746044641B1D4F81402B8
:2013200042698AB394F8FC01032842D043E0D4F8F411002504F11400022933D1D0E9026390
:201340009E4207D9F31A83609AB239462046FFF760FE12E04068B0FBF3F103FB1101A1B9C5
:20136000984212D3D4F8F81188420ED2002211462046FFF74EFEC4F8F85100231A46194627
:20138000204600F0ACF80DE012E0D4F81402C16829B194F8FC01032801D12046884720466E
:2013A000FFF759FE94F80002012804D184F8005201E0204690470020BDE8F08170B51546B2
:2013C000044641B1D4F8140282693AB394F8FC01032824D025E0D4F8F41104F58270032982
:2013E0001FD1D0E902218A420BD9531A83600846834200D303469AB229462046FFF701FEDC
:201400000FE0D4F81402016929B194F8FC01032801D1204688472046FFF735FE01E0204626
:201420009047002070BD000010B51A490446C1F81C04C0F820121848086008204860022099
:2014400088600320C86000208861C86108620846FBF71EFD08B1FAF7F7F80022D4F82002B9
:201460001823114604F50874FBF792FB5823002280212068FBF78CFB9823002281212068A0
:20148000FBF786FBD823002202212068FBF780FB002010BD1C290020005C00400A06D0F8DE
:2014A000200201F07F0100EB411002D590F82A00704790F80A02704770B51D4613460024CD
:2014C000D0F820022A46FBF7D1FB30B1012801D0022801D0022400E00124204670BD10B59B
:2014E0000024D0F82002FBF7E3FB30B1012801D0022801D0022400E00124204610BD70B5B5
:201500000022044640231146FFF7D6FF40252B46002280212046C4F81051FFF7CDFF0120DB
:20152000256284F8FC01D4F8180228B1D4F814022179426820469047002070BD90F8FD11A6
:2015400080F8FC110020704710B590F8FC11032904D1D0F81412C96901B18847002010BD46
:2015600001740020704710B50024D0F82002FBF722FD30B1012801D0022801D0022400E05F
:201580000124204610BD70B5044600F50270054600F05FF80120C4F8F401B4F80E02C4F841
:2015A000F80194F8080210F01F010AD001290DD0022910D000F08001204600F011F80020A0
:2015C00070BD2946204600F0AAF8F8E72946204600F08CF9F3E72946204600F019F9EEE7C8
:2015E00010B50024D0F82002FBF782FB30B1012801D0022801D0022400E00124204610BD75
:2016000010B50024D0F82002FBF7F0FC30B1012801D0022801D0022400E00124204610BDE5
:2016200090F8FC1180F8FD11042180F8FC110020704710B50024D0F82002FBF784FB30B1E9
:20164000012801D0022801D0022400E00124204610BD0A7802704A7842708A78CB7802EB9D
:20166000032242800A794B7902EB032282808A79C97902EB0121C18070470246002011B1B2
:20168000C2F8141270470220704710B5D0F8142202241AB11268904700B90024204610BDC5
:2016A00070B50E461A4D897804462970012928D894F8FC01022802D0032822D105E099B16A
:2016C0000320616084F8FC0109E091B1606888420AD0C1B22046FFF78DFC297861602046F6
:2016E000FFF7D3FF02280CD02046BDE87040FFF7CABC022084F8FC0120466160FFF77AFCB7
:20170000F2E731462046BDE87040FFF78ABC00000000002010B5FFF773FF002010BD2DE932
:20172000F0414B784FF000080125022642460A2B42D2DFE803F03B56414F41080541292696
:20174000FFF716FD61E004468888C0B9C888B0B9887800F07F0794F8FC0103280FD084F82E
:20176000FE7139462046FFF7FEFE2046FFF78BFC17B184F8FC6148E084F8FC5145E0204623
:201780001AE0FFF78DFF40E0CB88012B14D190F8FC31022B02D0032B0ED104E0826001229F
:2017A00000F1080113E00122011D10E090F8FC31022B04D0032B02D0FFF733FC25E0C26009
:2017C000D0F8041201B1C660022200F10C01FFF74DFC1AE004464888012816D1C4F80452BC
:2017E0000BE0044690F8FC01022801D00328C6D14888012809D1C4F80422D4F814028268F1
:20180000204690472046FFF73EFC4046BDE8F08170B50D460446287800260979C0F341104B
:20182000012806D06878A0B301281FD003283FD107E0D4F8140229468268204690470020A4
:2018400070BD94F8FC01022817D003282CD1688828B921B1802902D02046FFF7C1FED4F894
:201860001402294682682046904713E094F8FC01022802D0032817D103E0C9B180291BD13F
:2018800016E06888A0B9480604D02046FFF721FDE5E703E02046FFF7F6FB09E094F8FC01FF
:2018A000022807D003280BD029462046FFF7B9FB304670BD4806FBD02046FFF791FEF7E71D
:2018C000080601F07F0004EB001501D5143501E005F582752046FFF7E1FD00B10120286001
:2018E000022229462046FFF7C1FBE1E770B5054690F8FC010C4603280DD1207901280AD881
:20190000D5F81402826828469047E08830B92846FFF7B9FB02E02846FFF783FB002070BD3B
:201920007047000000487047C42800202DE9F047CC780A7848F68F1334B1012C6DD0022C75
:2019400008D0032C13D10BE030F822401C4044F400730AE030F822401C4020F8224006E0F0
:2019600030F822401C4044F4C06320F822300C7830F8245048F68F72154048F280031D43EB
:20198000254320F824508D7A48F6BF7904274BF68F7A48F2C0044CF28006EDB30D7830F852
:2019A00025C048F280180CEA020C4CEA080C20F825C0CD88B0F850C025F0010591F80080F4
:2019C0000CEBC80C00EB4C0CCCF800540D89B0F850C025F0010591F8008007EBC807674403
:2019E00000EB4707C7F800544D78002D0D7830F825704FEA47477DD0002F05DA30F8257088
:201A00001740374320F825700D7830F825707F0608D530F8257001E024E01DE01740274344
:201A200020F825700C7830F824501540354320F824500C7830F8242002EA09021A4320F824
:201A400024200A7830F8221001EA0A01194320F822100020BDE8F08730F822401C4044F470
:201A6000806382E74D78F5B18D88B0F8506025F001050F7806EBC70600EB4606C6F8005499
:201A80000D7830F82560760605D530F825601640264320F825600A7830F8221001EA0901E4
:201AA00081F02001D2E78C88B0F8505024F0010491F800C007EBCC073D4400EB4505C5F8E5
:201AC0000044B0F850400D78062707EBC5052C4400EB44070C694FF6FF7C07F580673E2CF4
:201AE0000CD9C4F34F15E40601D16D1EADB20CEA852400E01EE044F4004407E0C4F34F0555
:201B0000E40701D06D1CADB20CEA85243C600C7830F824506D0405D530F824501540354312
:201B200020F824500A7830F8221001EA0A0181F440518BE7002F05DA30F825701740374333
:201B400020F825700D7830F82560760605D530F825601640264320F825600E7830F8265023
:201B60001540254320F826500C7830F8242002EA0A0282F440521A4320F824200A7830F8C7
:201B8000221001EA090161E7002070472DE9F04391F80A8091F801C00A7848F6BF774BF622
:201BA0008F7948F2800348F2C0054CF2800648F68F74B8F1000F2ED0BCF1000F30F822C0E0
:201BC0004FEA4C4C4ED0BCF1000F07DA30F822C00CEA040C4CEA060C20F822C00A7830F87D
:201BE00022C05FEA4C6C07D530F822C00CEA040C4CEA050C20F822C00A7830F82250254054
:201C0000354320F822500C7830F824203A401A4320F824201BE0BCF1000F0ED030F8226060
:201C2000760605D530F8226026402E4320F822600A7830F8221039400EE030F822506D04E5
:201C400005D530F822502540354320F822500A7830F8221001EA0901194320F82210002012
:201C6000BDE8F083BCF1000F07DA30F822C00CEA040C4CEA060C20F822C00A7830F8226031
:201C8000760605D530F8226026402E4320F822600E7830F8262022402A4320F826200C782E
:201CA00030F8242002EA09021A4320F82420BFE70020704700207047012120F8401F0021FA
:201CC0000180818001820846704730F8401F21F43D410180002070470020704730B54D7807
:201CE0000A78002D48F68F7430F8225048F2800312D06D0607D530F82250254048F2C0046F
:201D0000254320F822500A7830F8221048F6BF74214081F0300111E06D0407D530F82250A9
:201D200025404CF28004254320F822500A7830F822104BF68F74214081F44051194320F88F
:201D40002210002030BD10B50A7848F2800352B14978002930F8221010D048F6BF74214047
:201D600081F010010FE001884BF6BF72114081F4805181F010011943018007E04BF68F74D6
:201D8000214081F48051194320F82210002010BD2DE9F0410D460646896995F801C00023C0
:201DA000AA7A022728690C4648F28008BCF1010F05D0814252D90446081AA8614FE081424A
:201DC00003D90446081AA86100E0AB617AB1287836F820104906B6F8501007EBC000084442
:201DE00006EB4000C0F8004412D52A8911E0A3B2AA883046696900F0C8F8B6F8500029780D
:201E000007EBC101084406EB4000C0F800441CE0EA88A3B23046696900F0B7F8687848F6CD
:201E20008F7110B1012807D00FE0287836F820200A4048F2C00105E0287836F820200A4062
:201E40004CF280010A4326F82020297836F8210048F6BF72104080F0300067E0AB6106234D
:201E60004FF6FF701AB1BCF1000F1BD056E0B6F850102A783E2C03EBC202114406EB4102B1
:201E800002F5806239D9C4F34F11E30632D000BF00EA812040F4004002E000BF00EA81206B
:201EA00010603BE0B6F850102A783E2C07EBC202114406EB410202F580620BD9C4F34F116A
:201EC0005FEAC46C01D1491E89B200EA812141F4004108E0C4F34F015FEAC47C01D0491C65
:201EE00089B200EA8121116069780029BFD001290AD013E0491E89B2CAE7C4F34F01E307D6
:201F0000CCD0491C89B2C9E7B6F85000297807EBC101084406EB4000C0F80044297836F83A
:201F200021004BF68F72104080F4405040EA080026F821000020BDE8F08130F8401F41F487
:201F40003D410180002070470148FAF71BBF00001C290020B0F84400704700005B1C00EB2D
:201F600042005B0800F5806006D000BF30F8042B21F8022B5B1EF9D170470020704711B91A
:201F80008021A0F84C100020704710B55B1C00EB42005B0800F5806009D011F8012B5B1EAD
:201FA00011F8014B42EA042220F8042BF5D110BD2DE9FC410446FE48008800EB8000FD4984
:201FC00001EBC00050F8240000287CD0F848008800EB800001EBC00050F82400401EC0F319
:201FE000CE05F348008800EB800001EBC00010F82400401E00F007060120B040C043C0B227
:202000000190FF20B0409DF8041000EA0107E84909884FF4241202EB414104EB041201EBEA
:2020200042414819012201A900F022FBE04909884FF4241202EB414104EB041201EB4241CC
:20204000481901226946FDF741FA9DF80000B84202D08821D8480155D54909884FF4261274
:2020600002EB414104EB041201EB42414819012201A900F0FDFACE4909884FF4261202EB58
:20208000414104EB041201EB4241481901226946FDF71CFA9DF80000B84202D08821C648F5
:2020A0000155C348008800EB8000C24901EBC00030F82400C0F30C00002804D1BC48008881
:2020C00000EB800000E07CE001EBC00050F82400401E050CB648008800EB800001EBC00035
:2020E00030F82400401EC0F342360120B040C043C0B20190FF20B0409DF8041000EA01074A
:20210000AB4909884FF41C1202EB413104EB041201EB42414819012201A900F0A9FAA44948
:2021200009884FF41C1202EB413104EB041201EB4241481901226946FDF7C8F99DF800004D
:20214000B84202D088219C480155994909889B4A02EB413104EB041201EB42414819012221
:2021600001A900F085FA92490988944A02EB413104EB041201EB4241481901226946FDF702
:20218000A5F99DF80000B84202D088218A4801558748008800EB8000864901EBC00050F8EA
:2021A0002400C0F3110060B9814800884FF4241202EB404004EB041200EB42410120F9F763
:2021C00003FA7B48008800EB80007A4901EBC000103050F8240000287DD07548008800EB8C
:2021E000800001EBC000103050F82400401EC0F3CE056F48008800EB800001EBC00010308D
:2022000010F82400401E00F007060120B040C043C0B20190FF20B0409DF8041000EA010776
:20222000634909884FF4281202EB414104EB041201EB42414819012201A900F019FA5C492B
:2022400009884FF4281202EB414104EB041201EB4241481901226946FDF738F99DF80000A0
:20226000B84202D0882154480155514909884FF42A1202EB414104EB041201EB4241481909
:20228000012201A900F0F4F9494909884FF42A1202EB414104EB041201EB4241481901228B
:2022A0006946FDF713F99DF80000B84202D08821414801553E48008800EB80003D4901EB9B
:2022C000C000103030F82400C0F30C00002802D13748008800E08DE000EB800001EBC0008D
:2022E000103050F82400401E050C3148008800EB800001EBC000103030F82400401EC0F30E
:2023000042360120B040C043C0B20190FF20B0409DF8041000EA010725490988284A02EB26
:20232000413104EB041201EB42414819012201A900F09EF91E490988214A02EB413104EB51
:20234000041201EB4241481901226946FDF7BEF89DF80000B84202D08821174801551449FF
:202360000988174A803202EB413104EB041201EB42414819012201A900F07AF90C4909886F
:202380000F4A803202EB413104EB041201EB4241481901226946FDF799F89DF80000B84218
:2023A00002D0882104480155014800880AE0000092000020A00F00208D0F00208000270061
:2023C0000010270000EB80000B4901EBC000103050F82400C0F3110060B9084800884FF4B7
:2023E000281202EB404004EB041200EB42410120F9F7EAF8BDE8FC81A00F0020920000202D
:20240000FEE7000070B53548F9F754FC0A203449086001204860052088603048F9F7AEFCFE
:2024200000224FF480512F48FAF7D8FA962000F0A4F92A48F9F7B4FE32212848F9F718FE0C
:202440002648F9F74FFD85B240F6E44105FB01F0C11700EB115109134FF6FF7202EA410427
:2024600041F29410844234DD41F25040844230DA012211031B48FAF7B1FA962000F07DF9C9
:202480001648F9F78DFE32211448F9F7F1FD1348F9F728FD85B240F6E44105FB01F0C1170B
:2024A00000EB115109134FF6FF7202EA410400224FF480510B48FAF791FA962000F05DF9CB
:2024C000B4F5616F03DC40F6B830844203DA102070BD1120FCE70020FAE700003C2F0020E6
:2024E0007C250020000C01402DE9F04186B02646700001F071FC0546434B0FCB8DE80F00E0
:2025000000224FF480514148FAF768FA962000F034F90F203E4908700020FEF775F93220D3
:2025200000F02BF93A480078F6F72CFA07093846FEF76AF9962000F020F900245CE03548F8
:20254000F9F7B8FB5DF824003349086001204860052088602F48F9F711FC2E48F9F720FEAD
:2025600032212C48F9F784FD2A48F9F7BBFC25F8140035F8141040F6E44201FB02F0C11766
:2025800000EB115109134FF6FF7202EA410104AA22F8141004A830F8140041F2504188428C
:2025A00006DC04A830F8140041F29411884221DA0020FEF729F91E2000F0DFF814480078A4
:2025C000F6F7E0F900F0F0084046FEF71DF9142000F0D3F80020FEF717F900200C490870BB
:2025E00004F12000C7B2284601F090F8384606B0BDE8F081601CC4B2042CA0DB284601F020
:2026000085F80020F3E70000AC480108000C01408E0000203C2F00207C2500201CB5FF200F
:20262000019005200090002210210F48FAF7D6F90DE04FF47A73012269460C48FBF75CFC5D
:202640004FF47A73012201A90848FBF75FFB9DF8040000F001000028EBD1012210210248D5
:20266000FAF7BCF91CBD0000000801406C2F00202DE9F04781468A461546C846FFF7CEFFC7
:2026800000F01CF8002414E008F0FF0080F0FF00461C281BB04201DD374601E0281B87B269
:2026A0000AEB04013A464046FDF77CFBE01984B2B844AC42E8DBBDE8F087000008B50620D4
:2026C0000090002210210848FAF788F94FF47A73012269460548FBF70FFC0122102102486B
:2026E000FAF77CF908BD0000000801406C2F002002E008C8121F08C1002AFAD1704770479C
:20270000002001E001C1121F002AFBD1704770B54FF6FC71B0B1012813D12923020201F092
:202720001DF8002500240020F6F78AF8641CA4B2FF2CF8D90A2000F041F86D1CADB2292D49
:20274000F0D370BD0C23C022012001F007F8002400250020F6F774F86D1CADB2C02DF8D305
:202760000A2000F02BF8641CA4B20C2CF0D370BD10B500F001F810BD704741F672710B4681
:2027800003E0491E89B2FCD21946401EF9D2704742F2283148434FF0E0214861002088619D
:2027A000086940F001000861012008610A69D203FBD5086920F0010008617047A8B100EB86
:2027C000C0014FF0E0200839416100218161016941F001010161012101610269D203FBD580
:2027E000016921F001010161704700BF00BF00BF00BF00BF00BF00BF00BF00BF00BF00BF0E
:2028000000BF00BF00BF00BF00BF00BF704700002DE9F04107461D4614460E463020F5F7A6
:20282000F5FFF020F5F7F2FF2846F6F709F8102D02D0112D0BD104E0761F0223B1B2082207
:2028400002E0022308223146384600F087FF202C02D3203CE0B200E000200A49002501EB69
:202860000016002404EBC500305CF5F7E9FF641CA4B2082CF6D36D1CADB2022DF1D3BDE8B7
:20288000F0810000484D010870B5054616460C463020F5F7BBFFF020F5F7B8FF1020F5F746
:2028A000CFFF641FA1B202231022284600F056FF002500243078F5F7C3FF641CE4B2761C23
:2028C000102CF7D36D1CEDB2022DF2D370BD2DE9F04798461646894605460024089F08E055
:2028E000325D434649462846FFF792FF0835ADB2641CBC42F4DBBDE8F087000010B50FA1C2
:202900008AB00FC901AC84E80F0010A305AC0FCB84E80F000020FFF7FAFE1024234601AA6E
:20292000032120200094FFF7D2FF102305AA052120200094FFF7CBFF0AB010BD2020202035
:202940004175746F546573742020202020506C656173652057616974696E67207FB513A248
:202960000C46054607CA01AB83E8070013481249008831F8101061B900EB001101EB4010F2
:202980000F4902AA01EB80000421B0F8720001F0A7FA01A8F5F7ECFDC0B20090102301AA98
:2029A00021462846FFF793FF7FBD00004352433A2020202000000000F40100209200002025
:2029C0004C03002010B50FA18AB00FC901AC84E80F0010A305AC0FCB84E80F000020FFF70A
:2029E00096FE1024234601AA032120200094FFF76EFF102305AA052120200094FFF767FF68
:202A00000AB010BD20202020434845434B2049432020202020506C656173652057616974F6
:202A2000696E67200E4A117820B1012908D9491E117007E0032901D2491CF9E7012000E067
:202A4000032010701078012805D0022805D0032805D100F043B800F0D1BA00F083BB704702
:202A6000880000207FB517A201AB07CA83E8070001A8F5F77DFDC0B20090102301AA0321BF
:202A80000220FFF724FF134C1149208831F81010002916D100EB00110F4D01EB401005EBBD
:202AA0008000F5F765FDC0B200902088102300EB001101EB401005EB800203212820FFF75F
:202AC00006FF7FBD49433A202020202000000000F4010020920000204C03002010B54CA365
:202AE00094B00FCB07AC84E80F004DA11822D1E90001CDE90B014CA101A8F5F715FD50A061
:202B0000006811904FA0006812904FA0006813904E48016800200A2403E0B1FBF4F1401C9C
:202B2000C0B20029F9D1C01CC0B2C0F1100000EBD07107AA02EB610221F00101401A104433
:202B4000F8F784FD42480188002003E0B1FBF4F1401CC0B20029F9D1C01CC0B2C0F1060098
:202B600000EBD0710BAA02EB610221F00101401A1044FCF773F8102236490DA8F5F7D4FCE3
:202B80000020FFF7C4FD01A8F5F7F2FCC0B20090102301AA01210820FFF799FE12A8F5F77E
:202BA000E7FCC0B20090102312AA04210820FFF78EFE0520009010230BAA04213020FFF76A
:202BC00086FE13A8F5F7D4FCC0B20090102313AA07210820FFF77BFE102423460DAA0721CD
:202BE00030200094FFF773FE11A8F5F7C1FCC0B20090102311AA0A210820FFF768FE102356
:202C000007AA0A2120200094FFF761FE14B010BD202020202020202020202020202020201E
:202C2000202020202000000044453A2020492D5772697465722047414E472D340000000060
:202C400046573A0048573A0049433A00F8FF0108FC7F0008C0FF01087FB51FA201AB07CA41
:202C600083E8070001A8F5F783FCC0B20090102301AA05210220FFF72AFE1B4C1949208817
:202C800031F81010002926D100EB0011174D01EB401005EB80007C30F5F76AFC182801D3AD
:202CA00018200AE0208800EB001101EB401005EB80007C30F5F75CFCC0B2009020881023D5
:202CC00000EB001101EB401005EB8002052130207C32FFF7FCFD7FBD46696C653A202020E1
:202CE00020200000F4010020920000204C03002000B523A091B00FC80DF1040C8CE80F003D
:202D000023A10DF1140C0FC98CE80F0024A00DF1240C0FC88CE80F0025A30DF1340C0FCB4A
:202D20008CE80F0001A8F5F723FCC0B20090102301AA0B210220FFF7CAFD2148008800EB95
:202D4000001101EB40111F4800EB81000D2190F8BC00552807D0AA2809D0BB280ED11023EC
:202D60000DAA009106E0102305AA009102E0102309AA00910B215A20FFF7A9FD11B000BD99
:202D800050726F674D6F64653A202020000000004175746F202020202020202020000000C3
:202DA0004D616E75616C202020202020200000004D616368696E6520202020202000000060
:202DC000920000204C03002010B50FA18AB00FC901AC84E80F0010A305AC0FCB84E80F006A
:202DE0000020FFF794FC1024234601AA032120200094FFF76CFD102305AA052120200094B2
:202E0000FFF765FD0AB010BD20202050726F6772616D6D696E67202020506C656173652016
:202E200057616974696E672010B50FA18AB00FC901AC84E80F0010A305AC0FCB84E80F0037
:202E40000020FFF764FC1024234601AA032120200094FFF73CFD102305AA052120200094B1
:202E6000FFF735FD0AB010BD20202052656164696E6720495243202020506C6561736520B1
:202E800057616974696E672030B51AA20C46054687B007CA01AB83E8070019A01023006887
:202EA000049018A001AA006805900620009009210220FFF70CFD15481349028831F812009F
:202EC000002812D102EB0210114900EB421001EB8000022290F8BD004FF01003009230B1B7
:202EE00005AA21462846FFF7F2FC07B030BD04AAF7E7000053706565643A2020202000008F
:202F0000485300004C530000F4010020920000204C03002000B58FB01C2212A101A8F5F7C7
:202F200003FB1C2216A108A8F5F7FEFA0020FFF7EEFB01A8F5F71CFBC0B20090102301AA7F
:202F400004210220FFF7C3FC08A8F5F711FBC0B20090102308AA07210220FFF7B8FC0FB033
:202F600000BD00002020202020556E737461626C6520706F77657220202020202020000089
:202F8000202020506C6561736520636865636B2121212121212121212120000010B50FA17A
:202FA0008AB00FC901AC84E80F0010A305AC0FCB84E80F000020FFF7AAFB1024234601AA1B
:202FC000032120200094FFF782FC102305AA052120200094FFF77BFC0AB010BD2020202035
:202FE00020566572696679202020202020506C656173652057616974696E672010B500202A
:20300000FFF785FB0721022000F018F8FFF72AFD00F040FAFFF720FE07215A20FFF79EFC63
:20302000FFF766FE09213220FFF72EFF00F052FA0921BDE810409C2000F0D2BA70B50D468C
:203040003849064686B00FC901AC84E80F003648018801EB011000EB4112344800EB82033F
:2030600001AA987B0C2804D0314C34F8111089B323E0D87B0B2807D0588B002833F8660F79
:20308000998814D0084447E033F8660FD21C9988084480B2042100F023FF01A8F5F768FA5D
:2030A000C0B210230521009001AA02200EE0084480B20421D21C00F013FF01A8F5F758FA80
:2030C000C0B20090102301AA29463046FFF7FFFB06B070BDFFE733281AD1DC7B022C1DD0BA
:2030E000032C1BD0062C19D00F2C13D0132C11D0152C0FD0162C0DD0172C0BD01A2C09D0E1
:203100001D2C07D0202C05D0222C03D0232C01D0588B18B133F8660F1989C8E7B3F866007F
:20312000C7E700008C480108920000204C030020F401002008B50020FFF7E9FA1220009056
:20314000102303A204211820FFF7C1FB08BD0000504C454153452043484F4F534520464979
:203160004C4500002DE9F0478AB032A101ABD1E90001CDE9070131A007C883E8070032A259
:2031800004AB07CA83E807000020FFF7C0FA314D314E00240DF11C080DF104090DF1100A07
:2031A00008F104020121601C00F0B4FE288809F1020200EB800006EBC000062150F8240073
:2031C00000F0A8FE28880AF1020200EB800006EBC00000EB84000621006900F09BFE07A857
:2031E000F5F7C6F9C0B204EB44070090791C102307AA0220FFF76BFB01A8F5F7B9F9C0B238
:203200000090791C102301AA3020FFF760FB04A8F5F7AEF9C0B20090791C102304AA7620BD
:20322000FFF755FB641CE4B2042CB9D30AB0BDE8F0870000534954456E200000503A202013
:203240002020202000000000463A2020202020200000000092000020A00F002038B5833885
:20326000154619283FD2DFE800F00D0F3E12151D20233E3E3E3E3E264040292C2F40323502
:20328000383E3B00294C30E0284C10342DE0274C303C01E0254C203CA21C0121681C00F052
:2032A00039FE22E0214C2034F6E7204C3034F3E71E4C5034F0E71D4CC03CEDE71B4CB03C3C
:2032C000EAE71A4CA03CE7E7184C903CE4E7174C403CE1E7154C603CDEE7144C103C04E019
:2032E000124C503CD8E7114CD03C10206DB1012D10D0022D13D0032D06D110232246052186
:2033000000906220FFF7E3FA38BD102322460321009008E01023224603210090F1E7102342
:203320002246052100900220ECE700009401002010B58EB018220EA101A8F5F7F5F818221D
:2033400011A107A8F5F7F0F80020FFF7E0F91624102301AA032118460094FFF7B8FA102340
:2033600007AA062118460094FFF7B1FA0EB010BD20206669726D776172652043524320653D
:2033800072726F7220200000506C6561736520757064617465206669726D776172650000AE
:2033A00038B50C46144A0121601C00F0B3FD08227CB1012C13D0022C17D0032C08D100921C
:2033C0000D4A1023921E05215FF06200FFF77FFA38BD0092084A1023921E03210AE0009211
:2033E000054A1023921E0321EEE70092024A1023921E05210220E9E7A60000202DE9F041BC
:20340000224FFF260020022101243B78DFF88080082500BF25FA00F21A4209D008EB0002FD
:20342000527852B34FEA400C04FA0CF27240D6B2401C0428EEDB0020FFF769F900F02AF827
:203440005FF00004397825FA04F0084207D008EB04004078A8B122463146FFF7FFFE641CDA
:20346000E4B2042CEED30B210220FFF7E7FDBDE8F0410B215A20FFF771BA420001FA02F2CF
:20348000D4E721463046FFF78BFFE8E78E0000208C0F00200EB50CA10DF10902D1E90001A8
:2034A000CDE901010A480221008800F033FD01A8F5F75EF8C0B20090102301AA0121022028
:2034C000FFF705FA0EBD0000436F646520585800920000202DE9F0410024114E114F4FF0C6
:2034E00008085025308800EB001101EB401007EB800090F8C01028FA04F0014204EBC40081
:2035000005EB400001D0084A00E0084A0121FFF7BBF9641CE4B2042CE4D3BDE8F081000047
:20352000920000204C030020385301085853010870B590B00E46054614221AA101A8F4F799
:20354000F3FF14221CA106A8F4F7EEFF14221FA10BA8F4F7E9FF10247DB1012D1AD0022DDB
:2035600009D10020FFF7D3F810230BAA009405212020FFF7ACF910B070BD0DF111020321F1
:20358000304600F0C7FC0020FFF7C1F8102301AA0094ECE70020FFF7BAF8102306AA0094AF
:2035A000E5E70000457261736520426C6F636B20202020200000000057726974652F5265B3
:2035C00061642030783535200000000057726974652F5265616420307841412000000000B4
:2035E00030B51CA20C46054687B007CA01AB83E807001BA01BA100680690D1E90001CDE97F
:20360000040108200090102301AA09215A20FFF75EF917481549028831F81200002812D191
:2036200002EB0210134900EB421001EB800090F8BF00012809D00220102306AA0090214641
:203640002846FFF744F907B030BD0420102304AA0090F4E7566F6C746167653A00000000A9
:2036600035560000332E335600000000F4010020920000204C03002010B51AA386B00FCB0D
:2036800001AC84E80F001B48016800200A2203E0B1FBF2F1401CC0B20029F9D1C01CC0B269
:2036A000C0F1100000EBD07101AA02EB610221F00101401A1044F7F7C9FF0020FFF727F876
:2036C000102423460CA2042120200094FFF7FFF8102301AA072120200094FFF7F8F806B043
:2036E00010BD000020202020202020202020202020202020F8FF010820692D57726974653C
:20370000722047414E472D342000000010B5002821D0114B0022001F196803E0814203D8FC
:203720000A4649680029F9D152B11368841A9C4204D1006818441060104602E0506000E0CA
:20374000186039B102680B1A934203D10B681A4402604968416010BD440300202DE9F041CF
:20376000441E1D46164601F109073020F5F74EF80A20FFF723F81520F5F748F80A20FFF7E8
:203780001DF8E0B2F5F75CF80A20FFF717F8A019401EC0B2F5F754F80A20FFF70FF8752096
:2037A000F5F734F80A20FFF709F8F8B2F5F748F80A20FFF703F87819401EC0B2F5F740F85A
:2037C0000A20FEF7FBFF5C20F5F720F8BDE8F0410A20FEF7F3BF00001CB50026002700206B
:2037E00001900090002500248046F9F70BF9FDF778F8FBF7C7FAFBF7A7FAFBF78DFAFBF790
:2038000017FCFBF7B7FBFBF7D5FBF5F7D1F8F4F753FFF7F793FEFBF7EFFBFBF7EBFDFF20E9
:20382000FCF79AFFFF20FCF7C3FF0020FCF7ECFFC820FEF7ADFFFFF71FFF4FF47A70FEF76B
:20384000A7FFFBF725FAFE48FAF7F8FDDFF8F4B3A2468BF807A0DFF8F093FC48006860B9D6
:203860006420FEF795FFF948006830B9012C0BD0012001900020FFF7D5F8019890B3F448F4
:203880000068012820D02DE08BF805A04FF00108BBF80A000F2803D2401CABF80A0001E077
:2038A000ABF80AA0FFF7AAFBF7F760FD0720F9F715F900210846F7F787FEE24902220A3144
:2038C0000020FEF7D5FED8E7002001909BF8020060B19BF8011002290CD08BF802A00120F9
:2038E0008BF80100DA48006840B113E001208BF80200F4E7401C8BF80200F0E76420FEF724
:2039000047FFD348006828B9012C0AD001200090FFF788F8009898B3CC480068012820D057
:2039200038E08BF805A04FF00108BBF80A0018B1401EABF80A0002E00F20ABF80A00FFF7BA
:203940005DFBF7F713FD0720F9F7C8F800210846F7F73AFEBB4902220A310020FEF788FEA7
:20396000D8E7002000909BF80100012809D08BF802A002208BF801009BF80200062806D0DE
:2039800008E09BF80200401C8BF80200F1E70720F9F7A4F8AF480068002842D10A20FEF785
:2039A000F7FEAC4800680028F7D1FF20FCF7D4FE8BF801A09BF80200062811D18BF802A0F4
:2039C000FCF72AFE40F2DC50FEF7E2FEFFF716FB06E00120FEF7DCFE761CB6F5FA6F03D043
:2039E0009C4800680028F4D0B6F5FA6F02D10124FFF7A0FB0026B8F1010F01D1B046002427
:203A0000BBF80A0000EB001101EB4010924901EB800090F8BC00552804D0BB281ED0AA2832
:203A200032D028E19BF8030030B1FEF7EBFC8BF8030008B9F7F79AFC9BF8031019B10020CD
:203A4000F7F7D0FC17E1002CEBD1F7F75FFB01208BF804000720F9F74CF80CE19BF80300FE
:203A600030B1FEF7CFFC8BF8030008B9F7F77EFC9BF8031019B10020F7F7B4FCFBE0002CC1
:203A800001D1F7F743FBF6E0002C19D101208BF80000FF20FCF760FE8BF801A08BF802A0DF
:203AA0009BF8030030B1FEF7ADFC8BF8030008B9F7F75CFC9BF8031019B10020F7F792FC58
:203AC000D9E0F7F723FBF7F78BFB48B18A2089F8010089F8020089F8030089F804003AE0E2
:203AE000BBF80A0000EB001101EB40115A4800EB810090F8440040060CD5F7F7D9FB48B114
:203B0000892089F8010089F8020089F8030089F8040020E0BBF80A0000EB001101EB4011F8
:203B20004D4800EB810090F8C0008BF805008BF80600F4F7ABFE99F8010050B999F8020069
:203B400038B999F8030020B999F8040008B9F4F793FEFCF757F9FBF781FC8CE0F7F740FBEE
:203B600048B18A2089F8010089F8020089F8030089F804007FE0BBF80A0000EB001101EB90
:203B80004011354800EB810090F8440040060CD5F7F78EFB48B1892089F8010089F80200DA
:203BA00089F8030089F8040065E0BBF80A0000EB001101EB4011284800EB810090F8C0009D
:203BC0008BF805008BF806000025FEF7FBFEF4F751FE9BF807308BF8083000209BF8061039
:203BE0004FF0080C09EB0002527832B901FA00F2120702D52CFA00F21543401CC0B2042880
:203C0000F0D38D4203D101208BF8070001E08BF807A09BF80700012829D143BBFF20FCF7BB
:203C20009BFDF4F733FE99F8010000BB99F80200E8B999F80300D0B999F80400B8B90DE03F
:203C400058300020880000208C0F00201401224200812142040121424C030020F4F70CFE30
:203C6000FCF7D0F8FBF7FAFBC820FEF791FD0125C820FEF78DFDBBF80A0000EB001101EB05
:203C80004011544800EB810090F8BC00552804D19BF8040000287FF461AF2DB1FFF7AEF978
:203CA00000250720F8F71AFFBBF80A0000EB001101EB4011474800EB810090F8BC00BB2898
:203CC0007FF4CBAD9BF8050000283FF4C6ADF7F787FA48B18A2089F8010089F8020089F8FB
:203CE000030089F80400B8E5BBF80A0000EB001101EB4011374800EB810090F844004006AC
:203D00000CD5F7F7D5FA48B1892089F8010089F8020089F8030089F804009EE5BBF80A0015
:203D200000EB001202EB40122A4800EB820292F8C020002AD7D006E00120FEF71EFD7F1C79
:203D4000FFB2C82F22D0BBF80A0000EB001101EB4011204800EB810090F8C0109BF805000F
:203D60008142E9D19BF805000028BCD04FF0000800248BF806008BF805A0FF20FCF7ECFC64
:203D8000F4F784FD99F8010090B11CE00027BBF80A0000EB001101EB40110E4800EB810009
:203DA0009BF8051090F8C00008408BF80500D9E799F8020038B999F8030020B999F80400FD
:203DC00008B9F4F759FDFCF71DF8FBF747FB8BF806A042E54C030020F0B50B30154D20F094
:203DE00007010024144A0FE003688B420BD38B4205D95E1A43184768C3E9006700E0436869
:203E0000136002C004E0021D10680028ECD12046002802D1286808B10020F0BD064A0748F7
:203E20001060074A121A22F00702C0E9002401202860D7E74803002044030020EC3A00202E
:203E4000E83C00200649074B002000BF11F8012B1A54401CC0B20C28F8D30248704700002D
:203E6000E8F7FF1F20120020F0B4104AFF200021147808270E4E02225FF0010327FA01F510
:203E8000254209D075186D78002D4FEA41050AD003FA05F54540E8B2491CC9B20429EDD307
:203EA000F0BCF7F705BC02FA05F5F3E78E0000208C0F002070B50346002002466FF02F0505
:203EC0000BE09C5CA4F13006092E08D800EB800005EB4000521C2044D2B28A42F1D370BD6F
:203EE000F0B50023094C0A4E55180CE0CF1A00F00F022744000907F8012CEF1AB25C5B1CDC
:203F000007F8012CDBB28B42F0D3F0BD2C1200207C480108F0B500230A24094D0A440BE0FB
:203F2000B0FBF4F604FB1606B0FBF4F0D71AAE5D5B1C07F8016CDBB28B42F1D3F0BD000098
:203F40007C4801080A4910B5084AC1E9002000208860C860086188610C2048610846FAF7CA
:203F6000D8FCBDE810400348FCF7A8BD0044004024320020800002401CB516A0006800909A
:203F80004FF4E130FFF7DEFF042269461248FAF71BFE4FF47A73042201A90F48FAF72CFD50
:203FA0000E4801688901FCD54FF0007141600A48FAF729FC00206A4601A9135C0C5CA342F8
:203FC00001D040201CBD401CC0B20428F5D300201CBD000055AA015524320020000002400F
:203FE00070B50023074C0A4409E000BF00F00F05D61A0009655D5B1C06F8015CDBB28B4245
:20400000F4D370BD7C48010870B504460A4D10E0402C01D9402000E0E0B2201A84B205207C
:20402000FEF7ABFB40232A4681210448F8F78BFE4035002CECD170BD3C1200201C2900204E
:204040002DE9F04F97B004463C21EA4601A8F4F784FAFE48DFF8F88300250068009098F896
:20406000021049B9207888F80000607888F80100C8F80850C8F80C50F54898F80020DFF8C3
:20408000D493F54F4068F03A4FF0010B082A77D2DFE802F032760476763CF6F598F80100D4
:2040A000122809D081282AD082282BD0832823D1A078F4F7E3FB45E3E2208DF80000222034
:2040C0008DF801008DF802508DF8035040236A468121E248F8F737FE88F802504FF4FA7029
:2040E000FEF74BFB0122D103DD48F8F777FCDD495A200870F8F73AFD17B0BDE8F08FF4F7F3
:20410000C1FB1FE3A078F4F7BAFB1BE3D04B98F8012014331093422A33D0E526B12A51D0FF
:20412000CC4BB22AB3F800C04FF4A02303EB4C437ED0DFF820C3C646B32ABCF800804FF436
:20414000003C0CEB083C74D0F046B42A72D0C22A71D0C32A70D0342A6FD0332A6ED0C42ACE
:204160006DD0D22A6CD0D12A6BD0D32A6AD000205146225C0A54401C80B24028F9D364E3C1
:204180005BE31846F7F7F0FB98F81600C8F80C50C8F80400109C0EE0402322468121AF4826
:2041A000F8F7D1FD0A20FEF7E8FAD8F80C0040304034C8F80C00D8F80410D8F80C0088422B
:2041C000EAD3BFE229B1D8F8081081420FD3084622E088F802B034F8030FC8F804006088AE
:2041E000A8F81000A088A8F814013D8084E70020D8F80820215C02EB080300F11402401C1A
:2042000099543A8880B2114439804028F0D3D8F808004030C8F80800D8F804108842E5D110
:20422000B8F81000398888421FD18F4805700AE027E0BFE0E9E041E169E170E196E19BE1EE
:20424000AFE1F0E123E2FD60FBF746FFB8F814114FF4803000EB0130C421F7F721FB3880D9
:2042600002227C490020FBF731F98DF80060B1208DF8010002208DF802003888D7E28CE24D
:2042800063E2F1B14FF48032904233D9D8F80800402218442146FEF7EBF9D8F80800403046
:2042A000C8F80800D8F8048040459FD1B9F80020CB464FF4A021002401EB4249AA463D80BF
:2042C00036E088F802B02079617EE27800EB0160A17E4C46090401EB02210844C8F804009B
:2042E00019460120F7F770F921884FF4C02000EB41417BE2D8F80800CAE700BF4FF48065E1
:20430000A84501D21FFA88F529464846F7F7C8FA3A88A944104438804FF40040A8EB0508BC
:2043200000EB440002224C49FEF7A2F9641CA4B2B8F1000FE2D18DF80060B2208DF8010087
:2043400002208DF8020038888DF80400010A8DF803103C4640236A4681214048F8F7F3FC2B
:204360003B4981F802A0BBF8000000EB001101EB40103E4901EB80002188B0F8680088423D
:2043800093D1F6F7F3FFE06818B13948007800288BD1FBF75FFCE068002886D14FF4805421
:2043A0002146F7F711F92C4904220C312046FEF75FF9A1E6724609B3DEF80810F046814231
:2043C0000AD201EB0C0040222146FEF751F9D8F808004030C8F808004446D4E901108842CF
:2043E000E7D3B9F800204FF4003000EB0230F7F757FA38808DF80060B32142E082F802B0A4
:20440000A0786146CEF8040056E0124A4FF44033128803EB023269B3D8F80810814209D26D
:20442000881840222146FEF723F9D8F808004030C8F808004446D4E901108842B9D1B9F895
:2044400000204FF4403000EB023014E0BC48010888250020920000205C0200201C29002009
:2044600000100140FC4F00208D0000204C0300205802002017E0F7F713FA38808DF800605B
:20448000B4218DF8011002218DF80210010A8DF803108DF8040040236A468121EC48F8F7F3
:2044A00052FCA57028E688F802B02079E17800EB01201146CEF80400002098E1BB602079ED
:2044C0006179E27800EB0160A179090401EB02210844C8F80400D8F80C0013E0B9684022C4
:2044E00008441099FAF7F2FF40238121D848109AF8F729FC0A20FEF740F9D8F80C0040305E
:20450000C8F80C00D8F804108842E7D11AE1604640221099FAF7DAFF4023109A0EE120795E
:20452000E1784FF4403400EB0120C8F804004E46D8F80C0015E03188402204EB01310844AE
:204540001099FAF7C3FF40238121C148109AF8F7FAFB0A20FEF711F9D8F80C004030C8F82E
:204560000C00D8F804108842E5D1EBE08DF8006033208DF8010068E18DF800608DF801206E
:2045800032208DF802000021202250464318491C89B2DA701029F9D30AF10300F7F756F8C5
:2045A00053E1A078F6F706FFA0784C46A9F80000FBF750FBFBF7D6FA7D6021884FF4A020EA
:2045C0004FF4806A00EB414500244FF4C02805E0402C03D1B9F8001008EB4145514628468A
:2045E000F7F75EF97968641C0844A4B27860802CEED3FEF703FD8DF80060D2208DF80100DC
:2046000078684023010E8DF80210010C8DF80310010A8DF804108DF805006A4681218C48B8
:20462000F8F791FB68E58DF80060D1208DF8010009208DF80200D4F80300F86010A9E01DC9
:20464000FBF73AFC8DF80300F868824C020E82EA1041030A5940414021708DF804008DF8E9
:204660000530000C8DF806008DF807209DF840008DF808009DF841008DF809009DF8420025
:204680008DF80A009DF843008DF80B00DDE08DF80060D3208DF80100142010951195002465
:2046A00012958DF80200FFF7CDFB002113AE425C7254491CC9B20C29F9D308216648FBF71E
:2046C00011FA002010A9002251F8203002EB80071B0241F82030F75D521C3B43D2B241F824
:2046E0002030042AF0D3401C5C40C0B20328EAD3594E00205FF0000241F8205051F82030CD
:2047000002EB80071B0241F82030F75D521C3B43D2B241F82030042AF0D3401C5C40C0B2D7
:204720000228E7D300205246C30024FA03F11318401CC0B2D9700428F6D386E0812144483D
:20474000F8F701FB88F80250D6E498F801006628FAD11022414910A8F3F7E6FEE6208DF82B
:20476000000098F801008DF8010032208DF80200002010AA5146135C0C18401C80B2E37064
:204780001028F8D340236A4681213148F8F7DBFA88F80250FEF732FCAEE498F80120012AC1
:2047A000D2D12F4A4FF42F06138806EB434229B1D8F8081081421DD3084625E088F802B05A
:2047C000A079E178637900EB016021794C46090401EB03210844C8F8040011460120F6F781
:2047E000F3FE20884FF4300101EB40410120F6F7EBFE81E4881840222146FDF739FFD8F87E
:2048000008004030C8F80800D8F8041088429BD1B9F8002006EB4240F7F716F83880E7213E
:204820008DF800108DF801B002218DF80210010A8DF803108DF8040007E000205146225CAB
:204840000A54401C80B24028F9D340236A4675E71C290020590200206C020020C0FF010893
:2048600092000020000000000000000001020304060708090000000001020304303132338E
:2048800034353637383941424344454643533A464646460000000000000000005245414438
:2048A0002020504153530000000000000B0000000C0000000D00000000000000E542000036
:2048C00000000000963007772C610EEEBA51099919C46D078FF46A7035A563E9A395649E50
:2048E0003288DB0EA4B8DC791EE9D5E088D9D2972B4CB609BD7CB17E072DB8E7911DBF9070
:204900006410B71DF220B06A4871B9F3DE41BE847DD4DA1AEBE4DD6D51B5D4F4C785D3838F
:2049200056986C13C0A86B647AF962FDECC9658A4F5C0114D96C0663633D0FFAF50D088DAF
:20494000C8206E3B5E10694CE44160D5727167A2D1E4033C47D4044BFD850DD26BB50AA5CF
:20496000FAA8B5356C98B242D6C9BBDB40F9BCACE36CD832755CDF45CF0DD6DC593DD1ABEF
:20498000AC30D9263A00DE518051D7C81661D0BFB5F4B42123C4B3569995BACF0FA5BDB80F
:2049A0009EB802280888055FB2D90CC624E90BB1877C6F2F114C6858AB1D61C13D2D66B62F
:2049C0009041DC760671DB01BC20D2982A10D5EF8985B1711FB5B606A5E4BF9F33D4B8E8CF
:2049E000A2C9077834F9000F8EA8099618980EE1BB0D6A7F2D3D6D08976C6491015C63E6EF
:204A0000F4516B6B62616C1CD83065854E0062F2ED95066C7BA5011BC1F4088257C40FF50E
:204A2000C6D9B06550E9B712EAB8BE8B7C88B9FCDF1DDD62492DDA15F37CD38C654CD4FB2E
:204A40005861B24DCE51B53A7400BCA3E230BBD441A5DF4AD795D83D6DC4D1A4FBF4D6D34E
:204A60006AE96943FCD96E34468867ADD0B860DA732D0444E51D03335F4C0AAAC97C0DDD6E
:204A80003C710550AA41022710100BBE86200CC925B56857B3856F2009D466B99FE461CE8E
:204AA0000EF9DE5E98C9D9292298D0B0B4A8D7C7173DB359810DB42E3B5CBDB7AD6CBAC0AE
:204AC0002083B8EDB6B3BF9A0CE2B6039AD2B1743947D5EAAF77D29D1526DB048316DC73BE
:204AE000120B63E3843B64943E6A6D0DA85A6A7A0BCF0EE49DFF099327AE000AB19E077DDE
:204B000044930FF0D2A3088768F2011EFEC206695D5762F7CB67658071366C19E7066B6EFD
:204B2000761BD4FEE02BD3895A7ADA10CC4ADD676FDFB9F9F9EFBE8E43BEB717D58EB0601D
:204B4000E8A3D6D67E93D1A1C4C2D83852F2DF4FF167BBD16757BCA6DD06B53F4B36B2483D
:204B6000DA2B0DD84C1B0AAFF64A0336607A0441C3EF60DF55DF67A8EF8E6E3179BE69465D
:204B80008CB361CB1A8366BCA0D26F2536E2685295770CCC03470BBBB91602222F2605557D
:204BA000BE3BBAC5280BBDB2925AB42B046AB35CA7FFD7C231CFD0B58B9ED92C1DAEDE5B9D
:204BC000B0C2649B26F263EC9CA36A750A936D02A906099C3F360EEB85670772135700053D
:204BE000824ABF95147AB8E2AE2BB17B381BB60C9B8ED2920DBED5E5B7EFDC7C21DFDB0B5D
:204C0000D4D2D38642E2D4F1F8B3DD686E83DA1FCD16BE815B26B9F6E177B06F7747B7187C
:204C2000E65A0888706A0FFFCA3B06665C0B0111FF9E658F69AE62F8D3FF6B6145CF6C169C
:204C400078E20AA0EED20DD75483044EC2B30339612667A7F71660D04D476949DB776E3EBC
:204C60004A6AD1AEDC5AD6D9660BDF40F03BD83753AEBCA9C59EBBDE7FCFB247E9FFB530DC
:204C80001CF2BDBD8AC2BACA3093B353A6A3B4240536D0BA9306D7CD2957DE54BF67D923FC
:204CA0002E7A66B3B84A61C4021B685D942B6F2A37BE0BB4A18E0CC31BDF055A8DEF022D1C
:204CC000D6D000000F08080808FF080808080F0000000000F020202020FF20202020F000F2
:204CE0000000CEA2081123CC017909F90979041BE80F08008000FF01027C40407C0811E627
:204D000018E60100B0AE0126342C2424374C44444C74C44506000082848991E1B2AAA4A4E8
:204D2000AAB281010100D0BE20202020F82024222120F820202020000810600000FC0202F7
:204D40000202020E80403000000000000000000000000000000000000000001F0000000030
:204D6000000000CC0C0000000008306008306000000000000000000002031E02031E0200E3
:204D800020FC2020FC202000000E113F100C0000001804FF847800000F100F00071800009D
:204DA000008438C078847800000F10110E0000007884C42498E484080000000000000000D9
:204DC000010D0E00000000000000000718204000000000E0180402000040201807000000BB
:204DE00000020418E00000000202010F01020200404080F0804040000000000F000000009D
:204E0000808080F8808080000000000000000000010D0E000000000000000000000000007E
:204E200000808080808080800000000000000000000C0C000000000000000000010618209B
:204E40000006186080000000000708101008070000F008040408F0000008081F00000000EF
:204E6000000404FC04040000000E101010110E00000C142444840C00000C101111120C0055
:204E8000001804040488700000000304081F000000E0202424FC2400001F101111101000EF
:204EA0000098840404887000000708111118000000F0880404887000001C1010131C10009A
:204EC000000000FC00000000000E111010110E00003844848444380000070810100807003A
:204EE00000008C444488F00000000003030000000000000C0C000000000000010000000007
:204F0000000001060000000000000102040810000080402010080400020202020202020061
:204F2000202020202020200000100804020100000004081020408000000E121010100F0017
:204F40000000000C6C800000030C131417080700E018E424C428D0000000031C070000001B
:204F6000043CC44040E41C04101F1111110E000004FC040404887000030C101010101C00CA
:204F8000E018040404081000101F10101008070004FC04040408F000101F11111710080003
:204FA00004FC0404C4041800101F11111710080004FC0400C0000000030C1010101C00006A
:204FC000E018040444784000101F100000101F1004FC84808084FC040010101F10100000F0
:204FE000000404FC04040000000010101F10100003010101FE000000101F110314181000C3
:2050000004FC0480641C0400101F10000000000004FC040404040C00101F1F001F1F100091
:2050200004FC00FC00FC0400101F0C0300101F1004FC0400E018FC000708101010080700B1
:20504000F00804040408F000101F101010100F0004FC848080800000070810101008070084
:20506000F01824241C0AF200101F111111110E0004FC0400C0300C04000E111010101C00D8
:20508000001C0484844438001810101F10101800000004FC04000000101F100000101F105B
:2050A00000F804040404F800101E110000131C100000E01C708000001F10001F00101F0009
:2050C000C03CE000E03CC0001018160101161810040C34C0C0340C04101C1300131C100014
:2050E000000004FC0400000008101010131C1000041C6484040418000000007F40404000CE
:20510000000000FE0202020000300C030000000000000080601C0300004040407F0000000E
:2051200000020202FE0000000000204040402000000000000000000000000000000000006B
:20514000010101010101010100300C030000000000000080601C0300000001010101000005
:20516000009824444444FC04101F00010100000000FC8804048870000000000101010000EF
:2051800000708804040488000000000101111F00007088040408FC04000001010101000045
:2051A00000F844444444C8000001010F11111118000404FC040400000000010101010100B2
:2051C00000D6292929C90600101F00010101000004FC84000004FC040001191900000000C2
:2051E000000404FC0404000000000001191900000003010101FE0000101F0000010101003A
:2052000004FC2440B40C04000010101F00000000000404FC04040000010101010101010014
:2052200004FC0400FC0400FC010100010101000004FC84000004FC040000010101010000DD
:2052400000F804040404F800010100010100000001FF8504048870000000000101010100C1
:20526000007088040405FF0101010100010101000404FC8404008000000001010101010012
:2052800000CC2424242498000001010701010000000000F80404000001010000000101000B
:2052A00000F804040408FC0401010100000101010080700C106080000101000100010101EA
:2052C000F00C30C0300CF000000101000101010000048C74708C04000101010000010101A7
:2052E0000181710E18608000000101010101010000840C3444840C0000000000013E404058
:205300000000000000FC020200000000FF00000000000000FF0000000040403E01000000D0
:20532000000202FC0000000000608080404020200000000000000000070F3F3F7FFFFFFF3D
:20534000FFFFFF7F3F3F1F07E0F0FCFEFEFFFFFFFFFFFFFEFEFCF8E0070F3C3870E0C0C041
:20536000C0C0E070383C0F07E0F83C0C0E0703030303070E0E3CF8E0985301080000002047
:205380004C030000A48500080C5501084C030020B44C000000270108411EE10E01087504B4
:2053A000453D0F01081AA70C1A49041A5704C11AC91069045AD51C1409022913010125803C
:2053C000FA09042B02031210082111013301221D1607058103402D0207050207A91A313B6D
:2053E0000A06134340013CA24A040871DA200188094943313A5041535320290E8920CD4694
:2054000041494C307E783A495243182910BC524F4D10BC4F5054107C454550104C57523A19
:20542000493B52440919201A205049153C6B487A608A44772910680954494D45204F555429
:2054400010BC50524560680946494C4520455252106808554E4B4E4F574EB3380A4F504516
:205460004E2053484F5241180F5650502020697320204572726F7210AB4444102940CB43F4
:205480004EC05D524F4C4C101139D06C52524FC729102C4E4F20333901031EFFFF02439095
:2054A000021F011206100DFF0901A1010901954075081512262EFF810209020D349102C0F2
:2054C0001378021420E1B01B08DD041AE5041EC5100108FD041E0911010825041A4D041A87
:2054E0009D101AD10417040309041201320225407F1D040D1E02010203810929C4857127D2
:2055000001082A0266B11AC99C810000FFFFFFFFFFFFFFFFFFFFFFFFFFFFFFFFFFFFFFFF53
:20552000FFFFFFFFFFFFFFFFFFFFFFFFFFFFFFFFFFFFFFFFFFFFFFFFFFFFFFFFFFFFFFFF8B
:20554000FFFFFFFFFFFFFFFFFFFFFFFFFFFFFFFFFFFFFFFFFFFFFFFFFFFFFFFFFFFFFFFF6B
:20556000FFFFFFFFFFFFFFFFFFFFFFFFFFFFFFFFFFFFFFFFFFFFFFFFFFFFFFFFFFFFFFFF4B
:20558000FFFFFFFFFFFFFFFFFFFFFFFFFFFFFFFFFFFFFFFFFFFFFFFFFFFFFFFFFFFFFFFF2B
:2055A000FFFFFFFFFFFFFFFFFFFFFFFFFFFFFFFFFFFFFFFFFFFFFFFFFFFFFFFFFFFFFFFF0B
:2055C000FFFFFFFFFFFFFFFFFFFFFFFFFFFFFFFFFFFFFFFFFFFFFFFFFFFFFFFFFFFFFFFFEB
:2055E000FFFFFFFFFFFFFFFFFFFFFFFFFFFFFFFFFFFFFFFFFFFFFFFFFFFFFFFFFFFFFFFFCB
:20560000FFFFFFFFFFFFFFFFFFFFFFFFFFFFFFFFFFFFFFFFFFFFFFFFFFFFFFFFFFFFFFFFAA
:20562000FFFFFFFFFFFFFFFFFFFFFFFFFFFFFFFFFFFFFFFFFFFFFFFFFFFFFFFFFFFFFFFF8A
:20564000FFFFFFFFFFFFFFFFFFFFFFFFFFFFFFFFFFFFFFFFFFFFFFFFFFFFFFFFFFFFFFFF6A
:20566000FFFFFFFFFFFFFFFFFFFFFFFFFFFFFFFFFFFFFFFFFFFFFFFFFFFFFFFFFFFFFFFF4A
:20568000FFFFFFFFFFFFFFFFFFFFFFFFFFFFFFFFFFFFFFFFFFFFFFFFFFFFFFFFFFFFFFFF2A
:2056A000FFFFFFFFFFFFFFFFFFFFFFFFFFFFFFFFFFFFFFFFFFFFFFFFFFFFFFFFFFFFFFFF0A
:2056C000FFFFFFFFFFFFFFFFFFFFFFFFFFFFFFFFFFFFFFFFFFFFFFFFFFFFFFFFFFFFFFFFEA
:2056E000FFFFFFFFFFFFFFFFFFFFFFFFFFFFFFFFFFFFFFFFFFFFFFFFFFFFFFFFFFFFFFFFCA
:20570000FFFFFFFFFFFFFFFFFFFFFFFFFFFFFFFFFFFFFFFFFFFFFFFFFFFFFFFFFFFFFFFFA9
:20572000FFFFFFFFFFFFFFFFFFFFFFFFFFFFFFFFFFFFFFFFFFFFFFFFFFFFFFFFFFFFFFFF89
:20574000FFFFFFFFFFFFFFFFFFFFFFFFFFFFFFFFFFFFFFFFFFFFFFFFFFFFFFFFFFFFFFFF69
:20576000FFFFFFFFFFFFFFFFFFFFFFFFFFFFFFFFFFFFFFFFFFFFFFFFFFFFFFFFFFFFFFFF49
:20578000FFFFFFFFFFFFFFFFFFFFFFFFFFFFFFFFFFFFFFFFFFFFFFFFFFFFFFFFFFFFFFFF29
:2057A000FFFFFFFFFFFFFFFFFFFFFFFFFFFFFFFFFFFFFFFFFFFFFFFFFFFFFFFFFFFFFFFF09
:2057C000FFFFFFFFFFFFFFFFFFFFFFFFFFFFFFFFFFFFFFFFFFFFFFFFFFFFFFFFFFFFFFFFE9
:2057E000FFFFFFFFFFFFFFFFFFFFFFFFFFFFFFFFFFFFFFFFFFFFFFFFFFFFFFFFFFFFFFFFC9
:20580000FFFFFFFFFFFFFFFFFFFFFFFFFFFFFFFFFFFFFFFFFFFFFFFFFFFFFFFFFFFFFFFFA8
:20582000FFFFFFFFFFFFFFFFFFFFFFFFFFFFFFFFFFFFFFFFFFFFFFFFFFFFFFFFFFFFFFFF88
:20584000FFFFFFFFFFFFFFFFFFFFFFFFFFFFFFFFFFFFFFFFFFFFFFFFFFFFFFFFFFFFFFFF68
:20586000FFFFFFFFFFFFFFFFFFFFFFFFFFFFFFFFFFFFFFFFFFFFFFFFFFFFFFFFFFFFFFFF48
:20588000FFFFFFFFFFFFFFFFFFFFFFFFFFFFFFFFFFFFFFFFFFFFFFFFFFFFFFFFFFFFFFFF28
:2058A000FFFFFFFFFFFFFFFFFFFFFFFFFFFFFFFFFFFFFFFFFFFFFFFFFFFFFFFFFFFFFFFF08
:2058C000FFFFFFFFFFFFFFFFFFFFFFFFFFFFFFFFFFFFFFFFFFFFFFFFFFFFFFFFFFFFFFFFE8
:2058E000FFFFFFFFFFFFFFFFFFFFFFFFFFFFFFFFFFFFFFFFFFFFFFFFFFFFFFFFFFFFFFFFC8
:20590000FFFFFFFFFFFFFFFFFFFFFFFFFFFFFFFFFFFFFFFFFFFFFFFFFFFFFFFFFFFFFFFFA7
:20592000FFFFFFFFFFFFFFFFFFFFFFFFFFFFFFFFFFFFFFFFFFFFFFFFFFFFFFFFFFFFFFFF87
:20594000FFFFFFFFFFFFFFFFFFFFFFFFFFFFFFFFFFFFFFFFFFFFFFFFFFFFFFFFFFFFFFFF67
:20596000FFFFFFFFFFFFFFFFFFFFFFFFFFFFFFFFFFFFFFFFFFFFFFFFFFFFFFFFFFFFFFFF47
:20598000FFFFFFFFFFFFFFFFFFFFFFFFFFFFFFFFFFFFFFFFFFFFFFFFFFFFFFFFFFFFFFFF27
:2059A000FFFFFFFFFFFFFFFFFFFFFFFFFFFFFFFFFFFFFFFFFFFFFFFFFFFFFFFFFFFFFFFF07
:2059C000FFFFFFFFFFFFFFFFFFFFFFFFFFFFFFFFFFFFFFFFFFFFFFFFFFFFFFFFFFFFFFFFE7
:2059E000FFFFFFFFFFFFFFFFFFFFFFFFFFFFFFFFFFFFFFFFFFFFFFFFFFFFFFFFFFFFFFFFC7
:205A0000FFFFFFFFFFFFFFFFFFFFFFFFFFFFFFFFFFFFFFFFFFFFFFFFFFFFFFFFFFFFFFFFA6
:205A2000FFFFFFFFFFFFFFFFFFFFFFFFFFFFFFFFFFFFFFFFFFFFFFFFFFFFFFFFFFFFFFFF86
:205A4000FFFFFFFFFFFFFFFFFFFFFFFFFFFFFFFFFFFFFFFFFFFFFFFFFFFFFFFFFFFFFFFF66
:205A6000FFFFFFFFFFFFFFFFFFFFFFFFFFFFFFFFFFFFFFFFFFFFFFFFFFFFFFFFFFFFFFFF46
:205A8000FFFFFFFFFFFFFFFFFFFFFFFFFFFFFFFFFFFFFFFFFFFFFFFFFFFFFFFFFFFFFFFF26
:205AA000FFFFFFFFFFFFFFFFFFFFFFFFFFFFFFFFFFFFFFFFFFFFFFFFFFFFFFFFFFFFFFFF06
:205AC000FFFFFFFFFFFFFFFFFFFFFFFFFFFFFFFFFFFFFFFFFFFFFFFFFFFFFFFFFFFFFFFFE6
:205AE000FFFFFFFFFFFFFFFFFFFFFFFFFFFFFFFFFFFFFFFFFFFFFFFFFFFFFFFFFFFFFFFFC6
:205B0000FFFFFFFFFFFFFFFFFFFFFFFFFFFFFFFFFFFFFFFFFFFFFFFFFFFFFFFFFFFFFFFFA5
:205B2000FFFFFFFFFFFFFFFFFFFFFFFFFFFFFFFFFFFFFFFFFFFFFFFFFFFFFFFFFFFFFFFF85
:205B4000FFFFFFFFFFFFFFFFFFFFFFFFFFFFFFFFFFFFFFFFFFFFFFFFFFFFFFFFFFFFFFFF65
:205B6000FFFFFFFFFFFFFFFFFFFFFFFFFFFFFFFFFFFFFFFFFFFFFFFFFFFFFFFFFFFFFFFF45
:205B8000FFFFFFFFFFFFFFFFFFFFFFFFFFFFFFFFFFFFFFFFFFFFFFFFFFFFFFFFFFFFFFFF25
:205BA000FFFFFFFFFFFFFFFFFFFFFFFFFFFFFFFFFFFFFFFFFFFFFFFFFFFFFFFFFFFFFFFF05
:205BC000FFFFFFFFFFFFFFFFFFFFFFFFFFFFFFFFFFFFFFFFFFFFFFFFFFFFFFFFFFFFFFFFE5
:205BE000FFFFFFFFFFFFFFFFFFFFFFFFFFFFFFFFFFFFFFFFFFFFFFFFFFFFFFFFFFFFFFFFC5
:205C0000FFFFFFFFFFFFFFFFFFFFFFFFFFFFFFFFFFFFFFFFFFFFFFFFFFFFFFFFFFFFFFFFA4
:205C2000FFFFFFFFFFFFFFFFFFFFFFFFFFFFFFFFFFFFFFFFFFFFFFFFFFFFFFFFFFFFFFFF84
:205C4000FFFFFFFFFFFFFFFFFFFFFFFFFFFFFFFFFFFFFFFFFFFFFFFFFFFFFFFFFFFFFFFF64
:205C6000FFFFFFFFFFFFFFFFFFFFFFFFFFFFFFFFFFFFFFFFFFFFFFFFFFFFFFFFFFFFFFFF44
:205C8000FFFFFFFFFFFFFFFFFFFFFFFFFFFFFFFFFFFFFFFFFFFFFFFFFFFFFFFFFFFFFFFF24
:205CA000FFFFFFFFFFFFFFFFFFFFFFFFFFFFFFFFFFFFFFFFFFFFFFFFFFFFFFFFFFFFFFFF04
:205CC000FFFFFFFFFFFFFFFFFFFFFFFFFFFFFFFFFFFFFFFFFFFFFFFFFFFFFFFFFFFFFFFFE4
:205CE000FFFFFFFFFFFFFFFFFFFFFFFFFFFFFFFFFFFFFFFFFFFFFFFFFFFFFFFFFFFFFFFFC4
:205D0000FFFFFFFFFFFFFFFFFFFFFFFFFFFFFFFFFFFFFFFFFFFFFFFFFFFFFFFFFFFFFFFFA3
:205D2000FFFFFFFFFFFFFFFFFFFFFFFFFFFFFFFFFFFFFFFFFFFFFFFFFFFFFFFFFFFFFFFF83
:205D4000FFFFFFFFFFFFFFFFFFFFFFFFFFFFFFFFFFFFFFFFFFFFFFFFFFFFFFFFFFFFFFFF63
:205D6000FFFFFFFFFFFFFFFFFFFFFFFFFFFFFFFFFFFFFFFFFFFFFFFFFFFFFFFFFFFFFFFF43
:205D8000FFFFFFFFFFFFFFFFFFFFFFFFFFFFFFFFFFFFFFFFFFFFFFFFFFFFFFFFFFFFFFFF23
:205DA000FFFFFFFFFFFFFFFFFFFFFFFFFFFFFFFFFFFFFFFFFFFFFFFFFFFFFFFFFFFFFFFF03
:205DC000FFFFFFFFFFFFFFFFFFFFFFFFFFFFFFFFFFFFFFFFFFFFFFFFFFFFFFFFFFFFFFFFE3
:205DE000FFFFFFFFFFFFFFFFFFFFFFFFFFFFFFFFFFFFFFFFFFFFFFFFFFFFFFFFFFFFFFFFC3
:205E0000FFFFFFFFFFFFFFFFFFFFFFFFFFFFFFFFFFFFFFFFFFFFFFFFFFFFFFFFFFFFFFFFA2
:205E2000FFFFFFFFFFFFFFFFFFFFFFFFFFFFFFFFFFFFFFFFFFFFFFFFFFFFFFFFFFFFFFFF82
:205E4000FFFFFFFFFFFFFFFFFFFFFFFFFFFFFFFFFFFFFFFFFFFFFFFFFFFFFFFFFFFFFFFF62
:205E6000FFFFFFFFFFFFFFFFFFFFFFFFFFFFFFFFFFFFFFFFFFFFFFFFFFFFFFFFFFFFFFFF42
:205E8000FFFFFFFFFFFFFFFFFFFFFFFFFFFFFFFFFFFFFFFFFFFFFFFFFFFFFFFFFFFFFFFF22
:205EA000FFFFFFFFFFFFFFFFFFFFFFFFFFFFFFFFFFFFFFFFFFFFFFFFFFFFFFFFFFFFFFFF02
:205EC000FFFFFFFFFFFFFFFFFFFFFFFFFFFFFFFFFFFFFFFFFFFFFFFFFFFFFFFFFFFFFFFFE2
:205EE000FFFFFFFFFFFFFFFFFFFFFFFFFFFFFFFFFFFFFFFFFFFFFFFFFFFFFFFFFFFFFFFFC2
:205F0000FFFFFFFFFFFFFFFFFFFFFFFFFFFFFFFFFFFFFFFFFFFFFFFFFFFFFFFFFFFFFFFFA1
:205F2000FFFFFFFFFFFFFFFFFFFFFFFFFFFFFFFFFFFFFFFFFFFFFFFFFFFFFFFFFFFFFFFF81
:205F4000FFFFFFFFFFFFFFFFFFFFFFFFFFFFFFFFFFFFFFFFFFFFFFFFFFFFFFFFFFFFFFFF61
:205F6000FFFFFFFFFFFFFFFFFFFFFFFFFFFFFFFFFFFFFFFFFFFFFFFFFFFFFFFFFFFFFFFF41
:205F8000FFFFFFFFFFFFFFFFFFFFFFFFFFFFFFFFFFFFFFFFFFFFFFFFFFFFFFFFFFFFFFFF21
:205FA000FFFFFFFFFFFFFFFFFFFFFFFFFFFFFFFFFFFFFFFFFFFFFFFFFFFFFFFFFFFFFFFF01
:205FC000FFFFFFFFFFFFFFFFFFFFFFFFFFFFFFFFFFFFFFFFFFFFFFFFFFFFFFFFFFFFFFFFE1
:205FE000FFFFFFFFFFFFFFFFFFFFFFFFFFFFFFFFFFFFFFFFFFFFFFFFFFFFFFFFFFFFFFFFC1
:20600000FFFFFFFFFFFFFFFFFFFFFFFFFFFFFFFFFFFFFFFFFFFFFFFFFFFFFFFFFFFFFFFFA0
:20602000FFFFFFFFFFFFFFFFFFFFFFFFFFFFFFFFFFFFFFFFFFFFFFFFFFFFFFFFFFFFFFFF80
:20604000FFFFFFFFFFFFFFFFFFFFFFFFFFFFFFFFFFFFFFFFFFFFFFFFFFFFFFFFFFFFFFFF60
:20606000FFFFFFFFFFFFFFFFFFFFFFFFFFFFFFFFFFFFFFFFFFFFFFFFFFFFFFFFFFFFFFFF40
:20608000FFFFFFFFFFFFFFFFFFFFFFFFFFFFFFFFFFFFFFFFFFFFFFFFFFFFFFFFFFFFFFFF20
:2060A000FFFFFFFFFFFFFFFFFFFFFFFFFFFFFFFFFFFFFFFFFFFFFFFFFFFFFFFFFFFFFFFF00
:2060C000FFFFFFFFFFFFFFFFFFFFFFFFFFFFFFFFFFFFFFFFFFFFFFFFFFFFFFFFFFFFFFFFE0
:2060E000FFFFFFFFFFFFFFFFFFFFFFFFFFFFFFFFFFFFFFFFFFFFFFFFFFFFFFFFFFFFFFFFC0
:20610000FFFFFFFFFFFFFFFFFFFFFFFFFFFFFFFFFFFFFFFFFFFFFFFFFFFFFFFFFFFFFFFF9F
:20612000FFFFFFFFFFFFFFFFFFFFFFFFFFFFFFFFFFFFFFFFFFFFFFFFFFFFFFFFFFFFFFFF7F
:20614000FFFFFFFFFFFFFFFFFFFFFFFFFFFFFFFFFFFFFFFFFFFFFFFFFFFFFFFFFFFFFFFF5F
:20616000FFFFFFFFFFFFFFFFFFFFFFFFFFFFFFFFFFFFFFFFFFFFFFFFFFFFFFFFFFFFFFFF3F
:20618000FFFFFFFFFFFFFFFFFFFFFFFFFFFFFFFFFFFFFFFFFFFFFFFFFFFFFFFFFFFFFFFF1F
:2061A000FFFFFFFFFFFFFFFFFFFFFFFFFFFFFFFFFFFFFFFFFFFFFFFFFFFFFFFFFFFFFFFFFF
:2061C000FFFFFFFFFFFFFFFFFFFFFFFFFFFFFFFFFFFFFFFFFFFFFFFFFFFFFFFFFFFFFFFFDF
:2061E000FFFFFFFFFFFFFFFFFFFFFFFFFFFFFFFFFFFFFFFFFFFFFFFFFFFFFFFFFFFFFFFFBF
:20620000FFFFFFFFFFFFFFFFFFFFFFFFFFFFFFFFFFFFFFFFFFFFFFFFFFFFFFFFFFFFFFFF9E
:20622000FFFFFFFFFFFFFFFFFFFFFFFFFFFFFFFFFFFFFFFFFFFFFFFFFFFFFFFFFFFFFFFF7E
:20624000FFFFFFFFFFFFFFFFFFFFFFFFFFFFFFFFFFFFFFFFFFFFFFFFFFFFFFFFFFFFFFFF5E
:20626000FFFFFFFFFFFFFFFFFFFFFFFFFFFFFFFFFFFFFFFFFFFFFFFFFFFFFFFFFFFFFFFF3E
:20628000FFFFFFFFFFFFFFFFFFFFFFFFFFFFFFFFFFFFFFFFFFFFFFFFFFFFFFFFFFFFFFFF1E
:2062A000FFFFFFFFFFFFFFFFFFFFFFFFFFFFFFFFFFFFFFFFFFFFFFFFFFFFFFFFFFFFFFFFFE
:2062C000FFFFFFFFFFFFFFFFFFFFFFFFFFFFFFFFFFFFFFFFFFFFFFFFFFFFFFFFFFFFFFFFDE
:2062E000FFFFFFFFFFFFFFFFFFFFFFFFFFFFFFFFFFFFFFFFFFFFFFFFFFFFFFFFFFFFFFFFBE
:20630000FFFFFFFFFFFFFFFFFFFFFFFFFFFFFFFFFFFFFFFFFFFFFFFFFFFFFFFFFFFFFFFF9D
:20632000FFFFFFFFFFFFFFFFFFFFFFFFFFFFFFFFFFFFFFFFFFFFFFFFFFFFFFFFFFFFFFFF7D
:20634000FFFFFFFFFFFFFFFFFFFFFFFFFFFFFFFFFFFFFFFFFFFFFFFFFFFFFFFFFFFFFFFF5D
:20636000FFFFFFFFFFFFFFFFFFFFFFFFFFFFFFFFFFFFFFFFFFFFFFFFFFFFFFFFFFFFFFFF3D
:20638000FFFFFFFFFFFFFFFFFFFFFFFFFFFFFFFFFFFFFFFFFFFFFFFFFFFFFFFFFFFFFFFF1D
:2063A000FFFFFFFFFFFFFFFFFFFFFFFFFFFFFFFFFFFFFFFFFFFFFFFFFFFFFFFFFFFFFFFFFD
:2063C000FFFFFFFFFFFFFFFFFFFFFFFFFFFFFFFFFFFFFFFFFFFFFFFFFFFFFFFFFFFFFFFFDD
:2063E000FFFFFFFFFFFFFFFFFFFFFFFFFFFFFFFFFFFFFFFFFFFFFFFFFFFFFFFFFFFFFFFFBD
:20640000FFFFFFFFFFFFFFFFFFFFFFFFFFFFFFFFFFFFFFFFFFFFFFFFFFFFFFFFFFFFFFFF9C
:20642000FFFFFFFFFFFFFFFFFFFFFFFFFFFFFFFFFFFFFFFFFFFFFFFFFFFFFFFFFFFFFFFF7C
:20644000FFFFFFFFFFFFFFFFFFFFFFFFFFFFFFFFFFFFFFFFFFFFFFFFFFFFFFFFFFFFFFFF5C
:20646000FFFFFFFFFFFFFFFFFFFFFFFFFFFFFFFFFFFFFFFFFFFFFFFFFFFFFFFFFFFFFFFF3C
:20648000FFFFFFFFFFFFFFFFFFFFFFFFFFFFFFFFFFFFFFFFFFFFFFFFFFFFFFFFFFFFFFFF1C
:2064A000FFFFFFFFFFFFFFFFFFFFFFFFFFFFFFFFFFFFFFFFFFFFFFFFFFFFFFFFFFFFFFFFFC
:2064C000FFFFFFFFFFFFFFFFFFFFFFFFFFFFFFFFFFFFFFFFFFFFFFFFFFFFFFFFFFFFFFFFDC
:2064E000FFFFFFFFFFFFFFFFFFFFFFFFFFFFFFFFFFFFFFFFFFFFFFFFFFFFFFFFFFFFFFFFBC
:20650000FFFFFFFFFFFFFFFFFFFFFFFFFFFFFFFFFFFFFFFFFFFFFFFFFFFFFFFFFFFFFFFF9B
:20652000FFFFFFFFFFFFFFFFFFFFFFFFFFFFFFFFFFFFFFFFFFFFFFFFFFFFFFFFFFFFFFFF7B
:20654000FFFFFFFFFFFFFFFFFFFFFFFFFFFFFFFFFFFFFFFFFFFFFFFFFFFFFFFFFFFFFFFF5B
:20656000FFFFFFFFFFFFFFFFFFFFFFFFFFFFFFFFFFFFFFFFFFFFFFFFFFFFFFFFFFFFFFFF3B
:20658000FFFFFFFFFFFFFFFFFFFFFFFFFFFFFFFFFFFFFFFFFFFFFFFFFFFFFFFFFFFFFFFF1B
:2065A000FFFFFFFFFFFFFFFFFFFFFFFFFFFFFFFFFFFFFFFFFFFFFFFFFFFFFFFFFFFFFFFFFB
:2065C000FFFFFFFFFFFFFFFFFFFFFFFFFFFFFFFFFFFFFFFFFFFFFFFFFFFFFFFFFFFFFFFFDB
:2065E000FFFFFFFFFFFFFFFFFFFFFFFFFFFFFFFFFFFFFFFFFFFFFFFFFFFFFFFFFFFFFFFFBB
:20660000FFFFFFFFFFFFFFFFFFFFFFFFFFFFFFFFFFFFFFFFFFFFFFFFFFFFFFFFFFFFFFFF9A
:20662000FFFFFFFFFFFFFFFFFFFFFFFFFFFFFFFFFFFFFFFFFFFFFFFFFFFFFFFFFFFFFFFF7A
:20664000FFFFFFFFFFFFFFFFFFFFFFFFFFFFFFFFFFFFFFFFFFFFFFFFFFFFFFFFFFFFFFFF5A
:20666000FFFFFFFFFFFFFFFFFFFFFFFFFFFFFFFFFFFFFFFFFFFFFFFFFFFFFFFFFFFFFFFF3A
:20668000FFFFFFFFFFFFFFFFFFFFFFFFFFFFFFFFFFFFFFFFFFFFFFFFFFFFFFFFFFFFFFFF1A
:2066A000FFFFFFFFFFFFFFFFFFFFFFFFFFFFFFFFFFFFFFFFFFFFFFFFFFFFFFFFFFFFFFFFFA
:2066C000FFFFFFFFFFFFFFFFFFFFFFFFFFFFFFFFFFFFFFFFFFFFFFFFFFFFFFFFFFFFFFFFDA
:2066E000FFFFFFFFFFFFFFFFFFFFFFFFFFFFFFFFFFFFFFFFFFFFFFFFFFFFFFFFFFFFFFFFBA
:20670000FFFFFFFFFFFFFFFFFFFFFFFFFFFFFFFFFFFFFFFFFFFFFFFFFFFFFFFFFFFFFFFF99
:20672000FFFFFFFFFFFFFFFFFFFFFFFFFFFFFFFFFFFFFFFFFFFFFFFFFFFFFFFFFFFFFFFF79
:20674000FFFFFFFFFFFFFFFFFFFFFFFFFFFFFFFFFFFFFFFFFFFFFFFFFFFFFFFFFFFFFFFF59
:20676000FFFFFFFFFFFFFFFFFFFFFFFFFFFFFFFFFFFFFFFFFFFFFFFFFFFFFFFFFFFFFFFF39
:20678000FFFFFFFFFFFFFFFFFFFFFFFFFFFFFFFFFFFFFFFFFFFFFFFFFFFFFFFFFFFFFFFF19
:2067A000FFFFFFFFFFFFFFFFFFFFFFFFFFFFFFFFFFFFFFFFFFFFFFFFFFFFFFFFFFFFFFFFF9
:2067C000FFFFFFFFFFFFFFFFFFFFFFFFFFFFFFFFFFFFFFFFFFFFFFFFFFFFFFFFFFFFFFFFD9
:2067E000FFFFFFFFFFFFFFFFFFFFFFFFFFFFFFFFFFFFFFFFFFFFFFFFFFFFFFFFFFFFFFFFB9
:20680000FFFFFFFFFFFFFFFFFFFFFFFFFFFFFFFFFFFFFFFFFFFFFFFFFFFFFFFFFFFFFFFF98
:20682000FFFFFFFFFFFFFFFFFFFFFFFFFFFFFFFFFFFFFFFFFFFFFFFFFFFFFFFFFFFFFFFF78
:20684000FFFFFFFFFFFFFFFFFFFFFFFFFFFFFFFFFFFFFFFFFFFFFFFFFFFFFFFFFFFFFFFF58
:20686000FFFFFFFFFFFFFFFFFFFFFFFFFFFFFFFFFFFFFFFFFFFFFFFFFFFFFFFFFFFFFFFF38
:20688000FFFFFFFFFFFFFFFFFFFFFFFFFFFFFFFFFFFFFFFFFFFFFFFFFFFFFFFFFFFFFFFF18
:2068A000FFFFFFFFFFFFFFFFFFFFFFFFFFFFFFFFFFFFFFFFFFFFFFFFFFFFFFFFFFFFFFFFF8
:2068C000FFFFFFFFFFFFFFFFFFFFFFFFFFFFFFFFFFFFFFFFFFFFFFFFFFFFFFFFFFFFFFFFD8
:2068E000FFFFFFFFFFFFFFFFFFFFFFFFFFFFFFFFFFFFFFFFFFFFFFFFFFFFFFFFFFFFFFFFB8
:20690000FFFFFFFFFFFFFFFFFFFFFFFFFFFFFFFFFFFFFFFFFFFFFFFFFFFFFFFFFFFFFFFF97
:20692000FFFFFFFFFFFFFFFFFFFFFFFFFFFFFFFFFFFFFFFFFFFFFFFFFFFFFFFFFFFFFFFF77
:20694000FFFFFFFFFFFFFFFFFFFFFFFFFFFFFFFFFFFFFFFFFFFFFFFFFFFFFFFFFFFFFFFF57
:20696000FFFFFFFFFFFFFFFFFFFFFFFFFFFFFFFFFFFFFFFFFFFFFFFFFFFFFFFFFFFFFFFF37
:20698000FFFFFFFFFFFFFFFFFFFFFFFFFFFFFFFFFFFFFFFFFFFFFFFFFFFFFFFFFFFFFFFF17
:2069A000FFFFFFFFFFFFFFFFFFFFFFFFFFFFFFFFFFFFFFFFFFFFFFFFFFFFFFFFFFFFFFFFF7
:2069C000FFFFFFFFFFFFFFFFFFFFFFFFFFFFFFFFFFFFFFFFFFFFFFFFFFFFFFFFFFFFFFFFD7
:2069E000FFFFFFFFFFFFFFFFFFFFFFFFFFFFFFFFFFFFFFFFFFFFFFFFFFFFFFFFFFFFFFFFB7
:206A0000FFFFFFFFFFFFFFFFFFFFFFFFFFFFFFFFFFFFFFFFFFFFFFFFFFFFFFFFFFFFFFFF96
:206A2000FFFFFFFFFFFFFFFFFFFFFFFFFFFFFFFFFFFFFFFFFFFFFFFFFFFFFFFFFFFFFFFF76
:206A4000FFFFFFFFFFFFFFFFFFFFFFFFFFFFFFFFFFFFFFFFFFFFFFFFFFFFFFFFFFFFFFFF56
:206A6000FFFFFFFFFFFFFFFFFFFFFFFFFFFFFFFFFFFFFFFFFFFFFFFFFFFFFFFFFFFFFFFF36
:206A8000FFFFFFFFFFFFFFFFFFFFFFFFFFFFFFFFFFFFFFFFFFFFFFFFFFFFFFFFFFFFFFFF16
:206AA000FFFFFFFFFFFFFFFFFFFFFFFFFFFFFFFFFFFFFFFFFFFFFFFFFFFFFFFFFFFFFFFFF6
:206AC000FFFFFFFFFFFFFFFFFFFFFFFFFFFFFFFFFFFFFFFFFFFFFFFFFFFFFFFFFFFFFFFFD6
:206AE000FFFFFFFFFFFFFFFFFFFFFFFFFFFFFFFFFFFFFFFFFFFFFFFFFFFFFFFFFFFFFFFFB6
:206B0000FFFFFFFFFFFFFFFFFFFFFFFFFFFFFFFFFFFFFFFFFFFFFFFFFFFFFFFFFFFFFFFF95
:206B2000FFFFFFFFFFFFFFFFFFFFFFFFFFFFFFFFFFFFFFFFFFFFFFFFFFFFFFFFFFFFFFFF75
:206B4000FFFFFFFFFFFFFFFFFFFFFFFFFFFFFFFFFFFFFFFFFFFFFFFFFFFFFFFFFFFFFFFF55
:206B6000FFFFFFFFFFFFFFFFFFFFFFFFFFFFFFFFFFFFFFFFFFFFFFFFFFFFFFFFFFFFFFFF35
:206B8000FFFFFFFFFFFFFFFFFFFFFFFFFFFFFFFFFFFFFFFFFFFFFFFFFFFFFFFFFFFFFFFF15
:206BA000FFFFFFFFFFFFFFFFFFFFFFFFFFFFFFFFFFFFFFFFFFFFFFFFFFFFFFFFFFFFFFFFF5
:206BC000FFFFFFFFFFFFFFFFFFFFFFFFFFFFFFFFFFFFFFFFFFFFFFFFFFFFFFFFFFFFFFFFD5
:206BE000FFFFFFFFFFFFFFFFFFFFFFFFFFFFFFFFFFFFFFFFFFFFFFFFFFFFFFFFFFFFFFFFB5
:206C0000FFFFFFFFFFFFFFFFFFFFFFFFFFFFFFFFFFFFFFFFFFFFFFFFFFFFFFFFFFFFFFFF94
:206C2000FFFFFFFFFFFFFFFFFFFFFFFFFFFFFFFFFFFFFFFFFFFFFFFFFFFFFFFFFFFFFFFF74
:206C4000FFFFFFFFFFFFFFFFFFFFFFFFFFFFFFFFFFFFFFFFFFFFFFFFFFFFFFFFFFFFFFFF54
:206C6000FFFFFFFFFFFFFFFFFFFFFFFFFFFFFFFFFFFFFFFFFFFFFFFFFFFFFFFFFFFFFFFF34
:206C8000FFFFFFFFFFFFFFFFFFFFFFFFFFFFFFFFFFFFFFFFFFFFFFFFFFFFFFFFFFFFFFFF14
:206CA000FFFFFFFFFFFFFFFFFFFFFFFFFFFFFFFFFFFFFFFFFFFFFFFFFFFFFFFFFFFFFFFFF4
:206CC000FFFFFFFFFFFFFFFFFFFFFFFFFFFFFFFFFFFFFFFFFFFFFFFFFFFFFFFFFFFFFFFFD4
:206CE000FFFFFFFFFFFFFFFFFFFFFFFFFFFFFFFFFFFFFFFFFFFFFFFFFFFFFFFFFFFFFFFFB4
:206D0000FFFFFFFFFFFFFFFFFFFFFFFFFFFFFFFFFFFFFFFFFFFFFFFFFFFFFFFFFFFFFFFF93
:206D2000FFFFFFFFFFFFFFFFFFFFFFFFFFFFFFFFFFFFFFFFFFFFFFFFFFFFFFFFFFFFFFFF73
:206D4000FFFFFFFFFFFFFFFFFFFFFFFFFFFFFFFFFFFFFFFFFFFFFFFFFFFFFFFFFFFFFFFF53
:206D6000FFFFFFFFFFFFFFFFFFFFFFFFFFFFFFFFFFFFFFFFFFFFFFFFFFFFFFFFFFFFFFFF33
:206D8000FFFFFFFFFFFFFFFFFFFFFFFFFFFFFFFFFFFFFFFFFFFFFFFFFFFFFFFFFFFFFFFF13
:206DA000FFFFFFFFFFFFFFFFFFFFFFFFFFFFFFFFFFFFFFFFFFFFFFFFFFFFFFFFFFFFFFFFF3
:206DC000FFFFFFFFFFFFFFFFFFFFFFFFFFFFFFFFFFFFFFFFFFFFFFFFFFFFFFFFFFFFFFFFD3
:206DE000FFFFFFFFFFFFFFFFFFFFFFFFFFFFFFFFFFFFFFFFFFFFFFFFFFFFFFFFFFFFFFFFB3
:206E0000FFFFFFFFFFFFFFFFFFFFFFFFFFFFFFFFFFFFFFFFFFFFFFFFFFFFFFFFFFFFFFFF92
:206E2000FFFFFFFFFFFFFFFFFFFFFFFFFFFFFFFFFFFFFFFFFFFFFFFFFFFFFFFFFFFFFFFF72
:206E4000FFFFFFFFFFFFFFFFFFFFFFFFFFFFFFFFFFFFFFFFFFFFFFFFFFFFFFFFFFFFFFFF52
:206E6000FFFFFFFFFFFFFFFFFFFFFFFFFFFFFFFFFFFFFFFFFFFFFFFFFFFFFFFFFFFFFFFF32
:206E8000FFFFFFFFFFFFFFFFFFFFFFFFFFFFFFFFFFFFFFFFFFFFFFFFFFFFFFFFFFFFFFFF12
:206EA000FFFFFFFFFFFFFFFFFFFFFFFFFFFFFFFFFFFFFFFFFFFFFFFFFFFFFFFFFFFFFFFFF2
:206EC000FFFFFFFFFFFFFFFFFFFFFFFFFFFFFFFFFFFFFFFFFFFFFFFFFFFFFFFFFFFFFFFFD2
:206EE000FFFFFFFFFFFFFFFFFFFFFFFFFFFFFFFFFFFFFFFFFFFFFFFFFFFFFFFFFFFFFFFFB2
:206F0000FFFFFFFFFFFFFFFFFFFFFFFFFFFFFFFFFFFFFFFFFFFFFFFFFFFFFFFFFFFFFFFF91
:206F2000FFFFFFFFFFFFFFFFFFFFFFFFFFFFFFFFFFFFFFFFFFFFFFFFFFFFFFFFFFFFFFFF71
:206F4000FFFFFFFFFFFFFFFFFFFFFFFFFFFFFFFFFFFFFFFFFFFFFFFFFFFFFFFFFFFFFFFF51
:206F6000FFFFFFFFFFFFFFFFFFFFFFFFFFFFFFFFFFFFFFFFFFFFFFFFFFFFFFFFFFFFFFFF31
:206F8000FFFFFFFFFFFFFFFFFFFFFFFFFFFFFFFFFFFFFFFFFFFFFFFFFFFFFFFFFFFFFFFF11
:206FA000FFFFFFFFFFFFFFFFFFFFFFFFFFFFFFFFFFFFFFFFFFFFFFFFFFFFFFFFFFFFFFFFF1
:206FC000FFFFFFFFFFFFFFFFFFFFFFFFFFFFFFFFFFFFFFFFFFFFFFFFFFFFFFFFFFFFFFFFD1
:206FE000FFFFFFFFFFFFFFFFFFFFFFFFFFFFFFFFFFFFFFFFFFFFFFFFFFFFFFFFFFFFFFFFB1
:20700000FFFFFFFFFFFFFFFFFFFFFFFFFFFFFFFFFFFFFFFFFFFFFFFFFFFFFFFFFFFFFFFF90
:20702000FFFFFFFFFFFFFFFFFFFFFFFFFFFFFFFFFFFFFFFFFFFFFFFFFFFFFFFFFFFFFFFF70
:20704000FFFFFFFFFFFFFFFFFFFFFFFFFFFFFFFFFFFFFFFFFFFFFFFFFFFFFFFFFFFFFFFF50
:20706000FFFFFFFFFFFFFFFFFFFFFFFFFFFFFFFFFFFFFFFFFFFFFFFFFFFFFFFFFFFFFFFF30
:20708000FFFFFFFFFFFFFFFFFFFFFFFFFFFFFFFFFFFFFFFFFFFFFFFFFFFFFFFFFFFFFFFF10
:2070A000FFFFFFFFFFFFFFFFFFFFFFFFFFFFFFFFFFFFFFFFFFFFFFFFFFFFFFFFFFFFFFFFF0
:2070C000FFFFFFFFFFFFFFFFFFFFFFFFFFFFFFFFFFFFFFFFFFFFFFFFFFFFFFFFFFFFFFFFD0
:2070E000FFFFFFFFFFFFFFFFFFFFFFFFFFFFFFFFFFFFFFFFFFFFFFFFFFFFFFFFFFFFFFFFB0
:20710000FFFFFFFFFFFFFFFFFFFFFFFFFFFFFFFFFFFFFFFFFFFFFFFFFFFFFFFFFFFFFFFF8F
:20712000FFFFFFFFFFFFFFFFFFFFFFFFFFFFFFFFFFFFFFFFFFFFFFFFFFFFFFFFFFFFFFFF6F
:20714000FFFFFFFFFFFFFFFFFFFFFFFFFFFFFFFFFFFFFFFFFFFFFFFFFFFFFFFFFFFFFFFF4F
:20716000FFFFFFFFFFFFFFFFFFFFFFFFFFFFFFFFFFFFFFFFFFFFFFFFFFFFFFFFFFFFFFFF2F
:20718000FFFFFFFFFFFFFFFFFFFFFFFFFFFFFFFFFFFFFFFFFFFFFFFFFFFFFFFFFFFFFFFF0F
:2071A000FFFFFFFFFFFFFFFFFFFFFFFFFFFFFFFFFFFFFFFFFFFFFFFFFFFFFFFFFFFFFFFFEF
:2071C000FFFFFFFFFFFFFFFFFFFFFFFFFFFFFFFFFFFFFFFFFFFFFFFFFFFFFFFFFFFFFFFFCF
:2071E000FFFFFFFFFFFFFFFFFFFFFFFFFFFFFFFFFFFFFFFFFFFFFFFFFFFFFFFFFFFFFFFFAF
:20720000FFFFFFFFFFFFFFFFFFFFFFFFFFFFFFFFFFFFFFFFFFFFFFFFFFFFFFFFFFFFFFFF8E
:20722000FFFFFFFFFFFFFFFFFFFFFFFFFFFFFFFFFFFFFFFFFFFFFFFFFFFFFFFFFFFFFFFF6E
:20724000FFFFFFFFFFFFFFFFFFFFFFFFFFFFFFFFFFFFFFFFFFFFFFFFFFFFFFFFFFFFFFFF4E
:20726000FFFFFFFFFFFFFFFFFFFFFFFFFFFFFFFFFFFFFFFFFFFFFFFFFFFFFFFFFFFFFFFF2E
:20728000FFFFFFFFFFFFFFFFFFFFFFFFFFFFFFFFFFFFFFFFFFFFFFFFFFFFFFFFFFFFFFFF0E
:2072A000FFFFFFFFFFFFFFFFFFFFFFFFFFFFFFFFFFFFFFFFFFFFFFFFFFFFFFFFFFFFFFFFEE
:2072C000FFFFFFFFFFFFFFFFFFFFFFFFFFFFFFFFFFFFFFFFFFFFFFFFFFFFFFFFFFFFFFFFCE
:2072E000FFFFFFFFFFFFFFFFFFFFFFFFFFFFFFFFFFFFFFFFFFFFFFFFFFFFFFFFFFFFFFFFAE
:20730000FFFFFFFFFFFFFFFFFFFFFFFFFFFFFFFFFFFFFFFFFFFFFFFFFFFFFFFFFFFFFFFF8D
:20732000FFFFFFFFFFFFFFFFFFFFFFFFFFFFFFFFFFFFFFFFFFFFFFFFFFFFFFFFFFFFFFFF6D
:20734000FFFFFFFFFFFFFFFFFFFFFFFFFFFFFFFFFFFFFFFFFFFFFFFFFFFFFFFFFFFFFFFF4D
:20736000FFFFFFFFFFFFFFFFFFFFFFFFFFFFFFFFFFFFFFFFFFFFFFFFFFFFFFFFFFFFFFFF2D
:20738000FFFFFFFFFFFFFFFFFFFFFFFFFFFFFFFFFFFFFFFFFFFFFFFFFFFFFFFFFFFFFFFF0D
:2073A000FFFFFFFFFFFFFFFFFFFFFFFFFFFFFFFFFFFFFFFFFFFFFFFFFFFFFFFFFFFFFFFFED
:2073C000FFFFFFFFFFFFFFFFFFFFFFFFFFFFFFFFFFFFFFFFFFFFFFFFFFFFFFFFFFFFFFFFCD
:2073E000FFFFFFFFFFFFFFFFFFFFFFFFFFFFFFFFFFFFFFFFFFFFFFFFFFFFFFFFFFFFFFFFAD
:20740000FFFFFFFFFFFFFFFFFFFFFFFFFFFFFFFFFFFFFFFFFFFFFFFFFFFFFFFFFFFFFFFF8C
:20742000FFFFFFFFFFFFFFFFFFFFFFFFFFFFFFFFFFFFFFFFFFFFFFFFFFFFFFFFFFFFFFFF6C
:20744000FFFFFFFFFFFFFFFFFFFFFFFFFFFFFFFFFFFFFFFFFFFFFFFFFFFFFFFFFFFFFFFF4C
:20746000FFFFFFFFFFFFFFFFFFFFFFFFFFFFFFFFFFFFFFFFFFFFFFFFFFFFFFFFFFFFFFFF2C
:20748000FFFFFFFFFFFFFFFFFFFFFFFFFFFFFFFFFFFFFFFFFFFFFFFFFFFFFFFFFFFFFFFF0C
:2074A000FFFFFFFFFFFFFFFFFFFFFFFFFFFFFFFFFFFFFFFFFFFFFFFFFFFFFFFFFFFFFFFFEC
:2074C000FFFFFFFFFFFFFFFFFFFFFFFFFFFFFFFFFFFFFFFFFFFFFFFFFFFFFFFFFFFFFFFFCC
:2074E000FFFFFFFFFFFFFFFFFFFFFFFFFFFFFFFFFFFFFFFFFFFFFFFFFFFFFFFFFFFFFFFFAC
:20750000FFFFFFFFFFFFFFFFFFFFFFFFFFFFFFFFFFFFFFFFFFFFFFFFFFFFFFFFFFFFFFFF8B
:20752000FFFFFFFFFFFFFFFFFFFFFFFFFFFFFFFFFFFFFFFFFFFFFFFFFFFFFFFFFFFFFFFF6B
:20754000FFFFFFFFFFFFFFFFFFFFFFFFFFFFFFFFFFFFFFFFFFFFFFFFFFFFFFFFFFFFFFFF4B
:20756000FFFFFFFFFFFFFFFFFFFFFFFFFFFFFFFFFFFFFFFFFFFFFFFFFFFFFFFFFFFFFFFF2B
:20758000FFFFFFFFFFFFFFFFFFFFFFFFFFFFFFFFFFFFFFFFFFFFFFFFFFFFFFFFFFFFFFFF0B
:2075A000FFFFFFFFFFFFFFFFFFFFFFFFFFFFFFFFFFFFFFFFFFFFFFFFFFFFFFFFFFFFFFFFEB
:2075C000FFFFFFFFFFFFFFFFFFFFFFFFFFFFFFFFFFFFFFFFFFFFFFFFFFFFFFFFFFFFFFFFCB
:2075E000FFFFFFFFFFFFFFFFFFFFFFFFFFFFFFFFFFFFFFFFFFFFFFFFFFFFFFFFFFFFFFFFAB
:20760000FFFFFFFFFFFFFFFFFFFFFFFFFFFFFFFFFFFFFFFFFFFFFFFFFFFFFFFFFFFFFFFF8A
:20762000FFFFFFFFFFFFFFFFFFFFFFFFFFFFFFFFFFFFFFFFFFFFFFFFFFFFFFFFFFFFFFFF6A
:20764000FFFFFFFFFFFFFFFFFFFFFFFFFFFFFFFFFFFFFFFFFFFFFFFFFFFFFFFFFFFFFFFF4A
:20766000FFFFFFFFFFFFFFFFFFFFFFFFFFFFFFFFFFFFFFFFFFFFFFFFFFFFFFFFFFFFFFFF2A
:20768000FFFFFFFFFFFFFFFFFFFFFFFFFFFFFFFFFFFFFFFFFFFFFFFFFFFFFFFFFFFFFFFF0A
:2076A000FFFFFFFFFFFFFFFFFFFFFFFFFFFFFFFFFFFFFFFFFFFFFFFFFFFFFFFFFFFFFFFFEA
:2076C000FFFFFFFFFFFFFFFFFFFFFFFFFFFFFFFFFFFFFFFFFFFFFFFFFFFFFFFFFFFFFFFFCA
:2076E000FFFFFFFFFFFFFFFFFFFFFFFFFFFFFFFFFFFFFFFFFFFFFFFFFFFFFFFFFFFFFFFFAA
:20770000FFFFFFFFFFFFFFFFFFFFFFFFFFFFFFFFFFFFFFFFFFFFFFFFFFFFFFFFFFFFFFFF89
:20772000FFFFFFFFFFFFFFFFFFFFFFFFFFFFFFFFFFFFFFFFFFFFFFFFFFFFFFFFFFFFFFFF69
:20774000FFFFFFFFFFFFFFFFFFFFFFFFFFFFFFFFFFFFFFFFFFFFFFFFFFFFFFFFFFFFFFFF49
:20776000FFFFFFFFFFFFFFFFFFFFFFFFFFFFFFFFFFFFFFFFFFFFFFFFFFFFFFFFFFFFFFFF29
:20778000FFFFFFFFFFFFFFFFFFFFFFFFFFFFFFFFFFFFFFFFFFFFFFFFFFFFFFFFFFFFFFFF09
:2077A000FFFFFFFFFFFFFFFFFFFFFFFFFFFFFFFFFFFFFFFFFFFFFFFFFFFFFFFFFFFFFFFFE9
:2077C000FFFFFFFFFFFFFFFFFFFFFFFFFFFFFFFFFFFFFFFFFFFFFFFFFFFFFFFFFFFFFFFFC9
:2077E000FFFFFFFFFFFFFFFFFFFFFFFFFFFFFFFFFFFFFFFFFFFFFFFFFFFFFFFFFFFFFFFFA9
:20780000FFFFFFFFFFFFFFFFFFFFFFFFFFFFFFFFFFFFFFFFFFFFFFFFFFFFFFFFFFFFFFFF88
:20782000FFFFFFFFFFFFFFFFFFFFFFFFFFFFFFFFFFFFFFFFFFFFFFFFFFFFFFFFFFFFFFFF68
:20784000FFFFFFFFFFFFFFFFFFFFFFFFFFFFFFFFFFFFFFFFFFFFFFFFFFFFFFFFFFFFFFFF48
:20786000FFFFFFFFFFFFFFFFFFFFFFFFFFFFFFFFFFFFFFFFFFFFFFFFFFFFFFFFFFFFFFFF28
:20788000FFFFFFFFFFFFFFFFFFFFFFFFFFFFFFFFFFFFFFFFFFFFFFFFFFFFFFFFFFFFFFFF08
:2078A000FFFFFFFFFFFFFFFFFFFFFFFFFFFFFFFFFFFFFFFFFFFFFFFFFFFFFFFFFFFFFFFFE8
:2078C000FFFFFFFFFFFFFFFFFFFFFFFFFFFFFFFFFFFFFFFFFFFFFFFFFFFFFFFFFFFFFFFFC8
:2078E000FFFFFFFFFFFFFFFFFFFFFFFFFFFFFFFFFFFFFFFFFFFFFFFFFFFFFFFFFFFFFFFFA8
:20790000FFFFFFFFFFFFFFFFFFFFFFFFFFFFFFFFFFFFFFFFFFFFFFFFFFFFFFFFFFFFFFFF87
:20792000FFFFFFFFFFFFFFFFFFFFFFFFFFFFFFFFFFFFFFFFFFFFFFFFFFFFFFFFFFFFFFFF67
:20794000FFFFFFFFFFFFFFFFFFFFFFFFFFFFFFFFFFFFFFFFFFFFFFFFFFFFFFFFFFFFFFFF47
:20796000FFFFFFFFFFFFFFFFFFFFFFFFFFFFFFFFFFFFFFFFFFFFFFFFFFFFFFFFFFFFFFFF27
:20798000FFFFFFFFFFFFFFFFFFFFFFFFFFFFFFFFFFFFFFFFFFFFFFFFFFFFFFFFFFFFFFFF07
:2079A000FFFFFFFFFFFFFFFFFFFFFFFFFFFFFFFFFFFFFFFFFFFFFFFFFFFFFFFFFFFFFFFFE7
:2079C000FFFFFFFFFFFFFFFFFFFFFFFFFFFFFFFFFFFFFFFFFFFFFFFFFFFFFFFFFFFFFFFFC7
:2079E000FFFFFFFFFFFFFFFFFFFFFFFFFFFFFFFFFFFFFFFFFFFFFFFFFFFFFFFFFFFFFFFFA7
:207A0000FFFFFFFFFFFFFFFFFFFFFFFFFFFFFFFFFFFFFFFFFFFFFFFFFFFFFFFFFFFFFFFF86
:207A2000FFFFFFFFFFFFFFFFFFFFFFFFFFFFFFFFFFFFFFFFFFFFFFFFFFFFFFFFFFFFFFFF66
:207A4000FFFFFFFFFFFFFFFFFFFFFFFFFFFFFFFFFFFFFFFFFFFFFFFFFFFFFFFFFFFFFFFF46
:207A6000FFFFFFFFFFFFFFFFFFFFFFFFFFFFFFFFFFFFFFFFFFFFFFFFFFFFFFFFFFFFFFFF26
:207A8000FFFFFFFFFFFFFFFFFFFFFFFFFFFFFFFFFFFFFFFFFFFFFFFFFFFFFFFFFFFFFFFF06
:207AA000FFFFFFFFFFFFFFFFFFFFFFFFFFFFFFFFFFFFFFFFFFFFFFFFFFFFFFFFFFFFFFFFE6
:207AC000FFFFFFFFFFFFFFFFFFFFFFFFFFFFFFFFFFFFFFFFFFFFFFFFFFFFFFFFFFFFFFFFC6
:207AE000FFFFFFFFFFFFFFFFFFFFFFFFFFFFFFFFFFFFFFFFFFFFFFFFFFFFFFFFFFFFFFFFA6
:207B0000FFFFFFFFFFFFFFFFFFFFFFFFFFFFFFFFFFFFFFFFFFFFFFFFFFFFFFFFFFFFFFFF85
:207B2000FFFFFFFFFFFFFFFFFFFFFFFFFFFFFFFFFFFFFFFFFFFFFFFFFFFFFFFFFFFFFFFF65
:207B4000FFFFFFFFFFFFFFFFFFFFFFFFFFFFFFFFFFFFFFFFFFFFFFFFFFFFFFFFFFFFFFFF45
:207B6000FFFFFFFFFFFFFFFFFFFFFFFFFFFFFFFFFFFFFFFFFFFFFFFFFFFFFFFFFFFFFFFF25
:207B8000FFFFFFFFFFFFFFFFFFFFFFFFFFFFFFFFFFFFFFFFFFFFFFFFFFFFFFFFFFFFFFFF05
:207BA000FFFFFFFFFFFFFFFFFFFFFFFFFFFFFFFFFFFFFFFFFFFFFFFFFFFFFFFFFFFFFFFFE5
:207BC000FFFFFFFFFFFFFFFFFFFFFFFFFFFFFFFFFFFFFFFFFFFFFFFFFFFFFFFFFFFFFFFFC5
:207BE000FFFFFFFFFFFFFFFFFFFFFFFFFFFFFFFFFFFFFFFFFFFFFFFFFFFFFFFFFFFFFFFFA5
:207C0000FFFFFFFFFFFFFFFFFFFFFFFFFFFFFFFFFFFFFFFFFFFFFFFFFFFFFFFFFFFFFFFF84
:207C2000FFFFFFFFFFFFFFFFFFFFFFFFFFFFFFFFFFFFFFFFFFFFFFFFFFFFFFFFFFFFFFFF64
:207C4000FFFFFFFFFFFFFFFFFFFFFFFFFFFFFFFFFFFFFFFFFFFFFFFFFFFFFFFFFFFFFFFF44
:207C6000FFFFFFFFFFFFFFFFFFFFFFFFFFFFFFFFFFFFFFFFFFFFFFFFFFFFFFFFFFFFFFFF24
:207C8000FFFFFFFFFFFFFFFFFFFFFFFFFFFFFFFFFFFFFFFFFFFFFFFFFFFFFFFFFFFFFFFF04
:207CA000FFFFFFFFFFFFFFFFFFFFFFFFFFFFFFFFFFFFFFFFFFFFFFFFFFFFFFFFFFFFFFFFE4
:207CC000FFFFFFFFFFFFFFFFFFFFFFFFFFFFFFFFFFFFFFFFFFFFFFFFFFFFFFFFFFFFFFFFC4
:207CE000FFFFFFFFFFFFFFFFFFFFFFFFFFFFFFFFFFFFFFFFFFFFFFFFFFFFFFFFFFFFFFFFA4
:207D0000FFFFFFFFFFFFFFFFFFFFFFFFFFFFFFFFFFFFFFFFFFFFFFFFFFFFFFFFFFFFFFFF83
:207D2000FFFFFFFFFFFFFFFFFFFFFFFFFFFFFFFFFFFFFFFFFFFFFFFFFFFFFFFFFFFFFFFF63
:207D4000FFFFFFFFFFFFFFFFFFFFFFFFFFFFFFFFFFFFFFFFFFFFFFFFFFFFFFFFFFFFFFFF43
:207D6000FFFFFFFFFFFFFFFFFFFFFFFFFFFFFFFFFFFFFFFFFFFFFFFFFFFFFFFFFFFFFFFF23
:207D8000FFFFFFFFFFFFFFFFFFFFFFFFFFFFFFFFFFFFFFFFFFFFFFFFFFFFFFFFFFFFFFFF03
:207DA000FFFFFFFFFFFFFFFFFFFFFFFFFFFFFFFFFFFFFFFFFFFFFFFFFFFFFFFFFFFFFFFFE3
:207DC000FFFFFFFFFFFFFFFFFFFFFFFFFFFFFFFFFFFFFFFFFFFFFFFFFFFFFFFFFFFFFFFFC3
:207DE000FFFFFFFFFFFFFFFFFFFFFFFFFFFFFFFFFFFFFFFFFFFFFFFFFFFFFFFFFFFFFFFFA3
:207E0000FFFFFFFFFFFFFFFFFFFFFFFFFFFFFFFFFFFFFFFFFFFFFFFFFFFFFFFFFFFFFFFF82
:207E2000FFFFFFFFFFFFFFFFFFFFFFFFFFFFFFFFFFFFFFFFFFFFFFFFFFFFFFFFFFFFFFFF62
:207E4000FFFFFFFFFFFFFFFFFFFFFFFFFFFFFFFFFFFFFFFFFFFFFFFFFFFFFFFFFFFFFFFF42
:207E6000FFFFFFFFFFFFFFFFFFFFFFFFFFFFFFFFFFFFFFFFFFFFFFFFFFFFFFFFFFFFFFFF22
:207E8000FFFFFFFFFFFFFFFFFFFFFFFFFFFFFFFFFFFFFFFFFFFFFFFFFFFFFFFFFFFFFFFF02
:207EA000FFFFFFFFFFFFFFFFFFFFFFFFFFFFFFFFFFFFFFFFFFFFFFFFFFFFFFFFFFFFFFFFE2
:207EC000FFFFFFFFFFFFFFFFFFFFFFFFFFFFFFFFFFFFFFFFFFFFFFFFFFFFFFFFFFFFFFFFC2
:207EE000FFFFFFFFFFFFFFFFFFFFFFFFFFFFFFFFFFFFFFFFFFFFFFFFFFFFFFFFFFFFFFFFA2
:207F0000FFFFFFFFFFFFFFFFFFFFFFFFFFFFFFFFFFFFFFFFFFFFFFFFFFFFFFFFFFFFFFFF81
:207F2000FFFFFFFFFFFFFFFFFFFFFFFFFFFFFFFFFFFFFFFFFFFFFFFFFFFFFFFFFFFFFFFF61
:207F4000FFFFFFFFFFFFFFFFFFFFFFFFFFFFFFFFFFFFFFFFFFFFFFFFFFFFFFFFFFFFFFFF41
:207F6000FFFFFFFFFFFFFFFFFFFFFFFFFFFFFFFFFFFFFFFFFFFFFFFFFFFFFFFFFFFFFFFF21
:207F8000FFFFFFFFFFFFFFFFFFFFFFFFFFFFFFFFFFFFFFFFFFFFFFFFFFFFFFFFFFFFFFFF01
:207FA000FFFFFFFFFFFFFFFFFFFFFFFFFFFFFFFFFFFFFFFFFFFFFFFFFFFFFFFFFFFFFFFFE1
:207FC000FFFFFFFFFFFFFFFFFFFFFFFFFFFFFFFFFFFFFFFFFFFFFFFFFFFFFFFFFFFFFFFFC1
:207FE000FFFFFFFFFFFFFFFFFFFFFFFFFFFFFFFFFFFFFFFFFFFFFFFFFFFFFFFFFFFFFFFFA1
:20800000FFFFFFFFFFFFFFFFFFFFFFFFFFFFFFFFFFFFFFFFFFFFFFFFFFFFFFFFFFFFFFFF80
:20802000FFFFFFFFFFFFFFFFFFFFFFFFFFFFFFFFFFFFFFFFFFFFFFFFFFFFFFFFFFFFFFFF60
:20804000FFFFFFFFFFFFFFFFFFFFFFFFFFFFFFFFFFFFFFFFFFFFFFFFFFFFFFFFFFFFFFFF40
:20806000FFFFFFFFFFFFFFFFFFFFFFFFFFFFFFFFFFFFFFFFFFFFFFFFFFFFFFFFFFFFFFFF20
:20808000FFFFFFFFFFFFFFFFFFFFFFFFFFFFFFFFFFFFFFFFFFFFFFFFFFFFFFFFFFFFFFFF00
:2080A000FFFFFFFFFFFFFFFFFFFFFFFFFFFFFFFFFFFFFFFFFFFFFFFFFFFFFFFFFFFFFFFFE0
:2080C000FFFFFFFFFFFFFFFFFFFFFFFFFFFFFFFFFFFFFFFFFFFFFFFFFFFFFFFFFFFFFFFFC0
:2080E000FFFFFFFFFFFFFFFFFFFFFFFFFFFFFFFFFFFFFFFFFFFFFFFFFFFFFFFFFFFFFFFFA0
:20810000FFFFFFFFFFFFFFFFFFFFFFFFFFFFFFFFFFFFFFFFFFFFFFFFFFFFFFFFFFFFFFFF7F
:20812000FFFFFFFFFFFFFFFFFFFFFFFFFFFFFFFFFFFFFFFFFFFFFFFFFFFFFFFFFFFFFFFF5F
:20814000FFFFFFFFFFFFFFFFFFFFFFFFFFFFFFFFFFFFFFFFFFFFFFFFFFFFFFFFFFFFFFFF3F
:20816000FFFFFFFFFFFFFFFFFFFFFFFFFFFFFFFFFFFFFFFFFFFFFFFFFFFFFFFFFFFFFFFF1F
:20818000FFFFFFFFFFFFFFFFFFFFFFFFFFFFFFFFFFFFFFFFFFFFFFFFFFFFFFFFFFFFFFFFFF
:2081A000FFFFFFFFFFFFFFFFFFFFFFFFFFFFFFFFFFFFFFFFFFFFFFFFFFFFFFFFFFFFFFFFDF
:2081C000FFFFFFFFFFFFFFFFFFFFFFFFFFFFFFFFFFFFFFFFFFFFFFFFFFFFFFFFFFFFFFFFBF
:2081E000FFFFFFFFFFFFFFFFFFFFFFFFFFFFFFFFFFFFFFFFFFFFFFFFFFFFFFFFFFFFFFFF9F
:20820000FFFFFFFFFFFFFFFFFFFFFFFFFFFFFFFFFFFFFFFFFFFFFFFFFFFFFFFFFFFFFFFF7E
:20822000FFFFFFFFFFFFFFFFFFFFFFFFFFFFFFFFFFFFFFFFFFFFFFFFFFFFFFFFFFFFFFFF5E
:20824000FFFFFFFFFFFFFFFFFFFFFFFFFFFFFFFFFFFFFFFFFFFFFFFFFFFFFFFFFFFFFFFF3E
:20826000FFFFFFFFFFFFFFFFFFFFFFFFFFFFFFFFFFFFFFFFFFFFFFFFFFFFFFFFFFFFFFFF1E
:20828000FFFFFFFFFFFFFFFFFFFFFFFFFFFFFFFFFFFFFFFFFFFFFFFFFFFFFFFFFFFFFFFFFE
:2082A000FFFFFFFFFFFFFFFFFFFFFFFFFFFFFFFFFFFFFFFFFFFFFFFFFFFFFFFFFFFFFFFFDE
:2082C000FFFFFFFFFFFFFFFFFFFFFFFFFFFFFFFFFFFFFFFFFFFFFFFFFFFFFFFFFFFFFFFFBE
:2082E000FFFFFFFFFFFFFFFFFFFFFFFFFFFFFFFFFFFFFFFFFFFFFFFFFFFFFFFFFFFFFFFF9E
:20830000FFFFFFFFFFFFFFFFFFFFFFFFFFFFFFFFFFFFFFFFFFFFFFFFFFFFFFFFFFFFFFFF7D
:20832000FFFFFFFFFFFFFFFFFFFFFFFFFFFFFFFFFFFFFFFFFFFFFFFFFFFFFFFFFFFFFFFF5D
:20834000FFFFFFFFFFFFFFFFFFFFFFFFFFFFFFFFFFFFFFFFFFFFFFFFFFFFFFFFFFFFFFFF3D
:20836000FFFFFFFFFFFFFFFFFFFFFFFFFFFFFFFFFFFFFFFFFFFFFFFFFFFFFFFFFFFFFFFF1D
:20838000FFFFFFFFFFFFFFFFFFFFFFFFFFFFFFFFFFFFFFFFFFFFFFFFFFFFFFFFFFFFFFFFFD
:2083A000FFFFFFFFFFFFFFFFFFFFFFFFFFFFFFFFFFFFFFFFFFFFFFFFFFFFFFFFFFFFFFFFDD
:2083C000FFFFFFFFFFFFFFFFFFFFFFFFFFFFFFFFFFFFFFFFFFFFFFFFFFFFFFFFFFFFFFFFBD
:2083E000FFFFFFFFFFFFFFFFFFFFFFFFFFFFFFFFFFFFFFFFFFFFFFFFFFFFFFFFFFFFFFFF9D
:20840000FFFFFFFFFFFFFFFFFFFFFFFFFFFFFFFFFFFFFFFFFFFFFFFFFFFFFFFFFFFFFFFF7C
:20842000FFFFFFFFFFFFFFFFFFFFFFFFFFFFFFFFFFFFFFFFFFFFFFFFFFFFFFFFFFFFFFFF5C
:20844000FFFFFFFFFFFFFFFFFFFFFFFFFFFFFFFFFFFFFFFFFFFFFFFFFFFFFFFFFFFFFFFF3C
:20846000FFFFFFFFFFFFFFFFFFFFFFFFFFFFFFFFFFFFFFFFFFFFFFFFFFFFFFFFFFFFFFFF1C
:20848000FFFFFFFFFFFFFFFFFFFFFFFFFFFFFFFFFFFFFFFFFFFFFFFFFFFFFFFFFFFFFFFFFC
:2084A000FFFFFFFFFFFFFFFFFFFFFFFFFFFFFFFFFFFFFFFFFFFFFFFFFFFFFFFFFFFFFFFFDC
:2084C000FFFFFFFFFFFFFFFFFFFFFFFFFFFFFFFFFFFFFFFFFFFFFFFFFFFFFFFFFFFFFFFFBC
:2084E000FFFFFFFFFFFFFFFFFFFFFFFFFFFFFFFFFFFFFFFFFFFFFFFFFFFFFFFFFFFFFFFF9C
:20850000FFFFFFFFFFFFFFFFFFFFFFFFFFFFFFFFFFFFFFFFFFFFFFFFFFFFFFFFFFFFFFFF7B
:20852000FFFFFFFFFFFFFFFFFFFFFFFFFFFFFFFFFFFFFFFFFFFFFFFFFFFFFFFFFFFFFFFF5B
:20854000FFFFFFFFFFFFFFFFFFFFFFFFFFFFFFFFFFFFFFFFFFFFFFFFFFFFFFFFFFFFFFFF3B
:20856000FFFFFFFFFFFFFFFFFFFFFFFFFFFFFFFFFFFFFFFFFFFFFFFFFFFFFFFFFFFFFFFF1B
:20858000FFFFFFFFFFFFFFFFFFFFFFFFFFFFFFFFFFFFFFFFFFFFFFFFFFFFFFFFFFFFFFFFFB
:2085A000FFFFFFFFFFFFFFFFFFFFFFFFFFFFFFFFFFFFFFFFFFFFFFFFFFFFFFFFFFFFFFFFDB
:2085C000FFFFFFFFFFFFFFFFFFFFFFFFFFFFFFFFFFFFFFFFFFFFFFFFFFFFFFFFFFFFFFFFBB
:2085E000FFFFFFFFFFFFFFFFFFFFFFFFFFFFFFFFFFFFFFFFFFFFFFFFFFFFFFFFFFFFFFFF9B
:20860000FFFFFFFFFFFFFFFFFFFFFFFFFFFFFFFFFFFFFFFFFFFFFFFFFFFFFFFFFFFFFFFF7A
:20862000FFFFFFFFFFFFFFFFFFFFFFFFFFFFFFFFFFFFFFFFFFFFFFFFFFFFFFFFFFFFFFFF5A
:20864000FFFFFFFFFFFFFFFFFFFFFFFFFFFFFFFFFFFFFFFFFFFFFFFFFFFFFFFFFFFFFFFF3A
:20866000FFFFFFFFFFFFFFFFFFFFFFFFFFFFFFFFFFFFFFFFFFFFFFFFFFFFFFFFFFFFFFFF1A
:20868000FFFFFFFFFFFFFFFFFFFFFFFFFFFFFFFFFFFFFFFFFFFFFFFFFFFFFFFFFFFFFFFFFA
:2086A000FFFFFFFFFFFFFFFFFFFFFFFFFFFFFFFFFFFFFFFFFFFFFFFFFFFFFFFFFFFFFFFFDA
:2086C000FFFFFFFFFFFFFFFFFFFFFFFFFFFFFFFFFFFFFFFFFFFFFFFFFFFFFFFFFFFFFFFFBA
:2086E000FFFFFFFFFFFFFFFFFFFFFFFFFFFFFFFFFFFFFFFFFFFFFFFFFFFFFFFFFFFFFFFF9A
:20870000FFFFFFFFFFFFFFFFFFFFFFFFFFFFFFFFFFFFFFFFFFFFFFFFFFFFFFFFFFFFFFFF79
:20872000FFFFFFFFFFFFFFFFFFFFFFFFFFFFFFFFFFFFFFFFFFFFFFFFFFFFFFFFFFFFFFFF59
:20874000FFFFFFFFFFFFFFFFFFFFFFFFFFFFFFFFFFFFFFFFFFFFFFFFFFFFFFFFFFFFFFFF39
:20876000FFFFFFFFFFFFFFFFFFFFFFFFFFFFFFFFFFFFFFFFFFFFFFFFFFFFFFFFFFFFFFFF19
:20878000FFFFFFFFFFFFFFFFFFFFFFFFFFFFFFFFFFFFFFFFFFFFFFFFFFFFFFFFFFFFFFFFF9
:2087A000FFFFFFFFFFFFFFFFFFFFFFFFFFFFFFFFFFFFFFFFFFFFFFFFFFFFFFFFFFFFFFFFD9
:2087C000FFFFFFFFFFFFFFFFFFFFFFFFFFFFFFFFFFFFFFFFFFFFFFFFFFFFFFFFFFFFFFFFB9
:2087E000FFFFFFFFFFFFFFFFFFFFFFFFFFFFFFFFFFFFFFFFFFFFFFFFFFFFFFFFFFFFFFFF99
:20880000FFFFFFFFFFFFFFFFFFFFFFFFFFFFFFFFFFFFFFFFFFFFFFFFFFFFFFFFFFFFFFFF78
:20882000FFFFFFFFFFFFFFFFFFFFFFFFFFFFFFFFFFFFFFFFFFFFFFFFFFFFFFFFFFFFFFFF58
:20884000FFFFFFFFFFFFFFFFFFFFFFFFFFFFFFFFFFFFFFFFFFFFFFFFFFFFFFFFFFFFFFFF38
:20886000FFFFFFFFFFFFFFFFFFFFFFFFFFFFFFFFFFFFFFFFFFFFFFFFFFFFFFFFFFFFFFFF18
:20888000FFFFFFFFFFFFFFFFFFFFFFFFFFFFFFFFFFFFFFFFFFFFFFFFFFFFFFFFFFFFFFFFF8
:2088A000FFFFFFFFFFFFFFFFFFFFFFFFFFFFFFFFFFFFFFFFFFFFFFFFFFFFFFFFFFFFFFFFD8
:2088C000FFFFFFFFFFFFFFFFFFFFFFFFFFFFFFFFFFFFFFFFFFFFFFFFFFFFFFFFFFFFFFFFB8
:2088E000FFFFFFFFFFFFFFFFFFFFFFFFFFFFFFFFFFFFFFFFFFFFFFFFFFFFFFFFFFFFFFFF98
:20890000FFFFFFFFFFFFFFFFFFFFFFFFFFFFFFFFFFFFFFFFFFFFFFFFFFFFFFFFFFFFFFFF77
:20892000FFFFFFFFFFFFFFFFFFFFFFFFFFFFFFFFFFFFFFFFFFFFFFFFFFFFFFFFFFFFFFFF57
:20894000FFFFFFFFFFFFFFFFFFFFFFFFFFFFFFFFFFFFFFFFFFFFFFFFFFFFFFFFFFFFFFFF37
:20896000FFFFFFFFFFFFFFFFFFFFFFFFFFFFFFFFFFFFFFFFFFFFFFFFFFFFFFFFFFFFFFFF17
:20898000FFFFFFFFFFFFFFFFFFFFFFFFFFFFFFFFFFFFFFFFFFFFFFFFFFFFFFFFFFFFFFFFF7
:2089A000FFFFFFFFFFFFFFFFFFFFFFFFFFFFFFFFFFFFFFFFFFFFFFFFFFFFFFFFFFFFFFFFD7
:2089C000FFFFFFFFFFFFFFFFFFFFFFFFFFFFFFFFFFFFFFFFFFFFFFFFFFFFFFFFFFFFFFFFB7
:2089E000FFFFFFFFFFFFFFFFFFFFFFFFFFFFFFFFFFFFFFFFFFFFFFFFFFFFFFFFFFFFFFFF97
:208A0000FFFFFFFFFFFFFFFFFFFFFFFFFFFFFFFFFFFFFFFFFFFFFFFFFFFFFFFFFFFFFFFF76
:208A2000FFFFFFFFFFFFFFFFFFFFFFFFFFFFFFFFFFFFFFFFFFFFFFFFFFFFFFFFFFFFFFFF56
:208A4000FFFFFFFFFFFFFFFFFFFFFFFFFFFFFFFFFFFFFFFFFFFFFFFFFFFFFFFFFFFFFFFF36
:208A6000FFFFFFFFFFFFFFFFFFFFFFFFFFFFFFFFFFFFFFFFFFFFFFFFFFFFFFFFFFFFFFFF16
:208A8000FFFFFFFFFFFFFFFFFFFFFFFFFFFFFFFFFFFFFFFFFFFFFFFFFFFFFFFFFFFFFFFFF6
:208AA000FFFFFFFFFFFFFFFFFFFFFFFFFFFFFFFFFFFFFFFFFFFFFFFFFFFFFFFFFFFFFFFFD6
:208AC000FFFFFFFFFFFFFFFFFFFFFFFFFFFFFFFFFFFFFFFFFFFFFFFFFFFFFFFFFFFFFFFFB6
:208AE000FFFFFFFFFFFFFFFFFFFFFFFFFFFFFFFFFFFFFFFFFFFFFFFFFFFFFFFFFFFFFFFF96
:208B0000FFFFFFFFFFFFFFFFFFFFFFFFFFFFFFFFFFFFFFFFFFFFFFFFFFFFFFFFFFFFFFFF75
:208B2000FFFFFFFFFFFFFFFFFFFFFFFFFFFFFFFFFFFFFFFFFFFFFFFFFFFFFFFFFFFFFFFF55
:208B4000FFFFFFFFFFFFFFFFFFFFFFFFFFFFFFFFFFFFFFFFFFFFFFFFFFFFFFFFFFFFFFFF35
:208B6000FFFFFFFFFFFFFFFFFFFFFFFFFFFFFFFFFFFFFFFFFFFFFFFFFFFFFFFFFFFFFFFF15
:208B8000FFFFFFFFFFFFFFFFFFFFFFFFFFFFFFFFFFFFFFFFFFFFFFFFFFFFFFFFFFFFFFFFF5
:208BA000FFFFFFFFFFFFFFFFFFFFFFFFFFFFFFFFFFFFFFFFFFFFFFFFFFFFFFFFFFFFFFFFD5
:208BC000FFFFFFFFFFFFFFFFFFFFFFFFFFFFFFFFFFFFFFFFFFFFFFFFFFFFFFFFFFFFFFFFB5
:208BE000FFFFFFFFFFFFFFFFFFFFFFFFFFFFFFFFFFFFFFFFFFFFFFFFFFFFFFFFFFFFFFFF95
:208C0000FFFFFFFFFFFFFFFFFFFFFFFFFFFFFFFFFFFFFFFFFFFFFFFFFFFFFFFFFFFFFFFF74
:208C2000FFFFFFFFFFFFFFFFFFFFFFFFFFFFFFFFFFFFFFFFFFFFFFFFFFFFFFFFFFFFFFFF54
:208C4000FFFFFFFFFFFFFFFFFFFFFFFFFFFFFFFFFFFFFFFFFFFFFFFFFFFFFFFFFFFFFFFF34
:208C6000FFFFFFFFFFFFFFFFFFFFFFFFFFFFFFFFFFFFFFFFFFFFFFFFFFFFFFFFFFFFFFFF14
:208C8000FFFFFFFFFFFFFFFFFFFFFFFFFFFFFFFFFFFFFFFFFFFFFFFFFFFFFFFFFFFFFFFFF4
:208CA000FFFFFFFFFFFFFFFFFFFFFFFFFFFFFFFFFFFFFFFFFFFFFFFFFFFFFFFFFFFFFFFFD4
:208CC000FFFFFFFFFFFFFFFFFFFFFFFFFFFFFFFFFFFFFFFFFFFFFFFFFFFFFFFFFFFFFFFFB4
:208CE000FFFFFFFFFFFFFFFFFFFFFFFFFFFFFFFFFFFFFFFFFFFFFFFFFFFFFFFFFFFFFFFF94
:208D0000FFFFFFFFFFFFFFFFFFFFFFFFFFFFFFFFFFFFFFFFFFFFFFFFFFFFFFFFFFFFFFFF73
:208D2000FFFFFFFFFFFFFFFFFFFFFFFFFFFFFFFFFFFFFFFFFFFFFFFFFFFFFFFFFFFFFFFF53
:208D4000FFFFFFFFFFFFFFFFFFFFFFFFFFFFFFFFFFFFFFFFFFFFFFFFFFFFFFFFFFFFFFFF33
:208D6000FFFFFFFFFFFFFFFFFFFFFFFFFFFFFFFFFFFFFFFFFFFFFFFFFFFFFFFFFFFFFFFF13
:208D8000FFFFFFFFFFFFFFFFFFFFFFFFFFFFFFFFFFFFFFFFFFFFFFFFFFFFFFFFFFFFFFFFF3
:208DA000FFFFFFFFFFFFFFFFFFFFFFFFFFFFFFFFFFFFFFFFFFFFFFFFFFFFFFFFFFFFFFFFD3
:208DC000FFFFFFFFFFFFFFFFFFFFFFFFFFFFFFFFFFFFFFFFFFFFFFFFFFFFFFFFFFFFFFFFB3
:208DE000FFFFFFFFFFFFFFFFFFFFFFFFFFFFFFFFFFFFFFFFFFFFFFFFFFFFFFFFFFFFFFFF93
:208E0000FFFFFFFFFFFFFFFFFFFFFFFFFFFFFFFFFFFFFFFFFFFFFFFFFFFFFFFFFFFFFFFF72
:208E2000FFFFFFFFFFFFFFFFFFFFFFFFFFFFFFFFFFFFFFFFFFFFFFFFFFFFFFFFFFFFFFFF52
:208E4000FFFFFFFFFFFFFFFFFFFFFFFFFFFFFFFFFFFFFFFFFFFFFFFFFFFFFFFFFFFFFFFF32
:208E6000FFFFFFFFFFFFFFFFFFFFFFFFFFFFFFFFFFFFFFFFFFFFFFFFFFFFFFFFFFFFFFFF12
:208E8000FFFFFFFFFFFFFFFFFFFFFFFFFFFFFFFFFFFFFFFFFFFFFFFFFFFFFFFFFFFFFFFFF2
:208EA000FFFFFFFFFFFFFFFFFFFFFFFFFFFFFFFFFFFFFFFFFFFFFFFFFFFFFFFFFFFFFFFFD2
:208EC000FFFFFFFFFFFFFFFFFFFFFFFFFFFFFFFFFFFFFFFFFFFFFFFFFFFFFFFFFFFFFFFFB2
:208EE000FFFFFFFFFFFFFFFFFFFFFFFFFFFFFFFFFFFFFFFFFFFFFFFFFFFFFFFFFFFFFFFF92
:208F0000FFFFFFFFFFFFFFFFFFFFFFFFFFFFFFFFFFFFFFFFFFFFFFFFFFFFFFFFFFFFFFFF71
:208F2000FFFFFFFFFFFFFFFFFFFFFFFFFFFFFFFFFFFFFFFFFFFFFFFFFFFFFFFFFFFFFFFF51
:208F4000FFFFFFFFFFFFFFFFFFFFFFFFFFFFFFFFFFFFFFFFFFFFFFFFFFFFFFFFFFFFFFFF31
:208F6000FFFFFFFFFFFFFFFFFFFFFFFFFFFFFFFFFFFFFFFFFFFFFFFFFFFFFFFFFFFFFFFF11
:208F8000FFFFFFFFFFFFFFFFFFFFFFFFFFFFFFFFFFFFFFFFFFFFFFFFFFFFFFFFFFFFFFFFF1
:208FA000FFFFFFFFFFFFFFFFFFFFFFFFFFFFFFFFFFFFFFFFFFFFFFFFFFFFFFFFFFFFFFFFD1
:208FC000FFFFFFFFFFFFFFFFFFFFFFFFFFFFFFFFFFFFFFFFFFFFFFFFFFFFFFFFFFFFFFFFB1
:208FE000FFFFFFFFFFFFFFFFFFFFFFFFFFFFFFFFFFFFFFFFFFFFFFFFFFFFFFFFFFFFFFFF91
:20900000FFFFFFFFFFFFFFFFFFFFFFFFFFFFFFFFFFFFFFFFFFFFFFFFFFFFFFFFFFFFFFFF70
:20902000FFFFFFFFFFFFFFFFFFFFFFFFFFFFFFFFFFFFFFFFFFFFFFFFFFFFFFFFFFFFFFFF50
:20904000FFFFFFFFFFFFFFFFFFFFFFFFFFFFFFFFFFFFFFFFFFFFFFFFFFFFFFFFFFFFFFFF30
:20906000FFFFFFFFFFFFFFFFFFFFFFFFFFFFFFFFFFFFFFFFFFFFFFFFFFFFFFFFFFFFFFFF10
:20908000FFFFFFFFFFFFFFFFFFFFFFFFFFFFFFFFFFFFFFFFFFFFFFFFFFFFFFFFFFFFFFFFF0
:2090A000FFFFFFFFFFFFFFFFFFFFFFFFFFFFFFFFFFFFFFFFFFFFFFFFFFFFFFFFFFFFFFFFD0
:2090C000FFFFFFFFFFFFFFFFFFFFFFFFFFFFFFFFFFFFFFFFFFFFFFFFFFFFFFFFFFFFFFFFB0
:2090E000FFFFFFFFFFFFFFFFFFFFFFFFFFFFFFFFFFFFFFFFFFFFFFFFFFFFFFFFFFFFFFFF90
:20910000FFFFFFFFFFFFFFFFFFFFFFFFFFFFFFFFFFFFFFFFFFFFFFFFFFFFFFFFFFFFFFFF6F
:20912000FFFFFFFFFFFFFFFFFFFFFFFFFFFFFFFFFFFFFFFFFFFFFFFFFFFFFFFFFFFFFFFF4F
:20914000FFFFFFFFFFFFFFFFFFFFFFFFFFFFFFFFFFFFFFFFFFFFFFFFFFFFFFFFFFFFFFFF2F
:20916000FFFFFFFFFFFFFFFFFFFFFFFFFFFFFFFFFFFFFFFFFFFFFFFFFFFFFFFFFFFFFFFF0F
:20918000FFFFFFFFFFFFFFFFFFFFFFFFFFFFFFFFFFFFFFFFFFFFFFFFFFFFFFFFFFFFFFFFEF
:2091A000FFFFFFFFFFFFFFFFFFFFFFFFFFFFFFFFFFFFFFFFFFFFFFFFFFFFFFFFFFFFFFFFCF
:2091C000FFFFFFFFFFFFFFFFFFFFFFFFFFFFFFFFFFFFFFFFFFFFFFFFFFFFFFFFFFFFFFFFAF
:2091E000FFFFFFFFFFFFFFFFFFFFFFFFFFFFFFFFFFFFFFFFFFFFFFFFFFFFFFFFFFFFFFFF8F
:20920000FFFFFFFFFFFFFFFFFFFFFFFFFFFFFFFFFFFFFFFFFFFFFFFFFFFFFFFFFFFFFFFF6E
:20922000FFFFFFFFFFFFFFFFFFFFFFFFFFFFFFFFFFFFFFFFFFFFFFFFFFFFFFFFFFFFFFFF4E
:20924000FFFFFFFFFFFFFFFFFFFFFFFFFFFFFFFFFFFFFFFFFFFFFFFFFFFFFFFFFFFFFFFF2E
:20926000FFFFFFFFFFFFFFFFFFFFFFFFFFFFFFFFFFFFFFFFFFFFFFFFFFFFFFFFFFFFFFFF0E
:20928000FFFFFFFFFFFFFFFFFFFFFFFFFFFFFFFFFFFFFFFFFFFFFFFFFFFFFFFFFFFFFFFFEE
:2092A000FFFFFFFFFFFFFFFFFFFFFFFFFFFFFFFFFFFFFFFFFFFFFFFFFFFFFFFFFFFFFFFFCE
:2092C000FFFFFFFFFFFFFFFFFFFFFFFFFFFFFFFFFFFFFFFFFFFFFFFFFFFFFFFFFFFFFFFFAE
:2092E000FFFFFFFFFFFFFFFFFFFFFFFFFFFFFFFFFFFFFFFFFFFFFFFFFFFFFFFFFFFFFFFF8E
:20930000FFFFFFFFFFFFFFFFFFFFFFFFFFFFFFFFFFFFFFFFFFFFFFFFFFFFFFFFFFFFFFFF6D
:20932000FFFFFFFFFFFFFFFFFFFFFFFFFFFFFFFFFFFFFFFFFFFFFFFFFFFFFFFFFFFFFFFF4D
:20934000FFFFFFFFFFFFFFFFFFFFFFFFFFFFFFFFFFFFFFFFFFFFFFFFFFFFFFFFFFFFFFFF2D
:20936000FFFFFFFFFFFFFFFFFFFFFFFFFFFFFFFFFFFFFFFFFFFFFFFFFFFFFFFFFFFFFFFF0D
:20938000FFFFFFFFFFFFFFFFFFFFFFFFFFFFFFFFFFFFFFFFFFFFFFFFFFFFFFFFFFFFFFFFED
:2093A000FFFFFFFFFFFFFFFFFFFFFFFFFFFFFFFFFFFFFFFFFFFFFFFFFFFFFFFFFFFFFFFFCD
:2093C000FFFFFFFFFFFFFFFFFFFFFFFFFFFFFFFFFFFFFFFFFFFFFFFFFFFFFFFFFFFFFFFFAD
:2093E000FFFFFFFFFFFFFFFFFFFFFFFFFFFFFFFFFFFFFFFFFFFFFFFFFFFFFFFFFFFFFFFF8D
:20940000FFFFFFFFFFFFFFFFFFFFFFFFFFFFFFFFFFFFFFFFFFFFFFFFFFFFFFFFFFFFFFFF6C
:20942000FFFFFFFFFFFFFFFFFFFFFFFFFFFFFFFFFFFFFFFFFFFFFFFFFFFFFFFFFFFFFFFF4C
:20944000FFFFFFFFFFFFFFFFFFFFFFFFFFFFFFFFFFFFFFFFFFFFFFFFFFFFFFFFFFFFFFFF2C
:20946000FFFFFFFFFFFFFFFFFFFFFFFFFFFFFFFFFFFFFFFFFFFFFFFFFFFFFFFFFFFFFFFF0C
:20948000FFFFFFFFFFFFFFFFFFFFFFFFFFFFFFFFFFFFFFFFFFFFFFFFFFFFFFFFFFFFFFFFEC
:2094A000FFFFFFFFFFFFFFFFFFFFFFFFFFFFFFFFFFFFFFFFFFFFFFFFFFFFFFFFFFFFFFFFCC
:2094C000FFFFFFFFFFFFFFFFFFFFFFFFFFFFFFFFFFFFFFFFFFFFFFFFFFFFFFFFFFFFFFFFAC
:2094E000FFFFFFFFFFFFFFFFFFFFFFFFFFFFFFFFFFFFFFFFFFFFFFFFFFFFFFFFFFFFFFFF8C
:20950000FFFFFFFFFFFFFFFFFFFFFFFFFFFFFFFFFFFFFFFFFFFFFFFFFFFFFFFFFFFFFFFF6B
:20952000FFFFFFFFFFFFFFFFFFFFFFFFFFFFFFFFFFFFFFFFFFFFFFFFFFFFFFFFFFFFFFFF4B
:20954000FFFFFFFFFFFFFFFFFFFFFFFFFFFFFFFFFFFFFFFFFFFFFFFFFFFFFFFFFFFFFFFF2B
:20956000FFFFFFFFFFFFFFFFFFFFFFFFFFFFFFFFFFFFFFFFFFFFFFFFFFFFFFFFFFFFFFFF0B
:20958000FFFFFFFFFFFFFFFFFFFFFFFFFFFFFFFFFFFFFFFFFFFFFFFFFFFFFFFFFFFFFFFFEB
:2095A000FFFFFFFFFFFFFFFFFFFFFFFFFFFFFFFFFFFFFFFFFFFFFFFFFFFFFFFFFFFFFFFFCB
:2095C000FFFFFFFFFFFFFFFFFFFFFFFFFFFFFFFFFFFFFFFFFFFFFFFFFFFFFFFFFFFFFFFFAB
:2095E000FFFFFFFFFFFFFFFFFFFFFFFFFFFFFFFFFFFFFFFFFFFFFFFFFFFFFFFFFFFFFFFF8B
:20960000FFFFFFFFFFFFFFFFFFFFFFFFFFFFFFFFFFFFFFFFFFFFFFFFFFFFFFFFFFFFFFFF6A
:20962000FFFFFFFFFFFFFFFFFFFFFFFFFFFFFFFFFFFFFFFFFFFFFFFFFFFFFFFFFFFFFFFF4A
:20964000FFFFFFFFFFFFFFFFFFFFFFFFFFFFFFFFFFFFFFFFFFFFFFFFFFFFFFFFFFFFFFFF2A
:20966000FFFFFFFFFFFFFFFFFFFFFFFFFFFFFFFFFFFFFFFFFFFFFFFFFFFFFFFFFFFFFFFF0A
:20968000FFFFFFFFFFFFFFFFFFFFFFFFFFFFFFFFFFFFFFFFFFFFFFFFFFFFFFFFFFFFFFFFEA
:2096A000FFFFFFFFFFFFFFFFFFFFFFFFFFFFFFFFFFFFFFFFFFFFFFFFFFFFFFFFFFFFFFFFCA
:2096C000FFFFFFFFFFFFFFFFFFFFFFFFFFFFFFFFFFFFFFFFFFFFFFFFFFFFFFFFFFFFFFFFAA
:2096E000FFFFFFFFFFFFFFFFFFFFFFFFFFFFFFFFFFFFFFFFFFFFFFFFFFFFFFFFFFFFFFFF8A
:20970000FFFFFFFFFFFFFFFFFFFFFFFFFFFFFFFFFFFFFFFFFFFFFFFFFFFFFFFFFFFFFFFF69
:20972000FFFFFFFFFFFFFFFFFFFFFFFFFFFFFFFFFFFFFFFFFFFFFFFFFFFFFFFFFFFFFFFF49
:20974000FFFFFFFFFFFFFFFFFFFFFFFFFFFFFFFFFFFFFFFFFFFFFFFFFFFFFFFFFFFFFFFF29
:20976000FFFFFFFFFFFFFFFFFFFFFFFFFFFFFFFFFFFFFFFFFFFFFFFFFFFFFFFFFFFFFFFF09
:20978000FFFFFFFFFFFFFFFFFFFFFFFFFFFFFFFFFFFFFFFFFFFFFFFFFFFFFFFFFFFFFFFFE9
:2097A000FFFFFFFFFFFFFFFFFFFFFFFFFFFFFFFFFFFFFFFFFFFFFFFFFFFFFFFFFFFFFFFFC9
:2097C000FFFFFFFFFFFFFFFFFFFFFFFFFFFFFFFFFFFFFFFFFFFFFFFFFFFFFFFFFFFFFFFFA9
:2097E000FFFFFFFFFFFFFFFFFFFFFFFFFFFFFFFFFFFFFFFFFFFFFFFFFFFFFFFFFFFFFFFF89
:20980000FFFFFFFFFFFFFFFFFFFFFFFFFFFFFFFFFFFFFFFFFFFFFFFFFFFFFFFFFFFFFFFF68
:20982000FFFFFFFFFFFFFFFFFFFFFFFFFFFFFFFFFFFFFFFFFFFFFFFFFFFFFFFFFFFFFFFF48
:20984000FFFFFFFFFFFFFFFFFFFFFFFFFFFFFFFFFFFFFFFFFFFFFFFFFFFFFFFFFFFFFFFF28
:20986000FFFFFFFFFFFFFFFFFFFFFFFFFFFFFFFFFFFFFFFFFFFFFFFFFFFFFFFFFFFFFFFF08
:20988000FFFFFFFFFFFFFFFFFFFFFFFFFFFFFFFFFFFFFFFFFFFFFFFFFFFFFFFFFFFFFFFFE8
:2098A000FFFFFFFFFFFFFFFFFFFFFFFFFFFFFFFFFFFFFFFFFFFFFFFFFFFFFFFFFFFFFFFFC8
:2098C000FFFFFFFFFFFFFFFFFFFFFFFFFFFFFFFFFFFFFFFFFFFFFFFFFFFFFFFFFFFFFFFFA8
:2098E000FFFFFFFFFFFFFFFFFFFFFFFFFFFFFFFFFFFFFFFFFFFFFFFFFFFFFFFFFFFFFFFF88
:20990000FFFFFFFFFFFFFFFFFFFFFFFFFFFFFFFFFFFFFFFFFFFFFFFFFFFFFFFFFFFFFFFF67
:20992000FFFFFFFFFFFFFFFFFFFFFFFFFFFFFFFFFFFFFFFFFFFFFFFFFFFFFFFFFFFFFFFF47
:20994000FFFFFFFFFFFFFFFFFFFFFFFFFFFFFFFFFFFFFFFFFFFFFFFFFFFFFFFFFFFFFFFF27
:20996000FFFFFFFFFFFFFFFFFFFFFFFFFFFFFFFFFFFFFFFFFFFFFFFFFFFFFFFFFFFFFFFF07
:20998000FFFFFFFFFFFFFFFFFFFFFFFFFFFFFFFFFFFFFFFFFFFFFFFFFFFFFFFFFFFFFFFFE7
:2099A000FFFFFFFFFFFFFFFFFFFFFFFFFFFFFFFFFFFFFFFFFFFFFFFFFFFFFFFFFFFFFFFFC7
:2099C000FFFFFFFFFFFFFFFFFFFFFFFFFFFFFFFFFFFFFFFFFFFFFFFFFFFFFFFFFFFFFFFFA7
:2099E000FFFFFFFFFFFFFFFFFFFFFFFFFFFFFFFFFFFFFFFFFFFFFFFFFFFFFFFFFFFFFFFF87
:209A0000FFFFFFFFFFFFFFFFFFFFFFFFFFFFFFFFFFFFFFFFFFFFFFFFFFFFFFFFFFFFFFFF66
:209A2000FFFFFFFFFFFFFFFFFFFFFFFFFFFFFFFFFFFFFFFFFFFFFFFFFFFFFFFFFFFFFFFF46
:209A4000FFFFFFFFFFFFFFFFFFFFFFFFFFFFFFFFFFFFFFFFFFFFFFFFFFFFFFFFFFFFFFFF26
:209A6000FFFFFFFFFFFFFFFFFFFFFFFFFFFFFFFFFFFFFFFFFFFFFFFFFFFFFFFFFFFFFFFF06
:209A8000FFFFFFFFFFFFFFFFFFFFFFFFFFFFFFFFFFFFFFFFFFFFFFFFFFFFFFFFFFFFFFFFE6
:209AA000FFFFFFFFFFFFFFFFFFFFFFFFFFFFFFFFFFFFFFFFFFFFFFFFFFFFFFFFFFFFFFFFC6
:209AC000FFFFFFFFFFFFFFFFFFFFFFFFFFFFFFFFFFFFFFFFFFFFFFFFFFFFFFFFFFFFFFFFA6
:209AE000FFFFFFFFFFFFFFFFFFFFFFFFFFFFFFFFFFFFFFFFFFFFFFFFFFFFFFFFFFFFFFFF86
:209B0000FFFFFFFFFFFFFFFFFFFFFFFFFFFFFFFFFFFFFFFFFFFFFFFFFFFFFFFFFFFFFFFF65
:209B2000FFFFFFFFFFFFFFFFFFFFFFFFFFFFFFFFFFFFFFFFFFFFFFFFFFFFFFFFFFFFFFFF45
:209B4000FFFFFFFFFFFFFFFFFFFFFFFFFFFFFFFFFFFFFFFFFFFFFFFFFFFFFFFFFFFFFFFF25
:209B6000FFFFFFFFFFFFFFFFFFFFFFFFFFFFFFFFFFFFFFFFFFFFFFFFFFFFFFFFFFFFFFFF05
:209B8000FFFFFFFFFFFFFFFFFFFFFFFFFFFFFFFFFFFFFFFFFFFFFFFFFFFFFFFFFFFFFFFFE5
:209BA000FFFFFFFFFFFFFFFFFFFFFFFFFFFFFFFFFFFFFFFFFFFFFFFFFFFFFFFFFFFFFFFFC5
:209BC000FFFFFFFFFFFFFFFFFFFFFFFFFFFFFFFFFFFFFFFFFFFFFFFFFFFFFFFFFFFFFFFFA5
:209BE000FFFFFFFFFFFFFFFFFFFFFFFFFFFFFFFFFFFFFFFFFFFFFFFFFFFFFFFFFFFFFFFF85
:209C0000FFFFFFFFFFFFFFFFFFFFFFFFFFFFFFFFFFFFFFFFFFFFFFFFFFFFFFFFFFFFFFFF64
:209C2000FFFFFFFFFFFFFFFFFFFFFFFFFFFFFFFFFFFFFFFFFFFFFFFFFFFFFFFFFFFFFFFF44
:209C4000FFFFFFFFFFFFFFFFFFFFFFFFFFFFFFFFFFFFFFFFFFFFFFFFFFFFFFFFFFFFFFFF24
:209C6000FFFFFFFFFFFFFFFFFFFFFFFFFFFFFFFFFFFFFFFFFFFFFFFFFFFFFFFFFFFFFFFF04
:209C8000FFFFFFFFFFFFFFFFFFFFFFFFFFFFFFFFFFFFFFFFFFFFFFFFFFFFFFFFFFFFFFFFE4
:209CA000FFFFFFFFFFFFFFFFFFFFFFFFFFFFFFFFFFFFFFFFFFFFFFFFFFFFFFFFFFFFFFFFC4
:209CC000FFFFFFFFFFFFFFFFFFFFFFFFFFFFFFFFFFFFFFFFFFFFFFFFFFFFFFFFFFFFFFFFA4
:209CE000FFFFFFFFFFFFFFFFFFFFFFFFFFFFFFFFFFFFFFFFFFFFFFFFFFFFFFFFFFFFFFFF84
:209D0000FFFFFFFFFFFFFFFFFFFFFFFFFFFFFFFFFFFFFFFFFFFFFFFFFFFFFFFFFFFFFFFF63
:209D2000FFFFFFFFFFFFFFFFFFFFFFFFFFFFFFFFFFFFFFFFFFFFFFFFFFFFFFFFFFFFFFFF43
:209D4000FFFFFFFFFFFFFFFFFFFFFFFFFFFFFFFFFFFFFFFFFFFFFFFFFFFFFFFFFFFFFFFF23
:209D6000FFFFFFFFFFFFFFFFFFFFFFFFFFFFFFFFFFFFFFFFFFFFFFFFFFFFFFFFFFFFFFFF03
:209D8000FFFFFFFFFFFFFFFFFFFFFFFFFFFFFFFFFFFFFFFFFFFFFFFFFFFFFFFFFFFFFFFFE3
:209DA000FFFFFFFFFFFFFFFFFFFFFFFFFFFFFFFFFFFFFFFFFFFFFFFFFFFFFFFFFFFFFFFFC3
:209DC000FFFFFFFFFFFFFFFFFFFFFFFFFFFFFFFFFFFFFFFFFFFFFFFFFFFFFFFFFFFFFFFFA3
:209DE000FFFFFFFFFFFFFFFFFFFFFFFFFFFFFFFFFFFFFFFFFFFFFFFFFFFFFFFFFFFFFFFF83
:209E0000FFFFFFFFFFFFFFFFFFFFFFFFFFFFFFFFFFFFFFFFFFFFFFFFFFFFFFFFFFFFFFFF62
:209E2000FFFFFFFFFFFFFFFFFFFFFFFFFFFFFFFFFFFFFFFFFFFFFFFFFFFFFFFFFFFFFFFF42
:209E4000FFFFFFFFFFFFFFFFFFFFFFFFFFFFFFFFFFFFFFFFFFFFFFFFFFFFFFFFFFFFFFFF22
:209E6000FFFFFFFFFFFFFFFFFFFFFFFFFFFFFFFFFFFFFFFFFFFFFFFFFFFFFFFFFFFFFFFF02
:209E8000FFFFFFFFFFFFFFFFFFFFFFFFFFFFFFFFFFFFFFFFFFFFFFFFFFFFFFFFFFFFFFFFE2
:209EA000FFFFFFFFFFFFFFFFFFFFFFFFFFFFFFFFFFFFFFFFFFFFFFFFFFFFFFFFFFFFFFFFC2
:209EC000FFFFFFFFFFFFFFFFFFFFFFFFFFFFFFFFFFFFFFFFFFFFFFFFFFFFFFFFFFFFFFFFA2
:209EE000FFFFFFFFFFFFFFFFFFFFFFFFFFFFFFFFFFFFFFFFFFFFFFFFFFFFFFFFFFFFFFFF82
:209F0000FFFFFFFFFFFFFFFFFFFFFFFFFFFFFFFFFFFFFFFFFFFFFFFFFFFFFFFFFFFFFFFF61
:209F2000FFFFFFFFFFFFFFFFFFFFFFFFFFFFFFFFFFFFFFFFFFFFFFFFFFFFFFFFFFFFFFFF41
:209F4000FFFFFFFFFFFFFFFFFFFFFFFFFFFFFFFFFFFFFFFFFFFFFFFFFFFFFFFFFFFFFFFF21
:209F6000FFFFFFFFFFFFFFFFFFFFFFFFFFFFFFFFFFFFFFFFFFFFFFFFFFFFFFFFFFFFFFFF01
:209F8000FFFFFFFFFFFFFFFFFFFFFFFFFFFFFFFFFFFFFFFFFFFFFFFFFFFFFFFFFFFFFFFFE1
:209FA000FFFFFFFFFFFFFFFFFFFFFFFFFFFFFFFFFFFFFFFFFFFFFFFFFFFFFFFFFFFFFFFFC1
:209FC000FFFFFFFFFFFFFFFFFFFFFFFFFFFFFFFFFFFFFFFFFFFFFFFFFFFFFFFFFFFFFFFFA1
:209FE000FFFFFFFFFFFFFFFFFFFFFFFFFFFFFFFFFFFFFFFFFFFFFFFFFFFFFFFFFFFFFFFF81
:20A00000FFFFFFFFFFFFFFFFFFFFFFFFFFFFFFFFFFFFFFFFFFFFFFFFFFFFFFFFFFFFFFFF60
:20A02000FFFFFFFFFFFFFFFFFFFFFFFFFFFFFFFFFFFFFFFFFFFFFFFFFFFFFFFFFFFFFFFF40
:20A04000FFFFFFFFFFFFFFFFFFFFFFFFFFFFFFFFFFFFFFFFFFFFFFFFFFFFFFFFFFFFFFFF20
:20A06000FFFFFFFFFFFFFFFFFFFFFFFFFFFFFFFFFFFFFFFFFFFFFFFFFFFFFFFFFFFFFFFF00
:20A08000FFFFFFFFFFFFFFFFFFFFFFFFFFFFFFFFFFFFFFFFFFFFFFFFFFFFFFFFFFFFFFFFE0
:20A0A000FFFFFFFFFFFFFFFFFFFFFFFFFFFFFFFFFFFFFFFFFFFFFFFFFFFFFFFFFFFFFFFFC0
:20A0C000FFFFFFFFFFFFFFFFFFFFFFFFFFFFFFFFFFFFFFFFFFFFFFFFFFFFFFFFFFFFFFFFA0
:20A0E000FFFFFFFFFFFFFFFFFFFFFFFFFFFFFFFFFFFFFFFFFFFFFFFFFFFFFFFFFFFFFFFF80
:20A10000FFFFFFFFFFFFFFFFFFFFFFFFFFFFFFFFFFFFFFFFFFFFFFFFFFFFFFFFFFFFFFFF5F
:20A12000FFFFFFFFFFFFFFFFFFFFFFFFFFFFFFFFFFFFFFFFFFFFFFFFFFFFFFFFFFFFFFFF3F
:20A14000FFFFFFFFFFFFFFFFFFFFFFFFFFFFFFFFFFFFFFFFFFFFFFFFFFFFFFFFFFFFFFFF1F
:20A16000FFFFFFFFFFFFFFFFFFFFFFFFFFFFFFFFFFFFFFFFFFFFFFFFFFFFFFFFFFFFFFFFFF
:20A18000FFFFFFFFFFFFFFFFFFFFFFFFFFFFFFFFFFFFFFFFFFFFFFFFFFFFFFFFFFFFFFFFDF
:20A1A000FFFFFFFFFFFFFFFFFFFFFFFFFFFFFFFFFFFFFFFFFFFFFFFFFFFFFFFFFFFFFFFFBF
:20A1C000FFFFFFFFFFFFFFFFFFFFFFFFFFFFFFFFFFFFFFFFFFFFFFFFFFFFFFFFFFFFFFFF9F
:20A1E000FFFFFFFFFFFFFFFFFFFFFFFFFFFFFFFFFFFFFFFFFFFFFFFFFFFFFFFFFFFFFFFF7F
:20A20000FFFFFFFFFFFFFFFFFFFFFFFFFFFFFFFFFFFFFFFFFFFFFFFFFFFFFFFFFFFFFFFF5E
:20A22000FFFFFFFFFFFFFFFFFFFFFFFFFFFFFFFFFFFFFFFFFFFFFFFFFFFFFFFFFFFFFFFF3E
:20A24000FFFFFFFFFFFFFFFFFFFFFFFFFFFFFFFFFFFFFFFFFFFFFFFFFFFFFFFFFFFFFFFF1E
:20A26000FFFFFFFFFFFFFFFFFFFFFFFFFFFFFFFFFFFFFFFFFFFFFFFFFFFFFFFFFFFFFFFFFE
:20A28000FFFFFFFFFFFFFFFFFFFFFFFFFFFFFFFFFFFFFFFFFFFFFFFFFFFFFFFFFFFFFFFFDE
:20A2A000FFFFFFFFFFFFFFFFFFFFFFFFFFFFFFFFFFFFFFFFFFFFFFFFFFFFFFFFFFFFFFFFBE
:20A2C000FFFFFFFFFFFFFFFFFFFFFFFFFFFFFFFFFFFFFFFFFFFFFFFFFFFFFFFFFFFFFFFF9E
:20A2E000FFFFFFFFFFFFFFFFFFFFFFFFFFFFFFFFFFFFFFFFFFFFFFFFFFFFFFFFFFFFFFFF7E
:20A30000FFFFFFFFFFFFFFFFFFFFFFFFFFFFFFFFFFFFFFFFFFFFFFFFFFFFFFFFFFFFFFFF5D
:20A32000FFFFFFFFFFFFFFFFFFFFFFFFFFFFFFFFFFFFFFFFFFFFFFFFFFFFFFFFFFFFFFFF3D
:20A34000FFFFFFFFFFFFFFFFFFFFFFFFFFFFFFFFFFFFFFFFFFFFFFFFFFFFFFFFFFFFFFFF1D
:20A36000FFFFFFFFFFFFFFFFFFFFFFFFFFFFFFFFFFFFFFFFFFFFFFFFFFFFFFFFFFFFFFFFFD
:20A38000FFFFFFFFFFFFFFFFFFFFFFFFFFFFFFFFFFFFFFFFFFFFFFFFFFFFFFFFFFFFFFFFDD
:20A3A000FFFFFFFFFFFFFFFFFFFFFFFFFFFFFFFFFFFFFFFFFFFFFFFFFFFFFFFFFFFFFFFFBD
:20A3C000FFFFFFFFFFFFFFFFFFFFFFFFFFFFFFFFFFFFFFFFFFFFFFFFFFFFFFFFFFFFFFFF9D
:20A3E000FFFFFFFFFFFFFFFFFFFFFFFFFFFFFFFFFFFFFFFFFFFFFFFFFFFFFFFFFFFFFFFF7D
:20A40000FFFFFFFFFFFFFFFFFFFFFFFFFFFFFFFFFFFFFFFFFFFFFFFFFFFFFFFFFFFFFFFF5C
:20A42000FFFFFFFFFFFFFFFFFFFFFFFFFFFFFFFFFFFFFFFFFFFFFFFFFFFFFFFFFFFFFFFF3C
:20A44000FFFFFFFFFFFFFFFFFFFFFFFFFFFFFFFFFFFFFFFFFFFFFFFFFFFFFFFFFFFFFFFF1C
:20A46000FFFFFFFFFFFFFFFFFFFFFFFFFFFFFFFFFFFFFFFFFFFFFFFFFFFFFFFFFFFFFFFFFC
:20A48000FFFFFFFFFFFFFFFFFFFFFFFFFFFFFFFFFFFFFFFFFFFFFFFFFFFFFFFFFFFFFFFFDC
:20A4A000FFFFFFFFFFFFFFFFFFFFFFFFFFFFFFFFFFFFFFFFFFFFFFFFFFFFFFFFFFFFFFFFBC
:20A4C000FFFFFFFFFFFFFFFFFFFFFFFFFFFFFFFFFFFFFFFFFFFFFFFFFFFFFFFFFFFFFFFF9C
:20A4E000FFFFFFFFFFFFFFFFFFFFFFFFFFFFFFFFFFFFFFFFFFFFFFFFFFFFFFFFFFFFFFFF7C
:20A50000FFFFFFFFFFFFFFFFFFFFFFFFFFFFFFFFFFFFFFFFFFFFFFFFFFFFFFFFFFFFFFFF5B
:20A52000FFFFFFFFFFFFFFFFFFFFFFFFFFFFFFFFFFFFFFFFFFFFFFFFFFFFFFFFFFFFFFFF3B
:20A54000FFFFFFFFFFFFFFFFFFFFFFFFFFFFFFFFFFFFFFFFFFFFFFFFFFFFFFFFFFFFFFFF1B
:20A56000FFFFFFFFFFFFFFFFFFFFFFFFFFFFFFFFFFFFFFFFFFFFFFFFFFFFFFFFFFFFFFFFFB
:20A58000FFFFFFFFFFFFFFFFFFFFFFFFFFFFFFFFFFFFFFFFFFFFFFFFFFFFFFFFFFFFFFFFDB
:20A5A000FFFFFFFFFFFFFFFFFFFFFFFFFFFFFFFFFFFFFFFFFFFFFFFFFFFFFFFFFFFFFFFFBB
:20A5C000FFFFFFFFFFFFFFFFFFFFFFFFFFFFFFFFFFFFFFFFFFFFFFFFFFFFFFFFFFFFFFFF9B
:20A5E000FFFFFFFFFFFFFFFFFFFFFFFFFFFFFFFFFFFFFFFFFFFFFFFFFFFFFFFFFFFFFFFF7B
:20A60000FFFFFFFFFFFFFFFFFFFFFFFFFFFFFFFFFFFFFFFFFFFFFFFFFFFFFFFFFFFFFFFF5A
:20A62000FFFFFFFFFFFFFFFFFFFFFFFFFFFFFFFFFFFFFFFFFFFFFFFFFFFFFFFFFFFFFFFF3A
:20A64000FFFFFFFFFFFFFFFFFFFFFFFFFFFFFFFFFFFFFFFFFFFFFFFFFFFFFFFFFFFFFFFF1A
:20A66000FFFFFFFFFFFFFFFFFFFFFFFFFFFFFFFFFFFFFFFFFFFFFFFFFFFFFFFFFFFFFFFFFA
:20A68000FFFFFFFFFFFFFFFFFFFFFFFFFFFFFFFFFFFFFFFFFFFFFFFFFFFFFFFFFFFFFFFFDA
:20A6A000FFFFFFFFFFFFFFFFFFFFFFFFFFFFFFFFFFFFFFFFFFFFFFFFFFFFFFFFFFFFFFFFBA
:20A6C000FFFFFFFFFFFFFFFFFFFFFFFFFFFFFFFFFFFFFFFFFFFFFFFFFFFFFFFFFFFFFFFF9A
:20A6E000FFFFFFFFFFFFFFFFFFFFFFFFFFFFFFFFFFFFFFFFFFFFFFFFFFFFFFFFFFFFFFFF7A
:20A70000FFFFFFFFFFFFFFFFFFFFFFFFFFFFFFFFFFFFFFFFFFFFFFFFFFFFFFFFFFFFFFFF59
:20A72000FFFFFFFFFFFFFFFFFFFFFFFFFFFFFFFFFFFFFFFFFFFFFFFFFFFFFFFFFFFFFFFF39
:20A74000FFFFFFFFFFFFFFFFFFFFFFFFFFFFFFFFFFFFFFFFFFFFFFFFFFFFFFFFFFFFFFFF19
:20A76000FFFFFFFFFFFFFFFFFFFFFFFFFFFFFFFFFFFFFFFFFFFFFFFFFFFFFFFFFFFFFFFFF9
:20A78000FFFFFFFFFFFFFFFFFFFFFFFFFFFFFFFFFFFFFFFFFFFFFFFFFFFFFFFFFFFFFFFFD9
:20A7A000FFFFFFFFFFFFFFFFFFFFFFFFFFFFFFFFFFFFFFFFFFFFFFFFFFFFFFFFFFFFFFFFB9
:20A7C000FFFFFFFFFFFFFFFFFFFFFFFFFFFFFFFFFFFFFFFFFFFFFFFFFFFFFFFFFFFFFFFF99
:20A7E000FFFFFFFFFFFFFFFFFFFFFFFFFFFFFFFFFFFFFFFFFFFFFFFFFFFFFFFFFFFFFFFF79
:20A80000FFFFFFFFFFFFFFFFFFFFFFFFFFFFFFFFFFFFFFFFFFFFFFFFFFFFFFFFFFFFFFFF58
:20A82000FFFFFFFFFFFFFFFFFFFFFFFFFFFFFFFFFFFFFFFFFFFFFFFFFFFFFFFFFFFFFFFF38
:20A84000FFFFFFFFFFFFFFFFFFFFFFFFFFFFFFFFFFFFFFFFFFFFFFFFFFFFFFFFFFFFFFFF18
:20A86000FFFFFFFFFFFFFFFFFFFFFFFFFFFFFFFFFFFFFFFFFFFFFFFFFFFFFFFFFFFFFFFFF8
:20A88000FFFFFFFFFFFFFFFFFFFFFFFFFFFFFFFFFFFFFFFFFFFFFFFFFFFFFFFFFFFFFFFFD8
:20A8A000FFFFFFFFFFFFFFFFFFFFFFFFFFFFFFFFFFFFFFFFFFFFFFFFFFFFFFFFFFFFFFFFB8
:20A8C000FFFFFFFFFFFFFFFFFFFFFFFFFFFFFFFFFFFFFFFFFFFFFFFFFFFFFFFFFFFFFFFF98
:20A8E000FFFFFFFFFFFFFFFFFFFFFFFFFFFFFFFFFFFFFFFFFFFFFFFFFFFFFFFFFFFFFFFF78
:20A90000FFFFFFFFFFFFFFFFFFFFFFFFFFFFFFFFFFFFFFFFFFFFFFFFFFFFFFFFFFFFFFFF57
:20A92000FFFFFFFFFFFFFFFFFFFFFFFFFFFFFFFFFFFFFFFFFFFFFFFFFFFFFFFFFFFFFFFF37
:20A94000FFFFFFFFFFFFFFFFFFFFFFFFFFFFFFFFFFFFFFFFFFFFFFFFFFFFFFFFFFFFFFFF17
:20A96000FFFFFFFFFFFFFFFFFFFFFFFFFFFFFFFFFFFFFFFFFFFFFFFFFFFFFFFFFFFFFFFFF7
:20A98000FFFFFFFFFFFFFFFFFFFFFFFFFFFFFFFFFFFFFFFFFFFFFFFFFFFFFFFFFFFFFFFFD7
:20A9A000FFFFFFFFFFFFFFFFFFFFFFFFFFFFFFFFFFFFFFFFFFFFFFFFFFFFFFFFFFFFFFFFB7
:20A9C000FFFFFFFFFFFFFFFFFFFFFFFFFFFFFFFFFFFFFFFFFFFFFFFFFFFFFFFFFFFFFFFF97
:20A9E000FFFFFFFFFFFFFFFFFFFFFFFFFFFFFFFFFFFFFFFFFFFFFFFFFFFFFFFFFFFFFFFF77
:20AA0000FFFFFFFFFFFFFFFFFFFFFFFFFFFFFFFFFFFFFFFFFFFFFFFFFFFFFFFFFFFFFFFF56
:20AA2000FFFFFFFFFFFFFFFFFFFFFFFFFFFFFFFFFFFFFFFFFFFFFFFFFFFFFFFFFFFFFFFF36
:20AA4000FFFFFFFFFFFFFFFFFFFFFFFFFFFFFFFFFFFFFFFFFFFFFFFFFFFFFFFFFFFFFFFF16
:20AA6000FFFFFFFFFFFFFFFFFFFFFFFFFFFFFFFFFFFFFFFFFFFFFFFFFFFFFFFFFFFFFFFFF6
:20AA8000FFFFFFFFFFFFFFFFFFFFFFFFFFFFFFFFFFFFFFFFFFFFFFFFFFFFFFFFFFFFFFFFD6
:20AAA000FFFFFFFFFFFFFFFFFFFFFFFFFFFFFFFFFFFFFFFFFFFFFFFFFFFFFFFFFFFFFFFFB6
:20AAC000FFFFFFFFFFFFFFFFFFFFFFFFFFFFFFFFFFFFFFFFFFFFFFFFFFFFFFFFFFFFFFFF96
:20AAE000FFFFFFFFFFFFFFFFFFFFFFFFFFFFFFFFFFFFFFFFFFFFFFFFFFFFFFFFFFFFFFFF76
:20AB0000FFFFFFFFFFFFFFFFFFFFFFFFFFFFFFFFFFFFFFFFFFFFFFFFFFFFFFFFFFFFFFFF55
:20AB2000FFFFFFFFFFFFFFFFFFFFFFFFFFFFFFFFFFFFFFFFFFFFFFFFFFFFFFFFFFFFFFFF35
:20AB4000FFFFFFFFFFFFFFFFFFFFFFFFFFFFFFFFFFFFFFFFFFFFFFFFFFFFFFFFFFFFFFFF15
:20AB6000FFFFFFFFFFFFFFFFFFFFFFFFFFFFFFFFFFFFFFFFFFFFFFFFFFFFFFFFFFFFFFFFF5
:20AB8000FFFFFFFFFFFFFFFFFFFFFFFFFFFFFFFFFFFFFFFFFFFFFFFFFFFFFFFFFFFFFFFFD5
:20ABA000FFFFFFFFFFFFFFFFFFFFFFFFFFFFFFFFFFFFFFFFFFFFFFFFFFFFFFFFFFFFFFFFB5
:20ABC000FFFFFFFFFFFFFFFFFFFFFFFFFFFFFFFFFFFFFFFFFFFFFFFFFFFFFFFFFFFFFFFF95
:20ABE000FFFFFFFFFFFFFFFFFFFFFFFFFFFFFFFFFFFFFFFFFFFFFFFFFFFFFFFFFFFFFFFF75
:20AC0000FFFFFFFFFFFFFFFFFFFFFFFFFFFFFFFFFFFFFFFFFFFFFFFFFFFFFFFFFFFFFFFF54
:20AC2000FFFFFFFFFFFFFFFFFFFFFFFFFFFFFFFFFFFFFFFFFFFFFFFFFFFFFFFFFFFFFFFF34
:20AC4000FFFFFFFFFFFFFFFFFFFFFFFFFFFFFFFFFFFFFFFFFFFFFFFFFFFFFFFFFFFFFFFF14
:20AC6000FFFFFFFFFFFFFFFFFFFFFFFFFFFFFFFFFFFFFFFFFFFFFFFFFFFFFFFFFFFFFFFFF4
:20AC8000FFFFFFFFFFFFFFFFFFFFFFFFFFFFFFFFFFFFFFFFFFFFFFFFFFFFFFFFFFFFFFFFD4
:20ACA000FFFFFFFFFFFFFFFFFFFFFFFFFFFFFFFFFFFFFFFFFFFFFFFFFFFFFFFFFFFFFFFFB4
:20ACC000FFFFFFFFFFFFFFFFFFFFFFFFFFFFFFFFFFFFFFFFFFFFFFFFFFFFFFFFFFFFFFFF94
:20ACE000FFFFFFFFFFFFFFFFFFFFFFFFFFFFFFFFFFFFFFFFFFFFFFFFFFFFFFFFFFFFFFFF74
:20AD0000FFFFFFFFFFFFFFFFFFFFFFFFFFFFFFFFFFFFFFFFFFFFFFFFFFFFFFFFFFFFFFFF53
:20AD2000FFFFFFFFFFFFFFFFFFFFFFFFFFFFFFFFFFFFFFFFFFFFFFFFFFFFFFFFFFFFFFFF33
:20AD4000FFFFFFFFFFFFFFFFFFFFFFFFFFFFFFFFFFFFFFFFFFFFFFFFFFFFFFFFFFFFFFFF13
:20AD6000FFFFFFFFFFFFFFFFFFFFFFFFFFFFFFFFFFFFFFFFFFFFFFFFFFFFFFFFFFFFFFFFF3
:20AD8000FFFFFFFFFFFFFFFFFFFFFFFFFFFFFFFFFFFFFFFFFFFFFFFFFFFFFFFFFFFFFFFFD3
:20ADA000FFFFFFFFFFFFFFFFFFFFFFFFFFFFFFFFFFFFFFFFFFFFFFFFFFFFFFFFFFFFFFFFB3
:20ADC000FFFFFFFFFFFFFFFFFFFFFFFFFFFFFFFFFFFFFFFFFFFFFFFFFFFFFFFFFFFFFFFF93
:20ADE000FFFFFFFFFFFFFFFFFFFFFFFFFFFFFFFFFFFFFFFFFFFFFFFFFFFFFFFFFFFFFFFF73
:20AE0000FFFFFFFFFFFFFFFFFFFFFFFFFFFFFFFFFFFFFFFFFFFFFFFFFFFFFFFFFFFFFFFF52
:20AE2000FFFFFFFFFFFFFFFFFFFFFFFFFFFFFFFFFFFFFFFFFFFFFFFFFFFFFFFFFFFFFFFF32
:20AE4000FFFFFFFFFFFFFFFFFFFFFFFFFFFFFFFFFFFFFFFFFFFFFFFFFFFFFFFFFFFFFFFF12
:20AE6000FFFFFFFFFFFFFFFFFFFFFFFFFFFFFFFFFFFFFFFFFFFFFFFFFFFFFFFFFFFFFFFFF2
:20AE8000FFFFFFFFFFFFFFFFFFFFFFFFFFFFFFFFFFFFFFFFFFFFFFFFFFFFFFFFFFFFFFFFD2
:20AEA000FFFFFFFFFFFFFFFFFFFFFFFFFFFFFFFFFFFFFFFFFFFFFFFFFFFFFFFFFFFFFFFFB2
:20AEC000FFFFFFFFFFFFFFFFFFFFFFFFFFFFFFFFFFFFFFFFFFFFFFFFFFFFFFFFFFFFFFFF92
:20AEE000FFFFFFFFFFFFFFFFFFFFFFFFFFFFFFFFFFFFFFFFFFFFFFFFFFFFFFFFFFFFFFFF72
:20AF0000FFFFFFFFFFFFFFFFFFFFFFFFFFFFFFFFFFFFFFFFFFFFFFFFFFFFFFFFFFFFFFFF51
:20AF2000FFFFFFFFFFFFFFFFFFFFFFFFFFFFFFFFFFFFFFFFFFFFFFFFFFFFFFFFFFFFFFFF31
:20AF4000FFFFFFFFFFFFFFFFFFFFFFFFFFFFFFFFFFFFFFFFFFFFFFFFFFFFFFFFFFFFFFFF11
:20AF6000FFFFFFFFFFFFFFFFFFFFFFFFFFFFFFFFFFFFFFFFFFFFFFFFFFFFFFFFFFFFFFFFF1
:20AF8000FFFFFFFFFFFFFFFFFFFFFFFFFFFFFFFFFFFFFFFFFFFFFFFFFFFFFFFFFFFFFFFFD1
:20AFA000FFFFFFFFFFFFFFFFFFFFFFFFFFFFFFFFFFFFFFFFFFFFFFFFFFFFFFFFFFFFFFFFB1
:20AFC000FFFFFFFFFFFFFFFFFFFFFFFFFFFFFFFFFFFFFFFFFFFFFFFFFFFFFFFFFFFFFFFF91
:20AFE000FFFFFFFFFFFFFFFFFFFFFFFFFFFFFFFFFFFFFFFFFFFFFFFFFFFFFFFFFFFFFFFF71
:20B00000FFFFFFFFFFFFFFFFFFFFFFFFFFFFFFFFFFFFFFFFFFFFFFFFFFFFFFFFFFFFFFFF50
:20B02000FFFFFFFFFFFFFFFFFFFFFFFFFFFFFFFFFFFFFFFFFFFFFFFFFFFFFFFFFFFFFFFF30
:20B04000FFFFFFFFFFFFFFFFFFFFFFFFFFFFFFFFFFFFFFFFFFFFFFFFFFFFFFFFFFFFFFFF10
:20B06000FFFFFFFFFFFFFFFFFFFFFFFFFFFFFFFFFFFFFFFFFFFFFFFFFFFFFFFFFFFFFFFFF0
:20B08000FFFFFFFFFFFFFFFFFFFFFFFFFFFFFFFFFFFFFFFFFFFFFFFFFFFFFFFFFFFFFFFFD0
:20B0A000FFFFFFFFFFFFFFFFFFFFFFFFFFFFFFFFFFFFFFFFFFFFFFFFFFFFFFFFFFFFFFFFB0
:20B0C000FFFFFFFFFFFFFFFFFFFFFFFFFFFFFFFFFFFFFFFFFFFFFFFFFFFFFFFFFFFFFFFF90
:20B0E000FFFFFFFFFFFFFFFFFFFFFFFFFFFFFFFFFFFFFFFFFFFFFFFFFFFFFFFFFFFFFFFF70
:20B10000FFFFFFFFFFFFFFFFFFFFFFFFFFFFFFFFFFFFFFFFFFFFFFFFFFFFFFFFFFFFFFFF4F
:20B12000FFFFFFFFFFFFFFFFFFFFFFFFFFFFFFFFFFFFFFFFFFFFFFFFFFFFFFFFFFFFFFFF2F
:20B14000FFFFFFFFFFFFFFFFFFFFFFFFFFFFFFFFFFFFFFFFFFFFFFFFFFFFFFFFFFFFFFFF0F
:20B16000FFFFFFFFFFFFFFFFFFFFFFFFFFFFFFFFFFFFFFFFFFFFFFFFFFFFFFFFFFFFFFFFEF
:20B18000FFFFFFFFFFFFFFFFFFFFFFFFFFFFFFFFFFFFFFFFFFFFFFFFFFFFFFFFFFFFFFFFCF
:20B1A000FFFFFFFFFFFFFFFFFFFFFFFFFFFFFFFFFFFFFFFFFFFFFFFFFFFFFFFFFFFFFFFFAF
:20B1C000FFFFFFFFFFFFFFFFFFFFFFFFFFFFFFFFFFFFFFFFFFFFFFFFFFFFFFFFFFFFFFFF8F
:20B1E000FFFFFFFFFFFFFFFFFFFFFFFFFFFFFFFFFFFFFFFFFFFFFFFFFFFFFFFFFFFFFFFF6F
:20B20000FFFFFFFFFFFFFFFFFFFFFFFFFFFFFFFFFFFFFFFFFFFFFFFFFFFFFFFFFFFFFFFF4E
:20B22000FFFFFFFFFFFFFFFFFFFFFFFFFFFFFFFFFFFFFFFFFFFFFFFFFFFFFFFFFFFFFFFF2E
:20B24000FFFFFFFFFFFFFFFFFFFFFFFFFFFFFFFFFFFFFFFFFFFFFFFFFFFFFFFFFFFFFFFF0E
:20B26000FFFFFFFFFFFFFFFFFFFFFFFFFFFFFFFFFFFFFFFFFFFFFFFFFFFFFFFFFFFFFFFFEE
:20B28000FFFFFFFFFFFFFFFFFFFFFFFFFFFFFFFFFFFFFFFFFFFFFFFFFFFFFFFFFFFFFFFFCE
:20B2A000FFFFFFFFFFFFFFFFFFFFFFFFFFFFFFFFFFFFFFFFFFFFFFFFFFFFFFFFFFFFFFFFAE
:20B2C000FFFFFFFFFFFFFFFFFFFFFFFFFFFFFFFFFFFFFFFFFFFFFFFFFFFFFFFFFFFFFFFF8E
:20B2E000FFFFFFFFFFFFFFFFFFFFFFFFFFFFFFFFFFFFFFFFFFFFFFFFFFFFFFFFFFFFFFFF6E
:20B30000FFFFFFFFFFFFFFFFFFFFFFFFFFFFFFFFFFFFFFFFFFFFFFFFFFFFFFFFFFFFFFFF4D
:20B32000FFFFFFFFFFFFFFFFFFFFFFFFFFFFFFFFFFFFFFFFFFFFFFFFFFFFFFFFFFFFFFFF2D
:20B34000FFFFFFFFFFFFFFFFFFFFFFFFFFFFFFFFFFFFFFFFFFFFFFFFFFFFFFFFFFFFFFFF0D
:20B36000FFFFFFFFFFFFFFFFFFFFFFFFFFFFFFFFFFFFFFFFFFFFFFFFFFFFFFFFFFFFFFFFED
:20B38000FFFFFFFFFFFFFFFFFFFFFFFFFFFFFFFFFFFFFFFFFFFFFFFFFFFFFFFFFFFFFFFFCD
:20B3A000FFFFFFFFFFFFFFFFFFFFFFFFFFFFFFFFFFFFFFFFFFFFFFFFFFFFFFFFFFFFFFFFAD
:20B3C000FFFFFFFFFFFFFFFFFFFFFFFFFFFFFFFFFFFFFFFFFFFFFFFFFFFFFFFFFFFFFFFF8D
:20B3E000FFFFFFFFFFFFFFFFFFFFFFFFFFFFFFFFFFFFFFFFFFFFFFFFFFFFFFFFFFFFFFFF6D
:20B40000FFFFFFFFFFFFFFFFFFFFFFFFFFFFFFFFFFFFFFFFFFFFFFFFFFFFFFFFFFFFFFFF4C
:20B42000FFFFFFFFFFFFFFFFFFFFFFFFFFFFFFFFFFFFFFFFFFFFFFFFFFFFFFFFFFFFFFFF2C
:20B44000FFFFFFFFFFFFFFFFFFFFFFFFFFFFFFFFFFFFFFFFFFFFFFFFFFFFFFFFFFFFFFFF0C
:20B46000FFFFFFFFFFFFFFFFFFFFFFFFFFFFFFFFFFFFFFFFFFFFFFFFFFFFFFFFFFFFFFFFEC
:20B48000FFFFFFFFFFFFFFFFFFFFFFFFFFFFFFFFFFFFFFFFFFFFFFFFFFFFFFFFFFFFFFFFCC
:20B4A000FFFFFFFFFFFFFFFFFFFFFFFFFFFFFFFFFFFFFFFFFFFFFFFFFFFFFFFFFFFFFFFFAC
:20B4C000FFFFFFFFFFFFFFFFFFFFFFFFFFFFFFFFFFFFFFFFFFFFFFFFFFFFFFFFFFFFFFFF8C
:20B4E000FFFFFFFFFFFFFFFFFFFFFFFFFFFFFFFFFFFFFFFFFFFFFFFFFFFFFFFFFFFFFFFF6C
:20B50000FFFFFFFFFFFFFFFFFFFFFFFFFFFFFFFFFFFFFFFFFFFFFFFFFFFFFFFFFFFFFFFF4B
:20B52000FFFFFFFFFFFFFFFFFFFFFFFFFFFFFFFFFFFFFFFFFFFFFFFFFFFFFFFFFFFFFFFF2B
:20B54000FFFFFFFFFFFFFFFFFFFFFFFFFFFFFFFFFFFFFFFFFFFFFFFFFFFFFFFFFFFFFFFF0B
:20B56000FFFFFFFFFFFFFFFFFFFFFFFFFFFFFFFFFFFFFFFFFFFFFFFFFFFFFFFFFFFFFFFFEB
:20B58000FFFFFFFFFFFFFFFFFFFFFFFFFFFFFFFFFFFFFFFFFFFFFFFFFFFFFFFFFFFFFFFFCB
:20B5A000FFFFFFFFFFFFFFFFFFFFFFFFFFFFFFFFFFFFFFFFFFFFFFFFFFFFFFFFFFFFFFFFAB
:20B5C000FFFFFFFFFFFFFFFFFFFFFFFFFFFFFFFFFFFFFFFFFFFFFFFFFFFFFFFFFFFFFFFF8B
:20B5E000FFFFFFFFFFFFFFFFFFFFFFFFFFFFFFFFFFFFFFFFFFFFFFFFFFFFFFFFFFFFFFFF6B
:20B60000FFFFFFFFFFFFFFFFFFFFFFFFFFFFFFFFFFFFFFFFFFFFFFFFFFFFFFFFFFFFFFFF4A
:20B62000FFFFFFFFFFFFFFFFFFFFFFFFFFFFFFFFFFFFFFFFFFFFFFFFFFFFFFFFFFFFFFFF2A
:20B64000FFFFFFFFFFFFFFFFFFFFFFFFFFFFFFFFFFFFFFFFFFFFFFFFFFFFFFFFFFFFFFFF0A
:20B66000FFFFFFFFFFFFFFFFFFFFFFFFFFFFFFFFFFFFFFFFFFFFFFFFFFFFFFFFFFFFFFFFEA
:20B68000FFFFFFFFFFFFFFFFFFFFFFFFFFFFFFFFFFFFFFFFFFFFFFFFFFFFFFFFFFFFFFFFCA
:20B6A000FFFFFFFFFFFFFFFFFFFFFFFFFFFFFFFFFFFFFFFFFFFFFFFFFFFFFFFFFFFFFFFFAA
:20B6C000FFFFFFFFFFFFFFFFFFFFFFFFFFFFFFFFFFFFFFFFFFFFFFFFFFFFFFFFFFFFFFFF8A
:20B6E000FFFFFFFFFFFFFFFFFFFFFFFFFFFFFFFFFFFFFFFFFFFFFFFFFFFFFFFFFFFFFFFF6A
:20B70000FFFFFFFFFFFFFFFFFFFFFFFFFFFFFFFFFFFFFFFFFFFFFFFFFFFFFFFFFFFFFFFF49
:20B72000FFFFFFFFFFFFFFFFFFFFFFFFFFFFFFFFFFFFFFFFFFFFFFFFFFFFFFFFFFFFFFFF29
:20B74000FFFFFFFFFFFFFFFFFFFFFFFFFFFFFFFFFFFFFFFFFFFFFFFFFFFFFFFFFFFFFFFF09
:20B76000FFFFFFFFFFFFFFFFFFFFFFFFFFFFFFFFFFFFFFFFFFFFFFFFFFFFFFFFFFFFFFFFE9
:20B78000FFFFFFFFFFFFFFFFFFFFFFFFFFFFFFFFFFFFFFFFFFFFFFFFFFFFFFFFFFFFFFFFC9
:20B7A000FFFFFFFFFFFFFFFFFFFFFFFFFFFFFFFFFFFFFFFFFFFFFFFFFFFFFFFFFFFFFFFFA9
:20B7C000FFFFFFFFFFFFFFFFFFFFFFFFFFFFFFFFFFFFFFFFFFFFFFFFFFFFFFFFFFFFFFFF89
:20B7E000FFFFFFFFFFFFFFFFFFFFFFFFFFFFFFFFFFFFFFFFFFFFFFFFFFFFFFFFFFFFFFFF69
:20B80000FFFFFFFFFFFFFFFFFFFFFFFFFFFFFFFFFFFFFFFFFFFFFFFFFFFFFFFFFFFFFFFF48
:20B82000FFFFFFFFFFFFFFFFFFFFFFFFFFFFFFFFFFFFFFFFFFFFFFFFFFFFFFFFFFFFFFFF28
:20B84000FFFFFFFFFFFFFFFFFFFFFFFFFFFFFFFFFFFFFFFFFFFFFFFFFFFFFFFFFFFFFFFF08
:20B86000FFFFFFFFFFFFFFFFFFFFFFFFFFFFFFFFFFFFFFFFFFFFFFFFFFFFFFFFFFFFFFFFE8
:20B88000FFFFFFFFFFFFFFFFFFFFFFFFFFFFFFFFFFFFFFFFFFFFFFFFFFFFFFFFFFFFFFFFC8
:20B8A000FFFFFFFFFFFFFFFFFFFFFFFFFFFFFFFFFFFFFFFFFFFFFFFFFFFFFFFFFFFFFFFFA8
:20B8C000FFFFFFFFFFFFFFFFFFFFFFFFFFFFFFFFFFFFFFFFFFFFFFFFFFFFFFFFFFFFFFFF88
:20B8E000FFFFFFFFFFFFFFFFFFFFFFFFFFFFFFFFFFFFFFFFFFFFFFFFFFFFFFFFFFFFFFFF68
:20B90000FFFFFFFFFFFFFFFFFFFFFFFFFFFFFFFFFFFFFFFFFFFFFFFFFFFFFFFFFFFFFFFF47
:20B92000FFFFFFFFFFFFFFFFFFFFFFFFFFFFFFFFFFFFFFFFFFFFFFFFFFFFFFFFFFFFFFFF27
:20B94000FFFFFFFFFFFFFFFFFFFFFFFFFFFFFFFFFFFFFFFFFFFFFFFFFFFFFFFFFFFFFFFF07
:20B96000FFFFFFFFFFFFFFFFFFFFFFFFFFFFFFFFFFFFFFFFFFFFFFFFFFFFFFFFFFFFFFFFE7
:20B98000FFFFFFFFFFFFFFFFFFFFFFFFFFFFFFFFFFFFFFFFFFFFFFFFFFFFFFFFFFFFFFFFC7
:20B9A000FFFFFFFFFFFFFFFFFFFFFFFFFFFFFFFFFFFFFFFFFFFFFFFFFFFFFFFFFFFFFFFFA7
:20B9C000FFFFFFFFFFFFFFFFFFFFFFFFFFFFFFFFFFFFFFFFFFFFFFFFFFFFFFFFFFFFFFFF87
:20B9E000FFFFFFFFFFFFFFFFFFFFFFFFFFFFFFFFFFFFFFFFFFFFFFFFFFFFFFFFFFFFFFFF67
:20BA0000FFFFFFFFFFFFFFFFFFFFFFFFFFFFFFFFFFFFFFFFFFFFFFFFFFFFFFFFFFFFFFFF46
:20BA2000FFFFFFFFFFFFFFFFFFFFFFFFFFFFFFFFFFFFFFFFFFFFFFFFFFFFFFFFFFFFFFFF26
:20BA4000FFFFFFFFFFFFFFFFFFFFFFFFFFFFFFFFFFFFFFFFFFFFFFFFFFFFFFFFFFFFFFFF06
:20BA6000FFFFFFFFFFFFFFFFFFFFFFFFFFFFFFFFFFFFFFFFFFFFFFFFFFFFFFFFFFFFFFFFE6
:20BA8000FFFFFFFFFFFFFFFFFFFFFFFFFFFFFFFFFFFFFFFFFFFFFFFFFFFFFFFFFFFFFFFFC6
:20BAA000FFFFFFFFFFFFFFFFFFFFFFFFFFFFFFFFFFFFFFFFFFFFFFFFFFFFFFFFFFFFFFFFA6
:20BAC000FFFFFFFFFFFFFFFFFFFFFFFFFFFFFFFFFFFFFFFFFFFFFFFFFFFFFFFFFFFFFFFF86
:20BAE000FFFFFFFFFFFFFFFFFFFFFFFFFFFFFFFFFFFFFFFFFFFFFFFFFFFFFFFFFFFFFFFF66
:20BB0000FFFFFFFFFFFFFFFFFFFFFFFFFFFFFFFFFFFFFFFFFFFFFFFFFFFFFFFFFFFFFFFF45
:20BB2000FFFFFFFFFFFFFFFFFFFFFFFFFFFFFFFFFFFFFFFFFFFFFFFFFFFFFFFFFFFFFFFF25
:20BB4000FFFFFFFFFFFFFFFFFFFFFFFFFFFFFFFFFFFFFFFFFFFFFFFFFFFFFFFFFFFFFFFF05
:20BB6000FFFFFFFFFFFFFFFFFFFFFFFFFFFFFFFFFFFFFFFFFFFFFFFFFFFFFFFFFFFFFFFFE5
:20BB8000FFFFFFFFFFFFFFFFFFFFFFFFFFFFFFFFFFFFFFFFFFFFFFFFFFFFFFFFFFFFFFFFC5
:20BBA000FFFFFFFFFFFFFFFFFFFFFFFFFFFFFFFFFFFFFFFFFFFFFFFFFFFFFFFFFFFFFFFFA5
:20BBC000FFFFFFFFFFFFFFFFFFFFFFFFFFFFFFFFFFFFFFFFFFFFFFFFFFFFFFFFFFFFFFFF85
:20BBE000FFFFFFFFFFFFFFFFFFFFFFFFFFFFFFFFFFFFFFFFFFFFFFFFFFFFFFFFFFFFFFFF65
:20BC0000FFFFFFFFFFFFFFFFFFFFFFFFFFFFFFFFFFFFFFFFFFFFFFFFFFFFFFFFFFFFFFFF44
:20BC2000FFFFFFFFFFFFFFFFFFFFFFFFFFFFFFFFFFFFFFFFFFFFFFFFFFFFFFFFFFFFFFFF24
:20BC4000FFFFFFFFFFFFFFFFFFFFFFFFFFFFFFFFFFFFFFFFFFFFFFFFFFFFFFFFFFFFFFFF04
:20BC6000FFFFFFFFFFFFFFFFFFFFFFFFFFFFFFFFFFFFFFFFFFFFFFFFFFFFFFFFFFFFFFFFE4
:20BC8000FFFFFFFFFFFFFFFFFFFFFFFFFFFFFFFFFFFFFFFFFFFFFFFFFFFFFFFFFFFFFFFFC4
:20BCA000FFFFFFFFFFFFFFFFFFFFFFFFFFFFFFFFFFFFFFFFFFFFFFFFFFFFFFFFFFFFFFFFA4
:20BCC000FFFFFFFFFFFFFFFFFFFFFFFFFFFFFFFFFFFFFFFFFFFFFFFFFFFFFFFFFFFFFFFF84
:20BCE000FFFFFFFFFFFFFFFFFFFFFFFFFFFFFFFFFFFFFFFFFFFFFFFFFFFFFFFFFFFFFFFF64
:20BD0000FFFFFFFFFFFFFFFFFFFFFFFFFFFFFFFFFFFFFFFFFFFFFFFFFFFFFFFFFFFFFFFF43
:20BD2000FFFFFFFFFFFFFFFFFFFFFFFFFFFFFFFFFFFFFFFFFFFFFFFFFFFFFFFFFFFFFFFF23
:20BD4000FFFFFFFFFFFFFFFFFFFFFFFFFFFFFFFFFFFFFFFFFFFFFFFFFFFFFFFFFFFFFFFF03
:20BD6000FFFFFFFFFFFFFFFFFFFFFFFFFFFFFFFFFFFFFFFFFFFFFFFFFFFFFFFFFFFFFFFFE3
:20BD8000FFFFFFFFFFFFFFFFFFFFFFFFFFFFFFFFFFFFFFFFFFFFFFFFFFFFFFFFFFFFFFFFC3
:20BDA000FFFFFFFFFFFFFFFFFFFFFFFFFFFFFFFFFFFFFFFFFFFFFFFFFFFFFFFFFFFFFFFFA3
:20BDC000FFFFFFFFFFFFFFFFFFFFFFFFFFFFFFFFFFFFFFFFFFFFFFFFFFFFFFFFFFFFFFFF83
:20BDE000FFFFFFFFFFFFFFFFFFFFFFFFFFFFFFFFFFFFFFFFFFFFFFFFFFFFFFFFFFFFFFFF63
:20BE0000FFFFFFFFFFFFFFFFFFFFFFFFFFFFFFFFFFFFFFFFFFFFFFFFFFFFFFFFFFFFFFFF42
:20BE2000FFFFFFFFFFFFFFFFFFFFFFFFFFFFFFFFFFFFFFFFFFFFFFFFFFFFFFFFFFFFFFFF22
:20BE4000FFFFFFFFFFFFFFFFFFFFFFFFFFFFFFFFFFFFFFFFFFFFFFFFFFFFFFFFFFFFFFFF02
:20BE6000FFFFFFFFFFFFFFFFFFFFFFFFFFFFFFFFFFFFFFFFFFFFFFFFFFFFFFFFFFFFFFFFE2
:20BE8000FFFFFFFFFFFFFFFFFFFFFFFFFFFFFFFFFFFFFFFFFFFFFFFFFFFFFFFFFFFFFFFFC2
:20BEA000FFFFFFFFFFFFFFFFFFFFFFFFFFFFFFFFFFFFFFFFFFFFFFFFFFFFFFFFFFFFFFFFA2
:20BEC000FFFFFFFFFFFFFFFFFFFFFFFFFFFFFFFFFFFFFFFFFFFFFFFFFFFFFFFFFFFFFFFF82
:20BEE000FFFFFFFFFFFFFFFFFFFFFFFFFFFFFFFFFFFFFFFFFFFFFFFFFFFFFFFFFFFFFFFF62
:20BF0000FFFFFFFFFFFFFFFFFFFFFFFFFFFFFFFFFFFFFFFFFFFFFFFFFFFFFFFFFFFFFFFF41
:20BF2000FFFFFFFFFFFFFFFFFFFFFFFFFFFFFFFFFFFFFFFFFFFFFFFFFFFFFFFFFFFFFFFF21
:20BF4000FFFFFFFFFFFFFFFFFFFFFFFFFFFFFFFFFFFFFFFFFFFFFFFFFFFFFFFFFFFFFFFF01
:20BF6000FFFFFFFFFFFFFFFFFFFFFFFFFFFFFFFFFFFFFFFFFFFFFFFFFFFFFFFFFFFFFFFFE1
:20BF8000FFFFFFFFFFFFFFFFFFFFFFFFFFFFFFFFFFFFFFFFFFFFFFFFFFFFFFFFFFFFFFFFC1
:20BFA000FFFFFFFFFFFFFFFFFFFFFFFFFFFFFFFFFFFFFFFFFFFFFFFFFFFFFFFFFFFFFFFFA1
:20BFC000FFFFFFFFFFFFFFFFFFFFFFFFFFFFFFFFFFFFFFFFFFFFFFFFFFFFFFFFFFFFFFFF81
:20BFE000FFFFFFFFFFFFFFFFFFFFFFFFFFFFFFFFFFFFFFFFFFFFFFFFFFFFFFFFFFFFFFFF61
:20C00000FFFFFFFFFFFFFFFFFFFFFFFFFFFFFFFFFFFFFFFFFFFFFFFFFFFFFFFFFFFFFFFF40
:20C02000FFFFFFFFFFFFFFFFFFFFFFFFFFFFFFFFFFFFFFFFFFFFFFFFFFFFFFFFFFFFFFFF20
:20C04000FFFFFFFFFFFFFFFFFFFFFFFFFFFFFFFFFFFFFFFFFFFFFFFFFFFFFFFFFFFFFFFF00
:20C06000FFFFFFFFFFFFFFFFFFFFFFFFFFFFFFFFFFFFFFFFFFFFFFFFFFFFFFFFFFFFFFFFE0
:20C08000FFFFFFFFFFFFFFFFFFFFFFFFFFFFFFFFFFFFFFFFFFFFFFFFFFFFFFFFFFFFFFFFC0
:20C0A000FFFFFFFFFFFFFFFFFFFFFFFFFFFFFFFFFFFFFFFFFFFFFFFFFFFFFFFFFFFFFFFFA0
:20C0C000FFFFFFFFFFFFFFFFFFFFFFFFFFFFFFFFFFFFFFFFFFFFFFFFFFFFFFFFFFFFFFFF80
:20C0E000FFFFFFFFFFFFFFFFFFFFFFFFFFFFFFFFFFFFFFFFFFFFFFFFFFFFFFFFFFFFFFFF60
:20C10000FFFFFFFFFFFFFFFFFFFFFFFFFFFFFFFFFFFFFFFFFFFFFFFFFFFFFFFFFFFFFFFF3F
:20C12000FFFFFFFFFFFFFFFFFFFFFFFFFFFFFFFFFFFFFFFFFFFFFFFFFFFFFFFFFFFFFFFF1F
:20C14000FFFFFFFFFFFFFFFFFFFFFFFFFFFFFFFFFFFFFFFFFFFFFFFFFFFFFFFFFFFFFFFFFF
:20C16000FFFFFFFFFFFFFFFFFFFFFFFFFFFFFFFFFFFFFFFFFFFFFFFFFFFFFFFFFFFFFFFFDF
:20C18000FFFFFFFFFFFFFFFFFFFFFFFFFFFFFFFFFFFFFFFFFFFFFFFFFFFFFFFFFFFFFFFFBF
:20C1A000FFFFFFFFFFFFFFFFFFFFFFFFFFFFFFFFFFFFFFFFFFFFFFFFFFFFFFFFFFFFFFFF9F
:20C1C000FFFFFFFFFFFFFFFFFFFFFFFFFFFFFFFFFFFFFFFFFFFFFFFFFFFFFFFFFFFFFFFF7F
:20C1E000FFFFFFFFFFFFFFFFFFFFFFFFFFFFFFFFFFFFFFFFFFFFFFFFFFFFFFFFFFFFFFFF5F
:20C20000FFFFFFFFFFFFFFFFFFFFFFFFFFFFFFFFFFFFFFFFFFFFFFFFFFFFFFFFFFFFFFFF3E
:20C22000FFFFFFFFFFFFFFFFFFFFFFFFFFFFFFFFFFFFFFFFFFFFFFFFFFFFFFFFFFFFFFFF1E
:20C24000FFFFFFFFFFFFFFFFFFFFFFFFFFFFFFFFFFFFFFFFFFFFFFFFFFFFFFFFFFFFFFFFFE
:20C26000FFFFFFFFFFFFFFFFFFFFFFFFFFFFFFFFFFFFFFFFFFFFFFFFFFFFFFFFFFFFFFFFDE
:20C28000FFFFFFFFFFFFFFFFFFFFFFFFFFFFFFFFFFFFFFFFFFFFFFFFFFFFFFFFFFFFFFFFBE
:20C2A000FFFFFFFFFFFFFFFFFFFFFFFFFFFFFFFFFFFFFFFFFFFFFFFFFFFFFFFFFFFFFFFF9E
:20C2C000FFFFFFFFFFFFFFFFFFFFFFFFFFFFFFFFFFFFFFFFFFFFFFFFFFFFFFFFFFFFFFFF7E
:20C2E000FFFFFFFFFFFFFFFFFFFFFFFFFFFFFFFFFFFFFFFFFFFFFFFFFFFFFFFFFFFFFFFF5E
:20C30000FFFFFFFFFFFFFFFFFFFFFFFFFFFFFFFFFFFFFFFFFFFFFFFFFFFFFFFFFFFFFFFF3D
:20C32000FFFFFFFFFFFFFFFFFFFFFFFFFFFFFFFFFFFFFFFFFFFFFFFFFFFFFFFFFFFFFFFF1D
:20C34000FFFFFFFFFFFFFFFFFFFFFFFFFFFFFFFFFFFFFFFFFFFFFFFFFFFFFFFFFFFFFFFFFD
:20C36000FFFFFFFFFFFFFFFFFFFFFFFFFFFFFFFFFFFFFFFFFFFFFFFFFFFFFFFFFFFFFFFFDD
:20C38000FFFFFFFFFFFFFFFFFFFFFFFFFFFFFFFFFFFFFFFFFFFFFFFFFFFFFFFFFFFFFFFFBD
:20C3A000FFFFFFFFFFFFFFFFFFFFFFFFFFFFFFFFFFFFFFFFFFFFFFFFFFFFFFFFFFFFFFFF9D
:20C3C000FFFFFFFFFFFFFFFFFFFFFFFFFFFFFFFFFFFFFFFFFFFFFFFFFFFFFFFFFFFFFFFF7D
:20C3E000FFFFFFFFFFFFFFFFFFFFFFFFFFFFFFFFFFFFFFFFFFFFFFFFFFFFFFFFFFFFFFFF5D
:20C40000FFFFFFFFFFFFFFFFFFFFFFFFFFFFFFFFFFFFFFFFFFFFFFFFFFFFFFFFFFFFFFFF3C
:20C42000FFFFFFFFFFFFFFFFFFFFFFFFFFFFFFFFFFFFFFFFFFFFFFFFFFFFFFFFFFFFFFFF1C
:20C44000FFFFFFFFFFFFFFFFFFFFFFFFFFFFFFFFFFFFFFFFFFFFFFFFFFFFFFFFFFFFFFFFFC
:20C46000FFFFFFFFFFFFFFFFFFFFFFFFFFFFFFFFFFFFFFFFFFFFFFFFFFFFFFFFFFFFFFFFDC
:20C48000FFFFFFFFFFFFFFFFFFFFFFFFFFFFFFFFFFFFFFFFFFFFFFFFFFFFFFFFFFFFFFFFBC
:20C4A000FFFFFFFFFFFFFFFFFFFFFFFFFFFFFFFFFFFFFFFFFFFFFFFFFFFFFFFFFFFFFFFF9C
:20C4C000FFFFFFFFFFFFFFFFFFFFFFFFFFFFFFFFFFFFFFFFFFFFFFFFFFFFFFFFFFFFFFFF7C
:20C4E000FFFFFFFFFFFFFFFFFFFFFFFFFFFFFFFFFFFFFFFFFFFFFFFFFFFFFFFFFFFFFFFF5C
:20C50000FFFFFFFFFFFFFFFFFFFFFFFFFFFFFFFFFFFFFFFFFFFFFFFFFFFFFFFFFFFFFFFF3B
:20C52000FFFFFFFFFFFFFFFFFFFFFFFFFFFFFFFFFFFFFFFFFFFFFFFFFFFFFFFFFFFFFFFF1B
:20C54000FFFFFFFFFFFFFFFFFFFFFFFFFFFFFFFFFFFFFFFFFFFFFFFFFFFFFFFFFFFFFFFFFB
:20C56000FFFFFFFFFFFFFFFFFFFFFFFFFFFFFFFFFFFFFFFFFFFFFFFFFFFFFFFFFFFFFFFFDB
:20C58000FFFFFFFFFFFFFFFFFFFFFFFFFFFFFFFFFFFFFFFFFFFFFFFFFFFFFFFFFFFFFFFFBB
:20C5A000FFFFFFFFFFFFFFFFFFFFFFFFFFFFFFFFFFFFFFFFFFFFFFFFFFFFFFFFFFFFFFFF9B
:20C5C000FFFFFFFFFFFFFFFFFFFFFFFFFFFFFFFFFFFFFFFFFFFFFFFFFFFFFFFFFFFFFFFF7B
:20C5E000FFFFFFFFFFFFFFFFFFFFFFFFFFFFFFFFFFFFFFFFFFFFFFFFFFFFFFFFFFFFFFFF5B
:20C60000FFFFFFFFFFFFFFFFFFFFFFFFFFFFFFFFFFFFFFFFFFFFFFFFFFFFFFFFFFFFFFFF3A
:20C62000FFFFFFFFFFFFFFFFFFFFFFFFFFFFFFFFFFFFFFFFFFFFFFFFFFFFFFFFFFFFFFFF1A
:20C64000FFFFFFFFFFFFFFFFFFFFFFFFFFFFFFFFFFFFFFFFFFFFFFFFFFFFFFFFFFFFFFFFFA
:20C66000FFFFFFFFFFFFFFFFFFFFFFFFFFFFFFFFFFFFFFFFFFFFFFFFFFFFFFFFFFFFFFFFDA
:20C68000FFFFFFFFFFFFFFFFFFFFFFFFFFFFFFFFFFFFFFFFFFFFFFFFFFFFFFFFFFFFFFFFBA
:20C6A000FFFFFFFFFFFFFFFFFFFFFFFFFFFFFFFFFFFFFFFFFFFFFFFFFFFFFFFFFFFFFFFF9A
:20C6C000FFFFFFFFFFFFFFFFFFFFFFFFFFFFFFFFFFFFFFFFFFFFFFFFFFFFFFFFFFFFFFFF7A
:20C6E000FFFFFFFFFFFFFFFFFFFFFFFFFFFFFFFFFFFFFFFFFFFFFFFFFFFFFFFFFFFFFFFF5A
:20C70000FFFFFFFFFFFFFFFFFFFFFFFFFFFFFFFFFFFFFFFFFFFFFFFFFFFFFFFFFFFFFFFF39
:20C72000FFFFFFFFFFFFFFFFFFFFFFFFFFFFFFFFFFFFFFFFFFFFFFFFFFFFFFFFFFFFFFFF19
:20C74000FFFFFFFFFFFFFFFFFFFFFFFFFFFFFFFFFFFFFFFFFFFFFFFFFFFFFFFFFFFFFFFFF9
:20C76000FFFFFFFFFFFFFFFFFFFFFFFFFFFFFFFFFFFFFFFFFFFFFFFFFFFFFFFFFFFFFFFFD9
:20C78000FFFFFFFFFFFFFFFFFFFFFFFFFFFFFFFFFFFFFFFFFFFFFFFFFFFFFFFFFFFFFFFFB9
:20C7A000FFFFFFFFFFFFFFFFFFFFFFFFFFFFFFFFFFFFFFFFFFFFFFFFFFFFFFFFFFFFFFFF99
:20C7C000FFFFFFFFFFFFFFFFFFFFFFFFFFFFFFFFFFFFFFFFFFFFFFFFFFFFFFFFFFFFFFFF79
:20C7E000FFFFFFFFFFFFFFFFFFFFFFFFFFFFFFFFFFFFFFFFFFFFFFFFFFFFFFFFFFFFFFFF59
:20C80000FFFFFFFFFFFFFFFFFFFFFFFFFFFFFFFFFFFFFFFFFFFFFFFFFFFFFFFFFFFFFFFF38
:20C82000FFFFFFFFFFFFFFFFFFFFFFFFFFFFFFFFFFFFFFFFFFFFFFFFFFFFFFFFFFFFFFFF18
:20C84000FFFFFFFFFFFFFFFFFFFFFFFFFFFFFFFFFFFFFFFFFFFFFFFFFFFFFFFFFFFFFFFFF8
:20C86000FFFFFFFFFFFFFFFFFFFFFFFFFFFFFFFFFFFFFFFFFFFFFFFFFFFFFFFFFFFFFFFFD8
:20C88000FFFFFFFFFFFFFFFFFFFFFFFFFFFFFFFFFFFFFFFFFFFFFFFFFFFFFFFFFFFFFFFFB8
:20C8A000FFFFFFFFFFFFFFFFFFFFFFFFFFFFFFFFFFFFFFFFFFFFFFFFFFFFFFFFFFFFFFFF98
:20C8C000FFFFFFFFFFFFFFFFFFFFFFFFFFFFFFFFFFFFFFFFFFFFFFFFFFFFFFFFFFFFFFFF78
:20C8E000FFFFFFFFFFFFFFFFFFFFFFFFFFFFFFFFFFFFFFFFFFFFFFFFFFFFFFFFFFFFFFFF58
:20C90000FFFFFFFFFFFFFFFFFFFFFFFFFFFFFFFFFFFFFFFFFFFFFFFFFFFFFFFFFFFFFFFF37
:20C92000FFFFFFFFFFFFFFFFFFFFFFFFFFFFFFFFFFFFFFFFFFFFFFFFFFFFFFFFFFFFFFFF17
:20C94000FFFFFFFFFFFFFFFFFFFFFFFFFFFFFFFFFFFFFFFFFFFFFFFFFFFFFFFFFFFFFFFFF7
:20C96000FFFFFFFFFFFFFFFFFFFFFFFFFFFFFFFFFFFFFFFFFFFFFFFFFFFFFFFFFFFFFFFFD7
:20C98000FFFFFFFFFFFFFFFFFFFFFFFFFFFFFFFFFFFFFFFFFFFFFFFFFFFFFFFFFFFFFFFFB7
:20C9A000FFFFFFFFFFFFFFFFFFFFFFFFFFFFFFFFFFFFFFFFFFFFFFFFFFFFFFFFFFFFFFFF97
:20C9C000FFFFFFFFFFFFFFFFFFFFFFFFFFFFFFFFFFFFFFFFFFFFFFFFFFFFFFFFFFFFFFFF77
:20C9E000FFFFFFFFFFFFFFFFFFFFFFFFFFFFFFFFFFFFFFFFFFFFFFFFFFFFFFFFFFFFFFFF57
:20CA0000FFFFFFFFFFFFFFFFFFFFFFFFFFFFFFFFFFFFFFFFFFFFFFFFFFFFFFFFFFFFFFFF36
:20CA2000FFFFFFFFFFFFFFFFFFFFFFFFFFFFFFFFFFFFFFFFFFFFFFFFFFFFFFFFFFFFFFFF16
:20CA4000FFFFFFFFFFFFFFFFFFFFFFFFFFFFFFFFFFFFFFFFFFFFFFFFFFFFFFFFFFFFFFFFF6
:20CA6000FFFFFFFFFFFFFFFFFFFFFFFFFFFFFFFFFFFFFFFFFFFFFFFFFFFFFFFFFFFFFFFFD6
:20CA8000FFFFFFFFFFFFFFFFFFFFFFFFFFFFFFFFFFFFFFFFFFFFFFFFFFFFFFFFFFFFFFFFB6
:20CAA000FFFFFFFFFFFFFFFFFFFFFFFFFFFFFFFFFFFFFFFFFFFFFFFFFFFFFFFFFFFFFFFF96
:20CAC000FFFFFFFFFFFFFFFFFFFFFFFFFFFFFFFFFFFFFFFFFFFFFFFFFFFFFFFFFFFFFFFF76
:20CAE000FFFFFFFFFFFFFFFFFFFFFFFFFFFFFFFFFFFFFFFFFFFFFFFFFFFFFFFFFFFFFFFF56
:20CB0000FFFFFFFFFFFFFFFFFFFFFFFFFFFFFFFFFFFFFFFFFFFFFFFFFFFFFFFFFFFFFFFF35
:20CB2000FFFFFFFFFFFFFFFFFFFFFFFFFFFFFFFFFFFFFFFFFFFFFFFFFFFFFFFFFFFFFFFF15
:20CB4000FFFFFFFFFFFFFFFFFFFFFFFFFFFFFFFFFFFFFFFFFFFFFFFFFFFFFFFFFFFFFFFFF5
:20CB6000FFFFFFFFFFFFFFFFFFFFFFFFFFFFFFFFFFFFFFFFFFFFFFFFFFFFFFFFFFFFFFFFD5
:20CB8000FFFFFFFFFFFFFFFFFFFFFFFFFFFFFFFFFFFFFFFFFFFFFFFFFFFFFFFFFFFFFFFFB5
:20CBA000FFFFFFFFFFFFFFFFFFFFFFFFFFFFFFFFFFFFFFFFFFFFFFFFFFFFFFFFFFFFFFFF95
:20CBC000FFFFFFFFFFFFFFFFFFFFFFFFFFFFFFFFFFFFFFFFFFFFFFFFFFFFFFFFFFFFFFFF75
:20CBE000FFFFFFFFFFFFFFFFFFFFFFFFFFFFFFFFFFFFFFFFFFFFFFFFFFFFFFFFFFFFFFFF55
:20CC0000FFFFFFFFFFFFFFFFFFFFFFFFFFFFFFFFFFFFFFFFFFFFFFFFFFFFFFFFFFFFFFFF34
:20CC2000FFFFFFFFFFFFFFFFFFFFFFFFFFFFFFFFFFFFFFFFFFFFFFFFFFFFFFFFFFFFFFFF14
:20CC4000FFFFFFFFFFFFFFFFFFFFFFFFFFFFFFFFFFFFFFFFFFFFFFFFFFFFFFFFFFFFFFFFF4
:20CC6000FFFFFFFFFFFFFFFFFFFFFFFFFFFFFFFFFFFFFFFFFFFFFFFFFFFFFFFFFFFFFFFFD4
:20CC8000FFFFFFFFFFFFFFFFFFFFFFFFFFFFFFFFFFFFFFFFFFFFFFFFFFFFFFFFFFFFFFFFB4
:20CCA000FFFFFFFFFFFFFFFFFFFFFFFFFFFFFFFFFFFFFFFFFFFFFFFFFFFFFFFFFFFFFFFF94
:20CCC000FFFFFFFFFFFFFFFFFFFFFFFFFFFFFFFFFFFFFFFFFFFFFFFFFFFFFFFFFFFFFFFF74
:20CCE000FFFFFFFFFFFFFFFFFFFFFFFFFFFFFFFFFFFFFFFFFFFFFFFFFFFFFFFFFFFFFFFF54
:20CD0000FFFFFFFFFFFFFFFFFFFFFFFFFFFFFFFFFFFFFFFFFFFFFFFFFFFFFFFFFFFFFFFF33
:20CD2000FFFFFFFFFFFFFFFFFFFFFFFFFFFFFFFFFFFFFFFFFFFFFFFFFFFFFFFFFFFFFFFF13
:20CD4000FFFFFFFFFFFFFFFFFFFFFFFFFFFFFFFFFFFFFFFFFFFFFFFFFFFFFFFFFFFFFFFFF3
:20CD6000FFFFFFFFFFFFFFFFFFFFFFFFFFFFFFFFFFFFFFFFFFFFFFFFFFFFFFFFFFFFFFFFD3
:20CD8000FFFFFFFFFFFFFFFFFFFFFFFFFFFFFFFFFFFFFFFFFFFFFFFFFFFFFFFFFFFFFFFFB3
:20CDA000FFFFFFFFFFFFFFFFFFFFFFFFFFFFFFFFFFFFFFFFFFFFFFFFFFFFFFFFFFFFFFFF93
:20CDC000FFFFFFFFFFFFFFFFFFFFFFFFFFFFFFFFFFFFFFFFFFFFFFFFFFFFFFFFFFFFFFFF73
:20CDE000FFFFFFFFFFFFFFFFFFFFFFFFFFFFFFFFFFFFFFFFFFFFFFFFFFFFFFFFFFFFFFFF53
:20CE0000FFFFFFFFFFFFFFFFFFFFFFFFFFFFFFFFFFFFFFFFFFFFFFFFFFFFFFFFFFFFFFFF32
:20CE2000FFFFFFFFFFFFFFFFFFFFFFFFFFFFFFFFFFFFFFFFFFFFFFFFFFFFFFFFFFFFFFFF12
:20CE4000FFFFFFFFFFFFFFFFFFFFFFFFFFFFFFFFFFFFFFFFFFFFFFFFFFFFFFFFFFFFFFFFF2
:20CE6000FFFFFFFFFFFFFFFFFFFFFFFFFFFFFFFFFFFFFFFFFFFFFFFFFFFFFFFFFFFFFFFFD2
:20CE8000FFFFFFFFFFFFFFFFFFFFFFFFFFFFFFFFFFFFFFFFFFFFFFFFFFFFFFFFFFFFFFFFB2
:20CEA000FFFFFFFFFFFFFFFFFFFFFFFFFFFFFFFFFFFFFFFFFFFFFFFFFFFFFFFFFFFFFFFF92
:20CEC000FFFFFFFFFFFFFFFFFFFFFFFFFFFFFFFFFFFFFFFFFFFFFFFFFFFFFFFFFFFFFFFF72
:20CEE000FFFFFFFFFFFFFFFFFFFFFFFFFFFFFFFFFFFFFFFFFFFFFFFFFFFFFFFFFFFFFFFF52
:20CF0000FFFFFFFFFFFFFFFFFFFFFFFFFFFFFFFFFFFFFFFFFFFFFFFFFFFFFFFFFFFFFFFF31
:20CF2000FFFFFFFFFFFFFFFFFFFFFFFFFFFFFFFFFFFFFFFFFFFFFFFFFFFFFFFFFFFFFFFF11
:20CF4000FFFFFFFFFFFFFFFFFFFFFFFFFFFFFFFFFFFFFFFFFFFFFFFFFFFFFFFFFFFFFFFFF1
:20CF6000FFFFFFFFFFFFFFFFFFFFFFFFFFFFFFFFFFFFFFFFFFFFFFFFFFFFFFFFFFFFFFFFD1
:20CF8000FFFFFFFFFFFFFFFFFFFFFFFFFFFFFFFFFFFFFFFFFFFFFFFFFFFFFFFFFFFFFFFFB1
:20CFA000FFFFFFFFFFFFFFFFFFFFFFFFFFFFFFFFFFFFFFFFFFFFFFFFFFFFFFFFFFFFFFFF91
:20CFC000FFFFFFFFFFFFFFFFFFFFFFFFFFFFFFFFFFFFFFFFFFFFFFFFFFFFFFFFFFFFFFFF71
:20CFE000FFFFFFFFFFFFFFFFFFFFFFFFFFFFFFFFFFFFFFFFFFFFFFFFFFFFFFFFFFFFFFFF51
:20D00000FFFFFFFFFFFFFFFFFFFFFFFFFFFFFFFFFFFFFFFFFFFFFFFFFFFFFFFFFFFFFFFF30
:20D02000FFFFFFFFFFFFFFFFFFFFFFFFFFFFFFFFFFFFFFFFFFFFFFFFFFFFFFFFFFFFFFFF10
:20D04000FFFFFFFFFFFFFFFFFFFFFFFFFFFFFFFFFFFFFFFFFFFFFFFFFFFFFFFFFFFFFFFFF0
:20D06000FFFFFFFFFFFFFFFFFFFFFFFFFFFFFFFFFFFFFFFFFFFFFFFFFFFFFFFFFFFFFFFFD0
:20D08000FFFFFFFFFFFFFFFFFFFFFFFFFFFFFFFFFFFFFFFFFFFFFFFFFFFFFFFFFFFFFFFFB0
:20D0A000FFFFFFFFFFFFFFFFFFFFFFFFFFFFFFFFFFFFFFFFFFFFFFFFFFFFFFFFFFFFFFFF90
:20D0C000FFFFFFFFFFFFFFFFFFFFFFFFFFFFFFFFFFFFFFFFFFFFFFFFFFFFFFFFFFFFFFFF70
:20D0E000FFFFFFFFFFFFFFFFFFFFFFFFFFFFFFFFFFFFFFFFFFFFFFFFFFFFFFFFFFFFFFFF50
:20D10000FFFFFFFFFFFFFFFFFFFFFFFFFFFFFFFFFFFFFFFFFFFFFFFFFFFFFFFFFFFFFFFF2F
:20D12000FFFFFFFFFFFFFFFFFFFFFFFFFFFFFFFFFFFFFFFFFFFFFFFFFFFFFFFFFFFFFFFF0F
:20D14000FFFFFFFFFFFFFFFFFFFFFFFFFFFFFFFFFFFFFFFFFFFFFFFFFFFFFFFFFFFFFFFFEF
:20D16000FFFFFFFFFFFFFFFFFFFFFFFFFFFFFFFFFFFFFFFFFFFFFFFFFFFFFFFFFFFFFFFFCF
:20D18000FFFFFFFFFFFFFFFFFFFFFFFFFFFFFFFFFFFFFFFFFFFFFFFFFFFFFFFFFFFFFFFFAF
:20D1A000FFFFFFFFFFFFFFFFFFFFFFFFFFFFFFFFFFFFFFFFFFFFFFFFFFFFFFFFFFFFFFFF8F
:20D1C000FFFFFFFFFFFFFFFFFFFFFFFFFFFFFFFFFFFFFFFFFFFFFFFFFFFFFFFFFFFFFFFF6F
:20D1E000FFFFFFFFFFFFFFFFFFFFFFFFFFFFFFFFFFFFFFFFFFFFFFFFFFFFFFFFFFFFFFFF4F
:20D20000FFFFFFFFFFFFFFFFFFFFFFFFFFFFFFFFFFFFFFFFFFFFFFFFFFFFFFFFFFFFFFFF2E
:20D22000FFFFFFFFFFFFFFFFFFFFFFFFFFFFFFFFFFFFFFFFFFFFFFFFFFFFFFFFFFFFFFFF0E
:20D24000FFFFFFFFFFFFFFFFFFFFFFFFFFFFFFFFFFFFFFFFFFFFFFFFFFFFFFFFFFFFFFFFEE
:20D26000FFFFFFFFFFFFFFFFFFFFFFFFFFFFFFFFFFFFFFFFFFFFFFFFFFFFFFFFFFFFFFFFCE
:20D28000FFFFFFFFFFFFFFFFFFFFFFFFFFFFFFFFFFFFFFFFFFFFFFFFFFFFFFFFFFFFFFFFAE
:20D2A000FFFFFFFFFFFFFFFFFFFFFFFFFFFFFFFFFFFFFFFFFFFFFFFFFFFFFFFFFFFFFFFF8E
:20D2C000FFFFFFFFFFFFFFFFFFFFFFFFFFFFFFFFFFFFFFFFFFFFFFFFFFFFFFFFFFFFFFFF6E
:20D2E000FFFFFFFFFFFFFFFFFFFFFFFFFFFFFFFFFFFFFFFFFFFFFFFFFFFFFFFFFFFFFFFF4E
:20D30000FFFFFFFFFFFFFFFFFFFFFFFFFFFFFFFFFFFFFFFFFFFFFFFFFFFFFFFFFFFFFFFF2D
:20D32000FFFFFFFFFFFFFFFFFFFFFFFFFFFFFFFFFFFFFFFFFFFFFFFFFFFFFFFFFFFFFFFF0D
:20D34000FFFFFFFFFFFFFFFFFFFFFFFFFFFFFFFFFFFFFFFFFFFFFFFFFFFFFFFFFFFFFFFFED
:20D36000FFFFFFFFFFFFFFFFFFFFFFFFFFFFFFFFFFFFFFFFFFFFFFFFFFFFFFFFFFFFFFFFCD
:20D38000FFFFFFFFFFFFFFFFFFFFFFFFFFFFFFFFFFFFFFFFFFFFFFFFFFFFFFFFFFFFFFFFAD
:20D3A000FFFFFFFFFFFFFFFFFFFFFFFFFFFFFFFFFFFFFFFFFFFFFFFFFFFFFFFFFFFFFFFF8D
:20D3C000FFFFFFFFFFFFFFFFFFFFFFFFFFFFFFFFFFFFFFFFFFFFFFFFFFFFFFFFFFFFFFFF6D
:20D3E000FFFFFFFFFFFFFFFFFFFFFFFFFFFFFFFFFFFFFFFFFFFFFFFFFFFFFFFFFFFFFFFF4D
:20D40000FFFFFFFFFFFFFFFFFFFFFFFFFFFFFFFFFFFFFFFFFFFFFFFFFFFFFFFFFFFFFFFF2C
:20D42000FFFFFFFFFFFFFFFFFFFFFFFFFFFFFFFFFFFFFFFFFFFFFFFFFFFFFFFFFFFFFFFF0C
:20D44000FFFFFFFFFFFFFFFFFFFFFFFFFFFFFFFFFFFFFFFFFFFFFFFFFFFFFFFFFFFFFFFFEC
:20D46000FFFFFFFFFFFFFFFFFFFFFFFFFFFFFFFFFFFFFFFFFFFFFFFFFFFFFFFFFFFFFFFFCC
:20D48000FFFFFFFFFFFFFFFFFFFFFFFFFFFFFFFFFFFFFFFFFFFFFFFFFFFFFFFFFFFFFFFFAC
:20D4A000FFFFFFFFFFFFFFFFFFFFFFFFFFFFFFFFFFFFFFFFFFFFFFFFFFFFFFFFFFFFFFFF8C
:20D4C000FFFFFFFFFFFFFFFFFFFFFFFFFFFFFFFFFFFFFFFFFFFFFFFFFFFFFFFFFFFFFFFF6C
:20D4E000FFFFFFFFFFFFFFFFFFFFFFFFFFFFFFFFFFFFFFFFFFFFFFFFFFFFFFFFFFFFFFFF4C
:20D50000FFFFFFFFFFFFFFFFFFFFFFFFFFFFFFFFFFFFFFFFFFFFFFFFFFFFFFFFFFFFFFFF2B
:20D52000FFFFFFFFFFFFFFFFFFFFFFFFFFFFFFFFFFFFFFFFFFFFFFFFFFFFFFFFFFFFFFFF0B
:20D54000FFFFFFFFFFFFFFFFFFFFFFFFFFFFFFFFFFFFFFFFFFFFFFFFFFFFFFFFFFFFFFFFEB
:20D56000FFFFFFFFFFFFFFFFFFFFFFFFFFFFFFFFFFFFFFFFFFFFFFFFFFFFFFFFFFFFFFFFCB
:20D58000FFFFFFFFFFFFFFFFFFFFFFFFFFFFFFFFFFFFFFFFFFFFFFFFFFFFFFFFFFFFFFFFAB
:20D5A000FFFFFFFFFFFFFFFFFFFFFFFFFFFFFFFFFFFFFFFFFFFFFFFFFFFFFFFFFFFFFFFF8B
:20D5C000FFFFFFFFFFFFFFFFFFFFFFFFFFFFFFFFFFFFFFFFFFFFFFFFFFFFFFFFFFFFFFFF6B
:20D5E000FFFFFFFFFFFFFFFFFFFFFFFFFFFFFFFFFFFFFFFFFFFFFFFFFFFFFFFFFFFFFFFF4B
:20D60000FFFFFFFFFFFFFFFFFFFFFFFFFFFFFFFFFFFFFFFFFFFFFFFFFFFFFFFFFFFFFFFF2A
:20D62000FFFFFFFFFFFFFFFFFFFFFFFFFFFFFFFFFFFFFFFFFFFFFFFFFFFFFFFFFFFFFFFF0A
:20D64000FFFFFFFFFFFFFFFFFFFFFFFFFFFFFFFFFFFFFFFFFFFFFFFFFFFFFFFFFFFFFFFFEA
:20D66000FFFFFFFFFFFFFFFFFFFFFFFFFFFFFFFFFFFFFFFFFFFFFFFFFFFFFFFFFFFFFFFFCA
:20D68000FFFFFFFFFFFFFFFFFFFFFFFFFFFFFFFFFFFFFFFFFFFFFFFFFFFFFFFFFFFFFFFFAA
:20D6A000FFFFFFFFFFFFFFFFFFFFFFFFFFFFFFFFFFFFFFFFFFFFFFFFFFFFFFFFFFFFFFFF8A
:20D6C000FFFFFFFFFFFFFFFFFFFFFFFFFFFFFFFFFFFFFFFFFFFFFFFFFFFFFFFFFFFFFFFF6A
:20D6E000FFFFFFFFFFFFFFFFFFFFFFFFFFFFFFFFFFFFFFFFFFFFFFFFFFFFFFFFFFFFFFFF4A
:20D70000FFFFFFFFFFFFFFFFFFFFFFFFFFFFFFFFFFFFFFFFFFFFFFFFFFFFFFFFFFFFFFFF29
:20D72000FFFFFFFFFFFFFFFFFFFFFFFFFFFFFFFFFFFFFFFFFFFFFFFFFFFFFFFFFFFFFFFF09
:20D74000FFFFFFFFFFFFFFFFFFFFFFFFFFFFFFFFFFFFFFFFFFFFFFFFFFFFFFFFFFFFFFFFE9
:20D76000FFFFFFFFFFFFFFFFFFFFFFFFFFFFFFFFFFFFFFFFFFFFFFFFFFFFFFFFFFFFFFFFC9
:20D78000FFFFFFFFFFFFFFFFFFFFFFFFFFFFFFFFFFFFFFFFFFFFFFFFFFFFFFFFFFFFFFFFA9
:20D7A000FFFFFFFFFFFFFFFFFFFFFFFFFFFFFFFFFFFFFFFFFFFFFFFFFFFFFFFFFFFFFFFF89
:20D7C000FFFFFFFFFFFFFFFFFFFFFFFFFFFFFFFFFFFFFFFFFFFFFFFFFFFFFFFFFFFFFFFF69
:20D7E000FFFFFFFFFFFFFFFFFFFFFFFFFFFFFFFFFFFFFFFFFFFFFFFFFFFFFFFFFFFFFFFF49
:20D80000FFFFFFFFFFFFFFFFFFFFFFFFFFFFFFFFFFFFFFFFFFFFFFFFFFFFFFFFFFFFFFFF28
:20D82000FFFFFFFFFFFFFFFFFFFFFFFFFFFFFFFFFFFFFFFFFFFFFFFFFFFFFFFFFFFFFFFF08
:20D84000FFFFFFFFFFFFFFFFFFFFFFFFFFFFFFFFFFFFFFFFFFFFFFFFFFFFFFFFFFFFFFFFE8
:20D86000FFFFFFFFFFFFFFFFFFFFFFFFFFFFFFFFFFFFFFFFFFFFFFFFFFFFFFFFFFFFFFFFC8
:20D88000FFFFFFFFFFFFFFFFFFFFFFFFFFFFFFFFFFFFFFFFFFFFFFFFFFFFFFFFFFFFFFFFA8
:20D8A000FFFFFFFFFFFFFFFFFFFFFFFFFFFFFFFFFFFFFFFFFFFFFFFFFFFFFFFFFFFFFFFF88
:20D8C000FFFFFFFFFFFFFFFFFFFFFFFFFFFFFFFFFFFFFFFFFFFFFFFFFFFFFFFFFFFFFFFF68
:20D8E000FFFFFFFFFFFFFFFFFFFFFFFFFFFFFFFFFFFFFFFFFFFFFFFFFFFFFFFFFFFFFFFF48
:20D90000FFFFFFFFFFFFFFFFFFFFFFFFFFFFFFFFFFFFFFFFFFFFFFFFFFFFFFFFFFFFFFFF27
:20D92000FFFFFFFFFFFFFFFFFFFFFFFFFFFFFFFFFFFFFFFFFFFFFFFFFFFFFFFFFFFFFFFF07
:20D94000FFFFFFFFFFFFFFFFFFFFFFFFFFFFFFFFFFFFFFFFFFFFFFFFFFFFFFFFFFFFFFFFE7
:20D96000FFFFFFFFFFFFFFFFFFFFFFFFFFFFFFFFFFFFFFFFFFFFFFFFFFFFFFFFFFFFFFFFC7
:20D98000FFFFFFFFFFFFFFFFFFFFFFFFFFFFFFFFFFFFFFFFFFFFFFFFFFFFFFFFFFFFFFFFA7
:20D9A000FFFFFFFFFFFFFFFFFFFFFFFFFFFFFFFFFFFFFFFFFFFFFFFFFFFFFFFFFFFFFFFF87
:20D9C000FFFFFFFFFFFFFFFFFFFFFFFFFFFFFFFFFFFFFFFFFFFFFFFFFFFFFFFFFFFFFFFF67
:20D9E000FFFFFFFFFFFFFFFFFFFFFFFFFFFFFFFFFFFFFFFFFFFFFFFFFFFFFFFFFFFFFFFF47
:20DA0000FFFFFFFFFFFFFFFFFFFFFFFFFFFFFFFFFFFFFFFFFFFFFFFFFFFFFFFFFFFFFFFF26
:20DA2000FFFFFFFFFFFFFFFFFFFFFFFFFFFFFFFFFFFFFFFFFFFFFFFFFFFFFFFFFFFFFFFF06
:20DA4000FFFFFFFFFFFFFFFFFFFFFFFFFFFFFFFFFFFFFFFFFFFFFFFFFFFFFFFFFFFFFFFFE6
:20DA6000FFFFFFFFFFFFFFFFFFFFFFFFFFFFFFFFFFFFFFFFFFFFFFFFFFFFFFFFFFFFFFFFC6
:20DA8000FFFFFFFFFFFFFFFFFFFFFFFFFFFFFFFFFFFFFFFFFFFFFFFFFFFFFFFFFFFFFFFFA6
:20DAA000FFFFFFFFFFFFFFFFFFFFFFFFFFFFFFFFFFFFFFFFFFFFFFFFFFFFFFFFFFFFFFFF86
:20DAC000FFFFFFFFFFFFFFFFFFFFFFFFFFFFFFFFFFFFFFFFFFFFFFFFFFFFFFFFFFFFFFFF66
:20DAE000FFFFFFFFFFFFFFFFFFFFFFFFFFFFFFFFFFFFFFFFFFFFFFFFFFFFFFFFFFFFFFFF46
:20DB0000FFFFFFFFFFFFFFFFFFFFFFFFFFFFFFFFFFFFFFFFFFFFFFFFFFFFFFFFFFFFFFFF25
:20DB2000FFFFFFFFFFFFFFFFFFFFFFFFFFFFFFFFFFFFFFFFFFFFFFFFFFFFFFFFFFFFFFFF05
:20DB4000FFFFFFFFFFFFFFFFFFFFFFFFFFFFFFFFFFFFFFFFFFFFFFFFFFFFFFFFFFFFFFFFE5
:20DB6000FFFFFFFFFFFFFFFFFFFFFFFFFFFFFFFFFFFFFFFFFFFFFFFFFFFFFFFFFFFFFFFFC5
:20DB8000FFFFFFFFFFFFFFFFFFFFFFFFFFFFFFFFFFFFFFFFFFFFFFFFFFFFFFFFFFFFFFFFA5
:20DBA000FFFFFFFFFFFFFFFFFFFFFFFFFFFFFFFFFFFFFFFFFFFFFFFFFFFFFFFFFFFFFFFF85
:20DBC000FFFFFFFFFFFFFFFFFFFFFFFFFFFFFFFFFFFFFFFFFFFFFFFFFFFFFFFFFFFFFFFF65
:20DBE000FFFFFFFFFFFFFFFFFFFFFFFFFFFFFFFFFFFFFFFFFFFFFFFFFFFFFFFFFFFFFFFF45
:20DC0000FFFFFFFFFFFFFFFFFFFFFFFFFFFFFFFFFFFFFFFFFFFFFFFFFFFFFFFFFFFFFFFF24
:20DC2000FFFFFFFFFFFFFFFFFFFFFFFFFFFFFFFFFFFFFFFFFFFFFFFFFFFFFFFFFFFFFFFF04
:20DC4000FFFFFFFFFFFFFFFFFFFFFFFFFFFFFFFFFFFFFFFFFFFFFFFFFFFFFFFFFFFFFFFFE4
:20DC6000FFFFFFFFFFFFFFFFFFFFFFFFFFFFFFFFFFFFFFFFFFFFFFFFFFFFFFFFFFFFFFFFC4
:20DC8000FFFFFFFFFFFFFFFFFFFFFFFFFFFFFFFFFFFFFFFFFFFFFFFFFFFFFFFFFFFFFFFFA4
:20DCA000FFFFFFFFFFFFFFFFFFFFFFFFFFFFFFFFFFFFFFFFFFFFFFFFFFFFFFFFFFFFFFFF84
:20DCC000FFFFFFFFFFFFFFFFFFFFFFFFFFFFFFFFFFFFFFFFFFFFFFFFFFFFFFFFFFFFFFFF64
:20DCE000FFFFFFFFFFFFFFFFFFFFFFFFFFFFFFFFFFFFFFFFFFFFFFFFFFFFFFFFFFFFFFFF44
:20DD0000FFFFFFFFFFFFFFFFFFFFFFFFFFFFFFFFFFFFFFFFFFFFFFFFFFFFFFFFFFFFFFFF23
:20DD2000FFFFFFFFFFFFFFFFFFFFFFFFFFFFFFFFFFFFFFFFFFFFFFFFFFFFFFFFFFFFFFFF03
:20DD4000FFFFFFFFFFFFFFFFFFFFFFFFFFFFFFFFFFFFFFFFFFFFFFFFFFFFFFFFFFFFFFFFE3
:20DD6000FFFFFFFFFFFFFFFFFFFFFFFFFFFFFFFFFFFFFFFFFFFFFFFFFFFFFFFFFFFFFFFFC3
:20DD8000FFFFFFFFFFFFFFFFFFFFFFFFFFFFFFFFFFFFFFFFFFFFFFFFFFFFFFFFFFFFFFFFA3
:20DDA000FFFFFFFFFFFFFFFFFFFFFFFFFFFFFFFFFFFFFFFFFFFFFFFFFFFFFFFFFFFFFFFF83
:20DDC000FFFFFFFFFFFFFFFFFFFFFFFFFFFFFFFFFFFFFFFFFFFFFFFFFFFFFFFFFFFFFFFF63
:20DDE000FFFFFFFFFFFFFFFFFFFFFFFFFFFFFFFFFFFFFFFFFFFFFFFFFFFFFFFFFFFFFFFF43
:20DE0000FFFFFFFFFFFFFFFFFFFFFFFFFFFFFFFFFFFFFFFFFFFFFFFFFFFFFFFFFFFFFFFF22
:20DE2000FFFFFFFFFFFFFFFFFFFFFFFFFFFFFFFFFFFFFFFFFFFFFFFFFFFFFFFFFFFFFFFF02
:20DE4000FFFFFFFFFFFFFFFFFFFFFFFFFFFFFFFFFFFFFFFFFFFFFFFFFFFFFFFFFFFFFFFFE2
:20DE6000FFFFFFFFFFFFFFFFFFFFFFFFFFFFFFFFFFFFFFFFFFFFFFFFFFFFFFFFFFFFFFFFC2
:20DE8000FFFFFFFFFFFFFFFFFFFFFFFFFFFFFFFFFFFFFFFFFFFFFFFFFFFFFFFFFFFFFFFFA2
:20DEA000FFFFFFFFFFFFFFFFFFFFFFFFFFFFFFFFFFFFFFFFFFFFFFFFFFFFFFFFFFFFFFFF82
:20DEC000FFFFFFFFFFFFFFFFFFFFFFFFFFFFFFFFFFFFFFFFFFFFFFFFFFFFFFFFFFFFFFFF62
:20DEE000FFFFFFFFFFFFFFFFFFFFFFFFFFFFFFFFFFFFFFFFFFFFFFFFFFFFFFFFFFFFFFFF42
:20DF0000FFFFFFFFFFFFFFFFFFFFFFFFFFFFFFFFFFFFFFFFFFFFFFFFFFFFFFFFFFFFFFFF21
:20DF2000FFFFFFFFFFFFFFFFFFFFFFFFFFFFFFFFFFFFFFFFFFFFFFFFFFFFFFFFFFFFFFFF01
:20DF4000FFFFFFFFFFFFFFFFFFFFFFFFFFFFFFFFFFFFFFFFFFFFFFFFFFFFFFFFFFFFFFFFE1
:20DF6000FFFFFFFFFFFFFFFFFFFFFFFFFFFFFFFFFFFFFFFFFFFFFFFFFFFFFFFFFFFFFFFFC1
:20DF8000FFFFFFFFFFFFFFFFFFFFFFFFFFFFFFFFFFFFFFFFFFFFFFFFFFFFFFFFFFFFFFFFA1
:20DFA000FFFFFFFFFFFFFFFFFFFFFFFFFFFFFFFFFFFFFFFFFFFFFFFFFFFFFFFFFFFFFFFF81
:20DFC000FFFFFFFFFFFFFFFFFFFFFFFFFFFFFFFFFFFFFFFFFFFFFFFFFFFFFFFFFFFFFFFF61
:20DFE000FFFFFFFFFFFFFFFFFFFFFFFFFFFFFFFFFFFFFFFFFFFFFFFFFFFFFFFFFFFFFFFF41
:20E00000FFFFFFFFFFFFFFFFFFFFFFFFFFFFFFFFFFFFFFFFFFFFFFFFFFFFFFFFFFFFFFFF20
:20E02000FFFFFFFFFFFFFFFFFFFFFFFFFFFFFFFFFFFFFFFFFFFFFFFFFFFFFFFFFFFFFFFF00
:20E04000FFFFFFFFFFFFFFFFFFFFFFFFFFFFFFFFFFFFFFFFFFFFFFFFFFFFFFFFFFFFFFFFE0
:20E06000FFFFFFFFFFFFFFFFFFFFFFFFFFFFFFFFFFFFFFFFFFFFFFFFFFFFFFFFFFFFFFFFC0
:20E08000FFFFFFFFFFFFFFFFFFFFFFFFFFFFFFFFFFFFFFFFFFFFFFFFFFFFFFFFFFFFFFFFA0
:20E0A000FFFFFFFFFFFFFFFFFFFFFFFFFFFFFFFFFFFFFFFFFFFFFFFFFFFFFFFFFFFFFFFF80
:20E0C000FFFFFFFFFFFFFFFFFFFFFFFFFFFFFFFFFFFFFFFFFFFFFFFFFFFFFFFFFFFFFFFF60
:20E0E000FFFFFFFFFFFFFFFFFFFFFFFFFFFFFFFFFFFFFFFFFFFFFFFFFFFFFFFFFFFFFFFF40
:20E10000FFFFFFFFFFFFFFFFFFFFFFFFFFFFFFFFFFFFFFFFFFFFFFFFFFFFFFFFFFFFFFFF1F
:20E12000FFFFFFFFFFFFFFFFFFFFFFFFFFFFFFFFFFFFFFFFFFFFFFFFFFFFFFFFFFFFFFFFFF
:20E14000FFFFFFFFFFFFFFFFFFFFFFFFFFFFFFFFFFFFFFFFFFFFFFFFFFFFFFFFFFFFFFFFDF
:20E16000FFFFFFFFFFFFFFFFFFFFFFFFFFFFFFFFFFFFFFFFFFFFFFFFFFFFFFFFFFFFFFFFBF
:20E18000FFFFFFFFFFFFFFFFFFFFFFFFFFFFFFFFFFFFFFFFFFFFFFFFFFFFFFFFFFFFFFFF9F
:20E1A000FFFFFFFFFFFFFFFFFFFFFFFFFFFFFFFFFFFFFFFFFFFFFFFFFFFFFFFFFFFFFFFF7F
:20E1C000FFFFFFFFFFFFFFFFFFFFFFFFFFFFFFFFFFFFFFFFFFFFFFFFFFFFFFFFFFFFFFFF5F
:20E1E000FFFFFFFFFFFFFFFFFFFFFFFFFFFFFFFFFFFFFFFFFFFFFFFFFFFFFFFFFFFFFFFF3F
:20E20000FFFFFFFFFFFFFFFFFFFFFFFFFFFFFFFFFFFFFFFFFFFFFFFFFFFFFFFFFFFFFFFF1E
:20E22000FFFFFFFFFFFFFFFFFFFFFFFFFFFFFFFFFFFFFFFFFFFFFFFFFFFFFFFFFFFFFFFFFE
:20E24000FFFFFFFFFFFFFFFFFFFFFFFFFFFFFFFFFFFFFFFFFFFFFFFFFFFFFFFFFFFFFFFFDE
:20E26000FFFFFFFFFFFFFFFFFFFFFFFFFFFFFFFFFFFFFFFFFFFFFFFFFFFFFFFFFFFFFFFFBE
:20E28000FFFFFFFFFFFFFFFFFFFFFFFFFFFFFFFFFFFFFFFFFFFFFFFFFFFFFFFFFFFFFFFF9E
:20E2A000FFFFFFFFFFFFFFFFFFFFFFFFFFFFFFFFFFFFFFFFFFFFFFFFFFFFFFFFFFFFFFFF7E
:20E2C000FFFFFFFFFFFFFFFFFFFFFFFFFFFFFFFFFFFFFFFFFFFFFFFFFFFFFFFFFFFFFFFF5E
:20E2E000FFFFFFFFFFFFFFFFFFFFFFFFFFFFFFFFFFFFFFFFFFFFFFFFFFFFFFFFFFFFFFFF3E
:20E30000FFFFFFFFFFFFFFFFFFFFFFFFFFFFFFFFFFFFFFFFFFFFFFFFFFFFFFFFFFFFFFFF1D
:20E32000FFFFFFFFFFFFFFFFFFFFFFFFFFFFFFFFFFFFFFFFFFFFFFFFFFFFFFFFFFFFFFFFFD
:20E34000FFFFFFFFFFFFFFFFFFFFFFFFFFFFFFFFFFFFFFFFFFFFFFFFFFFFFFFFFFFFFFFFDD
:20E36000FFFFFFFFFFFFFFFFFFFFFFFFFFFFFFFFFFFFFFFFFFFFFFFFFFFFFFFFFFFFFFFFBD
:20E38000FFFFFFFFFFFFFFFFFFFFFFFFFFFFFFFFFFFFFFFFFFFFFFFFFFFFFFFFFFFFFFFF9D
:20E3A000FFFFFFFFFFFFFFFFFFFFFFFFFFFFFFFFFFFFFFFFFFFFFFFFFFFFFFFFFFFFFFFF7D
:20E3C000FFFFFFFFFFFFFFFFFFFFFFFFFFFFFFFFFFFFFFFFFFFFFFFFFFFFFFFFFFFFFFFF5D
:20E3E000FFFFFFFFFFFFFFFFFFFFFFFFFFFFFFFFFFFFFFFFFFFFFFFFFFFFFFFFFFFFFFFF3D
:20E40000FFFFFFFFFFFFFFFFFFFFFFFFFFFFFFFFFFFFFFFFFFFFFFFFFFFFFFFFFFFFFFFF1C
:20E42000FFFFFFFFFFFFFFFFFFFFFFFFFFFFFFFFFFFFFFFFFFFFFFFFFFFFFFFFFFFFFFFFFC
:20E44000FFFFFFFFFFFFFFFFFFFFFFFFFFFFFFFFFFFFFFFFFFFFFFFFFFFFFFFFFFFFFFFFDC
:20E46000FFFFFFFFFFFFFFFFFFFFFFFFFFFFFFFFFFFFFFFFFFFFFFFFFFFFFFFFFFFFFFFFBC
:20E48000FFFFFFFFFFFFFFFFFFFFFFFFFFFFFFFFFFFFFFFFFFFFFFFFFFFFFFFFFFFFFFFF9C
:20E4A000FFFFFFFFFFFFFFFFFFFFFFFFFFFFFFFFFFFFFFFFFFFFFFFFFFFFFFFFFFFFFFFF7C
:20E4C000FFFFFFFFFFFFFFFFFFFFFFFFFFFFFFFFFFFFFFFFFFFFFFFFFFFFFFFFFFFFFFFF5C
:20E4E000FFFFFFFFFFFFFFFFFFFFFFFFFFFFFFFFFFFFFFFFFFFFFFFFFFFFFFFFFFFFFFFF3C
:20E50000FFFFFFFFFFFFFFFFFFFFFFFFFFFFFFFFFFFFFFFFFFFFFFFFFFFFFFFFFFFFFFFF1B
:20E52000FFFFFFFFFFFFFFFFFFFFFFFFFFFFFFFFFFFFFFFFFFFFFFFFFFFFFFFFFFFFFFFFFB
:20E54000FFFFFFFFFFFFFFFFFFFFFFFFFFFFFFFFFFFFFFFFFFFFFFFFFFFFFFFFFFFFFFFFDB
:20E56000FFFFFFFFFFFFFFFFFFFFFFFFFFFFFFFFFFFFFFFFFFFFFFFFFFFFFFFFFFFFFFFFBB
:20E58000FFFFFFFFFFFFFFFFFFFFFFFFFFFFFFFFFFFFFFFFFFFFFFFFFFFFFFFFFFFFFFFF9B
:20E5A000FFFFFFFFFFFFFFFFFFFFFFFFFFFFFFFFFFFFFFFFFFFFFFFFFFFFFFFFFFFFFFFF7B
:20E5C000FFFFFFFFFFFFFFFFFFFFFFFFFFFFFFFFFFFFFFFFFFFFFFFFFFFFFFFFFFFFFFFF5B
:20E5E000FFFFFFFFFFFFFFFFFFFFFFFFFFFFFFFFFFFFFFFFFFFFFFFFFFFFFFFFFFFFFFFF3B
:20E60000FFFFFFFFFFFFFFFFFFFFFFFFFFFFFFFFFFFFFFFFFFFFFFFFFFFFFFFFFFFFFFFF1A
:20E62000FFFFFFFFFFFFFFFFFFFFFFFFFFFFFFFFFFFFFFFFFFFFFFFFFFFFFFFFFFFFFFFFFA
:20E64000FFFFFFFFFFFFFFFFFFFFFFFFFFFFFFFFFFFFFFFFFFFFFFFFFFFFFFFFFFFFFFFFDA
:20E66000FFFFFFFFFFFFFFFFFFFFFFFFFFFFFFFFFFFFFFFFFFFFFFFFFFFFFFFFFFFFFFFFBA
:20E68000FFFFFFFFFFFFFFFFFFFFFFFFFFFFFFFFFFFFFFFFFFFFFFFFFFFFFFFFFFFFFFFF9A
:20E6A000FFFFFFFFFFFFFFFFFFFFFFFFFFFFFFFFFFFFFFFFFFFFFFFFFFFFFFFFFFFFFFFF7A
:20E6C000FFFFFFFFFFFFFFFFFFFFFFFFFFFFFFFFFFFFFFFFFFFFFFFFFFFFFFFFFFFFFFFF5A
:20E6E000FFFFFFFFFFFFFFFFFFFFFFFFFFFFFFFFFFFFFFFFFFFFFFFFFFFFFFFFFFFFFFFF3A
:20E70000FFFFFFFFFFFFFFFFFFFFFFFFFFFFFFFFFFFFFFFFFFFFFFFFFFFFFFFFFFFFFFFF19
:20E72000FFFFFFFFFFFFFFFFFFFFFFFFFFFFFFFFFFFFFFFFFFFFFFFFFFFFFFFFFFFFFFFFF9
:20E74000FFFFFFFFFFFFFFFFFFFFFFFFFFFFFFFFFFFFFFFFFFFFFFFFFFFFFFFFFFFFFFFFD9
:20E76000FFFFFFFFFFFFFFFFFFFFFFFFFFFFFFFFFFFFFFFFFFFFFFFFFFFFFFFFFFFFFFFFB9
:20E78000FFFFFFFFFFFFFFFFFFFFFFFFFFFFFFFFFFFFFFFFFFFFFFFFFFFFFFFFFFFFFFFF99
:20E7A000FFFFFFFFFFFFFFFFFFFFFFFFFFFFFFFFFFFFFFFFFFFFFFFFFFFFFFFFFFFFFFFF79
:20E7C000FFFFFFFFFFFFFFFFFFFFFFFFFFFFFFFFFFFFFFFFFFFFFFFFFFFFFFFFFFFFFFFF59
:20E7E000FFFFFFFFFFFFFFFFFFFFFFFFFFFFFFFFFFFFFFFFFFFFFFFFFFFFFFFFFFFFFFFF39
:20E80000FFFFFFFFFFFFFFFFFFFFFFFFFFFFFFFFFFFFFFFFFFFFFFFFFFFFFFFFFFFFFFFF18
:20E82000FFFFFFFFFFFFFFFFFFFFFFFFFFFFFFFFFFFFFFFFFFFFFFFFFFFFFFFFFFFFFFFFF8
:20E84000FFFFFFFFFFFFFFFFFFFFFFFFFFFFFFFFFFFFFFFFFFFFFFFFFFFFFFFFFFFFFFFFD8
:20E86000FFFFFFFFFFFFFFFFFFFFFFFFFFFFFFFFFFFFFFFFFFFFFFFFFFFFFFFFFFFFFFFFB8
:20E88000FFFFFFFFFFFFFFFFFFFFFFFFFFFFFFFFFFFFFFFFFFFFFFFFFFFFFFFFFFFFFFFF98
:20E8A000FFFFFFFFFFFFFFFFFFFFFFFFFFFFFFFFFFFFFFFFFFFFFFFFFFFFFFFFFFFFFFFF78
:20E8C000FFFFFFFFFFFFFFFFFFFFFFFFFFFFFFFFFFFFFFFFFFFFFFFFFFFFFFFFFFFFFFFF58
:20E8E000FFFFFFFFFFFFFFFFFFFFFFFFFFFFFFFFFFFFFFFFFFFFFFFFFFFFFFFFFFFFFFFF38
:20E90000FFFFFFFFFFFFFFFFFFFFFFFFFFFFFFFFFFFFFFFFFFFFFFFFFFFFFFFFFFFFFFFF17
:20E92000FFFFFFFFFFFFFFFFFFFFFFFFFFFFFFFFFFFFFFFFFFFFFFFFFFFFFFFFFFFFFFFFF7
:20E94000FFFFFFFFFFFFFFFFFFFFFFFFFFFFFFFFFFFFFFFFFFFFFFFFFFFFFFFFFFFFFFFFD7
:20E96000FFFFFFFFFFFFFFFFFFFFFFFFFFFFFFFFFFFFFFFFFFFFFFFFFFFFFFFFFFFFFFFFB7
:20E98000FFFFFFFFFFFFFFFFFFFFFFFFFFFFFFFFFFFFFFFFFFFFFFFFFFFFFFFFFFFFFFFF97
:20E9A000FFFFFFFFFFFFFFFFFFFFFFFFFFFFFFFFFFFFFFFFFFFFFFFFFFFFFFFFFFFFFFFF77
:20E9C000FFFFFFFFFFFFFFFFFFFFFFFFFFFFFFFFFFFFFFFFFFFFFFFFFFFFFFFFFFFFFFFF57
:20E9E000FFFFFFFFFFFFFFFFFFFFFFFFFFFFFFFFFFFFFFFFFFFFFFFFFFFFFFFFFFFFFFFF37
:20EA0000FFFFFFFFFFFFFFFFFFFFFFFFFFFFFFFFFFFFFFFFFFFFFFFFFFFFFFFFFFFFFFFF16
:20EA2000FFFFFFFFFFFFFFFFFFFFFFFFFFFFFFFFFFFFFFFFFFFFFFFFFFFFFFFFFFFFFFFFF6
:20EA4000FFFFFFFFFFFFFFFFFFFFFFFFFFFFFFFFFFFFFFFFFFFFFFFFFFFFFFFFFFFFFFFFD6
:20EA6000FFFFFFFFFFFFFFFFFFFFFFFFFFFFFFFFFFFFFFFFFFFFFFFFFFFFFFFFFFFFFFFFB6
:20EA8000FFFFFFFFFFFFFFFFFFFFFFFFFFFFFFFFFFFFFFFFFFFFFFFFFFFFFFFFFFFFFFFF96
:20EAA000FFFFFFFFFFFFFFFFFFFFFFFFFFFFFFFFFFFFFFFFFFFFFFFFFFFFFFFFFFFFFFFF76
:20EAC000FFFFFFFFFFFFFFFFFFFFFFFFFFFFFFFFFFFFFFFFFFFFFFFFFFFFFFFFFFFFFFFF56
:20EAE000FFFFFFFFFFFFFFFFFFFFFFFFFFFFFFFFFFFFFFFFFFFFFFFFFFFFFFFFFFFFFFFF36
:20EB0000FFFFFFFFFFFFFFFFFFFFFFFFFFFFFFFFFFFFFFFFFFFFFFFFFFFFFFFFFFFFFFFF15
:20EB2000FFFFFFFFFFFFFFFFFFFFFFFFFFFFFFFFFFFFFFFFFFFFFFFFFFFFFFFFFFFFFFFFF5
:20EB4000FFFFFFFFFFFFFFFFFFFFFFFFFFFFFFFFFFFFFFFFFFFFFFFFFFFFFFFFFFFFFFFFD5
:20EB6000FFFFFFFFFFFFFFFFFFFFFFFFFFFFFFFFFFFFFFFFFFFFFFFFFFFFFFFFFFFFFFFFB5
:20EB8000FFFFFFFFFFFFFFFFFFFFFFFFFFFFFFFFFFFFFFFFFFFFFFFFFFFFFFFFFFFFFFFF95
:20EBA000FFFFFFFFFFFFFFFFFFFFFFFFFFFFFFFFFFFFFFFFFFFFFFFFFFFFFFFFFFFFFFFF75
:20EBC000FFFFFFFFFFFFFFFFFFFFFFFFFFFFFFFFFFFFFFFFFFFFFFFFFFFFFFFFFFFFFFFF55
:20EBE000FFFFFFFFFFFFFFFFFFFFFFFFFFFFFFFFFFFFFFFFFFFFFFFFFFFFFFFFFFFFFFFF35
:20EC0000FFFFFFFFFFFFFFFFFFFFFFFFFFFFFFFFFFFFFFFFFFFFFFFFFFFFFFFFFFFFFFFF14
:20EC2000FFFFFFFFFFFFFFFFFFFFFFFFFFFFFFFFFFFFFFFFFFFFFFFFFFFFFFFFFFFFFFFFF4
:20EC4000FFFFFFFFFFFFFFFFFFFFFFFFFFFFFFFFFFFFFFFFFFFFFFFFFFFFFFFFFFFFFFFFD4
:20EC6000FFFFFFFFFFFFFFFFFFFFFFFFFFFFFFFFFFFFFFFFFFFFFFFFFFFFFFFFFFFFFFFFB4
:20EC8000FFFFFFFFFFFFFFFFFFFFFFFFFFFFFFFFFFFFFFFFFFFFFFFFFFFFFFFFFFFFFFFF94
:20ECA000FFFFFFFFFFFFFFFFFFFFFFFFFFFFFFFFFFFFFFFFFFFFFFFFFFFFFFFFFFFFFFFF74
:20ECC000FFFFFFFFFFFFFFFFFFFFFFFFFFFFFFFFFFFFFFFFFFFFFFFFFFFFFFFFFFFFFFFF54
:20ECE000FFFFFFFFFFFFFFFFFFFFFFFFFFFFFFFFFFFFFFFFFFFFFFFFFFFFFFFFFFFFFFFF34
:20ED0000FFFFFFFFFFFFFFFFFFFFFFFFFFFFFFFFFFFFFFFFFFFFFFFFFFFFFFFFFFFFFFFF13
:20ED2000FFFFFFFFFFFFFFFFFFFFFFFFFFFFFFFFFFFFFFFFFFFFFFFFFFFFFFFFFFFFFFFFF3
:20ED4000FFFFFFFFFFFFFFFFFFFFFFFFFFFFFFFFFFFFFFFFFFFFFFFFFFFFFFFFFFFFFFFFD3
:20ED6000FFFFFFFFFFFFFFFFFFFFFFFFFFFFFFFFFFFFFFFFFFFFFFFFFFFFFFFFFFFFFFFFB3
:20ED8000FFFFFFFFFFFFFFFFFFFFFFFFFFFFFFFFFFFFFFFFFFFFFFFFFFFFFFFFFFFFFFFF93
:20EDA000FFFFFFFFFFFFFFFFFFFFFFFFFFFFFFFFFFFFFFFFFFFFFFFFFFFFFFFFFFFFFFFF73
:20EDC000FFFFFFFFFFFFFFFFFFFFFFFFFFFFFFFFFFFFFFFFFFFFFFFFFFFFFFFFFFFFFFFF53
:20EDE000FFFFFFFFFFFFFFFFFFFFFFFFFFFFFFFFFFFFFFFFFFFFFFFFFFFFFFFFFFFFFFFF33
:20EE0000FFFFFFFFFFFFFFFFFFFFFFFFFFFFFFFFFFFFFFFFFFFFFFFFFFFFFFFFFFFFFFFF12
:20EE2000FFFFFFFFFFFFFFFFFFFFFFFFFFFFFFFFFFFFFFFFFFFFFFFFFFFFFFFFFFFFFFFFF2
:20EE4000FFFFFFFFFFFFFFFFFFFFFFFFFFFFFFFFFFFFFFFFFFFFFFFFFFFFFFFFFFFFFFFFD2
:20EE6000FFFFFFFFFFFFFFFFFFFFFFFFFFFFFFFFFFFFFFFFFFFFFFFFFFFFFFFFFFFFFFFFB2
:20EE8000FFFFFFFFFFFFFFFFFFFFFFFFFFFFFFFFFFFFFFFFFFFFFFFFFFFFFFFFFFFFFFFF92
:20EEA000FFFFFFFFFFFFFFFFFFFFFFFFFFFFFFFFFFFFFFFFFFFFFFFFFFFFFFFFFFFFFFFF72
:20EEC000FFFFFFFFFFFFFFFFFFFFFFFFFFFFFFFFFFFFFFFFFFFFFFFFFFFFFFFFFFFFFFFF52
:20EEE000FFFFFFFFFFFFFFFFFFFFFFFFFFFFFFFFFFFFFFFFFFFFFFFFFFFFFFFFFFFFFFFF32
:20EF0000FFFFFFFFFFFFFFFFFFFFFFFFFFFFFFFFFFFFFFFFFFFFFFFFFFFFFFFFFFFFFFFF11
:20EF2000FFFFFFFFFFFFFFFFFFFFFFFFFFFFFFFFFFFFFFFFFFFFFFFFFFFFFFFFFFFFFFFFF1
:20EF4000FFFFFFFFFFFFFFFFFFFFFFFFFFFFFFFFFFFFFFFFFFFFFFFFFFFFFFFFFFFFFFFFD1
:20EF6000FFFFFFFFFFFFFFFFFFFFFFFFFFFFFFFFFFFFFFFFFFFFFFFFFFFFFFFFFFFFFFFFB1
:20EF8000FFFFFFFFFFFFFFFFFFFFFFFFFFFFFFFFFFFFFFFFFFFFFFFFFFFFFFFFFFFFFFFF91
:20EFA000FFFFFFFFFFFFFFFFFFFFFFFFFFFFFFFFFFFFFFFFFFFFFFFFFFFFFFFFFFFFFFFF71
:20EFC000FFFFFFFFFFFFFFFFFFFFFFFFFFFFFFFFFFFFFFFFFFFFFFFFFFFFFFFFFFFFFFFF51
:20EFE000FFFFFFFFFFFFFFFFFFFFFFFFFFFFFFFFFFFFFFFFFFFFFFFFFFFFFFFFFFFFFFFF31
:20F00000FFFFFFFFFFFFFFFFFFFFFFFFFFFFFFFFFFFFFFFFFFFFFFFFFFFFFFFFFFFFFFFF10
:20F02000FFFFFFFFFFFFFFFFFFFFFFFFFFFFFFFFFFFFFFFFFFFFFFFFFFFFFFFFFFFFFFFFF0
:20F04000FFFFFFFFFFFFFFFFFFFFFFFFFFFFFFFFFFFFFFFFFFFFFFFFFFFFFFFFFFFFFFFFD0
:20F06000FFFFFFFFFFFFFFFFFFFFFFFFFFFFFFFFFFFFFFFFFFFFFFFFFFFFFFFFFFFFFFFFB0
:20F08000FFFFFFFFFFFFFFFFFFFFFFFFFFFFFFFFFFFFFFFFFFFFFFFFFFFFFFFFFFFFFFFF90
:20F0A000FFFFFFFFFFFFFFFFFFFFFFFFFFFFFFFFFFFFFFFFFFFFFFFFFFFFFFFFFFFFFFFF70
:20F0C000FFFFFFFFFFFFFFFFFFFFFFFFFFFFFFFFFFFFFFFFFFFFFFFFFFFFFFFFFFFFFFFF50
:20F0E000FFFFFFFFFFFFFFFFFFFFFFFFFFFFFFFFFFFFFFFFFFFFFFFFFFFFFFFFFFFFFFFF30
:20F10000FFFFFFFFFFFFFFFFFFFFFFFFFFFFFFFFFFFFFFFFFFFFFFFFFFFFFFFFFFFFFFFF0F
:20F12000FFFFFFFFFFFFFFFFFFFFFFFFFFFFFFFFFFFFFFFFFFFFFFFFFFFFFFFFFFFFFFFFEF
:20F14000FFFFFFFFFFFFFFFFFFFFFFFFFFFFFFFFFFFFFFFFFFFFFFFFFFFFFFFFFFFFFFFFCF
:20F16000FFFFFFFFFFFFFFFFFFFFFFFFFFFFFFFFFFFFFFFFFFFFFFFFFFFFFFFFFFFFFFFFAF
:20F18000FFFFFFFFFFFFFFFFFFFFFFFFFFFFFFFFFFFFFFFFFFFFFFFFFFFFFFFFFFFFFFFF8F
:20F1A000FFFFFFFFFFFFFFFFFFFFFFFFFFFFFFFFFFFFFFFFFFFFFFFFFFFFFFFFFFFFFFFF6F
:20F1C000FFFFFFFFFFFFFFFFFFFFFFFFFFFFFFFFFFFFFFFFFFFFFFFFFFFFFFFFFFFFFFFF4F
:20F1E000FFFFFFFFFFFFFFFFFFFFFFFFFFFFFFFFFFFFFFFFFFFFFFFFFFFFFFFFFFFFFFFF2F
:20F20000FFFFFFFFFFFFFFFFFFFFFFFFFFFFFFFFFFFFFFFFFFFFFFFFFFFFFFFFFFFFFFFF0E
:20F22000FFFFFFFFFFFFFFFFFFFFFFFFFFFFFFFFFFFFFFFFFFFFFFFFFFFFFFFFFFFFFFFFEE
:20F24000FFFFFFFFFFFFFFFFFFFFFFFFFFFFFFFFFFFFFFFFFFFFFFFFFFFFFFFFFFFFFFFFCE
:20F26000FFFFFFFFFFFFFFFFFFFFFFFFFFFFFFFFFFFFFFFFFFFFFFFFFFFFFFFFFFFFFFFFAE
:20F28000FFFFFFFFFFFFFFFFFFFFFFFFFFFFFFFFFFFFFFFFFFFFFFFFFFFFFFFFFFFFFFFF8E
:20F2A000FFFFFFFFFFFFFFFFFFFFFFFFFFFFFFFFFFFFFFFFFFFFFFFFFFFFFFFFFFFFFFFF6E
:20F2C000FFFFFFFFFFFFFFFFFFFFFFFFFFFFFFFFFFFFFFFFFFFFFFFFFFFFFFFFFFFFFFFF4E
:20F2E000FFFFFFFFFFFFFFFFFFFFFFFFFFFFFFFFFFFFFFFFFFFFFFFFFFFFFFFFFFFFFFFF2E
:20F30000FFFFFFFFFFFFFFFFFFFFFFFFFFFFFFFFFFFFFFFFFFFFFFFFFFFFFFFFFFFFFFFF0D
:20F32000FFFFFFFFFFFFFFFFFFFFFFFFFFFFFFFFFFFFFFFFFFFFFFFFFFFFFFFFFFFFFFFFED
:20F34000FFFFFFFFFFFFFFFFFFFFFFFFFFFFFFFFFFFFFFFFFFFFFFFFFFFFFFFFFFFFFFFFCD
:20F36000FFFFFFFFFFFFFFFFFFFFFFFFFFFFFFFFFFFFFFFFFFFFFFFFFFFFFFFFFFFFFFFFAD
:20F38000FFFFFFFFFFFFFFFFFFFFFFFFFFFFFFFFFFFFFFFFFFFFFFFFFFFFFFFFFFFFFFFF8D
:20F3A000FFFFFFFFFFFFFFFFFFFFFFFFFFFFFFFFFFFFFFFFFFFFFFFFFFFFFFFFFFFFFFFF6D
:20F3C000FFFFFFFFFFFFFFFFFFFFFFFFFFFFFFFFFFFFFFFFFFFFFFFFFFFFFFFFFFFFFFFF4D
:20F3E000FFFFFFFFFFFFFFFFFFFFFFFFFFFFFFFFFFFFFFFFFFFFFFFFFFFFFFFFFFFFFFFF2D
:20F40000FFFFFFFFFFFFFFFFFFFFFFFFFFFFFFFFFFFFFFFFFFFFFFFFFFFFFFFFFFFFFFFF0C
:20F42000FFFFFFFFFFFFFFFFFFFFFFFFFFFFFFFFFFFFFFFFFFFFFFFFFFFFFFFFFFFFFFFFEC
:20F44000FFFFFFFFFFFFFFFFFFFFFFFFFFFFFFFFFFFFFFFFFFFFFFFFFFFFFFFFFFFFFFFFCC
:20F46000FFFFFFFFFFFFFFFFFFFFFFFFFFFFFFFFFFFFFFFFFFFFFFFFFFFFFFFFFFFFFFFFAC
:20F48000FFFFFFFFFFFFFFFFFFFFFFFFFFFFFFFFFFFFFFFFFFFFFFFFFFFFFFFFFFFFFFFF8C
:20F4A000FFFFFFFFFFFFFFFFFFFFFFFFFFFFFFFFFFFFFFFFFFFFFFFFFFFFFFFFFFFFFFFF6C
:20F4C000FFFFFFFFFFFFFFFFFFFFFFFFFFFFFFFFFFFFFFFFFFFFFFFFFFFFFFFFFFFFFFFF4C
:20F4E000FFFFFFFFFFFFFFFFFFFFFFFFFFFFFFFFFFFFFFFFFFFFFFFFFFFFFFFFFFFFFFFF2C
:20F50000FFFFFFFFFFFFFFFFFFFFFFFFFFFFFFFFFFFFFFFFFFFFFFFFFFFFFFFFFFFFFFFF0B
:20F52000FFFFFFFFFFFFFFFFFFFFFFFFFFFFFFFFFFFFFFFFFFFFFFFFFFFFFFFFFFFFFFFFEB
:20F54000FFFFFFFFFFFFFFFFFFFFFFFFFFFFFFFFFFFFFFFFFFFFFFFFFFFFFFFFFFFFFFFFCB
:20F56000FFFFFFFFFFFFFFFFFFFFFFFFFFFFFFFFFFFFFFFFFFFFFFFFFFFFFFFFFFFFFFFFAB
:20F58000FFFFFFFFFFFFFFFFFFFFFFFFFFFFFFFFFFFFFFFFFFFFFFFFFFFFFFFFFFFFFFFF8B
:20F5A000FFFFFFFFFFFFFFFFFFFFFFFFFFFFFFFFFFFFFFFFFFFFFFFFFFFFFFFFFFFFFFFF6B
:20F5C000FFFFFFFFFFFFFFFFFFFFFFFFFFFFFFFFFFFFFFFFFFFFFFFFFFFFFFFFFFFFFFFF4B
:20F5E000FFFFFFFFFFFFFFFFFFFFFFFFFFFFFFFFFFFFFFFFFFFFFFFFFFFFFFFFFFFFFFFF2B
:20F60000FFFFFFFFFFFFFFFFFFFFFFFFFFFFFFFFFFFFFFFFFFFFFFFFFFFFFFFFFFFFFFFF0A
:20F62000FFFFFFFFFFFFFFFFFFFFFFFFFFFFFFFFFFFFFFFFFFFFFFFFFFFFFFFFFFFFFFFFEA
:20F64000FFFFFFFFFFFFFFFFFFFFFFFFFFFFFFFFFFFFFFFFFFFFFFFFFFFFFFFFFFFFFFFFCA
:20F66000FFFFFFFFFFFFFFFFFFFFFFFFFFFFFFFFFFFFFFFFFFFFFFFFFFFFFFFFFFFFFFFFAA
:20F68000FFFFFFFFFFFFFFFFFFFFFFFFFFFFFFFFFFFFFFFFFFFFFFFFFFFFFFFFFFFFFFFF8A
:20F6A000FFFFFFFFFFFFFFFFFFFFFFFFFFFFFFFFFFFFFFFFFFFFFFFFFFFFFFFFFFFFFFFF6A
:20F6C000FFFFFFFFFFFFFFFFFFFFFFFFFFFFFFFFFFFFFFFFFFFFFFFFFFFFFFFFFFFFFFFF4A
:20F6E000FFFFFFFFFFFFFFFFFFFFFFFFFFFFFFFFFFFFFFFFFFFFFFFFFFFFFFFFFFFFFFFF2A
:20F70000FFFFFFFFFFFFFFFFFFFFFFFFFFFFFFFFFFFFFFFFFFFFFFFFFFFFFFFFFFFFFFFF09
:20F72000FFFFFFFFFFFFFFFFFFFFFFFFFFFFFFFFFFFFFFFFFFFFFFFFFFFFFFFFFFFFFFFFE9
:20F74000FFFFFFFFFFFFFFFFFFFFFFFFFFFFFFFFFFFFFFFFFFFFFFFFFFFFFFFFFFFFFFFFC9
:20F76000FFFFFFFFFFFFFFFFFFFFFFFFFFFFFFFFFFFFFFFFFFFFFFFFFFFFFFFFFFFFFFFFA9
:20F78000FFFFFFFFFFFFFFFFFFFFFFFFFFFFFFFFFFFFFFFFFFFFFFFFFFFFFFFFFFFFFFFF89
:20F7A000FFFFFFFFFFFFFFFFFFFFFFFFFFFFFFFFFFFFFFFFFFFFFFFFFFFFFFFFFFFFFFFF69
:20F7C000FFFFFFFFFFFFFFFFFFFFFFFFFFFFFFFFFFFFFFFFFFFFFFFFFFFFFFFFFFFFFFFF49
:20F7E000FFFFFFFFFFFFFFFFFFFFFFFFFFFFFFFFFFFFFFFFFFFFFFFFFFFFFFFFFFFFFFFF29
:20F80000FFFFFFFFFFFFFFFFFFFFFFFFFFFFFFFFFFFFFFFFFFFFFFFFFFFFFFFFFFFFFFFF08
:20F82000FFFFFFFFFFFFFFFFFFFFFFFFFFFFFFFFFFFFFFFFFFFFFFFFFFFFFFFFFFFFFFFFE8
:20F84000FFFFFFFFFFFFFFFFFFFFFFFFFFFFFFFFFFFFFFFFFFFFFFFFFFFFFFFFFFFFFFFFC8
:20F86000FFFFFFFFFFFFFFFFFFFFFFFFFFFFFFFFFFFFFFFFFFFFFFFFFFFFFFFFFFFFFFFFA8
:20F88000FFFFFFFFFFFFFFFFFFFFFFFFFFFFFFFFFFFFFFFFFFFFFFFFFFFFFFFFFFFFFFFF88
:20F8A000FFFFFFFFFFFFFFFFFFFFFFFFFFFFFFFFFFFFFFFFFFFFFFFFFFFFFFFFFFFFFFFF68
:20F8C000FFFFFFFFFFFFFFFFFFFFFFFFFFFFFFFFFFFFFFFFFFFFFFFFFFFFFFFFFFFFFFFF48
:20F8E000FFFFFFFFFFFFFFFFFFFFFFFFFFFFFFFFFFFFFFFFFFFFFFFFFFFFFFFFFFFFFFFF28
:20F90000FFFFFFFFFFFFFFFFFFFFFFFFFFFFFFFFFFFFFFFFFFFFFFFFFFFFFFFFFFFFFFFF07
:20F92000FFFFFFFFFFFFFFFFFFFFFFFFFFFFFFFFFFFFFFFFFFFFFFFFFFFFFFFFFFFFFFFFE7
:20F94000FFFFFFFFFFFFFFFFFFFFFFFFFFFFFFFFFFFFFFFFFFFFFFFFFFFFFFFFFFFFFFFFC7
:20F96000FFFFFFFFFFFFFFFFFFFFFFFFFFFFFFFFFFFFFFFFFFFFFFFFFFFFFFFFFFFFFFFFA7
:20F98000FFFFFFFFFFFFFFFFFFFFFFFFFFFFFFFFFFFFFFFFFFFFFFFFFFFFFFFFFFFFFFFF87
:20F9A000FFFFFFFFFFFFFFFFFFFFFFFFFFFFFFFFFFFFFFFFFFFFFFFFFFFFFFFFFFFFFFFF67
:20F9C000FFFFFFFFFFFFFFFFFFFFFFFFFFFFFFFFFFFFFFFFFFFFFFFFFFFFFFFFFFFFFFFF47
:20F9E000FFFFFFFFFFFFFFFFFFFFFFFFFFFFFFFFFFFFFFFFFFFFFFFFFFFFFFFFFFFFFFFF27
:20FA0000FFFFFFFFFFFFFFFFFFFFFFFFFFFFFFFFFFFFFFFFFFFFFFFFFFFFFFFFFFFFFFFF06
:20FA2000FFFFFFFFFFFFFFFFFFFFFFFFFFFFFFFFFFFFFFFFFFFFFFFFFFFFFFFFFFFFFFFFE6
:20FA4000FFFFFFFFFFFFFFFFFFFFFFFFFFFFFFFFFFFFFFFFFFFFFFFFFFFFFFFFFFFFFFFFC6
:20FA6000FFFFFFFFFFFFFFFFFFFFFFFFFFFFFFFFFFFFFFFFFFFFFFFFFFFFFFFFFFFFFFFFA6
:20FA8000FFFFFFFFFFFFFFFFFFFFFFFFFFFFFFFFFFFFFFFFFFFFFFFFFFFFFFFFFFFFFFFF86
:20FAA000FFFFFFFFFFFFFFFFFFFFFFFFFFFFFFFFFFFFFFFFFFFFFFFFFFFFFFFFFFFFFFFF66
:20FAC000FFFFFFFFFFFFFFFFFFFFFFFFFFFFFFFFFFFFFFFFFFFFFFFFFFFFFFFFFFFFFFFF46
:20FAE000FFFFFFFFFFFFFFFFFFFFFFFFFFFFFFFFFFFFFFFFFFFFFFFFFFFFFFFFFFFFFFFF26
:20FB0000FFFFFFFFFFFFFFFFFFFFFFFFFFFFFFFFFFFFFFFFFFFFFFFFFFFFFFFFFFFFFFFF05
:20FB2000FFFFFFFFFFFFFFFFFFFFFFFFFFFFFFFFFFFFFFFFFFFFFFFFFFFFFFFFFFFFFFFFE5
:20FB4000FFFFFFFFFFFFFFFFFFFFFFFFFFFFFFFFFFFFFFFFFFFFFFFFFFFFFFFFFFFFFFFFC5
:20FB6000FFFFFFFFFFFFFFFFFFFFFFFFFFFFFFFFFFFFFFFFFFFFFFFFFFFFFFFFFFFFFFFFA5
:20FB8000FFFFFFFFFFFFFFFFFFFFFFFFFFFFFFFFFFFFFFFFFFFFFFFFFFFFFFFFFFFFFFFF85
:20FBA000FFFFFFFFFFFFFFFFFFFFFFFFFFFFFFFFFFFFFFFFFFFFFFFFFFFFFFFFFFFFFFFF65
:20FBC000FFFFFFFFFFFFFFFFFFFFFFFFFFFFFFFFFFFFFFFFFFFFFFFFFFFFFFFFFFFFFFFF45
:20FBE000FFFFFFFFFFFFFFFFFFFFFFFFFFFFFFFFFFFFFFFFFFFFFFFFFFFFFFFFFFFFFFFF25
:20FC0000FFFFFFFFFFFFFFFFFFFFFFFFFFFFFFFFFFFFFFFFFFFFFFFFFFFFFFFFFFFFFFFF04
:20FC2000FFFFFFFFFFFFFFFFFFFFFFFFFFFFFFFFFFFFFFFFFFFFFFFFFFFFFFFFFFFFFFFFE4
:20FC4000FFFFFFFFFFFFFFFFFFFFFFFFFFFFFFFFFFFFFFFFFFFFFFFFFFFFFFFFFFFFFFFFC4
:20FC6000FFFFFFFFFFFFFFFFFFFFFFFFFFFFFFFFFFFFFFFFFFFFFFFFFFFFFFFFFFFFFFFFA4
:20FC8000FFFFFFFFFFFFFFFFFFFFFFFFFFFFFFFFFFFFFFFFFFFFFFFFFFFFFFFFFFFFFFFF84
:20FCA000FFFFFFFFFFFFFFFFFFFFFFFFFFFFFFFFFFFFFFFFFFFFFFFFFFFFFFFFFFFFFFFF64
:20FCC000FFFFFFFFFFFFFFFFFFFFFFFFFFFFFFFFFFFFFFFFFFFFFFFFFFFFFFFFFFFFFFFF44
:20FCE000FFFFFFFFFFFFFFFFFFFFFFFFFFFFFFFFFFFFFFFFFFFFFFFFFFFFFFFFFFFFFFFF24
:20FD0000FFFFFFFFFFFFFFFFFFFFFFFFFFFFFFFFFFFFFFFFFFFFFFFFFFFFFFFFFFFFFFFF03
:20FD2000FFFFFFFFFFFFFFFFFFFFFFFFFFFFFFFFFFFFFFFFFFFFFFFFFFFFFFFFFFFFFFFFE3
:20FD4000FFFFFFFFFFFFFFFFFFFFFFFFFFFFFFFFFFFFFFFFFFFFFFFFFFFFFFFFFFFFFFFFC3
:20FD6000FFFFFFFFFFFFFFFFFFFFFFFFFFFFFFFFFFFFFFFFFFFFFFFFFFFFFFFFFFFFFFFFA3
:20FD8000FFFFFFFFFFFFFFFFFFFFFFFFFFFFFFFFFFFFFFFFFFFFFFFFFFFFFFFFFFFFFFFF83
:20FDA000FFFFFFFFFFFFFFFFFFFFFFFFFFFFFFFFFFFFFFFFFFFFFFFFFFFFFFFFFFFFFFFF63
:20FDC000FFFFFFFFFFFFFFFFFFFFFFFFFFFFFFFFFFFFFFFFFFFFFFFFFFFFFFFFFFFFFFFF43
:20FDE000FFFFFFFFFFFFFFFFFFFFFFFFFFFFFFFFFFFFFFFFFFFFFFFFFFFFFFFFFFFFFFFF23
:20FE0000FFFFFFFFFFFFFFFFFFFFFFFFFFFFFFFFFFFFFFFFFFFFFFFFFFFFFFFFFFFFFFFF02
:20FE2000FFFFFFFFFFFFFFFFFFFFFFFFFFFFFFFFFFFFFFFFFFFFFFFFFFFFFFFFFFFFFFFFE2
:20FE4000FFFFFFFFFFFFFFFFFFFFFFFFFFFFFFFFFFFFFFFFFFFFFFFFFFFFFFFFFFFFFFFFC2
:20FE6000FFFFFFFFFFFFFFFFFFFFFFFFFFFFFFFFFFFFFFFFFFFFFFFFFFFFFFFFFFFFFFFFA2
:20FE8000FFFFFFFFFFFFFFFFFFFFFFFFFFFFFFFFFFFFFFFFFFFFFFFFFFFFFFFFFFFFFFFF82
:20FEA000FFFFFFFFFFFFFFFFFFFFFFFFFFFFFFFFFFFFFFFFFFFFFFFFFFFFFFFFFFFFFFFF62
:20FEC000FFFFFFFFFFFFFFFFFFFFFFFFFFFFFFFFFFFFFFFFFFFFFFFFFFFFFFFFFFFFFFFF42
:20FEE000FFFFFFFFFFFFFFFFFFFFFFFFFFFFFFFFFFFFFFFFFFFFFFFFFFFFFFFFFFFFFFFF22
:04FF00007D258A527F
:20FFC00035313235000000000000000000000000462F57204445534352495054494F4E2004
:20FFE0004D4355202047414E472D342056312E31000000000000000085FE8F0617350000F4
:04000005080084ED7E
:00000001FF
