:020000040800F2
:20840000B039002001850008FFEF0008B9EB0008FDEF0008A1890008B91801080000000023
:2084200000000000000000000000000001FB0008B1B5000800000000E3F30008E100010802
:208440001B85000883F300081B8500081B8500081B8500081B8500081B85000821B70008CE
:208460001B8500081B8500081B8500081B85000899B50008A5B500081B8500081B85000854
:208480001B8500081B8500081B8500081B850008411301081B8500081B8500081B850008E7
:2084A0001B8500081B8500081B8500081B850008AD010108B90101081B8500081B85000852
:2084C0001B8500081B8500081B8500081B8500081B8500081B8500081B8500081B8500085C
:2084E0001B8500081B8500081B850008DFF80CD000F054F800480047E9290108B0390020E2
:208500000648804706480047FEE7FEE7FEE7FEE7FEE7FEE7FEE7FEE7FEE7FEE76101010854
:20852000ED840008202A04DB203A21FA02F00021704721FA02F3D040C2F120029140084349
:208540001946704740EA01039B0703D009E008C9121F08C0042AFAD203E011F8013B00F895
:20856000013B521EF9D27047D2B201E000F8012B491EFBD270470022F6E710B513460A46EC
:2085800004461946FFF7F0FF204610BD421C10F8011B0029FBD1801A70470000064C074DAC
:2085A00006E0E06840F0010394E8070098471034AC42F6D3FFF79EFFEC4801080C490108CE
:2085C00070B58C1810F8015B15F0070301D110F8013B2A1106D110F8012B03E010F8016BAC
:2085E00001F8016B5B1EF9D12B0705D40023521E0DD401F8013BFAE710F8013BCB1A921C67
:2086000003E013F8015B01F8015B521EF9D5A142D8D3002070BD000070B5044600688168E2
:20862000C943C9071CD1816821F00101816004F0B3FB05460FE000BF04F0AEFB401B0228D7
:2086400009D9A06A40F01000A062E06A40F00100E062012070BD20688068C043C007EBD0EC
:20866000002070BDF8B500260446009600688168C943C90728D0816841F00101816013487D
:2086800013490068B0FBF1F000E0401E00900028FBD104F081FB054611E000BF04F07CFBF2
:2086A000401B02280BD9A06A40F01000A062E06A40F00100E06284F824600120F8BD2068EA
:2086C0008068C043C007E9D10020F8BD8400002040420F0010B500F093F8302000F0A4F808
:2086E000942000F0A1F8D12000F09EF8202000F09BF80B2000F0B2F8812000F095F83F20C1
:2087000000F0ACF8032000F0A9F8F02000F08CF8102000F0A3F8CA2000F086F8002000F06A
:208720009DF8872000F09AF8202000F097F8BC2000F07AF8002000F091F8A62000F074F8C3
:20874000762000F071F8752000F06EF8002000F085F8282000F082F8152000F065F800205E
:2087600000F07CF8FF2000F079F8312000F05CF8322000F059F8002000F070F8022000F063
:208780006DF8012000F06AF8512000F04DF8FB2000F064F8402000F047F8F42000F044F825
:2087A000002000F05BF8002000F058F8002000F055F8002000F052F8002000F04FF80020C8
:2087C00000F04CF8002000F049F8002000F046F8F02000F029F8152000F040F8152000F023
:2087E0003DF8152000F03AF8152000F037F8302000F01AF8BDE81040AF2000F015B80000C6
:2088000010B5084C0020C4F8AC01322004F5D67409F0B4F901202060BDE81040322009F09A
:20882000ADB900000000224231B509490020C1F8A801084CC4F8BC010A230122694606489A
:2088400004F5DE7405F018FD0120206038BD00000000224200002142D003002031B509483C
:208860000124C0F8A841084D0020C5F8BC010A2322466946054805F5DE7505F0FDFC2C60EB
:2088800038BD00000000224200002142D003002000F05EBE01F01EB9012001F011BA012057
:2088A00001F094BA012001F0FFBC0000104810B5008800EB40010F4800EB8110C17B807BD1
:2088C00000EBC00202EB001001EB800000F60140B0F5005F08D08720074A00215318491C86
:2088E00058700429FADB10BD00F0A4FFF4E700008E000020B0040020B010002070B5274D78
:2089000004464FF0000649B114E001221146284604F03CFA642009F047F9761CA642F4D3CA
:2089200034E001221146284604F030FA642009F03BF9761CA642F4D300220121284604F085
:2089400025FA642009F01AF9002608E001221146284604F01BFA642009F026F9761CA64253
:20896000F4D300220121284604F010FA642009F005F9002608E001221146284604F006FA1B
:20898000642009F011F9761CA642F4D32846BDE870400022012104F0F9B900000008014019
:2089A000FEE7000082B00848416941F040014161406900F0400001900549044808600846D8
:2089C00002B003F00FBE00000010024000300240B800002010B509F0D7FB00F02DF80020C4
:2089E00000F088FB00F020FA00F0E4F9002000F081FB102000F00AFA00F0DCF90D484078AB
:208A000040B10C48807828B10A48C07810B10948007960B909F088FB002000F06BFB00F030
:208A20009BFC09F04BFC00F04DFA00F0C3F900F0C1F910BDB010002010B50420114908706A
:208A400018E0012000F056FB00F0EEF90E48407840B10D48807828B10B48C07810B10A4822
:208A6000007900B90AE000F0A5F906480078801C04490870034800780A28E2DB00BF00F0C4
:208A800099F910BD29030020B01000202DE9F04705460E4617464FF0A5084FF00009A946DF
:208AA00000F01AFC4FF46810BE4908604FF48020BD490860002426E008F0010020B14FF4FE
:208AC0007070BA49086103E04FF07070B7490861B748006880473A20B24908600420B249D5
:208AE0000860B348006880474FF46810AD4908604FF48020AC4908604FEA5808AC48006896
:208B00008047601CC4B2082CD6DB4FF47070A7490861A748006880473A20A249086004204C
:208B2000A1490860A248006880474FF468109D4908604FF480209C4908609D48006880477D
:208B40003A20984908600420974908609848006880474FF46810934908604FF4802092493A
:208B600008609348006880473A208E49086004208D4908608E48006880474FF468108949F6
:208B800008604FF48020884908608948006880473A20844908600420834908608448006836
:208BA00080474FF468107F4908604FF480207E4908607F48006880473A207A490860042052
:208BC000794908607A48006880474FF46810754908604FF4802074490860754800688047A5
:208BE000002425E007F0010020B14FF470706F49086103E04FF070706C4908616C48006803
:208C000080473A20674908600420674908606848006880474FF46810624908604FF480204F
:208C2000614908607F10624800688047601CC4B2102CD7DB002425E006F0010020B14FF4A6
:208C400070705A49086103E04FF07070574908615748006880473A20524908600420524933
:208C600008605348006880474FF468104D4908604FF480204C49086076104D4800688047DF
:208C8000601CC4B2062CD7DB002426E009F0010020B14FF470704549086103E04FF07070ED
:208CA000424908614248006880473A203D49086004203D4908603E48006880474FF468103D
:208CC000384908604FF48020374908604FEA6909374800688047601CC4B2082CD6DB85EA41
:208CE000251585EAA50585EA650505F0010020B14FF470702D49086103E04FF070702B4909
:208D000008612B48006880473A20264908600420254908602648006880474FF4681021495B
:208D200008604FF48020204908602148006880474FF470701D4908611D48006880470024D5
:208D400015E03A20174908600420174908601848006880474FF46810124908604FF4802020
:208D600011490860124800688047601CC4B2032CE7DB3A200B49086004200B4908600C487B
:208D8000006880474FF46810064908604FF480200549086006480068804700F0C1FABDE8CC
:208DA000F0870000100C014010140140001001402C03002010B54FF468100F4908604FF457
:208DC00080200E4908604FF070700D49086100200C4908601E2008F0C6FE01200A49C1F852
:208DE0008801142008F0BFFE0020064930390860192008F0C3FE10BD100C01401014014040
:208E000000100140B80122420000224210B50446062008F0B3FE002221461046FFF736FE99
:208E20000F2008F0ABFE10BD1CB54FF4004220210020FFF72BFE01A800F07CF8684600F014
:208E400079F8002417E001A8005D87280ED11DF8040001280AD11A48005D18B11848005D90
:208E6000012806D100211648015502E0982114480155601CC4B2042CE5DB9DF804008728A6
:208E800003D19DF80000012819D09DF80500872803D19DF80100012811D09DF80600872850
:208EA00003D19DF80200012809D09DF80700872803D19DF80300012801D0FFF77BFF1CBD4B
:208EC000B110002038B5002202211046FFF7DEFD002527E0684600F02DF800240BE01DF845
:208EE0000400552805D01248005D10B9932110480155601C84B2042CF1DB9DF8000055287A
:208F00000ED09DF8010055280AD09DF80200552806D09DF80300552802D0FFF74BFF38BD80
:208F2000681C85B2B5F5006FD4DB00BFF7E70000B110002070B5044600F0CEF9052008F0ED
:208F400033FE6848006820F07F4040F08840654908600846406820F0FF0040F044004860CA
:208F600008040861052008F01FFE002541E0207840102070607840106070A0784010A07014
:208F8000E0784010E0703A20574908600420574908605748006880475248806800F4007097
:208FA00010B12078803020704E48806800F4807010B16078803060704A48806800F08000B3
:208FC00010B1A0788030A0704648806800F0400010B1E0788030E0704FF46810424908608B
:208FE0004FF4802041490860414800688047681CC5B2082DBBDB3E48006880473A203A498C
:2090000008600420394908603948006880474FF46810354908604FF4802034490860344845
:20902000006880472F48006820F07F4040F088502C4908600846406820F0FF0040F0110028
:209040004860881408614FF0707008612848006880473A20244908600420244908602448A8
:20906000006880474FF468101F4908604FF480201E4908601E48006880473A201A490860CA
:2090800004201A4908601A48006880474FF46810154908604FF48020144908601448006863
:2090A00080473A20104908600420104908601048006880474FF468100B4908604FF4802008
:2090C0000A4908600A48006880473A200649086004200649086006480068804700F020F9E2
:2090E000002070BD00100140100C0140101401402C03002070B506464FF468107049086074
:209100004FF480206F4908604FF070706E490861642008F049FD00206C490860322008F0C4
:2091200022FD01206A49C1F8B8016A48007808F025FD3A20624908600420624908600A20B8
:2091400008F032FD00240FE04FF070705E4908610A2008F029FD4FF470705B4908610A2004
:2091600008F022FD601CC4B20D2CEDDB0A2008F01BFD002415E04FF46810514908604FF492
:209180008020504908600A2008F00EFD3A204C49086004204B4908600A2008F005FD601CEA
:2091A000C4B20D2CE7DB0A2008F0FEFC00240FE04FF07070444908610A2008F0F5FC4FF4A4
:2091C0007070414908610A2008F0EEFC601CC4B20D2CEDDB1EB90A2008F0E6FC02E00A20D6
:2091E00008F0CCFC4FF46810354908604FF48020344908604BF25A15002428E005F4004035
:2092000020B14FF470703049086103E04FF070702D4908610A2008F0C7FC3A20284908607F
:209220000420284908600A2008F0BEFC4FF46810234908604FF48020224908604FF6FF705C
:2092400000EA45050A2008F0AFFC601CC4B2102CD4DB0A2008F0A8FC4AF21B55002428E092
:2092600005F4004020B14FF470701749086103E04FF07070144908610A2008F095FC3A2023
:209280000F49086004200F4908600A2008F08CFC4FF468100A4908604FF48020094908606D
:2092A0004FF6FF7000EA45050A2008F07DFC601CC4B2102CD4DB1E2008F060FC70BD00008F
:2092C000100C0140101401400010014088012242000022422903002010B54FF470700D49A0
:2092E00008613A200C49086004200C490860052008F05AFC4FF0707006490861052008F0A6
:2093000053FC4FF46810044908604FF480200349086010BD00100140100C01401014014017
:2093200010B54FF07070094908613A2008490860042008490860052008F036FC4FF470702C
:2093400002490861052008F02FFC10BD00100140100C01401014014070B55525002204214B
:209360002846FFF793FB0A2008F01EFC0A2008F01BFC0A2008F018FC012407E0284600F0E6
:209380000BF80A2008F010FC601C84B2B4F5006FF4DB002070BD000070B504462546FFF7E6
:2093A0009BFF4FF46810664908604FF4802065490860002625E005F0010020B14FF4707033
:2093C0006149086103E04FF070705F4908615F48006880473A205A490860042059490860FE
:2093E0005A48006880474FF46810554908604FF48020544908606D10544800688047701C1F
:20940000C6B2082ED7DB84EA241484EAA40484EA640404F0010020B14FF470704A49086175
:2094200003E04FF07070484908614848006880473A20434908600420424908604348006819
:2094400080474FF468103E4908604FF480203D4908603E48006880473B48006820F07F405B
:2094600040F08840384908600846406820F0FF0040F04400486008040861344800688047CA
:209480003A202F49086004202E4908602F48006880474FF468102A4908604FF480202949FE
:2094A00008602A48006880472748006820F07F4040F08850244908600846406820F0FF001B
:2094C00040F011004860881408614FF0707008611E48006880473A201949086004201949D7
:2094E00008601A48006880474FF46810144908604FF48020134908601448006880473A2067
:209500000F49086004200F4908601048006880474FF468100A4908604FF48020094908600D
:209520000A48006880473A2005490860042005490860064800688047FFF7F2FE70BD000030
:20954000100C014010140140001001402C03002010B501F0BBFE01F041FD00F005F801F02D
:2095600049FD01F00FFD10BD30B585B001F0D6FE2F4801F007F9002001F03AF92D48006873
:2095800020F07F4040F088402A4908600846406820F0FF0040F0440048600804086100246F
:2095A00010E0684600F034FB002507E01DF8050001A901EB84014855681CC5B2042DF5DB14
:2095C000601CC4B2042CECDB002414E001A8005D192807D102A8005D062803D103A8005D5A
:2095E000012803D098211448015502E0002112480155601CC4B2042CE8DB002413E004A8A9
:20960000005D012803D100200C49085509E004A8005D18B901200949085502E098210648A2
:209620000155601CC4B2042CE9DB002005B030BD0020220000100140B11000203A0300205B
:2096400008B1034900E00349034A11607047000081B3000879B3000844030020FEB563A1D6
:2096600003C9CDE9000100F0D3F8624908700846007800287ED001F051FE5F4801F082F8FB
:209680005E49098801EB41015D4A02EB81114969081F01F0ADF85B48006820F07F4040F0C5
:2096A0008840584908600846406820F0FF0040F04400486008040861002592E002A800F012
:2096C000A7FA032D7ED1002486E002A8005D00F0010000287ED001F021FE4B4801F052F894
:2096E0004649098801EB4101454A02EB81114969A1F1080001F07CF89DF80000224600213F
:2097000000F06AFF9DF801002246002100F064FF9DF802002246002100F05EFF9DF8030079
:209720002246012100F058FF9DF804002246002100F052FF9DF805002246002100F04CFF97
:209740009DF806002246002100F046FF9DF807002246012100F040FF01F0E0FD264801F02E
:2097600011F82649098801EB4101254A02EB8111496900E038E0A1F1080001F039F82148F5
:20978000006820F07F4040F088401E4908600846406820F0FF0040F0440048600804086135
:2097A000002615E002A800F033FA02A8005D1DF8061088420AD01548005D38B901F0AEFDAA
:2097C000932101E00BE005E010480155701CC6B2082EE7DB601CC4B2042CFFF676AF681CBA
:2097E000C5B2042DFFF66AAFFEBD0000FFFFFFFFFFFFFFFF43030020001022008E000020BA
:20980000B00400200010014000101200B11000200020002108E04206100E054A525C0AB9D1
:2098200040F001004A1CD1B20429F4DB70470000B11000202DE9F84F4FF0000B0020009023
:209840007A48008810B94FF4803706E077480088401E4FF4801101EB4047002573480088C1
:2098600000EB4000724901EB80104069C0F38728002668E04FF480626E49384605F030FE90
:20988000002408E06B48005D284485B26948005D8344601C84B2B4F5806FF3DBCDF800B0A7
:2098A0004FF0000B0098B0F57F3F01D0009820B9002000906049885502E001205E49885564
:2098C000A8F10100B0423AD15848008800EB4000574901EB8010B0F866005449098801EB5A
:2098E0004101534A02EB8111B1F86E1008441FFA80F94E48008800EB4000114601EB8010E9
:20990000B0F872A0FF204D49487008704FEA1A20887081F803A04FEA1920087181F8059028
:20992000FF208871434890F8FF03C8714448006828B1404890F8FF0300F0FE00C87107F5BF
:209940008067701CC6B2464594DB3848008800EB4000374901EB8010B0F86800A84202D027
:209960008620BDE8F88F3149098801EB4101304B03EB81110A8B2D4909884FF4003303EBE1
:209980000130304905F0ACFD0025002405E02D48005D284485B2601C84B22448008800EB4B
:2099A0004000234901EB8010008BA042EFDC1F48008800EB400001EB8010B0F86C00A842B3
:2099C00001D08620CDE71949098801EB4101184B03EB81114A8B154909884FF4802303EBC0
:2099E0000130194905F07CFD0025002405E01648005D284485B2601C84B20C48008800EB61
:209A000040000B4901EB8010408BA042EFDC0748008800EB400001EB8010B0F87000A8423E
:209A200001D086209DE700209BE700008E000020B0040020C0120020A031002030030020D1
:209A4000A4020020C0220020C023002010B501F065FC1C4800F096FE1B49098801EB410119
:209A60001A4A02EB81114969A1F1080000F0C0FE17490878002100F05FFD1549487800217D
:209A800000F05AFD12498878002100F055FD1049C878012100F050FD0D490879002100F0E1
:209AA0004BFD0B494879002100F046FD08498879002100F041FD0649C879012100F03CFD79
:209AC00010BD0000001012008E000020B00400203003002010B508F027FB01F0F7FB01F00F
:209AE0007DFA01F091FA4948407840B14748807828B14648C07810B14448007910B9022062
:209B000000F064F94148407840B14048807828B13E48C07810B13D48007908B9FFF79EFD9E
:209B20003A48407840B13948807828B13748C07810B13648007908B901F02AF93348407831
:209B400040B13248807828B13048C07810B12F48007970B901F04EFA01F014FA01F0B6FB65
:209B600001F03CFA01F050FA08F0A8FB002000F09BFB2648407840B12448807828B1234883
:209B8000C07810B12148007908B901F0C1FA1F48407840B11D48807828B11C48C07810B1DA
:209BA0001A48007908B901F051F81848407840B11648807828B11548C07810B1134800796D
:209BC00010B9002000F07CF81048407840B10F48807828B10D48C07810B10C48007908B933
:209BE000FFF734FF0948407840B10848807828B10648C07810B10548007908B900F02EFE37
:209C000001F0F8F901F0BEF910BD0000B010002070B50446002544E020784006000E2070D9
:209C200060784006000E6070A0784006000EA070E0784006000EE0704FF468101C49086028
:209C40004FF480201B4908601B48006880473A201749086004201749086001F096FB1748D4
:209C6000806800F4007010B12078401C20701348806800F4807010B16078401C60700F4810
:209C8000806800F0800010B1A078401CA0700B48806800F0400010B1E078401CE070681C73
:209CA000C5B2082DB8DB022007F07EFF70BD0000100C014010140140440300200010014028
:209CC000F8B5064601F02AFB3B4800F05BFD002000F08EFD002E46D13848006820F07F4013
:209CE00040F08840354908600846406820F0FF0040F04400486008040861002431E068460D
:209D0000FFF786FF00250DE01DF805002C49095D884205D02B48405D10B99521294841558C
:209D2000681CC5B2042DEFDB9DF800002449095D884214D09DF801002149095D88420ED009
:209D40009DF802001E49095D884208D09DF803001B49095D884202D001F0E0FAF8BD601C03
:209D6000C4B2802CCBDB012E24D11448006820F07F4040F08840114908600846406820F0A4
:209D8000FF0040F04400486008040861002408E06846FFF73DFF9DF800000B490855601C85
:209DA000C4B2802CF4DB802009F060F901F022F901F0E8F800BFD1E74010220000100140A9
:209DC000C0230020B1100020C0120020F8B5064601F0A4FAFE4800F0D5FC002E4DD10020B2
:209DE00000F006FDFB48006820F07F4040F08840F84908600846406820F0FF0040F04400DC
:209E0000486008040861002435E06846FFF700FF00250FE01DF80500EF4901EBC511095DBB
:209E2000884205D0ED48405D10B99421EB484155681CC5B2042DEDDB9DF80000E649095D4C
:209E4000884216D09DF80110E3488030005D81420FD09DF80210E248005D814209D09DF873
:209E60000310DF488030005D814202D001F056FAF8BD601CC4B2402CC7DB012E23D10020CD
:209E800000F0B6FCD348006820F07F4040F08840D04908600846406820F0FF0040F04400DC
:209EA000486008040861002408E06846FFF7B0FE9DF80000CB490855601CC4B2402CF4DBF4
:209EC000402009F0D3F8022E7ED1002000F090FCC048006820F07F4040F08840BD4908609E
:209EE0000846406820F0FF0040F04400486008040861002415E06846FFF78AFE9DF80000F2
:209F0000B54908559DF80110B348803001559DF80210803001559DF8031080300155601C68
:209F2000C4B2402CE7DB01F0F9F9A94800F02AFC002000F05DFCA748006820F07F4040F0D4
:209F40008840A44908600846406820F0FF0040F04400486008040861402415E06846FFF751
:209F600057FE9DF800009C4908559DF801109A48803001559DF80210803001559DF80310D2
:209F800080300155601CC4B2802CE7DB002437E0002513E0904800EBC510015D8E4800EB51
:209FA000C51204F14000105C814205D08B48405D10B9972189484155681CC5B2042DE9DB49
:209FC0008548015D024600E05FE104F14000105C814213D002F18000025D04F14001405C03
:209FE00082420BD07E48025D405C824206D07C488030025D405C824200D039E7601CC4B252
:20A00000402CC5DB7848008800EB4000774901EB8010007C012823D07348008800EB40007F
:20A0200001EB8010007C05281AD06F48008800EB400001EB8010007C032811D06A48008869
:20A0400000EB400001EB8010007C042808D06648008800EB400001EB8010007C092811D16D
:20A0600000240DE05C4800EBC41090F83A0028B15A48005D10B9982158480155601CC4B268
:20A08000042CEFDB5848008800EB4000574901EB8010007C022818D1002414E04E4800EB2F
:20A0A000C41090F83A0060B14B4800EBC41090F83A00012805D04948005D10B998214748E8
:20A0C0000155601CC4B2042CE8DB4748008800EB4000464901EB8010007C062812D13E48E5
:20A0E00000EBC41090F83A0060B13B4800EBC41090F83A00022805D03848005D10B998216C
:20A10000364801553848008800EB4000374901EB8010007C072812D12F4800EBC41090F8F0
:20A120003A0060B12C4800EBC41090F83A00032805D02A48005D10B99821284801552A4856
:20A14000008800EB4000294901EB8010007C082812D1214800EBC41090F83A0060B11E486E
:20A1600000EBC41090F83A00042805D01B48005D10B99821194801551B48008800EB40004E
:20A180001A4901EB8010007C0A2812D1124800EBC41090F83A0060B10F4800EBC41090F8C5
:20A1A0003A00052805D00D48005D10B998210B4801550D48008800EB40000C4901EB8010AD
:20A1C000007C0B2824D1044800EBC41010E000008010220000100140A02F0020B11000200D
:20A1E000A0300020C01200208E000020B004002090F83A0060B1264800EBC41090F83A0039
:20A20000062805D02348005D10B99821214801551F4890F83B005A280ED01D4890F8BB0000
:20A220005A2809D01A4890F83B015A2804D0184890F8BB015A2803D100201749087002E073
:20A2400001201549087000241DE01448008800EB4000134901EB8010007C03280ED10C4825
:20A2600000EBC410807F7F2808D001200D4908557F20074901EBC411887702E000200949CA
:20A280000855601CC4B2042CDFDB00BFF0E50000A02F0020B11000203E0300208E00002012
:20A2A000B00400203F0300202DE9FE4F07464FF4803002909748008800EB4000964901EBD6
:20A2C0008010806CC0F3872000909248008800EB400001EB8010B0F84800C0F3090B8D4883
:20A2E000008800EB400001EB801090F846005844B0F5806F10D9CBF1000000F0FF098548C7
:20A30000008800EB400001EB801090F84600A0EB090000F0FF0A0AE07E48008800EB400050
:20A320007D4901EB801090F846904FF0000A012F03D100F0CBFF00F051FE00F0EFFF77489A
:20A3400000F020FA002000F053FA7548006820F07F4040F08840724908600846406820F081
:20A36000FF0040F044004860080408616948008800EB4000684901EB80104069C0F38728B1
:20A38000002F70D16348008818B94FF48030029007E060480088401E4FF4801101EB40400F
:20A3A0000290002597E04FF480625E49029805F097F85D48006888B15C48405D70B10024B9
:20A3C00009E05848005D553859490978484055490855601C84B2B4F5806FF2DBA8F10100B3
:20A3E000A84211D1FF204F4981F8F80381F8F90381F8FA0381F8FB0381F8FC0381F8FD0313
:20A4000081F8FE0381F8FF034248008800EB4000414901EB801090F84600E8B1009885423E
:20A420000AD1002406E0FF2004EB0B013D4A5054601C84B24C45F6DBBAF1000F0CD00098B0
:20A44000401C854208D1002404E0FF2035490855601C84B25445F8DB002433E001A8FFF70A
:20A46000D7FB00260EE039E001A8805D2D49095D884205D02F48805D10B993212D488155C0
:20A48000701C86B2042EEFDB9DF804002549095D884215D09DF805002249095D88420FD0CC
:20A4A0009DF806001F49095D884209D09DF807001C49095D884203D000F030FFBDE8FE8F3B
:20A4C000601C84B2B4F5806FC8DB029800F580600290681CC5B24545FFF665AF012F17D1E8
:20A4E000002513E0002408E001A8FFF791FB9DF804000C490855601C84B2B4F5806FF3DBAA
:20A500004FF4806008F0B2FD681CC5B24545E9DB00BFD3E78E000020B004002000102200FB
:20A5200000100140C0120020A4020020A031002037020020B110002070B504460D460026FF
:20A5400026E04FF46810204908604FF480201F4908601F480068804704F0800020B14FF498
:20A5600070701C49086103E04FF07070194908611748006880473A20134908600420134934
:20A5800008601348006880476006040E701CC6B2082ED6DB9DB94FF468100B4908604FF456
:20A5A00080200A4908600A48006880473A2006490860042005490860054800688047012D2A
:20A5C00001D100F033FA70BD100C01401014014044030020001001402DE9F04105460E46FF
:20A5E000144600277DE034B1012C08D0022C0BD0032C12D10DE000205E4908600DE000204F
:20A600005C49091F086008E000205A490839086003E000205849086000BF00BF5748006820
:20A62000804705F08000D8B134B1012C08D0022C0BD0032C13D10DE00120514908600EE051
:20A6400001204F49091F086009E001204C490839086004E001204A490C39086000BF1BE06A
:20A6600034B1012C08D0022C0BD0032C13D10DE00020434908600EE000204149091F0860AB
:20A6800009E000203E490839086004E000203C490C39086000BF00BF38480068804734B139
:20A6A000012C08D0022C0BD0032C12D10DE00120304908600DE001202E49091F086008E08E
:20A6C00001202C490839086003E001202A49086000BF00BF2948006880476806050E781C29
:20A6E000C7B2082FFFF67FAF9EBB34B1012C08D0022C0BD0032C12D10DE000201D4908604E
:20A700000DE000201B49091F086008E0002019490839086003E000201749086000BF00BFDC
:20A7200016480068804734B1012C08D0022C0BD0032C13D10EE001200E4908600EE00120A9
:20A740000C49091F086009E001200A490839086004E007E001200849086000BF00BF07489C
:20A7600000688047012E02D1204600F0D5F9BDE8F081000094812142888122424403002022
:20A78000A401224270B50446002522E004F4000020B14FF470701249086103E04FF0707068
:20A7A0000F4908614FF468100E4908604FF480200D4908600D48006880473A200949086025
:20A7C0000420094908600948006880476400681CC5B2182DDADB0A2007F0E6F970BD000095
:20A7E00000100140100C0140101401404403002070B50446002522E004F4004020B14FF4FD
:20A8000070701249086103E04FF070700F4908614FF468100E4908604FF480200D490860B6
:20A820000D48006880473A20094908600420094908600948006880476400681CC5B2102D86
:20A84000DADB0A2007F0B0F970BD000000100140100C0140101401404403002038B500F0F5
:20A860005DFD2C48FFF78EFF2B49098801EB41012A4A02EB81114969A1F10800FFF7B8FF68
:20A880002748006820F07F4040F08840244908600846406820F0FF0040F044004860080418
:20A8A0000861002431E06846FFF7B2F900250DE01DF805001B49095D884205D01A48405D17
:20A8C00010B9932118484155681CC5B2042DEFDB9DF800001349095D884214D09DF8010074
:20A8E0001049095D88420ED09DF802000D49095D884208D09DF803000A49095D884202D00F
:20A9000000F00CFD38BD601CC4B2082CCBDB00BFF8E70000001022008E000020B00400202B
:20A920000010014030030020B11000202DE9F84F05468A4616463748008810B94FF48039F2
:20A9400006E034480088401E4FF4801101EB404905F00308C8F10400504501DA082700E02A
:20A9600004274FF6FC71294001EB09003A462A4904F0B6FD00240FE02648008800EB4000CE
:20A98000264901EB80105C3010F8140004EB0801214A5054601CC4B21E48008800EB400012
:20A9A0001E4901EB801090F84600A042E4DC00F0B5FC1B48FFF7E6FE4FF6FC7105EA0100C4
:20A9C000FFF716FF1748006820F07F4040F08840144908600846406820F0FF0040F04400A0
:20A9E000486008040861002410E06846FFF710F91DF806000849095D884205D00A48805DD9
:20AA000010B9932108488155601CC4B2BC42ECDBBDE8F88F8E000020C0120020B00400203C
:20AA20000010220000100140B11000202DE9F04100274FF46810324908604FF48020314949
:20AA400008603148006880473A202D49086004202C4908602D48006820F07F4040F0884009
:20AA60002A4908600846406820F0FF0040F0440048600804086100242DE025480078A0406F
:20AA800000F0080028B30027002520E001F0F2F90646022007F088F80BE001F0EBF9801B7B
:20AAA0000A2803D901279B211A480155022007F07BF8164880684FF400712141084008B103
:20AAC000002FEAD00A2007F06FF8681CC5B2032DDCDB601CC4B2042CCFDB0C48006820F08B
:20AAE0007F4040F08850094908600846406820F0FF0040F01100486088140861BDE8F081CC
:20AB0000100C014010140140440300200010014043030020B11000202DE9F04104460027BC
:20AB200034B1012C08D0022C0BD0032C12D10DE00020404908600DE000203E49091F0860EE
:20AB400008E000203B490839086003E000203A49086000BF00BF39480068804734B1012C92
:20AB600008D0022C0BD0032C12D10DE00120314908600DE001202F49091F086008E00120D3
:20AB80002C490839086003E001202B49086000BF00BF2B48006820F07F4040F08840284926
:20ABA00008600846406820F0FF0040F0440048600804086123480078A04000F0080028B301
:20ABC0000027002520E001F055F90646022006F0EBFF0BE001F04EF9801B0A2803D90127A8
:20ABE0009B2119480155022006F0DEFF144880684FF400712141084008B1002FEAD00A207F
:20AC000006F0D2FF681CC5B2032DDCDB0C48006820F07F4040F08850094908600846406848
:20AC200020F0FF0040F01100486088140861BDE8F0810000948121428881224244030020B5
:20AC40000010014043030020B110002010B500F065FB1248FFF796FD0020FFF7C9FD002464
:20AC60000FE0FEF7D5FD0E4908700846007828B10C49085D0121FFF75FFC00E010BD601C5A
:20AC8000C4B20948008800EB4000084901EB8010408BA042E5DC00BFF0E700004010120007
:20ACA00043030020C02300208E000020B00400202DE9F0470546894692463148008810B9A0
:20ACC0004FF4803806E02E480088401E4FF4801101EB404800F022FB2A48FFF753FD4FF6E5
:20ACE000FC7105EA0100FFF783FD05F00307C7F10400484501DA082600E004264FF6FC7174
:20AD0000294001EB080032461F4904F0E9FB00240EE01B48008800EB40001C4901EB801015
:20AD20005C3010F81400E119174A5054601CC4B21348008800EB4000144901EB801090F80B
:20AD40004600A042E5DC002416E0601CC11700EB91718910A0EB810131B10B49085D5246D6
:20AD60000021FFF739FC05E00749085D52460121FFF732FC601CC4B2B442E6DBBDE8F0874A
:20AD80008E00002000101200C0120020B00400202DE9FC5F00200190401E009071480088CC
:20ADA00010B94FF4803606E06E480088401E4FF4801101EB40466B48008800EB40006A49F0
:20ADC00001EB80104069C0F3872A6648008800EB400001EB8010806CC0F3872B614800888B
:20ADE00000EB400001EB8010B0F84800C0F309095C48008800EB400001EB801090F8460056
:20AE00004844B0F5806F0ED9C9F10000C7B25548008800EB400001EB801090F84600C01B83
:20AE200000F0FF080AE04F48008800EB40004E4901EB801090F846704FF0000800F06EFAF7
:20AE40004A48FFF79FFC0020FFF7D2FC002583E04FF480624649304604F042FB4548006813
:20AE600088B14548405D70B1002409E04048005D55384249097848403D490855601C84B2A6
:20AE8000B4F5806FF2DBAAF10100A84211D1FF20374981F8F80381F8F90381F8FA0381F86E
:20AEA000FB0381F8FC0381F8FD0381F8FE0381F8FF032C48008800EB40002B4901EB801097
:20AEC00090F84600E0B15D450AD1002406E0FF2004EB0901264A5054601C84B2BC42F6DBDF
:20AEE000B8F1000F0CD00BF10100854208D1002404E0FF201E490855601C84B24445F8DB28
:20AF0000002422E0FEF784FC1D49087008460078B8B11749085D0021FFF70EFB144A611CC9
:20AF2000505C0021FFF708FB114AA11C505C0021FFF702FB0E4AE11C505C0121FFF7FCFA64
:20AF400001E0BDE8FC9F201D84B2B4F5806FD9DB06F58066681CC5B25545FFF679AF00BFBF
:20AF6000EFE700008E000020B004002000101200C0120020A4020020A03100203702002055
:20AF80004303002010B54FF468100F4908604FF480200E4908604FF070700D49086100206B
:20AFA0000C4908601E2006F0DEFD01200A49C1F88801142006F0D7FD0020064930390860D1
:20AFC000C82006F0DBFD10BD100C01401014014000100140B80122420000224210B500F0A5
:20AFE0009DF9034800F040F9322006F0DDFD10BD915C8A4810B500F091F9024800F034F9F3
:20B0000010BD0000995C8A4830B585B000F086F93B48FFF7B7FB0020FFF7EAFB3948006804
:20B0200020F07F4040F08840364908600846406820F0FF0040F044004860080408610024A8
:20B0400010E06846FEF7E4FD002507E01DF8050001A901EB84014855681CC5B2042DF5DBA2
:20B06000601CC4B2042CECDB00242AE001A8005D192807D102A8005D062803D103A8005D89
:20B0800001280BD001A8005D212812D102A8005D04280ED103A8005D01280AD11A48005D9D
:20B0A00018B11948005D012809D100211648015505E01548005D10B9982113480155601CE3
:20B0C000C4B2042CD2DB002416E004A8005D012803D100200D4908550CE004A8005D18B964
:20B0E00001200A49085505E00748005D10B9982105480155601CC4B2042CE6DB05B030BD44
:20B100000020220000100140B11000203A03002070B55248008800EB4000514901EB8010D6
:20B1200090F8460000B970BD002592E04D48405D00287CD14948008800EB4000484901EB5C
:20B14000801090F85C404548008800EB400001EB801090F85E0004EB00244048008800EB8B
:20B16000400001EB801090F8600004EB00443B48008800EB400001EB801090F8620004EB6D
:20B180000064364A128802EB42020B4603EB821292F84610314A128802EB420203EB821285
:20B1A000B2F8482090B22A46FFF782FD642006F0E5FC2C48405DA0B9284A128802EB420254
:20B1C000274B03EB821292F84610244A128802EB420203EB8212B2F8482090B22A46FFF726
:20B1E000A5FB2048405D48B91C48008800EB40001B4901EB801090F964000444E0B217498B
:20B20000098801EB4101164A02EB8111A1F85C00C4F307211148008800EB400002EB801033
:20B22000A0F85E10C4F307410C48008800E00EE000EB400002EB8010A0F86010200E074931
:20B24000098801EB410102EB8111A1F86200681CC5B2042DFFF66AAF00BF64E78E000020C3
:20B26000B0040020B110002070B50446002522E004F0004020B14FF470701049086103E0B6
:20B280004FF070700D4908614FF468100C4908604FF480200B4908600B48006880473A20DD
:20B2A000074908600420074908600748006880476400681CC5B2202DDADB70BD001001409D
:20B2C000100C0140101401404403002010B5012006F054FC00200C490860322006F043FCB5
:20B2E00001200A49C1F8B8014FF46810084908604FF48020074908604FF070700649086182
:20B30000052006F03BFC10BD8801224200002242100C0140101401400010014010B54FF4A2
:20B320006810124908604FF4802011490860FA2006F03AFC3A200D49086004200C490860EE
:20B34000FA2006F031FC0B48006820F07F4040F08850084908600846406820F0FF0040F030
:20B36000110048608814086110BD0000100C0140101401400010014010B506F0F3FB10BDB9
:20B3800010B5022006F010FC10BD10B5022006F00BFC10BD002070470020704700207047C1
:20B3A00070B50024064D07E0165D4640F6B2641C55F8266086EA10209C42F5D3484070BD1B
:20B3C000003A010810B5014600200B46002203E01C7820445B1C521CB2F5806FF8D310BD9D
:20B3E0002DE9F84F344D4FF00009DFF8D0B02878697800EB0120A97800EB0140E97800EBAA
:20B40000016A2F480078A52802D100202C4908702C48FDF7BBF8C7B239462A4807F0B0FDFC
:20B4200004462948008800EB4000284901EB8010C07B2549098801EB4101244A02EB81115C
:20B44000897B01EBC10202EB011100EB81061E4909884FF49C0202EB414101EB0B00042263
:20B46000694604F03DF89DF8030000069DF8021040EA01409DF8011040EA01209DF80010AE
:20B4800040EA0108BAF1D70F0CD0B44202D00CB14FF00109B44205D10D480068804501D01F
:20B4A0004FF00109B9F1000F04D0A5200449087001F034FDBDE8F88FF87F0008F87B0100EB
:20B4C000F84F0020C0FF01088E000020B0040020F8FF0108F0B52B48008800EB40012A487D
:20B4E00000EB811090F80EE0B0F85C40B0F85EC0B0F86020B0F86270B0F85430B0F8566024
:20B50000B0F85810B0F85A50BEF10A0F18D0E0B20CF0FF0400EB0420D2B200EB0240DAB23C
:20B52000F3B202EB0322C9B202EB014100EB076001EB0561421C01D0884220D98920F0BDBE
:20B540004FEA0C4C00201CEB040440EB000C10EB040E42EB0C023C0410EB0E075441320491
:20B56000D21840EB000683187141C01841EB05426FEA07012143E1D0C01BA241DED3002013
:20B58000F0BD00008E000020B004002010B504F089FD04F075FD10BD014801F035B80000E3
:20B5A00034120020014801F02FB800006C120020704710B5040016D04FF49E2000EB0431DF
:20B5C000002000F0D7F84FF4602000EB4441012000F0D0F84FF4702000EB4441BDE8104048
:20B5E000012000F0C7B80021012000F0C3F84FF48031012000F0BEF84FF44031EEE700008A
:20B60000F0B5074635A00E4691B007C801AB83E8070035A004AB07C883E8070035A207AB93
:20B6200007CA83E8070036A00AAB07C883E8070036A20DAB07CA83E80700002006F05DFABB
:20B640000C244EB1300909282ED2DFE800F02D2022242D2D262D2800012F06D0022F06D025
:20B66000032F06D0062F07D105E001AD04E004AD02E00AAD00E007AD10232A460521184639
:20B68000009406F0F7FA1023234A00941CE001AD0AE004AD08E00AAD06E007AD04E006F0A3
:20B6A0000F00082800D10DAD10232A4605211846009406F0DFFA194A0221304607F0ACFC9B
:20B6C000164A1023083A00940521702006F0D2FA4FF4FA7006F047FA11B0F0BD2056444439
:20B6E00020434845434B20202056505720434845434B202020464C415348205445535420A3
:20B70000434F4E4E4543542054455354205245414420434F554E5420E1000020090200208E
:20B72000022001F049BA000000B585B00E48816941F004018161806900F004000090022022
:20B7400001900A4802900120039001A9084801F03FFA02221146072001F0AEFB072001F048
:20B7600095FB05B000BD00000010024000002110000801402DE9F0410C46074606F048F9DE
:20B7800006F090F9DFF85C8000221021404601F0FDFA154D27B1012F04D0022F04D11FE073
:20B7A000202000E0D82028704FF47A76334601220D490E4802F060FD022F0AD0200C287040
:20B7C000200A6870AC70334603220749074802F053FD4046BDE8F0410122102101F0D6BA9B
:20B7E000C720E0E7000801405802002078030020FEE7000006490020C8610648016941F0D7
:20B8000004010161016941F04001016170470000802F0020002002402DE9F047DFF89C805B
:20B82000D8F820104CF250390143CFB2C1F30726C1F307450C0E484600F02CF900283BD1AA
:20B840001F49C86101F09EF8002835D1D8F8102042F01002C8F81020FF2F07D0194801887F
:20B8600039430180484600F015F9F8B9FF2E08D01448801C018831430180484600F00AF992
:20B88000A0B9FF2D08D00F48001D018829430180484600F0FFF848B9FF2C07D00948801DFB
:20B8A000018821430180484600F0F4F8D8F8102022F01002C8F81020BDE8F087002002401E
:20B8C000802F002008F8FF1F2DE9F047DFF89C80D8F820104CF250398143CFB2C1F307264E
:20B8E000C1F307450C0E484600F0D4F800283BD11F49C86101F046F8002835D1D8F81020C2
:20B9000042F01002C8F81020FF2F07D01948018839400180484600F0BDF8F8B9FF2E08D021
:20B920001448801C018831400180484600F0B2F8A0B9FF2D08D00F48001D01882940018028
:20B94000484600F0A7F848B9FF2C07D00948801D018821400180484600F09CF8D8F810205C
:20B9600022F01002C8F81020BDE8F08700200240802F002008F8FF1FA5200021044AD269D9
:20B9800002F00201022901D1002000E0A5207047002002400449A520C96901F00201022974
:20B9A00000D10020704700000020024070B506464CF25035284600F06DF8002820D1114913
:20B9C000C861114C206940F020002061206940F040002061284600F05DF8216921F020019E
:20B9E000216100280CD1206940F01000206107480680284600F04EF8216921F010012161CF
:20BA000070BD0000802F00200020024000F8FF1F064A0021D16106490A6942F002020A61AC
:20BA20004861086940F0400008617047802F002000200240044B0022DA61044A136943F082
:20BA40000103136101807047802F0020002002400E49C868C2060E4803D5C26942F0020227
:20BA6000C261CA68520703D5C26942F00102C261CA69D20707D0C26942F00402C261C86923
:20BA800020F00100C8611420C860704700200240802F002070B5054601F07EF90646114CA7
:20BAA00009E0681C07D025B101F076F9801BA84201D9032070BDE068C007F2D1E0688006BD
:20BAC00001D52020E060E068C00605D4E069C00702D1E068400703D5FFF7BAFF012070BDE2
:20BAE000002070BD002002403EB5174B044600250A21186803E0B0FBF1F06D1CEDB2002869
:20BB0000F9D16A462946186807F06EFA9DF8000020702E2060709DF80110A170E0709DF87E
:20BB2000020020719DF8030060712020A071002069462D1F05E00A1823181279401CDA7129
:20BB4000C0B2A842F7DB3EBDF8FF010810B504F03FFAFF2004F068FA0A2006F00FF8F0201E
:20BB600004F062FA0A2006F009F8BDE81040FF2004F05ABA2DE9F05F00263446E1B2002080
:20BB800006F052FE21040120FFF7F4FD641CA4B2072CF3D36A4D00244FF480574FF4402BC0
:20BBA00004F10C00C1B2002006F03EFE0BEB044080463A46624903F093FC0020295CFF2945
:20BBC00004D1401C80B2B842F8D326B141460120FFF7D0FD0026641CA4B2622CE0D34FF07F
:20BBE00000084FF4807904E0B8F1000F01D0552600E0AA2608F1010A0AF0FF00002106F055
:20BC000013FE4F4D00202E54401C80B2FF28FAD900273C464A464A49384605F023FF641C6C
:20BC2000A4B207F58037072CF4D300273C464A464349384603F054FC002007F58037295C23
:20BC4000B14256D1401C80B2FF28F8D9641CA4B2072CECD3002421040020FFF78BFD641C15
:20BC6000A4B2072CF7D3B8F1000F01D0552400E0AA240AF0FF00002106F0D6FD00202C543E
:20BC8000401C80B2FF28FAD95F460026C84642462B49384605F0E6FE761CB6B207F5803743
:20BCA000622EF4D35E46002742462549304603F017FC002006F58036295CA14219D1401C71
:20BCC00080B2FF28F8D97F1CBFB2622FECD34FF44827002642461A49384605F0C3FE42465F
:20BCE0001749384603F0FCFB002029460A5CA24202D06020BDE8F09F401C80B2FF28F5D99A
:20BD0000761CB6B207F58037622EE3D300245D464FF4482605EB04410020FFF72BFD06EB54
:20BD200004410020FFF726FD641CA4B2622CF1D31FFA8AF8B8F1020FFFF456AF0020D9E730
:20BD4000C01200202DE9F0470D4681460026FF224FF480511048FCF707FC4FF48067DFF8E0
:20BD6000388014E0BD4201D2ACB200E03C4622460949484603F0B4FB0020414603E00A5CAB
:20BD8000401C164480B2A042F9D3A1442D1B002DE8D13046BDE8F087C01200202DE9F05F11
:20BDA0000C4607460025FF224FF480512F48FCF7DBFB4FF4803290112C4994424ED992466A
:20BDC00080468946444501D2A6B200E0464632462649384603F084FB0020494603E00A5CDF
:20BDE000401C154480B2B042F9D3A41B37445445E8D8DFF87CA04FF4403B74B34646B442B1
:20BE000000D2A6B2BAF800001849324628B1384603F066FB0020494605E05846F8E70A5C4B
:20BE2000401C154480B2B042F9D33744A41BE4E74E46B44200D2A6B232460C49384603F066
:20BE40004FFB0020414603E00A5C401C154480B2B042F9D33744A41B02E003E0814688466F
:20BE6000002CE5D12846BDE8F09F0000C01200208E0000200148806870470000880000200E
:20BE80007FB50446102269496846FCF75BFBE5202070422060707A20A07003F011FD644E25
:20BEA000307803F04BFB03F071FC6249002023180A5C401CC0B2DA701028F8D35E4801888B
:20BEC000090AE174007820755C480168090E61750168090CA1750188090AE175007820765F
:20BEE0005749002042182318401C92F8E827C0B25A760C28F6D3534D00203188221801EB1A
:20BF0000410105EB8111095C401CC0B282F825100E28F2D33088102200EB400005EB8011EA
:20BF200011F80E0F84F83300487884F8340031F8360F000A84F8350011F8220B84F83600AB
:20BF40000888000A84F8370011F8040B84F838000888000A84F8390011F8040B84F83A00AB
:20BF60000888000A84F83B0011F85E0984F83C0011F8140B84F83D0004F14000FCF7E2FA63
:20BF8000308800EB400005EB801090F8461084F8501090F8641084F85110806CC4F85200B1
:20BFA0000020318801EB410105EB811101EB4001B1F84C2004EB400121F8562F328802EB41
:20BFC000420205EB821202EB4002B2F854200A81328802EB420205EB821202EB4002401CC7
:20BFE000B2F85C20C0B20A820428DAD31649308801EB001100EB4000096805EB801044F8D8
:20C000006E1F818BA180C18BE180018C2181418C618190F8BC10A17390F8BD10E17390F842
:20C02000BE10217490F8BF0060747FBDC0FF01088E000020E0FF0108FC7F0008F8FF010865
:20C0400000F0FF1FB0040020C4100020F8B500250446009590F82400012808D0012084F80F
:20C0600024002046FCF7D8FA060002D04BE00220F8BDA06A20F4885040F00200A06202204B
:20C0800001F038FA22490968B1FBF0F0400000E0401E00900028FBD12046FCF7E3FA206855
:20C0A000816841F00801816000F076FE074604E000F072FEC01B0A2811D82068806800071A
:20C0C000F6D42068816841F00401816000F064FE07460EE000F060FEC01B0A2809D9A06A3A
:20C0E00020F0020040F01000A06284F824500120F8BD206880684007ECD4A06A20F0020093
:20C1000040F00100A06284F824503046F8BD000084000020F8B50025009590F82420AE4606
:20C12000012A1ED0012280F824204A681F244FF47873072A17D20668776B93FAA3FCBCFA98
:20C140008CFC521E02FB0CFC04FA0CF4A74393FAA3F3B3FA83F30C685A439440274377638B
:20C160002DE00220F8BD06680D2A14D2376B93FAA3FCBCFA8CFCD21F02FB0CFC04FA0CF450
:20C18000A74393FAA3F3B3FA83F30C685A4394402743376313E0F76A93FAA3FCBCFA8CFCC8
:20C1A0000D3A02FB0CFC04FA0CF4A74393FAA3F3B3FA83F30C685A4394402743F7620A68EB
:20C1C0003823072406680A2A14D3F76893FAA3FCBCFA8CFC0A3A02FB0CFC04FA0CF4A74356
:20C1E00093FAA3F3B3FA83F38C685A4394402743F76012E0376993FAA3FCBCFA8CFC02FBDA
:20C200000CFC04FA0CF4A74393FAA3F3B3FA83F38C685A439440274337610A68102A01D004
:20C22000112A20D1124B02689A4217D193681B0219D4936843F4000393600968102912D18D
:20C240000C490D4A0968B1FBF2F101EB8101490000E0491E00910029FBD104E0816A41F0AE
:20C2600020018162012580F824E02846F8BD0000002401408400002040420F000068C06CC7
:20C28000704700002DE9F04104004FF0000514D0A06A002628B9E66284F82460204600F0C5
:20C2A0008BF82046FCF7B8F9A16A01F01001014304D0A06A40F01000A06277E0A16A21F409
:20C2C000885141F00201A1626268E16902270A43E16897FAA7F70B46B7FA87F7B9400A4386
:20C2E000A1684FF48077B94208D0012906D00021D4F814C0BCF1010F02D00AE03946F7E791
:20C30000F3B1A36A43F02003A362E36A43F00103E3622368D3F804C02CF4694C4CEA010C16
:20C32000C3F804C021688B68DFF884C003EA0C0313438B60A168B94210D001290ED016E0C8
:20C340004FF4604CA3699CFAACFCBCFA8CFC5B1E03FA0CF30B4343F40061DAE74FF4700196
:20C36000256991FAA1F1B1FA81F16D1E8D402168CB6A23F470032B43CB62216889680D4BE8
:20C380001940914208D1E662A16A21F0020141F00101A162BDE8F081A06A20F0020040F099
:20C3A0001000A062E06A40F00100E0620120F1E7FDF7E1FFFE0E1FFF00B500680A4985B012
:20C3C00088420FD10948816941F4007181618069694600F4007004900320009001900448D0
:20C3E00000F0F6FB05B000BD0024014000100240001001402DE9F84300260D460446009638
:20C4000000F0CAFC804620688168C90508D5A06A40F02000A06284F824600120BDE8F883E7
:20C420004168C90503D4C06A10F4700F26D0022001F060F838490968B1FBF0F72068036927
:20C4400036490B424FEA61014FEAA1121BD1C3684FEA611C13EA0C0F15D103690B4221D113
:20C46000C06810421ED114201FE0681C06D045B300F092FCA0EB0800A84222D820680068E9
:20C480008007F2D52AE003690B4202D1C168114206D0026922490A4206D1C068084203D127
:20C4A000542002E0292000E0FC204743009813E0681C0ED02DB100F06FFCA0EB0800A842B4
:20C4C00007D9A06A40F00400A06284F824600320A4E70098401C0090B842E9D321686FF06C
:20C4E00012000860A06A40F40070A06220688068C0F3424007280CD1E06850B9A06A20F4F2
:20C500008070A062A06AC00403D4A06A40F00100A062002082E700008400002024499224F7
:20C520004992240070B5044690F8240001280DD0012084F824002046FCF794F802004FF0F4
:20C54000000005D084F82400104670BD022070BDA16A40F20123994341F48071A1621F4DC2
:20C5600023681F49AB4218D10E6816F4702F14D0A66A46F48016A6620E68760505D5A66A2C
:20C5800026F4005646F48056A662A66AF6040AD5E66A26F00606E66206E0A66A26F48016CA
:20C5A000A6625E68E9E7E06284F824006FF00200186020688368C3F34243072B05D1A84282
:20C5C00008D1096811F4702F04D0816841F480118160B9E7816841F4A001F9E70028014061
:20C5E0000424014010B5040002D0607910B106E0012010BD00202071204600F004F80120A5
:20C600006071002010BD70472DE9F05FDFF860820446D8F80020DFF858B2954D944E944FC5
:20C620000068DFF84C92DFF848A20BF1080B1C35303644374FF400614FF4004C4FF4002E37
:20C6400009F158090AF16C0A584501D1082316E0A84201D1802312E0B04201D10B460EE02A
:20C66000B84201D163460AE0484501D1734606E0504502D14FF4000301E04FF000631A42D0
:20C6800031D00268D24312072DD4026822F0080202602068584501D1082114E0A84201D148
:20C6A000802110E0B0420ED0B84201D161460AE0484501D1714606E0504502D14FF4000114
:20C6C00001E04FF00061C8F80410606B40F001006063042084F82100002084F82000216B3D
:20C6E00009B1204688476248D0F800C04FF4806120680A010B044FF4802E584502D14FF0B3
:20C70000040816E0A84202D14FF0400811E0B04201D188460DE0B84201D1904609E048454B
:20C7200001D1F04605E0504502D14FF4800800E098461CEA080F33D0D0F800C06FEA0C0C02
:20C740005FEA4C7C2CD4D0F800C05FEA8C6C05D4D0F800C02CF0040CC0F800C020685845D5
:20C7600001D1042113E0A84201D140210FE0B0420DD0B84201D1114609E0484501D17146D2
:20C7800005E0504502D14FF4800100E0194638484160112084F82100E16A09B12046884720
:20C7A000334AD2F800C05B46206851154FF4005B4FF4003E984202D14FF0020817E0A842ED
:20C7C00002D14FF0200812E0B04201D188460EE0B84201D1D8460AE0484501D1F04606E05E
:20C7E000504502D14FF4001801E04FF000781CEA080F3BD0D0F800C06FEA0C0C5FEA8C7C6C
:20C8000034D4D0F800C05FEA8C6C05D4D0F800C02CF0020CC0F800C02068984201D10221ED
:20C8200014E0A84201D1202110E0B0420ED0B84201D159460AE0484501D1714606E0504561
:20C8400002D14FF4001101E04FF000715160606B6063012084F82100002084F82000A16A5C
:20C86000002903D02046BDE8F05F0847BDE8F09F0000024070B520B190F82110002411B108
:20C8800003E0012070BD80F82040022180F8211003681A6843F6F0718A43D0E90115294334
:20C8A000D0E90356354329434569294385692943C5692943114319604463012180F8211035
:20C8C000002070BD31B500F067FA044600F064FA0099001B8842F9D338BD00002DE9F047B0
:20C8E000054626480F460126017E01290FD00121814601762868DFF888804CF250340228C0
:20C9000008D0A2462046FFF7C5F8A8B131E00220BDE8F0872046FFF7BDF808BB0120FEF7AC
:20C9200069FF2046FFF7B6F8D8F81010064621F00401C8F810101CE04FF0FF303860AC683D
:20C9400011E02046FFF764F85046FFF7A3F8D8F81010060021F00201C8F8101001D03C60B0
:20C9600007E004F58064D5E9020100EB8120A042E7D8002189F818103046C9E7802F002046
:20C980000020024070B5FFF705F8C5B24CF250363046FFF77FF8002818D10D49C8610D4C16
:20C9A000206940F020002061206940F0400020613046FFF76FF8216921F02001216100286A
:20C9C00004D12846BDE87040FEF7F0BF70BD0000802F0020002002402DE9F0472D4D0446AC
:20C9E0000120297E01290ED00121297621784FF00007C9070DD060680128A06806D0FEF756
:20CA00000BFFE8BB05E00220BDE8F087FEF75CFFF7E72178890703D5207CFEF7C7FF78BB8D
:20CA200021781D4E49074CF2503916D594F811804846FFF72FF878B9EF61306940F01000CE
:20CA40003061164948F0880008804846FFF722F8316921F01001316190B92178090716D5D5
:20CA6000D4F81480247E4846FFF714F840B9EF61306940F010003061A8F80040484600E023
:20CA800005E0FFF707F8316921F0100131612F76BAE70000802F00200020024002F8FF1FDF
:20CAA0000348016941F0800101610020704700000020024005480169890505D40449816028
:20CAC0000449816000207047012070470020024023016745AB89EFCD2DE9F05F07461C4841
:20CAE00088460024017E15461E46012909D00121814601764CF2503A5046FEF7CBFF18B1BD
:20CB000022E00220BDE8F09F012F02D0022F00D00427D346DFF83CA0220128463146FBF7C9
:20CB200001FD81B208EB4400FEF784FF5846FEF7B1FFDAF8102022F00102CAF8102018B9F8
:20CB4000641CE4B2BC42E7D3002289F81820D9E7802F00200020024005480169090605D59B
:20CB6000044941600449416000207047012070470020024023016745AB89EFCD10B50446F9
:20CB8000642004F0F0FF022C10D1094CD4F8040100280BD10A2004F0F1FFD4F804010028EE
:20CBA00004D10448817881F00101817010BD00000000214288000020044910B50A68024257
:20CBC00002D00860FFF7DAFF10BD0000140401402DE9F84FDFF890A100220AF1040B14463B
:20CBE00001274FF00F090BF1040E00BF0B6807FA04F52B40AB4274D1DFF870C14E68A6EB90
:20CC00000C0866452BD00DDC032E34D005DC36B3012E19D0022E2FD11BE0112E16D0122ECA
:20CC20002AD119E0B8F5881F19D006DCB8F5803F15D0B8F5801F1FD111E0B8F5001F0ED0B9
:20CC4000B8F5041F18D10AE0CA6815E0CA68121D12E0CA6808320FE0CA680C320CE08A680E
:20CC60002AB1012A4FF0080203D0456104E0042202E0056100E00022FF2B01D8064601E068
:20CC800000F104064FEA840501D9A5F12005D6F800C009FA05F82CEA080C02FA05F54CEA5E
:20CCA000050CC6F800C04D68ED0057D5304DAE6946F00106AE61AD6924F0030605F0010509
:20CCC00000952C4D06EB050CDCF80850A6074FEA167809FA08F6B543274EB04202D100264B
:20CCE00010E03BE0254EB04201D101260AE0244EB04201D1022605E0224EB04201D1032641
:20CD000000E0042606FA08F62E43CCF808604D68DAF80060ED03554601D51E4300E09E4304
:20CD20002E604D68DBF80060AD035D4601D51E4300E09E432E604D68DEF80060ED0275460F
:20CD400001D51E4300E09E432E604D68AD020E4D2E6801D51E4300E09E432E60641C102CB6
:20CD6000FFF444AFBDE8F88F0004014000001110001002400000014000080140000C014012
:20CD800000100140001401400C0401400AB1016170470904FBE70000014800687047000071
:20CDA0001803002002480168491C01607047000018030020074810B5016841F010010160AD
:20CDC000032000F099F8002000F006F800F016F8002010BD0020024010B5044600F05CFDFC
:20CDE0004FF47A71B0FBF1F001F043FC00222146501E00F061F8002010BD0000214808B5F6
:20CE0000816941F001018161806900F001000090032000F071F8002211466FF00B0000F05A
:20CE20004BF8002211466FF00A0000F045F8002211466FF0090000F03FF800221146501FB0
:20CE400000F03AF800221146101F00F035F800221146901E00F030F800221146501E00F0D5
:20CE60002BF800221146012000F026F8012000F018F80548416821F0E06141F0007141603B
:20CE800008BD0000001002400000014000F01F02012191404009800000F1E020C0F8801133
:20CEA000704700F01F02012191404009800000F1E020C0F800117047F0B40E4B1B680C46AB
:20CEC000C3F30223C3F10705042D00D90425191D072901D2002300E0DB1E012606FA05F132
:20CEE000491E214099409E40761E16403143F0BC02F086B80CED00E0064900F007020868E8
:20CF00004FF6FF03184040EA0220034A10430860704700000CED00E00000FA05BFF34F8FFF
:20CF200005480168054A01F4E06111430160BFF34F8F00BFFDE700000CED00E00400FA05F2
:20CF400010B50C0605D501F07F0100EB4110283003E000EB411000F5027099B232B1012244
:20CF60008272C180190C0181002010BD002282728180F9E7704700EB4112D0F81C04D26BD7
:20CF800003F0C3BB00EB4112D0F81C04D2F81C2203F010BC10B504460A460B0601F07F0053
:20CFA00004EB401101D5283101E001F502710870D009487094F8E803012809D0012084F899
:20CFC000E803206803F0DEFF002084F8E80310BD022010BD70B50A460446090602F07F008C
:20CFE00003D504EB4011283103E004EB421101F5027100258D700870D009487094F8E80390
:20D00000012809D0012084F8E803206804F062F884F8E853002070BD022070BD70B50446EE
:20D020000D460E0601F07F0004EB401101D5283101E001F502710870E80948700A61CB7099
:20D0400094F8E803012809D0012084F8E803206803F068FE002084F8E80370BD022070BDEB
:20D0600070B504460E4601F07F0004EB401101F5077100252CC101F81F5C01F8200D94F897
:20D08000E80301280AD0012084F8E8037006206804F07AF884F8E853002070BD022070BD63
:20D0A00070B50D460446090605F07F0003D504EB4011283103E004EB451101F50271012206
:20D0C0008A700870E809487094F8E803012807D084F8E823206804F032F8680602D006E06B
:20D0E000022070BD04F57B71206803F0F1FF002084F8E80370BD70B504460E4601F07F00AA
:20D1000004EB40113C3100252CC1012201F81F2C01F8200D94F8E803012809D084F8E823C3
:20D120007006206804F030F884F8E853002070BD022070BD10B50446006804F007F9000413
:20D1400002D5204601F06CFF206804F0FFF840050CD5206830F8441F21F4806101802046AD
:20D1600000F0ECF80021204600F0FDF8206804F0EDF8400405D5206830F8441F21F4804107
:20D180000180206804F0E2F8800405D5206830F8441F21F400510180206804F0D7F8C00451
:20D1A00013D5206830F8401F21F00401018021684FF43D40A1F84000204600F0CCF820681D
:20D1C00030F8441F21F480510180206804F0BEF800051AD5206830F8441F21F4006101802D
:20D1E000206830F8401F41F008010180206830F8401F41F004010180206804F0A7F8C04381
:20D20000C00402D5204600F0E3F8206804F09EF8800508D5206830F8441F21F400710180B4
:20D22000204600F09CF8206804F090F8C00505D5206830F8441F21F48071018010BD0000FA
:20D240002DE9F04186B004004FF0000504D094F8E903002620B108E0012006B0BDE8F081F1
:20D2600084F8E863204600F04BF8032084F8E903206803F026FF04F110011422884668466B
:20D28000FBF760F994E80F0003F07AFE0021206804F06FF85FF0010704EB451080F829709D
:20D2A00000F8285F8581C670066146616D1C86610F2DF1D35FF0000004EB401181F80962C2
:20D2C00081F80802888681F80B62C1F81862C1F81C62401CC1F820620F28EDD31422414622
:20D2E0006846FBF72FF994E80F0003F0E1FE84F8246084F8E973206803F0D8FE0020ACE72D
:20D3000008B500680B49884212D10B48C16941F40001C161C069002200F4000000901146EC
:20D320001420FFF7C9FDBDE808401420FFF7B9BD08BD0000005C00400010024010B50446AE
:20D340000121D0F81C0403F007FBD4F81C04BDE8104003F0D0BAD0F81C0403F0EBBAD0F828
:20D360001C0403F0EDBA10B5044690F8E80301280BD0012084F8E80384F82410206803F0BA
:20D38000FAFF002084F8E80310BD022010BDD0F81C2400F57B71104603F0F1BA10B5044665
:20D3A00090F8E803012810D0012084F8E80301462046FFF7DFFD206803F076FE206803F080
:20D3C000B8FF002084F8E80310BD022010BD000010B50446D0F81C0403F01EFBA06900281F
:20D3E00004D00348016841F00601016010BD000010ED00E030B51C490A68036822F0E00247
:20D400001A430A6019490A6822F480320A600C1F226822F480322260144A0832136823F416
:20D42000803313600B1D1D6825F480351D604568ED0303D5256845F4803525604468A40306
:20D4400003D50C6844F480340C600179C90703D0196841F4803119600079800703D51068DB
:20D4600040F48030106030BD00700040040401400120102191FAA1F1024AB1FA81F142F860
:20D480002100704700000E4270B504F069F804F0D1FE4FF496750E4C0FE0FF2002F098FDEA
:20D4A00001212846FBF72AFAC82004F05CFBAA2002F08EFDC82004F056FB61684907ECD446
:20D4C0000448807902F03AF8BDE8704004F026BF007000408800002010B5054C2068C003FC
:20D4E00004D5FFF7D1FF4FF48030206010BD00001404014010B533A401461DCC86B08DE87D
:20D500001D0034A0344C006804900020012931D0022948D010292BD161682268D20127D5B9
:20D520004FF4701292FAA2F201F47010B2FA82F2D040C9031DF8000010D561684FF400325D
:20D5400092FAA2F201F40031B2FA82F2D14004AA515C224AB2FBF1F1484301E0204948439E
:20D560006168490204D440005FF00301B0FBF1F006B010BD226AC2F30121012903D1920723
:20D5800001D5C803F4E7022905D1626A920702D549F64040ECE70329EAD121688903E7D588
:20D5A0004FF22440E4E700F07DF961684FF4804292FAA2F201F44041B2FA82F2D140491C9B
:20D5C0004900D3E702030405060708090A0B0C0D0E0F1010010200000010024000127A00D0
:20D5E00000093D002DE9F84305460078454CC00774D0E06940F08050E061E069424E00F0E2
:20D6000080500090306840F480703060FFF7C4FB074604E0FFF7C0FBC01B642833D83068BD
:20D62000C005F7D5206A10F4407051D0A98801F4407181424CD0206A0126310491FAA1F240
:20D64000B2FA82F29300314A20F440701344C3F8006491FAA1F1B1FA81F102EB8101002396
:20D66000C1F800342062C00732D0FFF795FB074641F288394FF0020808E000BFFFF78CFB3E
:20D68000C11B494502D90320BDE8F88398FAA8F1B1FA81F141F040014046B6EB511F01D1DF
:20D6A00021680BE090FAA0F1B1FA81F141F04001B0EB511F01D1216A00E0616A98FAA8F00F
:20D6C000B0FA80F000F01F0206FA02F00142D5D0206A696820F44070084320622878800732
:20D6E00005D56068A96820F44040084360602878C00605D56068E96820F4800008436060E0
:20D700000020C1E70010024000700040000042422DE9F047DFF8708105460E46D8F8000037
:20D7200000F00700B0420CD2D8F8001021F007013143C8F80010D8F8000000F00700B0422C
:20D7400077D12878514C800705D56068A96820F0F000084360602878C00759D0696801207D
:20D7600001290DD0022929D05FF0020393FAA3F2B2FA82F242F02002520904D0226803E0F8
:20D780004FF40033F2E7626A93FAA3F3B3FA83F303F01F03984002424BD0606820F0030001
:20D7A00008436060FFF7F8FA6968074641F2883001290DD00229814617D025E04FF00073D6
:20D7C000D4E700BFFFF7E8FAC11B494501D918E081466068C0F381000128F3D118E000BF54
:20D7E000FFF7DAFAC11B49450BD86068C0F381000228F5D10CE000BFFFF7CEFAC11B494553
:20D8000002D90320BDE8F087606810F00C0FF3D1D8F80010404601F00701B1420BD90168A8
:20D8200021F0070131430160006800F00700B04201D00120E6E72878400705D56068E96810
:20D8400020F4E060084360602878000706D56068296920F4605040EAC100606000F03AF8FC
:20D860006168F02292FAA2F201F0F001B2FA82F2D140074A515CC840064908600020FFF7C7
:20D88000ABFA0020BEE700000020024000100240B439010884000020014800687047000068
:20D8A0008400002008480949006849684FF4605292FAA2F201F46051B2FA82F2D140044ACF
:20D8C000515CC840704700008400002000100240C439010810B519A385B00FCB8DE80F00CC
:20D8E0001AA01B4B006804905A681A4802F00C0104291DD008291BD14FF4701494FAA4F4C5
:20D9000002F47011B4FA84F4E140D2031DF8011010D55A684FF4003393FAA3F302F40032E6
:20D92000B3FA83F3DA4004AB9A5CB0FBF2F0484305B010BD08484843FAE7000002030405A1
:20D94000060708090A0B0C0D0E0F1010010200000010024000127A0000093D002DE9F84FBA
:20D9600004460078F74DC0074FF0010625D068687704C0F38100012807D06868C0F381001C
:20D9800002281BD16868C00318D597FAA7F0B0FA80F040F02000400901D0286800E0686A03
:20D9A00097FAA7F1B1FA81F101F01F0106FA01F108425ED0606800287CD05AE06068B0F5C3
:20D9C000803F0BD010B1B0F5A02F11D0286820F480302860286820F4802002E0286840F4D1
:20D9E00080302860606828B3FFF7D6F980460BE0286840F480202860F0E700BFFFF7CCF999
:20DA0000A0EB0800642871D897FAA7F0B0FA80F040F02000400901D0286800E0686A97FA1F
:20DA2000A7F1B1FA81F101F01F0106FA01F10842E4D01EE0FFF7B0F9804605E0FFF7ACF94D
:20DA4000A0EB08006428DED897FAA7F0B0FA80F040F02000400901D0286800E0686A97FA72
:20DA6000A7F1B1FA81F101F01F0106FA01F10842E4D12078DFF8D08280074FF000094FF020
:20DA800002075BD568684FF0F80B10F00C0F07D06868C0F3810002281CD16868C00319D4AE
:20DAA00097FAA7F0B0FA80F040F02000400902D0286801E08BE0686A97FAA7F1B1FA81F1C5
:20DAC00001F01F0106FA01F108422CD0206901287DD128E0206990B396FAA6F0B0FA80F0E9
:20DAE00048F82060FFF758F9824607E011E100BFFFF752F9A0EB0A00022884D897FAA7F03B
:20DB0000B0FA80F040F02000400901D0286800E0686A97FAA7F1B1FA81F101F01F0106FAE8
:20DB200001F10842E4D028689BFAABF26169B2FA82F220F0F80091400843286025E0FFE7B2
:20DB400096FAA6F1B1FA81F148F82190FFF724F9824605E0FFF720F9A0EB0A000228CCD85E
:20DB600097FAA7F0B0FA80F040F02000400901D0286800E0686A97FAA7F1B1FA81F101F080
:20DB80001F0106FA01F10842E4D1207800076ED5A069B8B396FAA6F0B0FA80F008EB80006B
:20DBA000C0F88064FFF7F8F8824605E0FFF7F4F8A0EB0A000228A0D897FAA7F0B0FA80F0DB
:20DBC00040F06000B6EB501F02D128680CE062E197FAA7F0B0FA80F040F06000B7EB501F30
:20DBE00001D1286A00E0686A97FAA7F1B1FA81F101F01F0106FA01F21042D7D00120FEF7B6
:20DC000061FE34E0FFE796FAA6F1B1FA81F108EB8101C1F88094FFF7BFF8824606E000BF0B
:20DC2000FFF7BAF8A0EB0A00022872D897FAA7F0B0FA80F040F06000B6EB501F01D12868EF
:20DC40000BE097FAA7F0B0FA80F040F06000B7EB501F01D1286A00E0686A97FAA7F1B1FA0C
:20DC600081F101F01F0106FA01F21042D8D12078400765D5E86940F08050E861E869DFF858
:20DC8000CCB000F080500090DBF8001041F48071CBF80010FFF780F8824605E0FFF77CF857
:20DCA000A0EB0A00642834D8DBF80000C005F5D5E06801280AD008B1052813D0286A20F01F
:20DCC00001002862286A20F0040002E0286A40F001002862E06841F2883B90B3FFF75CF819
:20DCE00082460BE0286A40F004002862EEE700BFFFF752F8A0EB0A0159450AD897FAA7F00F
:20DD0000B0FA80F040F04000B6EB501F02D128680CE0A3E097FAA7F0B0FA80F040F04000E5
:20DD2000B7EB501F01D1286A00E0686A97FAA7F1B1FA81F101F01F0206FA02F10842D7D080
:20DD400031E005E0001002400000424200700040FFF722F8824605E0FFF71EF8A0EB0A01E8
:20DD600059457BD897FAA7F0B0FA80F040F04000B6EB501F01D128680BE097FAA7F0B0FAD1
:20DD800080F040F04000B7EB501F01D1286A00E0686A97FAA7F1B1FA81F101F01F0206FA24
:20DDA00002F10842D8D1E06980B36968C1F38101022970D04FF080714F000228484609D07F
:20DDC00091FAA1F1B1FA81F148F82100FEF7E4FF044669E08A4691FAA1F1B1FA81F1C1462C
:20DDE00048F82100FEF7D8FF804605E0FEF7D4FFA0EB0800022854D897FAA7F0B0FA80F058
:20DE000040F02000400902D0286801E061E0686A97FAA7F1B1FA81F101F01F0106FA01F1CA
:20DE20000842E3D1206AB0F5803F05D16868A16820F4003008436860D4E90801084369680E
:20DE400021F47411084368609AFAAAF0B0FA80F049F82060FEF7A0FF044606E021E000BF88
:20DE6000FEF79AFF001B02281BD897FAA7F0B0FA80F040F02000400901D0286800E0686AEE
:20DE800097FAA7F1B1FA81F101F01F0106FA01F10842E5D01DE01EE0FEF77EFF001B022888
:20DEA00002D90320BDE8F88F97FAA7F0B0FA80F040F02000400901D0286800E0686A97FAB9
:20DEC000A7F1B1FA81F101F01F0106FA01F10842E2D10020E6E70120E4E7000010B50400EB
:20DEE00003D094F8510010B104E0012010BD204600F038F8022084F851002068016821F068
:20DF000040010160D4E901010843D4E903121143084361690843218B01F400710843E16928
:20DF20000843216A0843A16A084321680860A069042101EA1040616A084321684860216840
:20DF4000E06A08612068C16921F40061C1610449002008706065012084F85100002010BD3F
:20DF60001C0300202DE9F04F054600683F49DFF80081032685B088425CD1D8F8181041F4F8
:20DF80008051C8F81810D8F81800DFF8E8B000F480500490A02000900220019069465C46C5
:20DFA00003965846FEF714FE4FF000094020CDE900094F4669462046CDF80890FEF708FEBA
:20DFC0002E4C2D484FF0800AC4E90007C4E9027A27616761A7612046E761FEF74BFC08B1B1
:20DFE000FDF706FC6C6465622348254C14301027C4E90007C4E9029AC4F81090C4F8149084
:20E00000C4F818902046C4F81C90FEF733FC08B1FDF7EEFB2C6465620120CDE900706946C7
:20E020005C4603965846FEF7D3FD012210212046FEF7ACFE13492868884214D1D8F81C1052
:20E0400041F48041C8F81C10D8F81C00694600F4804004904FF4204000900220019003967C
:20E060000948FEF7B5FD05B0BDE8F08F0030014000100240000801401C00024034120020FF
:20E080006C12002000380040000C01402DE9F84F00259A460446ADF8005090F8510001287A
:20E0A0007ED1E9B3E2B394F85000012878D0012684F85060222084F851006565A163A2873A
:20E0C000E287A564E5642563A586E586A0684FF40049484504D12068036823F48043036041
:20E0E000A06A4FF40057B84209D12068036823F4005303602068036843F400530360606840
:20E100004FF48278404501D1A06878B120680168490603D4016841F040010160E06800E0BF
:20E1200001E0E8B131E00120BDE8F88F84F8505013460A462046CDF800A000F040F9F3E774
:20E14000534600220121204601F058FC48BB2068C168A06B421CA2630170E08F401EE08770
:20E16000E08F0128ECD813E0534600220121204601F044FCA8B92068C068A16B0880A06B2C
:20E18000801CA063E08F401EE087E08F0128EBD8A06AB84207D12068016841F4805101E09D
:20E1A00068E007E00160534600220121204601F025FC08B10320B7E7E0680028206817D021
:20E1C000C068A16B0880A06B801CA063E08F401EE087A06AB84217D1534600220121204676
:20E1E00001F00CFC50B1606D40F002006065E1E7C168A06B421CA2630170E7E72068C06813
:20E20000ADF80000BDF80000606840450AD1A068484502D0B0F5806F04D12068016821F0AA
:20E220004001016084F85160A06AB8420DD120688068C043C00608D4204601F0DDFB0128C0
:20E2400007D021686FF01000886084F8505000206AE7606D40F0020060652068016821F4B0
:20E26000005101602068016841F40051016084F8505058E7022057E72DE9F843044690F836
:20E2800051009846012870D139B332B394F8500001286AD0012684F85060122084F8510083
:20E2A000002565652163A286E286E564A564A563A587E587A06A7703B84209D12068016820
:20E2C00021F4005101602068016841F400510160A068B0F5004F03D007E00120BDE8F883A8
:20E2E0002068016841F48041016020680168490603D4016841F040010160E068002860684B
:20E3000004D0D8B1E08E012818D021E010B1E08E012808D1206B411C216321680078C8605A
:20E32000E08E401EE0860004000C1FD0434600220221204601F062FBA8B9EBE7206B2168E3
:20E340000088C860206B801C2063E08E401EE0860004000C0AD0434600220221204601F022
:20E360004DFB0028EAD00320B8E726E0A06AB84204D12068016841F48051016043460022CF
:20E380000221204601F03AFB30B9434601228021204601F033FB20B1606D40F01000606570
:20E3A000E1E7A06818B92068C1688068009084F8516084F85050002090E702208EE72DE906
:20E3C000F8430025DDF820800446ADF8005090F85100012803D094F8510022287DD169B1C5
:20E3E00062B15BB194F85000012876D0012684F8506094F85100012803D005E00120BDE8DC
:20E40000F883322084F851006565A263A387E3872163A386E386A564E564A06A4FF40057F3
:20E42000B84209D12068016821F4005101602068016841F40051016020680168490603D461
:20E44000016841F040010160E0684FF48271B0F5006F606807D0002867D088426ED1E08E79
:20E46000012862D06AE020B188420CD1E08E012809D1206B21680088C860206B801C2063A0
:20E48000E08E401EE086E08E80B9A06AB84244D12068016841F4805101603EE02068C06864
:20E4A000A16B0880A06B801CA0639EE0434600220221204601F0A2FA002874D1206B21685E
:20E4C0000088C860206B801C2063E08E401E0004000CE08609D1A06A00E0C7E0B84204D166
:20E4E0002068016841F480510160434600220121204601F083FA00286FD12068C068A16BFF
:20E500000880A06B801CA063E08F401EE087E08E0028CBD1606800286AD14346002201216B
:20E52000204601F06BFAF0BBB8E7206B411C216321680078C860E08E401EE086E08E98B94F
:20E54000A06AB84204D12068016841F480510160434600220121204601F050FA18BB2068C1
:20E56000C068A16B087040E0434600220221204601F044FAB8B9206B411C2163216800788E
:20E58000C860E08E401E0004000CE08607D1A06AB84204D12068016841F4805101600022E6
:20E5A0004346012100E018E0204601F027FAA0B92068C168A06B421CA2630170E08F401EAA
:20E5C000E087E08E0028CFD1606888B9434600220121204601F012FA08B103200FE720680B
:20E5E000C168A06B421CA2630170E08F401EE087A06AB84210D1434600220121204601F0D6
:20E60000FDF918B1606D40F002000FE02068C068ADF80000BDF80000434601228021204690
:20E6200001F0ECF920B1606D40F010006065D4E784F85160A06AB84214D120688168C94313
:20E64000C9060FD4616D41F002016165016821F4005101602068016841F40051016084F8BC
:20E660005050CBE684F850500020C8E60220C6E6704710B5401EB0F1807F01D3012010BD55
:20E680004FF0E02460610F21601700F0B9FC0020A06107202061002010BD10B5FFF7E8FFD2
:20E6A00010BD7047704730B590F83820012A20D0012280F83820022380F8393003685C6817
:20E6C00024F070045C6003685C680D682C435C6003689C6824F080049C6003689C68496804
:20E6E0000C439C6080F83920002180F83810084630BD022030BD10B5040003D094F8390072
:20E7000010B107E0012010BD002084F83800204600F00CF8022084F83900211D206801F0A7
:20E7200051FD012084F83900002010BD00B51E4A01681E4885B0914222D1C16941F0020183
:20E74000C161C069694600F0020004904FF4707000900020019002901548FEF739FA00229C
:20E7600011461D20FEF7A8FB1D20FEF79AFB11484168114A21F0A0611143416005B000BDD0
:20E78000B1F1804FFAD1C16941F00101C161C069002200F00100049011461C20FEF78CFBDF
:20E7A0001C20FEF77EFBE9E700040040001002400010014000000140000C00020168CA680E
:20E7C00042F00102CA600068016841F001010160002070470168CA6822F00102CA6000685C
:20E7E000016A41F21112114207D1016A9210114203D1016821F00101016000207047000045
:20E800002DE9F05F04465B4D207EDFF86CB14FF0000A05F1080705F11008A5F10C06A5F175
:20E820000809012820D1F07810B399F80310884217D12068406BF880EA88801A80B2A8F8A3
:20E8400006004E4A5143B1FBF0F0CBF80C00281F80F803A00021204600F092F82046FFF76C
:20E86000B9FFF078401CF070207E022804D025E02068406BE880F4E7B17819B399F802001D
:20E88000814218D12168896BB980AA88891A89B2A8F80410394A5043B0FBF1F0CBF80800E5
:20E8A0003448001F80F802A00421204600F068F82046FFF78FFFB078401CB070207E042870
:20E8C00004D025E02068806BA880F4E77178E9B399F80100814218D12168C96B79806A887E
:20E8E000891A89B2A8F80210244A5043B0FBF1F0CBF804001F48001F80F801A00821204606
:20E9000000F03EF82046FFF765FF7078401C7070207E082823D1317839B399F80000814242
:20E920001AD12168096C39802A88891A89B2A8F80010124A5043B0FBF1F0CBF800000D4862
:20E94000001F80F800A00C21204600E009E000F017F82046FFF73EFF3078401C3070BDE843
:20E96000F09F2068C06B6880CFE72068006C2880F2E70000A0000020C4110020001BB700BB
:20E9800010B50268044631B1042908D008291ED00C2908D11FE0D06820F0020002E0D06887
:20E9A00020F00400D0600022206801F03DFC2068016A41F21112114207D1016A921011426B
:20E9C00003D1016821F001010160002010BDD06820F00800E6E7D06820F01000E2E770B536
:20E9E0000446006801694FF00005C943890715D4C168C943890711D4E91E01610120207668
:20EA0000206880698007204602D0FFF7F9FE04E000F098F8204600F096F825762068016904
:20EA2000C943490717D4C168C943490713D46FF004010161022020762068806910F4407F71
:20EA4000204602D0FFF7DCFE04E000F07BF8204600F079F8257620680169C943090716D40D
:20EA6000C168C943090712D46FF008010161042020762068C0698007204602D0FFF7C0FEC3
:20EA800004E000F05FF8204600F05DF8257620680169C943C90617D4C168C943C90613D462
:20EAA0006FF010010161082020762068C06910F4407F204602D0FFF7A3FE04E000F042F875
:20EAC000204600F040F8257620680169C943C90708D1C168C943C90704D1891E016120461D
:20EAE00000F032F820680169C943090609D4C168C943090605D46FF0800101612046FFF757
:20EB0000D0FD20680169C943490609D4C168C943490605D46FF040010161204600F032F81F
:20EB200020680169C94389060BD4C168C943890607D46FF0200101612046BDE87040FFF737
:20EB4000B1BD70BD704770470B4A0168914209D10A4A0021116051609160D160084A1170B5
:20EB60009170D1700068B0F1804F04D1044814388168491C8160704700040040C4110020EF
:20EB80009C0000207047000018B5044609486A460321006804F028FA9DF8000020702E20D5
:20EBA00060709DF80110A170E0709DF80200207118BD0000FC7F0008FEE7000070B500F004
:20EBC0007FFE002505E0E8B200F0B8FC244908706D1C102DF7DB2248007818B900F0D6FD7D
:20EBE0001F4908701E48007818B902F067FE1C490870FCF7CBFC00224FF400411948FEF79C
:20EC0000C5F81748007840B1154801780020FCF7F7FC01201449087002E0002012490870C8
:20EC200003F07CFB1148008800EB4000104901EB801090F8BC00552802D10720FEF731F9AF
:20EC40000C4B0D4A4FF0FF310846FCF7A9FB04460A480068A04201D003F0C6FC70BD000019
:20EC6000B0100020001001408B0000208E000020B0040020007B01000084000800FF010826
:20EC80003EB511480F49016000218160C16041614FF46022C261416001240461FDF7F2FAB7
:20ECA00008B1FCF7A5FD0A20009001940520029069460548FDF72EFA002801D0FCF798FD67
:20ECC0003EBD0000002401404803002008B50D48416941F001014161406900F001000090AE
:20ECE000002211460C20FEF7E7F80C20FEF7D9F8002211460D20FEF7DFF8BDE808400D201D
:20ED0000FEF7CFB8001002402DE9F04F85B07648816941F020018161816901F02001009132
:20ED2000816941F010018161816901F010010091816941F004018161816901F004010091D5
:20ED4000816941F008018161806900F008000090DFF898914FF44066002231464846FEF737
:20ED600015F800224FF407416148FEF70FF84FF46077002239465F48FEF708F84FF4004852
:20ED8000CDF80480012402940225049501A95848FDF71EFF01960294049501A94846FDF762
:20EDA00017FF780001900294049501A95048FDF70FFF01970294049501A94E48FDF708FFBF
:20EDC000002238214B48FDF7E1FF00224FF470714846FDF7DBFFDFF820B100220421584622
:20EDE000FDF7D4FF012240214248FDF7CFFF4FF4805A012251464846FDF7C8FF7820019033
:20EE000002940326049601A93A48FDF7E1FE042701970294049601A95846FDF7D9FE4FF451
:20EE20009E5001900294049601A94846FDF7D0FE4FF4804BCDF804B0029401A94846FDF7E0
:20EE4000C7FE002259464846FDF7A0FFCDF804A01120029001A92748FDF7BAFE0022514661
:20EE60002448FDF793FF0197029401A94846FDF7AFFE002204214846FDF788FF012241469F
:20EE80004846FDF783FFCDF804800294049501A94846FDF79DFE102001900294049601A994
:20EEA0001348FDF795FE019500260296039401A90F48FDF78DFE01940296039401A90D4842
:20EEC000FDF786FE202001900296039401A94846FDF77EFE01940294049501A90448FDF764
:20EEE00077FE05B0BDE8F08F001002400010014000080140000C01400014014010B50F481A
:20EF00000D4901604FF48271416000218160C160016141614FF4007282611822C2610162E4
:20EF2000416281620A21C162FEF7D8FF002801D0FCF75EFC10BD0000003001407803002012
:20EF400010B510480E4901604FF4827141604FF4004181600021C160016141614FF40072A5
:20EF600082612022C2610162416281620A21C162FEF7B4FF002801D0FCF73AFC10BD00007B
:20EF800000380040D00300201CB50D484FF0804101603F2141600024846040F26541C1607D
:20EFA000FFF7A9FB08B1FCF723FC0094019469460348FFF778FB002801D0FCF719FC1CBD86
:20EFC0006404002010B500220849094801F068FB0849074801F04DFD0749054801F0A2F9C8
:20EFE000BDE81040024801F091BD0000E4020020E426002004000020D4020020FEE77047AD
:20F000000907090E002806DA00F00F0000F1E02080F8141D704700F1E02080F8001470473D
:20F020002DE9FC5F4FF000080446ADF80480ADF8008048F60F7B4FF002094FF4806692E1D2
:20F04000BDF8041011F00F072BD030F82710ADF80010BDF80010090478D530F8272040F6FD
:20F060008F710A4020F8272004EB471595F8120205F502750028206869D0297830F8212097
:20F0800052047DD5B0F8503009EBC101194406EB4101415AC1F309015FEA010A71D0EA88FA
:20F0A000D0E0BDF80410C9062AD4018801EA0B010180206804F12805B0F850202B7809EBB0
:20F0C000C301114406EB4101405AC0F309006064E16B0844E06300212046FDF74CFF94F89D
:20F0E00024000028ABD0A8690028A8D194F82400216840F08000A1F84C0084F8248032E196
:20F10000018804F50275ADF80010BDF8001009051ED5B0F850302978062202EBC10119447E
:20F1200006EB4101405A04F57B71C0F30903EB61AA88206802F00EF92068018840F68F7217
:20F14000114001802046FEF722F90CE1A0E055E0BDF800100904D2D5028840F68F710A4042
:20F1600002802068B0F850302978062202EBC101194406EB4101405A83059B0DEB6101E05E
:20F1800051E063E008D0AA886969206802F0E2F8E96968690844686100212046FDF7F2FE28
:20F1A0002068B0F85010891D06EB4101014428693E280CD9C0F34F12C00601D1521E92B265
:20F1C0004FF6FF7000EA822040F4004009E0C0F34F02C00701D0521C92B24FF6FF7000EAA6
:20F1E00082200860216808884BF68F72104080F4405048F2800210430880B4E0B0F8502013
:20F200002B78062101EBC301114406EB4101415AC1F309015FEA010A24D0AA8853466969AE
:20F2200002F098F81EE0B0F85020062303EBC101114406EB4101415AC1F309015FEA010A28
:20F2400004D02A895346696902F084F82978206830F8213048F68F72134048F2C0021343C8
:20F2600020F82130E96901EB0A00E861696901EB0A026A61AB6913B12869504504D9297883
:20F280002046FDF77FFE03E029782046FDF7E8FEBDF80000000666D5206804EB471530F8E2
:20F2A000271001EA0B0120F8271095F8320028350028206812D0297830F82120B0F85030F1
:20F2C00052061ED509EBC101194406EB4101405A83059B0DEB6124D0EA881EE0B0F85030FB
:20F2E0002A7809EBC201194406EB4101405A83059B0DEB6121D0AA886969206802F041F867
:20F300001BE0062202EBC101194406EB4101405A83059B0DEB6104D02A896969206802F0A2
:20F3200030F82978206830F8212048F68F731A404CF280031A4320F821202068B0F8502062
:20F340002B7809EBC301114406EB4101405AC0F30900E86169690A186A612978AB69204651
:20F3600063B1FDF7C8FE2068B0F84410ADF8041009043FF565AE0020BDE8FC9FFDF7FBFDE2
:20F38000F1E7FEF7A9B800000EB50A48C16941F08051C161C06900F080500090C0200190F2
:20F3A0004FF00110029001A8FEF724F8FEF760F80EBD00000010024010B5552000F008FE17
:20F3C000FF2000F031FE0A2002F0D8FBF02000F02BFE0A2002F0D2FBBDE81040FF2000F0EA
:20F3E00023BE70472DE9F05F00260020DFF8E48008EB0001497809B9761CF6B2401CC0B210
:20F400000428F5D30024DFF8CC904FF0010A09F11409314FA9F6144B18E008EB04056A78EC
:20F42000A2B32E4A32F81010491C22F8101009EB00104168491C41606878D0B302F090F886
:20F4400010B1687087F803A0641CE4B2F88800EB40010BEB811191F8BE20A242DDD803F0B4
:20F460006FF903F005F8F88800EB40000BEB8010B0F8441009052BD590F8BE00B04221D8C8
:20F48000BDE8F05F00219620F9F738BA134B403B53F82020521C43F8202009EB0010026804
:20F4A000521C026091F846000028C5D001F07CFFC2E7FFE702F054F868700028C4D087F8A4
:20F4C00003A0C1E7BDE8F05F01219620F9F716BABDE8F09FB0100020880000201412002053
:20F4E0002DE9F04116460F46044602F091FA104D002210212846FDF749FC0E4803210A234F
:20F500000170210C4170210A8170C470014604220948FEF7B1FE0A23324639460648FEF783
:20F52000B5FD2846BDE8F04101221021FDF72EBC0008014058020020780300202DE9F84FE8
:20F54000060015D08C484FF4807200EB46308B49FFF7C6FFFF25894C00202218215C92F86D
:20F56000802091427ED1FF2909D0FF2DFAD105E04FF4807281494FF46020E9E711B1FF2D6C
:20F5800000D10546401C80B28028E6D3FF2D69D000210846625DD30707D1491C5208401C00
:20F5A00080B2C9B262550828F4D305F0030001EBC0014FF6FF7A72480AEA81274FF480680C
:20F5C000009076B307EB464909F5381042466B49FFF786FF09F53A1042460099FFF780FF16
:20F5E00052465046002104EB010C635C9CF800C4634537D1FF2B02D0904233D113B1904291
:20F6000000D10846491C89B2C3465945EBD39246504527D000221146235C5FEAC37C0CD006
:20F6200013E0FFE74246554907F57020FFF758FF424607F578200099D0E7521C5B08491C50
:20F6400089B2D2B223540829E6D325F0030107EB4131084402EBC0014A4800EB0619C9F8B6
:20F66000001000E060E0A6B147484FF4807200EB46304249FFF734FFFF2500202218215C2F
:20F6800092F8802091424FD1FF2909D0FF2D4BD105E04FF4807239494FF44020EAE711B132
:20F6A000FF2D00D10546401C80B28028E6D3FF2D3AD000210846625DD30707D1491C52083E
:20F6C000401C80B2C9B262550828F4D305F0030001EBC0010AEA81274EB307EB464606F5B8
:20F6E0003C1042462549FFF7FBFE06F53E104246DDF80010FFF7F4FE524650460021DC46CA
:20F700006618635C96F80064B3420DD1FF2B02D0904209D113B1904200D10846491C89B2EA
:20F720006145EDD390420ED18820BDE8F88F46464246124907F55020FFF7D2FE324607F5C9
:20F7400058200099D6E700221146235CDE0707D1521C5B08491C89B2D2B223540829F4D3C2
:20F7600025F0030107EB4131084402EBC0010020C9F80410D9E7000000E02D00C01200205E
:20F78000C0160020C410002000F02D00F0B52848294C0188274801EB410200EB821004EB45
:20F7A000011190F80EC0B0F84C30B0F84E70B0F85020B0F8526090F964500C68BCF10A0F6E
:20F7C00017D0D9B2FBB201EB0321D2B201EB024101EB066105FB0411CAB220F85C2FC1F30C
:20F7E00007224280C1F307428280090EC1800020F0BD3F040021FB1841EB010CCF1842EB36
:20F800000C023304CE195341A5FB042CEF1707FB04C405FB01419219594120F85C2F120C40
:20F8200042EA014242800B0C8180C380DFE700008E000020B0040020C41000202DE9FC41AD
:20F8400005464B208DF8040000201B4E0C468DF80000024610213046FDF798FA4FF47A7760
:20F860003B46012201A91548FEF706FD3B46012269461248FEF700FD3B46012269460F489C
:20F88000FEF7FAFC3B46012269460C48FEF7F4FC3B46012269460948FEF7EEFC3B46224685
:20F8A00029460648FEF7F2FB012210213046FDF76DFABDE8FC81000000080140D003002026
:20F8C0002DE9F041C02225490020FFF709FE02222349C220FFF704FE204D214EDFF8848053
:20F8E00001244FF49E2700BF04EB440005EB801107EB0430C022FFF7F3FD06EB440108EB51
:20F9000004300222FFF7ECFD641CE4B2102CEBD3022215494FF41040FFF7E2FD1248002438
:20F920000188102900D30480042210494FF4BE20FFF7D6FD0D490A4A0868A2F10602431C31
:20F9400008D0010E81EA104181EA102141405171BDE8F0810C605471FAE70000B004002029
:20F9600038020020C2F004008E000020A402002010B51E4C1C4A0021208802EB0012116035
:20F980005160F0B11A4901EB40310020FBF7F2FE2088184901EB40310020FBF7EBFE20884A
:20F9A0004FF4381101EB40410120FBF7E3FE20884FF43C1101EB4041BDE810400120FBF7AD
:20F9C000D9BE4FF460210120FBF7D4FE4FF470210120FBF7CFFE4FF440210120FBF7CAFEB4
:20F9E0004FF45021E8E70000C41000208E00002000E02D0000F02D00012070472DE9F04793
:20FA00001D4690460E460446FDF7C6F907465FEA08004FF000084FF4005A4FF0010926D09B
:20FA200034E0681C23D025B1FDF7B6F9C01BA8421DD92068416821F0E00141602068016852
:20FA400021F040010160A06A504509D12068016821F4005101602068016841F400510160EA
:20FA600084F8519084F850800320BDE8F0872068806836EA0000D4D10DE0681C06D0002DF5
:20FA8000D7D0FDF789F9C01BA842D2D82068806836EA0000F1D00020E7E700002DE9F04154
:20FAA00016460F46044601F0B3FF01F0FBFF114D002210212846FDF769F90F4802210422A8
:20FAC0000170210C4170210A8170C4704FF47A74014623460948FEF7CFFB23463246394636
:20FAE0000648FEF7C9FB2846BDE8F04101221021FDF74CB900080140580200207803002010
:20FB0000704700002DE9F04F0027DFF8B8B1ADF60C0D0E468BF8007001788DF800184178A0
:20FB20008DF8011881788DF80218C0788DF803083D46BA46802269464FF4E220FFF7D0FCEC
:20FB40000024E84618F8040008B1E7B212E07F2C0CD19DF87F0048B94FF4E2210020FBF706
:20FB600009FE4FF4E0210020FBF704FE641CA4B2802CE7D300204146CA5DD30703D000EB84
:20FB8000C700C5B205E05208401C80B2CA550828F2D304224C494FF4BE20FFF7A1FC0024B3
:20FBA0004FF001090DF580685F4645E0A00507D14FF480620DF5806104F5E020FFF790FC48
:20FBC0009DF8001818F80420914231D108EB04009DF80118427891422AD19DF80218827899
:20FBE000914225D19DF80318C278914220D118F8042008EB04013270497871708178B17004
:20FC0000C078F0706FF0030000EB8500A0420CD12D482E4900680968884206D187F8009046
:20FC200001200DF60C0DBDE8F08F02203870F8E7241D87F800A0A4B2B4EB850FB6D3387898
:20FC4000E8BB05F0070109FA01F0C043FF27C0B28F408DF8080807404FF4E22000EBD500C5
:20FC6000044601220DF6080101F0FCFE204601220DF60401FFF734FC9DF8040887421ED110
:20FC80004FF4E02000EB8500044604220DF5006101F0E8FE204604223146FFF721FC4FF4AE
:20FCA000BE2421460020FBF765FD04220749204601F0D8FE042205492046FFF711FC0020E7
:20FCC000AFE7000032020020B0020020A40200202DE9F0417C4C7D4DC021B4F8140100EB3C
:20FCE000400005EB8010F8F746FCB4F81411002201EB410005EB8010A3181B7D8354521CDB
:20FD0000D2B20E2AF8D394F82220827394F82320C27394F82420027494F825204274D4F8FC
:20FD200026204261628D0283A28D428304F1340200F12408CCCA88E8CC000022A3188618DD
:20FD4000521C93F84430D2B286F83430102AF5D3B4F85420A0F86620B4F85620A0F868204E
:20FD6000B4F85820A0F86A20B4F85A20A0F86C20B4F85C20A0F86E20B4F85E20A0F8702053
:20FD8000B4F86020A0F8442094F8622080F84620D4F863208264002204EB420300EB420691
:20FDA00033F8677F26F84C7F1F893781521C1B8AD2B23382042AEFD394F87F2080F8642086
:20FDC000B4F880208283B4F88220C283B4F884200284B4F886204284D4F888208267B4F848
:20FDE0008C20A0F87220B4F88E20A0F8742094F8902080F8BC2094F8912080F8BD2094F8F9
:20FE0000922080F8BE2094F8932080F8BF200022A318861893F89430521C86F87C30402A78
:20FE2000F6DBDFF8AC80002228F81120264E103699B34FF49E2707EB01310020FBF79AFCA1
:20FE4000B4F81401C02200EB400105EB811107EB003004F58A7401F005FE20881D49022212
:20FE600001EB0030314601F0FDFD2088194A08EB4001921C02EB00305FF0020201F0F2FDC7
:20FE80004FF4104421460020FBF774FC2046BDE8F0410222104901F0E5BD00210120FBF762
:20FEA00069FCB4F81401C02200EB400005EB8011002001F0D7FD02223146C02001F0D2FD6E
:20FEC00002220349C220D9E7CC250020B004002038020020C0F00400E0260020012664204C
:20FEE00001F041FE384F394DD7F8040108B1012EFAD1D7F8040108B1012EF5D101F0D0FEFD
:20FF00000026FF2000F064F8FF2000F08DF8FA2001F029FE0024552000F05AF8FA2001F0A4
:20FF200022FEAA2000F054F8FA2001F01CFE641CE4B2022CEFD3FF2000F04AF8FBF71AFE15
:20FF4000287001462C460620FBF75AFB2078E8B901F0B4FC207001460120FBF751FB20783B
:20FF6000A0B901F00FFD207001460220FBF748FB207858B9F8F72EFD607808B130202070C9
:20FF800021780320FBF73CFB207808B1AA2000E0552000F01DF8FA2000F046F84FF4C87440
:20FFA000204601F0E0FDF52000F03EF8204601F0DAFDFF2000F038F8204601F0D4FDF0202D
:20FFC00000F032F890E7000000002142B01000202DE9F0410026134C0546B04601272806EA
:20FFE00002D5C4F8A87101E0C4F8A8816806050E022001F0D9FDC4F8A071022001F0D4FD74
:020000040801F1
:20000000C4F8A081022001F0CFFD761CF6B2082EE5D3C4F8A4710A2001F0C6FDC4F8A4816C
:20002000BDE8F081000021422DE9F0410026134C0546B0460127280602D5C4F89C7101E063
:20004000C4F89C816806050E022001F0ADFDC4F8A471022001F0A8FDC4F8A481022001F00C
:20006000A3FD761CF6B2082EE5D3C4F8A0710A2001F09AFDC4F8A081BDE8F0810080214263
:2000800000B50649098801EB4101054A02EB811191F8BD00F9F7D4FA00BD00008E00002060
:2000A000B00400200B4810B5008800EB40010A4800EB81104FF4805190F8BF200748012ADD
:2000C00000D00AB9FCF762FEBDE810400A2001F04ABD00008E000020B0040020000C014054
:2000E00010B5FCF75FFEBDE81040FEF7D6BA4FF0E02100200861704730B593B0012009900F
:2001000001040A9100240B940D900225109511914FF4E010129009A8FDF720FC08B1FBF730
:2001200067FB0F200490059506944FF4806007900894022104A8FDF7EBFA08B1FBF758FB6A
:20014000122000904FF40040029003946846FDF749FA08B1FBF74CFBFFF7C9FF13B030BDEC
:200160000D48016841F00101016041680B4A1140416001680A4A11400160016821F48021AF
:200180000160416821F4FE0141604FF41F0181600549044808607047001002400000FFF85A
:2001A000FFFFF6FE0084000808ED00E00148FEF716BC0000640400200148FEF710BC00004A
:2001C00028040020F0B50268144B154C154D4FF08047984205D0B84203D0A04201D0A84283
:2001E00003D122F070064A683243984205D0B84203D0A04201D0A84203D122F44074CA6893
:20020000224302608A68C2620A688262984201D10969016301214161F0BD0000002C01404B
:20022000000400400008004010B50123046A8B409C430462036A8A401343036210BDD0F844
:200240001802002180F850100846704770B5D0F818420546204602F025FF4023224602218A
:20026000284600F038FB002070BD10B50446812100F03BFA0221204600F037FAD4F818023A
:2002800050B1D4F81C0204F5067480688047206800F042FD00202060002010BD10B5D0F880
:2002A0001842E16C012908D1D0F81C0223786178C268184690470020E064002010BD00008A
:2002C0002921018000487047400000200A210180004870477800002070B5064600254023B8
:2002E0000322812100F0E4FA402303220221304600F0DEFA542000F011FDC6F8180278B10D
:200300000446002084F85000D6F81C0240688047402322460221304600F0DDFA284670BD86
:200320000125FBE702460220002902D00020C2F81C12704770B500220D78D0F81832144659
:2003400015F0600526D0202D4CD14A78921E0A2A1CD2DFE802F010081B1B1B1B1B140C05C2
:20036000887818643EE0012203F1400131E04888000A586436E0012203F1440129E0012246
:20038000DA648A79194600F053F82BE000F045F8022070BD4D78062D04D00A2D1CD00B2DD4
:2003A00020D11DE04B882225B5EB132F07D1CA881D2A00D91D22D0F81C120C6808E0212532
:2003C000B5EB132F04D1CA88074C092A00D90922214600F047F805E0012203F14801F8E7D0
:2003E00088789864002070BD6C00002010B5D0F8142252689047002010BD134610B50A4679
:20040000002100F068FA002010BD134610B50A46002100F00AFB002010BD10B5044680215B
:2004200000F0DAFA2046BDE81040002100F0D4BA10B50323C0F80821C0F8F431C0F80C2170
:2004400013460A46002100F046FA002010BD10B505210023C0F8F4111A46194600F03BFA06
:20046000002010BD10B502238261C0F8F431C26113460A46002100F0D8FA002010BD10B584
:2004800004210023C0F8F4111A46194600F0CDFA002010BD10B50A46024903A000F0DDF82C
:2004A000004810BD802D0020437573746F6D2048494420436F6E66696700000012200880BA
:2004C000004870470403002010B50A46024903A000F0C3F8004810BD802D002043757374C7
:2004E0006F6D2048494420496E7465726661636500000000042008800048704700030020AC
:2005000010B50A46024903A000F0A7F8004810BD802D0020492D434F5245000010B50A46B3
:20052000024903A000F099F8004810BD802D00204D43552050524F4752414D4D4552203217
:200540002E30000010B50A46024903A000F085F8004810BD802D002030303030303030306B
:200560003030314100000000F8B5044648880D46010A082954D2DFE801F053040917535358
:200580004951D4F81012207C0A6819E0207C02260028D4F8140205D0C16A6846884701463A
:2005A00046704AE0816AF8E7C1B2062926D2DFE801F0030A0F14191ED4F81012207C4A689C
:2005C0006946904718E0D4F81012207C8A68F7E7D4F81012207CCA68F2E7D4F81012207C24
:2005E0000A69EDE7D4F81012207C4A69E8E7D4F81012207C8A69E3E701461EE0C1B2D4F8DD
:2006000014026A46836B20469847F5E7207C38B9D4F81402416B68468847EDE7207C20B12C
:2006200029462046FFF7F9FEF8BDD4F81402016B68468847014607204870BDF80000002875
:20064000F2D0EA88002AEFD0824200D90246ADF800202046FFF706FFF8BD70B5002300284D
:200660001DD00446002502E06D1CEDB2641C2678002EF9D1022404EB45041480CC545B1C75
:200680000322CA5400245B1C06E0CA545B1CDAB28C54521CD3B2401C0278002AF5D170BDAF
:2006A00010B580B1D0F8143213B10023C0F8143209B1C0F81012012180F8FC11027000F0B4
:2006C000AFF8002010BD022010BD10B50024D0F82002FCF77FFC30B1012801D0022801D080
:2006E000022400E00124204610BD10B50024D0F82002FCF74FFC30B1012801D0022801D0B5
:20070000022400E00124204610BD2DE9F0411746044641B1D4F8140242698AB394F8FC0148
:20072000032842D043E0D4F8F411002504F11400022933D1D0E902639E4207D9F31A83605D
:200740009AB239462046FFF760FE12E04068B0FBF3F103FB1101A1B9984212D3D4F8F811ED
:2007600088420ED2002211462046FFF74EFEC4F8F85100231A461946204600F0ACF80DE0E0
:2007800012E0D4F81402C16829B194F8FC01032801D1204688472046FFF759FE94F8000286
:2007A000012804D184F8005201E0204690470020BDE8F08170B51546044641B1D4F814027B
:2007C00082693AB394F8FC01032824D025E0D4F8F41104F5827003291FD1D0E902218A4214
:2007E0000BD9531A83600846834200D303469AB229462046FFF701FE0FE0D4F81402016945
:2008000029B194F8FC01032801D1204688472046FFF735FE01E020469047002070BD000049
:2008200010B51A490446C1F81C04C0F820121848086008204860022088600320C860002076
:200840008861C86108620846FCF7FAFC08B1FAF7CFFF0022D4F820021823114604F5087456
:20086000FCF76EFB5823002280212068FCF768FB9823002281212068FCF762FBD82300228C
:2008800002212068FCF75CFB002010BD60290020005C00400A06D0F8200201F07F0100EBDB
:2008A000411002D590F82A00704790F80A02704770B51D4613460024D0F820022A46FCF70A
:2008C000ADFB30B1012801D0022801D0022400E00124204670BD10B50024D0F82002FCF716
:2008E000BFFB30B1012801D0022801D0022400E00124204610BD70B50022044640231146BF
:20090000FFF7D6FF40252B46002280212046C4F81051FFF7CDFF0120256284F8FC01D4F841
:20092000180228B1D4F814022179426820469047002070BD90F8FD1180F8FC110020704722
:2009400010B590F8FC11032904D1D0F81412C96901B18847002010BD01740020704710B59D
:200960000024D0F82002FCF7FEFC30B1012801D0022801D0022400E00124204610BD70B523
:20098000044600F50270054600F05FF80120C4F8F401B4F80E02C4F8F80194F8080210F03B
:2009A0001F010AD001290DD0022910D000F08001204600F011F8002070BD2946204600F049
:2009C000AAF8F8E72946204600F08CF9F3E72946204600F019F9EEE710B50024D0F82002F3
:2009E000FCF75EFB30B1012801D0022801D0022400E00124204610BD10B50024D0F82002A4
:200A0000FCF7CCFC30B1012801D0022801D0022400E00124204610BD90F8FC1180F8FD11CC
:200A2000042180F8FC110020704710B50024D0F82002FCF760FB30B1012801D0022801D03E
:200A4000022400E00124204610BD0A7802704A7842708A78CB7802EB032242800A794B7970
:200A600002EB032282808A79C97902EB0121C18070470246002011B1C2F814127047022033
:200A8000704710B5D0F8142202241AB11268904700B90024204610BD70B50E461A4D8978A9
:200AA00004462970012928D894F8FC01022802D0032822D105E099B10320616084F8FC01FA
:200AC00009E091B1606888420AD0C1B22046FFF78DFC297861602046FFF7D3FF02280CD091
:200AE0002046BDE87040FFF7CABC022084F8FC0120466160FFF77AFCF2E731462046BDE836
:200B00007040FFF78ABC00000000002010B5FFF773FF002010BD2DE9F0414B784FF000085E
:200B20000125022642460A2B42D2DFE803F03B56414F410805412926FFF716FD61E0044649
:200B40008888C0B9C888B0B9887800F07F0794F8FC0103280FD084F8FE7139462046FFF784
:200B6000FEFE2046FFF78BFC17B184F8FC6148E084F8FC5145E020461AE0FFF78DFF40E0DD
:200B8000CB88012B14D190F8FC31022B02D0032B0ED104E08260012200F1080113E0012237
:200BA000011D10E090F8FC31022B04D0032B02D0FFF733FC25E0C260D0F8041201B1C6606F
:200BC000022200F10C01FFF74DFC1AE004464888012816D1C4F804520BE0044690F8FC01C4
:200BE000022801D00328C6D14888012809D1C4F80422D4F814028268204690472046FFF71E
:200C00003EFC4046BDE8F08170B50D460446287800260979C0F34110012806D06878A0B3BE
:200C200001281FD003283FD107E0D4F814022946826820469047002070BD94F8FC01022802
:200C400017D003282CD1688828B921B1802902D02046FFF7C1FED4F81402294682682046AB
:200C6000904713E094F8FC01022802D0032817D103E0C9B180291BD116E06888A0B9480693
:200C800004D02046FFF721FDE5E703E02046FFF7F6FB09E094F8FC01022807D003280BD091
:200CA00029462046FFF7B9FB304670BD4806FBD02046FFF791FEF7E7080601F07F0004EBC3
:200CC000001501D5143501E005F582752046FFF7E1FD00B101202860022229462046FFF78B
:200CE000C1FBE1E770B5054690F8FC010C4603280DD1207901280AD8D5F814028268284641
:200D00009047E08830B92846FFF7B9FB02E02846FFF783FB002070BD7047000000487047CC
:200D2000082900202DE9F047CC780A7848F68F1334B1012C6DD0022C08D0032C13D10BE01C
:200D400030F822401C4044F400730AE030F822401C4020F8224006E030F822401C4044F4B4
:200D6000C06320F822300C7830F8245048F68F72154048F280031D43254320F824508D7A1A
:200D800048F6BF7904274BF68F7A48F2C0044CF28006EDB30D7830F825C048F280180CEAAC
:200DA000020C4CEA080C20F825C0CD88B0F850C025F0010591F800800CEBC80C00EB4C0C9F
:200DC000CCF800540D89B0F850C025F0010591F8008007EBC807674400EB4707C7F80054D1
:200DE0004D78002D0D7830F825704FEA47477DD0002F05DA30F825701740374320F8257062
:200E00000D7830F825707F0608D530F8257001E024E01DE01740274320F825700C7830F875
:200E200024501540354320F824500C7830F8242002EA09021A4320F824200A7830F8221069
:200E400001EA0A01194320F822100020BDE8F08730F822401C4044F4806382E74D78F5B1E5
:200E60008D88B0F8506025F001050F7806EBC70600EB4606C6F800540D7830F825607606AE
:200E800005D530F825601640264320F825600A7830F8221001EA090181F02001D2E78C883F
:200EA000B0F8505024F0010491F800C007EBCC073D4400EB4505C5F80044B0F850400D784F
:200EC000062707EBC5052C4400EB44070C694FF6FF7C07F580673E2C0CD9C4F34F15E40617
:200EE00001D16D1EADB20CEA852400E01EE044F4004407E0C4F34F05E40701D06D1CADB2A7
:200F00000CEA85243C600C7830F824506D0405D530F824501540354320F824500A7830F88C
:200F2000221001EA0A0181F440518BE7002F05DA30F825701740374320F825700D7830F81B
:200F40002560760605D530F825601640264320F825600E7830F826501540254320F826503E
:200F60000C7830F8242002EA0A0282F440521A4320F824200A7830F8221001EA090161E7AF
:200F8000002070472DE9F04391F80A8091F801C00A7848F6BF774BF68F7948F2800348F29E
:200FA000C0054CF2800648F68F74B8F1000F2ED0BCF1000F30F822C04FEA4C4C4ED0BCF14F
:200FC000000F07DA30F822C00CEA040C4CEA060C20F822C00A7830F822C05FEA4C6C07D566
:200FE00030F822C00CEA040C4CEA050C20F822C00A7830F822502540354320F822500C7899
:2010000030F824203A401A4320F824201BE0BCF1000F0ED030F82260760605D530F82260F2
:2010200026402E4320F822600A7830F8221039400EE030F822506D0405D530F82250254018
:20104000354320F822500A7830F8221001EA0901194320F822100020BDE8F083BCF1000F23
:2010600007DA30F822C00CEA040C4CEA060C20F822C00A7830F82260760605D530F8226011
:2010800026402E4320F822600E7830F8262022402A4320F826200C7830F8242002EA0902D7
:2010A0001A4320F82420BFE70020704700207047012120F8401F0021018081800182084616
:2010C000704730F8401F21F43D410180002070470020704730B54D780A78002D48F68F7476
:2010E00030F8225048F2800312D06D0607D530F82250254048F2C004254320F822500A78F7
:2011000030F8221048F6BF74214081F0300111E06D0407D530F8225025404CF2800425439A
:2011200020F822500A7830F822104BF68F74214081F44051194320F82210002030BD10B526
:201140000A7848F2800352B14978002930F8221010D048F6BF74214081F010010FE001885D
:201160004BF6BF72114081F4805181F010011943018007E04BF68F74214081F480511943D9
:2011800020F82210002010BD2DE9F0410D460646896995F801C00023AA7A022728690C469F
:2011A00048F28008BCF1010F05D0814252D90446081AA8614FE0814203D90446081AA86135
:2011C00000E0AB617AB1287836F820104906B6F8501007EBC000084406EB4000C0F8004472
:2011E00012D52A8911E0A3B2AA883046696900F0C8F8B6F85000297807EBC101084406EB55
:201200004000C0F800441CE0EA88A3B23046696900F0B7F8687848F68F7110B1012807D009
:201220000FE0287836F820200A4048F2C00105E0287836F820200A404CF280010A4326F805
:201240002020297836F8210048F6BF72104080F0300067E0AB6106234FF6FF701AB1BCF157
:20126000000F1BD056E0B6F850102A783E2C03EBC202114406EB410202F5806239D9C4F347
:201280004F11E30632D000BF00EA812040F4004002E000BF00EA812010603BE0B6F8501080
:2012A0002A783E2C07EBC202114406EB410202F580620BD9C4F34F115FEAC46C01D1491E5D
:2012C00089B200EA812141F4004108E0C4F34F015FEAC47C01D0491C89B200EA81211160EB
:2012E00069780029BFD001290AD013E0491E89B2CAE7C4F34F01E307CCD0491C89B2C9E72E
:20130000B6F85000297807EBC101084406EB4000C0F80044297836F821004BF68F7210407F
:2013200080F4405040EA080026F821000020BDE8F08130F8401F41F43D4101800020704770
:201340000148FBF7F7BE000060290020B0F84400704700005B1C00EB42005B0800F5806075
:2013600006D000BF30F8042B21F8022B5B1EF9D170470020704711B98021A0F84C100020EB
:20138000704710B55B1C00EB42005B0800F5806009D011F8012B5B1E11F8014B42EA0422C7
:2013A00020F8042BF5D110BD30B52048008800EB40011F4800EB8110817BB0F85C30B0F897
:2013C0005E50B0F86020B0F862400A2914D0D9B2EBB201EB0321D2B201EB024101EB04619A
:2013E000CAB220F85C2FC1F307224280C1F307428280090EC18030BD2D040021ED1841EB68
:2014000001034D195A4123044C19534190F96420D1171219594120F85C2F120C42EA0142BD
:2014200042800B0C8180C38030BD00008E000020B00400202DE9F04F91B04FF4C0294FF01F
:20144000000A002500200F903DA30FCB07AC0FC43F4EFAF791FA1090109810B911B0BDE8DE
:20146000F08F10220BA93B48FEF73AF800240AE00BA8005D07A9095D884202D001200F90CD
:2014800003E0601CC4B2102CF2DB00BF0F98002854D1042206A92F481830FEF721F8307871
:2014A000717800EB0120B17800EB0140F17800EB016B0698584541D02748006A401C10B1E0
:2014C00001F0BEFD3AE035E0FBF746FB00200190012002900395049005A901A8FBF7FEF92E
:2014E00005F10060F9F76EFF8046B8F57F3F17D14FF4806219494846FDF7F2FF00270BE014
:20150000164850F807C06246002329460220FBF7E3FA2D1D381D87B2B7F5806FF0DB00E015
:201520000BE00AF5806A09F58069FBF7B9FA052000F019FBBAF5044FC6D300BF00BF8DE795
:201540004D4355424F4F544C4F41444552202020F87F0008E07F060000200240C012002023
:201560002DE9F04FD14CD04DDFF844A3218887B005EB01104FF0010900684FF0FF0B00281B
:2015800042D0401EC0F3CE0600F0070009FA00F2D243D2B20BFA00F78DF80020D8461740B9
:2015A00099B306EB41400122694600F5381000F059FA2088012206EB404001A900F53810F8
:2015C000FDF78EFF9DF80400B8427CD1208840B306EB40400122694600F53A1000F042FA61
:2015E0002088012206EB404001A900F53A1000BFFDF776FF9DF80400B842E6D1208805EBBC
:2016000000110968CA0417D07EE0FFE706F5702001226946049000F025FA012201A90498E6
:20162000CEE706F5782001226946064600F01AFA012201A93046DBE7491E0E0CC1F3423193
:2016400009FA01F2D243D2B208FA01F78DF800201740C8B3DFF8588206EB4031A8F1800856
:2016600001EB08000122694600F0FCF92088012206EB403101EB08000DF10401FDF730FF78
:201680009DF80400B842A0D1208848B306EB403101EB0A000122694600F0E4F920880122E1
:2016A00006EB403101EB0A000DF10401FDF718FF9DF80400B84288D1208805EB00110968BE
:2016C000890319D020E0C1E0FFE706F5602001226946804600F0C6F9012201A94046CDE745
:2016E00006F56020803001226946064600F0BAF9012201A93046D9E7F0B34FF4381101EBE0
:2017000040410120FAF736F8218805EB01104068002846D0401E00F00702C0F3CE0609FA97
:2017200002F0C043C0B20BFA02F7C8468DF800005D460740B1B306EB41400122694600F52A
:201740003C1000F08FF92088012206EB404001A900F53C10FDF7C4FE9DF80400B84275D10F
:20176000208870B306EB40400122694600F53E1000F078F9208800E015E006EB40400122A6
:2017800001A900F53E1000BFFDF7AAFE9DF80400B8425BD1444A218802EB01104068C3049E
:2017A0001BD07CE002E04FF47021AAE706F5502001226946814600F055F9012201A94846FE
:2017C000C8E7FFE706F5582001226946064600F049F9012201A93046D6E7401E060C91466A
:2017E000C0F3423008FA00F2D243D2B285408DF80020154071B306EB41302E4F01223844D6
:20180000694600F02FF92088012206EB403038440DF10401FDF764FE9DF80400A84215D197
:20182000208810B306EB4030574638440122694600F018F92088012206EB4030384401A99E
:20184000FDF74EFE9DF80400A8421AD0882007B0BDE8F08F06F5402001226946074600F0EE
:2018600001F9012201A93846D4E706F54020803001226946064600F0F5F8012201A930461F
:20188000DEE7208809EB00114968890307D140B14FF43C1101EB40410120F9F76BFF002038
:2018A000D5E74FF45021F7E7C41000208E00002080E02D0000F02D00FEE7000070B52E480E
:2018C000FAF7C4FB2D480A210160012141600521816001462848FAF71DFC294E4FF480553D
:2018E000002229463046FBF751FA962000F03BF92148FAF717FE32211F48FAF77BFD1E48D2
:20190000FAF7BCFC80B240F6E44148436FF0011404EAD022A2F5885240F2BB20953A8242A1
:2019200026D2012229463046FBF730FA962000F01AF91148FAF7F6FD32210F48FAF75AFDA3
:201940000D48FAF79BFC82B240F6E440424304EAD224002229463046FBF718FA962000F002
:2019600002F9A4F6B834B4F5167F03D9102070BD112070BD002070BD48030020C025002054
:20198000000C014070B51E48FAF760FB1D480B210125C0E900150521816001461848FAF70F
:2019A000B9FB002229031848FBF7F0F9962000F0DAF8164CC4F8B851962004F5DC7400F05C
:2019C000D2F80F48FAF7AEFD32210D48FAF712FD0B48FAF753FC80B240F6E44148436FF098
:2019E000011101EAD02000212160A0F588509438B0F52F7F01D9202070BD002070BD000038
:201A000048030020C0250020000C0140000022427CB5FF208DF800000520104D8DF80400C5
:201A2000002210212846FBF7B1F94FF47A740BE02346012201A90A48FCF71EFC234601220C
:201A400069460748FCF722FB9DF80000C007EFD1012210212846FBF799F97CBD0008014094
:201A6000780300202DE9F041174688460646FFF7CFFF00F017F800250FE0F043C4B2781BFA
:201A8000641CA04200DC84B208EB050122463046FEF704F8281985B22644BD42EDD3BDE8C4
:201AA000F081000038B506200A4C8DF80000002210212046FBF76AF94FF47A7301226946B7
:201AC0000548FCF7D9FB012210212046FBF75EF938BD0000000801407803002002E008C864
:201AE000121F08C1002AFAD170477047002001E001C1121F002AFBD1704770B54FF6FC7111
:201B0000B0B1012813D12923020200F02FFF002500240020F6F7A2FE0A2000F045F8641C1C
:201B2000A4B2FF2CF5D96D1CADB2292DF0D370BD0C23C022012000F019FF00240025002085
:201B4000F6F78CFE0A2000F02FF86D1CADB2C02DF5D3641CA4B20C2CF0D370BD10B500F07D
:201B600001F810BD704741F672710B4603E0491E89B2FCD21946401EF9D2704742F228315E
:201B800048434FF0E021486100208861086940F001000861012008610A69D203FBD50869AA
:201BA00020F0010008617047A8B100EBC0014FF0E0200839416100218161016941F001012D
:201BC0000161012101610269D203FBD5016921F001010161704700BF00BF00BF00BF00BFBE
:201BE00000BF00BF00BF00BF00BF00BF00BF00BF00BF00BF00BF00BF704700002DE9F041F3
:201C000007461D4614460E463020F6F70DFEF020F6F70AFE2846F6F721FE102D02D0112D52
:201C20000BD104E0761F0223B1B2082202E0022308223146384600F099FE202C02D3203C73
:201C4000E0B200E000200A49002501EB0016002404EBC500305CF6F701FE641CA4B2082C1E
:201C6000F6D36D1CADB2022DF1D3BDE8F0810000FC4201082DE9F0479846164689460546C2
:201C80000024089F08E0325D434649462846FFF7B5FF0835ADB2641CBC42F4DBBDE8F087CD
:201CA00010B50FA18AB00FC901AC84E80F0010A305AC0FCB84E80F000020FFF71EFF102455
:201CC000234601AA032120200094FFF7D3FF102305AA052120200094FFF7CCFF0AB010BD0C
:201CE000202020204175746F546573742020202020506C656173652057616974696E67201E
:201D00007FB512A20C46054607CA01AB83E8070012481149008831F8101051B9104900EB7C
:201D2000400001EB801002AAB0F87200042101F041F901A8F6F72AFCC0B20090102301AA35
:201D400021462846FFF796FF7FBD00004352433A2020202000000000380200208E0000204D
:201D6000B004002010B50FA18AB00FC901AC84E80F0010A305AC0FCB84E80F000020FFF711
:201D8000BCFE1024234601AA032120200094FFF771FF102305AA052120200094FFF76AFFA8
:201DA0000AB010BD20202020434845434B2049432020202020506C65617365205761697463
:201DC000696E67200C4A117820B1012908D9491E117007E0022901D2491CF9E7012000E0D7
:201DE000022010701078012803D0022803D100F03DB800F093BA7047C00000207FB515A21B
:201E000001AB07CA83E8070001A8F6F7BFFBC0B20090102301AA03210220FFF72BFF114CE0
:201E20000F49208831F81010002912D10E4D00EB400005EB8010F6F7A9FBC0B2009020880C
:201E4000102300EB400005EB801203212820FFF711FF7FBD49433A2020202020000000008E
:201E6000380200208E000020B004002010B54CA394B00FCB07AC84E80F004DA11822D1E9A4
:201E80000001CDE90B014CA101A8F6F75BFB50A0006811904FA0006812904FA000681390BA
:201EA0004E48016800200A2403E0B1FBF4F1401CC0B20029F9D1C01CC0B2C0F1100000EBA6
:201EC000D07107AA02EB610221F00101401A1044F9F70AFE42480188002003E0B1FBF4F160
:201EE000401CC0B20029F9D1C01CC0B2C0F1060000EBD0710BAA02EB610221F00101401A7E
:201F00001044FCF741FE102236490DA8F6F71AFB0020FFF7F2FD01A8F6F738FBC0B2009003
:201F2000102301AA01210820FFF7A4FE12A8F6F72DFBC0B20090102312AA04210820FFF7DE
:201F400099FE0520009010230BAA04213020FFF791FE13A8F6F71AFBC0B20090102313AAA4
:201F600007210820FFF786FE102423460DAA072130200094FFF77EFE11A8F6F707FBC0B2AB
:201F80000090102311AA0A210820FFF773FE102307AA0A2120200094FFF76CFE14B010BD35
:201FA00020202020202020202020202020202020202020202000000044453A2020692D5791
:201FC00072697465722047414E472D340000000046573A0048573A0049433A00F8FF0108C7
:201FE000FC7F0008C0FF01087FB51CA201AB07CA83E8070001A8F6F7C9FAC0B20090102327
:2020000001AA05210220FFF735FE184C1649208831F81010002920D1154D00EB400005EB59
:2020200080107C30F6F7B2FA182801D3182008E0208800EB400005EB80107C30F6F7A6FA0B
:20204000C0B200902088102300EB400005EB8012052130207C32FFF70DFE7FBD46696C6515
:202060003A20202020200000380200208E000020B004002010B51EA18EB00FC901AC84E8F7
:202080000F001FA105AC0FC984E80F0020A309AC0FCB84E80F0001A8F6F778FAC0B2009096
:2020A000102301AA0B210220FFF7E4FD1C480D24008800EB40011B4800EB811191F8BC00AF
:2020C00055280AD0AA2806D1102309AA00940B215A20FFF7CFFD0EB010BD91F8BE000DF14E
:2020E0001F02022100F080FF102305AA0094EEE750726F674D6F64653A202020000000002B
:202100004175746F2020204E756D3A20200000004D616E75616C20202020202020000000DE
:202120008E000020B004002010B50FA18AB00FC901AC84E80F0010A305AC0FCB84E80F00B5
:202140000020FFF7DAFC1024234601AA032120200094FFF78FFD102305AA052120200094F5
:20216000FFF788FD0AB010BD20202050726F6772616D6D696E67202020506C6561736520A0
:2021800057616974696E672010B50FA18AB00FC901AC84E80F0010A305AC0FCB84E80F00E4
:2021A0000020FFF7AAFC1024234601AA032120200094FFF75FFD102305AA052120200094F5
:2021C000FFF758FD0AB010BD20202052656164696E6720495243202020506C65617365203B
:2021E00057616974696E672008B50E4A0C4B128833F81230002B0FD10B4B02EB420203EBF9
:20220000821292F8BD300222002B4FF01003009203D006A2FFF72EFD08BD05A2FAE7000097
:20222000380200208E000020B00400204C5300004853000000B58FB01C2212A101A8F6F70D
:2022400081F91C2216A108A8F6F77CF90020FFF754FC01A8F6F79AF9C0B20090102301AA8E
:2022600004210220FFF706FD08A8F6F78FF9C0B20090102308AA07210220FFF7FBFC0FB01C
:2022800000BD00002020202020556E737461626C6520706F77657220202020202020000076
:2022A000202020506C6561736520636865636B2121212121212121212120000010B50FA167
:2022C0008AB00FC901AC84E80F0010A305AC0FCB84E80F000020FFF710FC1024234601AAA1
:2022E000032120200094FFF7C5FC102305AA052120200094FFF7BEFC0AB010BD202020209C
:2023000020566572696679202020202020506C656173652057616974696E672010B5002016
:20232000FFF7EBFB0721022000F014F8FFF766FD00F05AFAFFF758FE07215A20FFF7E0FC1E
:2023400000F096F8FFF796FE0121BDE81040A820FFF74ABF70B5364A0D4606460FCA86B044
:2023600001AC84E80F0033480188334801EB410200EB821301AA987B0C2804D02F4C34F89A
:20238000111089B323E0D87B0B2807D0588B002833F8660F998814D0084446E033F8660FBE
:2023A000D21C9988084480B2042100F003FE01A8F6F7ECF8C0B210230521009001AA0220D8
:2023C0000EE0084480B20421D21C00F0F3FD01A8F6F7DCF8C0B20090102301AA294630466F
:2023E000FFF748FC06B070BDFFE7332818D1DC7B022C15D0032C13D0062C11D00F2C12D0EA
:20240000132C10D0152C0ED0162C0CD0172C0AD01A2C08D01D2C06D0202C04D0222C02D0C6
:20242000B3F86600CFE733F8660F1989C9E70000DC3901088E000020B004002038020020E9
:2024400008B50020FFF759FB12200090102303A204211820FFF70EFC08BD0000504C454177
:2024600053452043484F4F53452046494C45000030B51BA087B007C801AB204D83E8070072
:202480001AA004AB07C883E807001B4C28880DF1070204EB00100621006800F0A5FD2888A4
:2024A0000DF1150204EB00100621406800F09CFD01A8F6F76BF8C0B20090102301AA0921AD
:2024C0000220FFF7D7FB04A8F6F760F8C0B20090102304AA09215A20FFF7CCFB07B030BD39
:2024E0004F4B3A2020202020200000004641494C3A20202020202000C41000208E00002090
:20250000F8B5833815460E46192842D2DFE800F00D0F4112151D20234141414141264343C3
:20252000292C2F433235383B3E002E4C33E02D4C103430E02B4C303C01E02A4C203CA21C0E
:202540000121681C00F050FD25E0264C2034F6E7244C3034F3E7234C5034F0E7214CC03C0F
:20256000EDE7204CB03CEAE71E4CA03CE7E71D4C903CE4E71B4C503CE1E71A4C603CDEE7C8
:20258000184C103C07E0174C6034D8E7154C403CD5E7144CD03C102035B1012D09D0022D9D
:2025A00013D0032D0CD116E010232246032100900FE0102322460321009010E0FFF75AFB6D
:2025C0003046BDE8F840FDF703BD10232246052100900220F2E710232246052100906220D5
:2025E000ECE70000C101002010B58EB018220EA101A8F5F7A7FF182211A107A8F5F7A2FFD7
:202600000020FFF77AFA1624102301AA032118460094FFF72FFB102307AA062118460094E5
:20262000FFF728FB0EB010BD20206669726D7761726520435243206572726F7220200000D7
:20264000506C6561736520757064617465206669726D77617265000038B50C460546184A14
:202660000121601C00F0C0FC082234B1012C0AD0022C16D0032C0FD11AE00092104A1023BE
:20268000921E032112E000920D4A1023921E032113E000BFFFF7EEFA2846BDE83840FDF775
:2026A00097BC0092064A1023921E05210220F1E70092034A1023921E05216220EAE70000A7
:2026C000D300002070B51D4D687838B3FE20A97831B380F00400E97829B380F010002979B7
:2026E00021B380F040060020FFF707FA00F07CF8002428194078E0B122463146FFF700FF53
:20270000641CE4B2042CF4D30B210220FFF722FEBDE870400B215A20FFF7F2BAFD20D6E7D1
:2027200080F00800D7E780F02000D8E780F08006D9E721463046FFF78FFFE1E7B010002055
:202740002DE9F041264E274FFF253288002002EB420207EB82120224DFF88080012192F8EA
:20276000BE300AE008EB000252787AB1420001FA02F26A40401CD5B2C0B28342F2D80020B8
:20278000FFF7BBF900F030F800240FE04FEA400C04FA0CF2EDE700BF08EB04004078C0B130
:2027A00022462946FFF7ACFE641CE4B2308800EB400007EB801090F8BE00A042ECD80B210F
:2027C0000220FFF7C7FDBDE8F0410B215A20FFF797BA21462846FFF73FFFE5E7B0100020A5
:2027E0008E000020B00400200EB50CA10DF10902D1E90001CDE901010A480221008800F07E
:20280000F3FB01A8F5F7C2FEC0B20090102301AA01210220FFF72EFA0EBD0000436F6465ED
:20282000205858008E00002070B590B00E46054614221AA101A8F5F785FE14221CA106A86C
:20284000F5F780FE14221FA10BA8F5F77BFE10247DB1012D1AD0022D09D10020FFF74DF921
:2028600010230BAA009405212020FFF703FA10B070BD0DF111020321304600F0B5FB00202B
:20288000FFF73BF9102301AA0094ECE70020FFF734F9102306AA0094E5E7000045726173B8
:2028A0006520426C6F636B20202020200000000057726974652F5265616420307835352000
:2028C0000000000057726974652F526561642030784141200000000010B51AA386B00FCB46
:2028E00001AC84E80F001B48016800200A2203E0B1FBF2F1401CC0B20029F9D1C01CC0B217
:20290000C0F1100000EBD07101AA02EB610221F00101401A1044F9F7E7F80020FFF7EDF844
:20292000102423460CA2042120200094FFF7A2F9102301AA072120200094FFF79BF906B0A8
:2029400010BD000020202020202020202020202020202020F8FF010820692D5772697465E9
:20296000722047414E472D34200000002DE9F041441E1D46164601F109073020F5F754FF2E
:202980000A20FFF711F91520F5F74EFF0A20FFF70BF9E0B2F5F762FF0A20FFF705F9A019C5
:2029A000401EC0B2F5F75AFF0A20FFF7FDF87520F5F73AFF0A20FFF7F7F8F8B2F5F74EFF41
:2029C0000A20FFF7F1F87819401EC0B2F5F746FF0A20FFF7E9F85C20F5F726FFBDE8F041F8
:2029E0000A20FFF7E1B800001CB500270024002001900090002500268046FAF7DBF9FDF7F7
:202A00007BFBFCF781F9FCF761F9FCF739F9FCF7D9FAFCF773FAFEF70DFDFCF791FAF5F7D2
:202A2000C1FFF5F757FEF8F77FFEFCF7ADFAFCF7ABFCFF20FDF7CCFAFF20FDF7F5FAC82032
:202A4000FFF79CF8FFF748FF40F2DC50FFF796F8FCF7B4F8FE48FBF7B1FEDFF8F8A30020B5
:202A60008AF80400FFF704FD4FF00109DFF8E8A3DAF8140160B96420FFF780F8DAF8140155
:202A800030B9012E0BD00020FFF79CF901200190019878B3F148006801281FD02AE04FF020
:202AA0000108EC49C8880F2802D2401CC88001E00020C880FFF732FCF8F768FD0720FAF700
:202AC000E5F94FF4104B59460020F8F753FEE1490222891D5846FEF7C5FFD9E700200190BF
:202AE000DC49487860B10A78022A0CD00020487081F80090DFF868B3DBF8000130B112E0DC
:202B000081F80190F4E7401C4870F1E76420FFF735F8DBF8000130B9012E0BD00120FFF75F
:202B200051F901200090009878B3DAF8140101281ED032E04FF00108C649C88810B1401E01
:202B4000C88001E00F20C880FFF7E8FBF8F71EFD0720FAF79BF94FF4104B59460020F8F7FA
:202B600009FEBC490222891D5846FEF77BFFDAE700200090B7480178012907D000214170B6
:202B8000022101704078062804D006E04178491C4170F5E70720FAF779F9DFF8C8A2DAF8B9
:202BA0000401002846D10A20FEF7E8FFAE4800680028F7D1FF20FDF70BFADFF898A24FF015
:202BC000000B8AF800B09AF80100062811D18AF801B0FDF783F940F2DC50FEF7CFFFFFF75B
:202BE0009DFB06E00120FEF7C9FF641CB4F5FA6F03D09D4800680028F4D0B4F5FA6F02D1F6
:202C00000126FFF71DFC0024B8F1010F01D1A04600269AF80300012806D1FEF74FFE8AF86A
:202C2000030008B9F8F7B2FC9AF8031019B10020F8F7E6FCDEE0BAF80600854900EB400064
:202C40004C3101EB801090F8BC00552802D0AA280AD0CFE0002E06D1F8F7C2FB8AF80290C8
:202C60000720FAF71EF9C5E0002E7DD1FF20FDF7AFF9DFF8E0A18AF800B08AF801B0F8F79D
:202C8000AFFBBAF80600724900EB40024C3101EB8212B2F84410CB0706D0744B926F03EB99
:202CA00000131B6893420AD2704B714A03EB0010D0F800A0924502D84068904207D96B4833
:202CC0008A21143841708170C170017141E048060AD5F8F7FFFB38B1644889211438417045
:202CE0008170C170017134E0F5F7E0FDDFF87CB1ABF1140B9BF8010050B99BF8020038B981
:202D00009BF8030020B99BF8040008B9F5F7C2FD4FF0000A5548143800EB0A0B9BF801007B
:202D200070B34C485149C08801EB00104168491C41609BF80100C0B3FEF712FC20B18BF8F1
:202D40000100444880F803900AF1010ABAF1040FE0DBFFF7B7FCFFF78BFB3E48C08800EB7E
:202D600040013B484C3000E044E000EB8110B0F8440000052ED53D481438417801B325E05C
:202D800034483A49C08801EB00110A68521C0A6000EB40012E484C3000EB811090F846003D
:202DA0000028C6D0FEF700FBC3E7FFE7FEF7D8FB8BF801000028C7D0264880F80390C3E7A7
:202DC000817819B9C17809B90079B0B101219620F5F794FD0020254914390A1852780AB17C
:202DE0007F1CFFB2401CC0B20428F6D3384600F0A3F80027DFF85CB070E000219620F5F79E
:202E00007DFDE7E70025FEF7ADFFF5F741FD9BF804108BF805100020DFF850A0AAF1140A9B
:202E20000AEB000252780AB96D1CEDB2401CC0B20428F5D3BBF8060000EB400204484C3076
:202E400000EB821090F8BE00A84216D812E00000640400208800002000002242008121426D
:202E6000008021420000214204012142C41000203F420F008BF8049003E04FF000008BF864
:202E800004009BF80400012824D119BB9AF8010040B19AF8020028B19AF8030010B19AF8CC
:202EA0000400B8B9FF20FDF793F8F5F7FFFC9AF8010078B99AF8020060B99AF8030048B911
:202EC0009AF8040030B9F5F7E5FCFCF78BFAC820FEF754FE0125C820FEF750FEBBF80600F5
:202EE00000EB40010A4800EB811090F8BC00552803D19BF80200002884D1002D3FF4B6AD6E
:202F0000FFF70CFA00250720F9F7C0FFAEE50000B00400200649002005E00A78054B1A54BF
:202F2000491C421CD0B20C28F7DB024870470000E8F7FF1FA412002002461048417879B1EF
:202F4000FE21837873B181F00401C3786BB181F01001007960B181F0400062B1F8F7F6BDF4
:202F6000FD21EEE781F00801EFE781F02001F0E781F08000F1E7FCF71FBA0000B010002030
:202F800030B50246002300200FE0145C302C09DB145C392C06DC145C303C03EB830504EB2A
:202FA000450300E003E0441CE0B28842EDDB00BF184630BDF0B50023094C0A4E55180CE0AA
:202FC000CF1A00F00F022744000907F8012CEF1AB25C5B1C07F8012CDBB28B42F0D3F0BDE3
:202FE000B0120020CC390108F0B500230A24094D0A440BE0B0FBF4F604FB1606B0FBF4F01D
:20300000D71AAE5D5B1C07F8016CDBB28B42F1D3F0BD0000CC39010870B50023074C0A440F
:2030200009E000BF00F00F05D61A0009655D5B1C06F8015CDBB28B42F4D370BDCC390108FB
:2030400000B587B0F9F788FDF9F734FD0120009000200190FF200290012003906846F9F789
:20306000BBFCF9F75BFF07B000BD000070B504460A4D10E0402C01D9402000E0E0B2201AD3
:2030800084B20520FEF76FFD40232A4681210448FAF731F84035002CECD170BDC01200201C
:2030A000602900202DE9F04F97B004463C2101A8F5F761FAF948002700680090F84882789A
:2030C0002AB921780170617841708760C7600546DFF8D093F2490078B9F800C0F24E4968D1
:2030E000F0384FF4FA7A4FF0010B082877D2DFE800F08A7604767635F5F46878122809D075
:20310000812824D0822825D083287CD1A078F5F7C3FB4EE2E2208DF8000022208DF801003A
:203120008DF802708DF8037040236A468121DF48F9F7E1FFAF705046FEF715FD0122D10341
:20314000DB48F9F723FEDB495A200870ACE3F5F7A9FB2EE2A078F5F7A2FB2AE2D04B68784E
:2031600014331093422831D04FF0E50AB1284DD0CC4BB228B3F800804FF4602303EB48437B
:203180007DD0AE46C74D4FF40038B3282D8808EB0538754675D0B42874D0C22873D0C32867
:2031A00072D0342871D0332870D0C4286FD0D1286ED0D2286DD0D3286CD000206946225C78
:2031C0000A54401C80B24028F9D3ECE31846F8F757FEA87DEF602C466860109D0EE0DAE358
:2031E00011E040232A468121B048F9F784FF0A20FEF7B9FCE06840304035E0606168E068AC
:203200008842EED3A77017B0BDE8F08FC2B3A868884210D20020AA68215C00F114032A44CB
:20322000401CD154328880B2114431804028F2D3A8684030A86069688842E4D1288A3188AB
:20324000884240D1FCF744FDF760B5F8140198B34FF49E2101EB00305FF0C001F8F79EFD43
:20326000308002228F494FF41040FCF739F9B9F8000000EB4001904800EB81100BE02EE0C0
:203280000EE0EFE02CE15FE194E19BE1BCE1C1E1D4E107E250E290F8BC00552810D012E091
:2032A00085F802B034F8030F686060882882A088A5F814013780A6E7FFE7C0210020CDE78E
:2032C0000720F9F7EEFD8DF800A0B1208DF8010002208DF802003088FAE0AFE289E252B136
:2032E000B1F5803F51D9A868B0F5803F32D2BCF1000F26D02AE085F802B02079617EE2780A
:2033000000EB0160A17E4C46090401EB022108446860BCF1000F0CD019460120F8F72AFA55
:2033200021884FF4702000EB41410120F8F722FA69E74FF480310120F8F71CFA4FF440315A
:20334000F3E74022214600F580300AE018444022214606E0BCF1000FF8D14022214600F5ED
:203360000030FEF77FFBA8684030A860D5F804804045A0D1B9F800104FF0000B51B14FF48F
:20338000602202EB414437802CE0A868BCF1000FDCD1D6E74FF48034F5E700BF4FF4806586
:2033A000A84501D21FFA88F529462046F8F7F6FC31882C4408443080B9F8000020B9B4F5A9
:2033C000003F01D14FF440344FF4004101EB4B00A8EB050802223449FEF744FB0BF10100F8
:2033E0001FFA80FBB8F1000FD8D18DF800A0B2208DF8010002208DF8020030888DF8040071
:20340000010A8DF8031040236A4681212748F9F772FE23498F70B9F8000000EB40012648CF
:2034200000EB81103188B0F868008842A1D1F8F7ADF8FCF79DFAF06818B1204800780028C4
:2034400097D1FCF795FAF068002892D14FF4BE242146F8F78FF9144904220C312046FEF781
:2034600001FBD0E662B3A868884207D2404440222146FEF7F7FAA8684030A860696888427C
:20348000EFD3B9F800204FF4003000EB0230F8F785FC30808DF800A0B3214FE0FC39010883
:2034A000CC2500208E000020980200206029002000100140FC4F0020B00400203202002006
:2034C000FFE785F802B0A0784146CEF804001CE0010A8DF803108DF8040040236A4645E20C
:2034E000F9484FF48023008803EB003022B1AA688A420CD3104612E085F802B02179E27804
:2035000001EB0221CEF80410014600200EE7104440222146FEF7A6FAA8684030A86069685B
:2035200088429ED1B9F800204FF4802000EB0230F8F734FC30808DF800A0B4218DF8011022
:2035400002218DF80210C3E7C846BCF1000F0FD0B36020796179E27800EB0160A1794FF4D5
:203560000034090401EB022108446860E8681DE04FF48030B060ECE7B8F8001021B9B16811
:203580004218A24200D1B460B168402208441099FBF7A6FF40238121CC48109AF9F7ABFDA6
:2035A0000A20FEF7E0FAE8684030E86069688842E2D1DFE1404640221099FBF791FF402386
:2035C000109AD3E12179E0784FF4802401EB002068604E46E86813E03188402204EB0131CD
:2035E00008441099FBF77CFF40238121B748109AF9F781FD0A20FEF7B6FAE8684030E86076
:2036000069688842E8D1B5E18DF800A033208DF8010062E78DF800A08DF8010032208DF8F7
:2036200002000021202268464318491C89B2DA701029F9D3C01CF8F757FA4EE78DF800A0B7
:20364000D1208DF8010009208DF80200D4F80300F06010A9E01DFCF755FA8DF80300F0684C
:203660009B4C020E82EA1041030A5940414021708DF804008DF80530000C8DF806008DF87F
:2036800007209DF840008DF808009DF841008DF809009DF842008DF80A009DF843008DF87A
:2036A0000B001AE7A078F7F784FFFCF761F9FCF707F9A078A9F80000C8464FF4806B776069
:2036C00048B14FF4602101EB404400254FF440394FF4702709E04FF48034F6E7402D04D103
:2036E000B8F8000030B307EB404459462046F8F755FB71686D1C0844ADB27060802DEDD333
:20370000FEF70CFE8DF800A0D2208DF8010070684023010E8DF80210010C8DF80310010A7C
:203720008DF804108DF805006A4681216748F9F7E2FC68E54C46D8E78DF800A0D3208DF85C
:203740000100142010971197002412978DF80200FFF7E0FB002113AE425C7254491CC9B29A
:203760000C29F9D308215B48FCF768F8002010A95FF0000251F8203002EB800C1B0241F897
:20378000203016F80CC0521C43EA0C03D2B241F82030042AEED3401C5C40C0B20328E7D30A
:2037A0004C4E00205FF0000241F8207051F8203002EB800C1B0241F8203016F80CC0521C35
:2037C00043EA0C03D2B241F82030042AEED3401C5C40C0B20228E5D300216A46CB0024FAAB
:2037E00003F05318491CC9B2D8700429F6D34023BCE02C466D78662D9BD11022364910A88F
:20380000F4F7A0FEE6208DF800008DF8015032208DF80200002010AA6946135C0D18401C6C
:2038200080B2EB701028F8D30A46402381212748F9F761FCA770FEF771FDE4E468784FF086
:20384000E708012833D0022878D00328F5D14FF4C029C2B3A868884208D24022214600F5D7
:20386000C020FEF7FFF8A8684030A86069688842E3D14846F8F766FA30808DF800800321EF
:203880008DF8011002218DF80210010A8DF803108DF8040040236A4681210C48F9F72BFC8C
:2038A000AF705046FEF75FF9F9F738FBABE406484FF49C0A03880AEB43407AB1AA688A4211
:2038C00024D310462AE057E08E0000206029002037020020A8020020C0FF010885F802B0E9
:2038E000A179E278637901EB026122794C46120402EB03221144696001460120F7F73AFF27
:2039000020884FF49E0101EB40410EE5104440222146FEF7A7F8A8684030A86069688842E9
:203920008BD1B9F800200AEB4240F8F70BFA30808DF800808DF801B002E6FFE71B4CFEF7DA
:20394000EDFC8DF8008002208DF8010004208DF8020020788DF8030060788DF80400A0788D
:203960008DF80500E0788DF80600B6E581211048F9F7C1FBAF7046E485F802B0A079E178AF
:20398000627900EB01602179090401EB0221084449466860C9E400206946225C0A54401CF3
:2039A00080B24028F9D340230A46DFE7F87F000860290020000000000000000001020304F6
:2039C0000607080900000000010203043031323334353637383941424344454643533A4607
:2039E00046464600000000000000000052454144202050415353000000000000E54200003B
:203A000000000000963007772C610EEEBA51099919C46D078FF46A7035A563E9A395649E1E
:203A20003288DB0EA4B8DC791EE9D5E088D9D2972B4CB609BD7CB17E072DB8E7911DBF903E
:203A40006410B71DF220B06A4871B9F3DE41BE847DD4DA1AEBE4DD6D51B5D4F4C785D3835E
:203A600056986C13C0A86B647AF962FDECC9658A4F5C0114D96C0663633D0FFAF50D088D7E
:203A8000C8206E3B5E10694CE44160D5727167A2D1E4033C47D4044BFD850DD26BB50AA59E
:203AA000FAA8B5356C98B242D6C9BBDB40F9BCACE36CD832755CDF45CF0DD6DC593DD1ABBE
:203AC000AC30D9263A00DE518051D7C81661D0BFB5F4B42123C4B3569995BACF0FA5BDB8DE
:203AE0009EB802280888055FB2D90CC624E90BB1877C6F2F114C6858AB1D61C13D2D66B6FE
:203B00009041DC760671DB01BC20D2982A10D5EF8985B1711FB5B606A5E4BF9F33D4B8E89D
:203B2000A2C9077834F9000F8EA8099618980EE1BB0D6A7F2D3D6D08976C6491015C63E6BD
:203B4000F4516B6B62616C1CD83065854E0062F2ED95066C7BA5011BC1F4088257C40FF5DD
:203B6000C6D9B06550E9B712EAB8BE8B7C88B9FCDF1DDD62492DDA15F37CD38C654CD4FBFD
:203B80005861B24DCE51B53A7400BCA3E230BBD441A5DF4AD795D83D6DC4D1A4FBF4D6D31D
:203BA0006AE96943FCD96E34468867ADD0B860DA732D0444E51D03335F4C0AAAC97C0DDD3D
:203BC0003C710550AA41022710100BBE86200CC925B56857B3856F2009D466B99FE461CE5D
:203BE0000EF9DE5E98C9D9292298D0B0B4A8D7C7173DB359810DB42E3B5CBDB7AD6CBAC07D
:203C00002083B8EDB6B3BF9A0CE2B6039AD2B1743947D5EAAF77D29D1526DB048316DC738C
:203C2000120B63E3843B64943E6A6D0DA85A6A7A0BCF0EE49DFF099327AE000AB19E077DAC
:203C400044930FF0D2A3088768F2011EFEC206695D5762F7CB67658071366C19E7066B6ECC
:203C6000761BD4FEE02BD3895A7ADA10CC4ADD676FDFB9F9F9EFBE8E43BEB717D58EB060EC
:203C8000E8A3D6D67E93D1A1C4C2D83852F2DF4FF167BBD16757BCA6DD06B53F4B36B2480C
:203CA000DA2B0DD84C1B0AAFF64A0336607A0441C3EF60DF55DF67A8EF8E6E3179BE69462C
:203CC0008CB361CB1A8366BCA0D26F2536E2685295770CCC03470BBBB91602222F2605554C
:203CE000BE3BBAC5280BBDB2925AB42B046AB35CA7FFD7C231CFD0B58B9ED92C1DAEDE5B6C
:203D0000B0C2649B26F263EC9CA36A750A936D02A906099C3F360EEB85670772135700050B
:203D2000824ABF95147AB8E2AE2BB17B381BB60C9B8ED2920DBED5E5B7EFDC7C21DFDB0B2B
:203D4000D4D2D38642E2D4F1F8B3DD686E83DA1FCD16BE815B26B9F6E177B06F7747B7184B
:203D6000E65A0888706A0FFFCA3B06665C0B0111FF9E658F69AE62F8D3FF6B6145CF6C166B
:203D800078E20AA0EED20DD75483044EC2B30339612667A7F71660D04D476949DB776E3E8B
:203DA0004A6AD1AEDC5AD6D9660BDF40F03BD83753AEBCA9C59EBBDE7FCFB247E9FFB530AB
:203DC0001CF2BDBD8AC2BACA3093B353A6A3B4240536D0BA9306D7CD2957DE54BF67D923CB
:203DE0002E7A66B3B84A61C4021B685D942B6F2A37BE0BB4A18E0CC31BDF055A8DEF022DEB
:203E0000D6D000000F08080808FF080808080F0000000000F020202020FF20202020F000C0
:203E20000000CEA2081123CC017909F90979041BE80F08008000FF01027C40407C0811E6F5
:203E400018E60100B0AE0126342C2424374C44444C74C44506000082848991E1B2AAA4A4B7
:203E6000AAB281010100D0BE20202020F82024222120F820202020000810600000FC0202C6
:203E80000202020E8040300000000000000000000000000000003F0000000000400000009F
:203EA000003040304000000000000000090B3D0B3D0900C000C0000018247F223100C040F2
:203EC000E040800018241B0D320100C000804080031C271C07008040408040400000000042
:203EE00000001060000000000000001F20400000008040200040201F000000204080000094
:203F000009061F06090000008000000004043F0404000000800000000000000000001060A5
:203F20000000000004040404040000000000000000000000000000400000000000010638EE
:203F4000400020C0000000001F2020201F0080404040800000103F0000000040C040000054
:203F6000182122241800C04040404000102024241B00804040408000020D113F0100000037
:203F800000C040003C24242423008040404080001F24243403008040404080003020273889
:203FA00020000000C00000001B2424241B008040404080001C2222221F0000C0404080005E
:203FC00000000800000000004000000000000400000000006000000000040A1120400000B6
:203FE00000008040090909090900000000000000004020110A040040800000001820232416
:2040000018000000400000001F2027291F008040404040000007390F010040C00000C040CA
:20402000203F24241B0040C0404080001F2020203000804040408000203F20201F0040C091
:2040400040408000203F242E300040C04040C000203F242E300040C0400000000F102022BD
:204060003302008040408000203F04043F2040C00000C04020203F2020004040C040400046
:204080000020203F2020602020C00000203F240B302040C04000C040203F2000000040C064
:2040A000404040C03F3C033C3F00C000C000C000203F0C233F2040C04000C0001F202020DB
:2040C0001F00804040408000203F2424180040C0400000001F2121201F00804040E0A000E2
:2040E000203F2426190040C04000C040182424223100C0404040800030203F2030000040EC
:20410000C0400000203F00003F20008040408000203E010738200000C000000038073C0761
:20412000380000C000C0000020390639200040C000C040002038073820000040C040000018
:2041400030212638200040C04040C00000007F4040000000E020200000700C0300000000B2
:20416000008040000040407F0000002020E0000000204020000000000000000000000000E0
:20418000000010101010101000700C03000000000080400000020505030000804040C04071
:2041A000203F0404030000C040408000000304040600008040404000000304243F0000809A
:2041C0004040C04000030505030000804040400000041F2424200040C040400000020505F8
:2041E000060400E050505020203F0404030040C04000C0400004270000000040C0400000B0
:20420000000004270000101010E00000203F0107040440C04000C04020203F0000004040B5
:20422000C0404000070407040300C000C000C00004070404030040C04000C0400003040484
:20424000030000804040800004070404030010F05040800000030404070000804050F01093
:2042600004070204040040C04000000000060505040000404040C00000041F04000000002E
:204280008040400004070004070000804040C0400407040106040000C0800000060107019F
:2042A000060000C000C0000004060106040040C000C040000407040106041010E0800000C9
:2042C0000004050604000040C04040000000047B4000000000E02000000000FF000000008D
:2042E00000F0000000407B0400000020E0000000408040202040000000000000000000008F
:204300000000000000000000000000000000001F00000000000000CC0C000000000830600E
:2043200008306000000000000000000002031E02031E020020FC2020FC202000000E113FA7
:20434000100C0000001804FF847800000F100F0007180000008438C078847800000F1011BD
:204360000E0000007884C42498E484080000000000000000010D0E00000000000000000720
:2043800018204000000000E018040200004020180700000000020418E00000000202010F16
:2043A00001020200404080F0804040000000000F00000000808080F8808080000000000001
:2043C00000000000010D0E0000000000000000000000000000808080808080800000000041
:2043E00000000000000C0C0000000000000000000106182000061860800000000007081049
:204400001008070000F008040408F0000008081F00000000000404FC04040000000E10101C
:2044200010110E00000C142444840C00000C101111120C00001804040488700000000304B6
:20444000081F000000E0202424FC2400001F10111110100000988404048870000007081120
:204460001118000000F0880404887000001C1010131C1000000000FC00000000000E1110F5
:2044800010110E000038448484443800000708101008070000008C444488F0000000000320
:2044A000030000000000000C0C0000000000000100000000000001060000000000000102D6
:2044C0000408100000804020100804000202020202020200202020202020200000100804BA
:2044E000020100000004081020408000000E121010100F000000000C6C800000030C131430
:2045000017080700E018E424C428D0000000031C07000000043CC44040E41C04101F1111BA
:20452000110E000004FC040404887000030C101010101C00E018040404081000101F101082
:204540001008070004FC04040408F000101F11111710080004FC0404C4041800101F11117F
:204560001710080004FC0400C0000000030C1010101C0000E018040444784000101F1000B2
:2045800000101F1004FC84808084FC040010101F10100000000404FC040400000000101049
:2045A0001F10100003010101FE000000101F11031418100004FC0480641C0400101F1000F2
:2045C0000000000004FC040404040C00101F1F001F1F100004FC00FC00FC0400101F0C03E9
:2045E00000101F1004FC0400E018FC000708101010080700F00804040408F000101F1010EB
:2046000010100F0004FC8480808000000708101010080700F01824241C0AF200101F111160
:2046200011110E0004FC0400C0300C04000E111010101C00001C0484844438001810101FE0
:2046400010101800000004FC04000000101F100000101F1000F804040404F800101E110061
:2046600000131C100000E01C708000001F10001F00101F00C03CE000E03CC000101816019B
:2046800001161810040C34C0C0340C04101C1300131C1000000004FC040000000810101019
:2046A000131C1000041C6484040418000000007F40404000000000FE0202020000300C0311
:2046C0000000000000000080601C0300004040407F00000000020202FE0000000000204038
:2046E0004040200000000000000000000000000000000000010101010101010100300C03D3
:204700000000000000000080601C03000000010101010000009824444444FC04101F0001DE
:204720000100000000FC880404887000000000010101000000708804040488000000000164
:2047400001111F00007088040408FC04000001010101000000F844444444C8000001010F3B
:2047600011111118000404FC04040000000001010101010000D6292929C90600101F00018D
:204780000101000004FC84000004FC040001191900000000000404FC04040000000000014F
:2047A000191900000003010101FE0000101F00000101010004FC2440B40C04000010101F2A
:2047C00000000000000404FC04040000010101010101010004FC0400FC0400FC01010001C3
:2047E0000101000004FC84000004FC04000001010101000000F804040404F8000101000128
:204800000100000001FF8504048870000000000101010100007088040405FF010101010006
:20482000010101000404FC8404008000000001010101010000CC2424242498000001010767
:2048400001010000000000F804040000010100000001010000F804040408FC040101010043
:20486000000101010080700C106080000101000100010101F00C30C0300CF0000001010029
:204880000101010000048C74708C040001010100000101010181710E18608000000101010F
:2048A0000101010000840C3444840C0000000000013E40400000000000FC0202000000009E
:2048C000FF00000000000000FF0000000040403E01000000000202FC0000000000608080BB
:2048E0004040202000000000000000000C4901080000002048030000C08500088C4A010803
:2049000048030020B84C0000EC1A0108411ED90201086B0445350301081A9D0C1A3F041AA7
:204920004D04C11AC11069045ACD1C140902291301012580FA09042B020312100821110134
:204940003301221D1607058103402D0207050207A91A313B0A06134340011BA24A3D013669
:20496000DB01200180094943313A504153532B20200E8920CD4641494C307E783A4952433A
:20498000182910BC524F4D10BC4F5054107C454550104C57523A493B52440919201A2050D2
:2049A00049153C6B487A608A44772910BC50524550680954494D45204F5554106809464997
:2049C0004C4520455252106808554E4B4E4F574EB3380A4F50454E2053484F5231180F565C
:2049E00050502020697320204572726F7210AB4444102940CB434EC05D524F4C4C101139E9
:204A0000D06C52524FC729102C4E4F2033791028094552415345204E4710115201031EFFD8
:204A2000FF025B901206100DFF0901A1010901954075081512262EFF810209020D34910272
:204A4000C013B402142099B31B0895041A9D041EBD040108F5041E010501081D041A450444
:204A60001A95101AC9041704030904120132021C407F1DDC4D02010203E391690F855D1B0C
:204A800001082A0232711A7964000000FFFFFFFFFFFFFFFFFFFFFFFFFFFFFFFFFFFFFFFF5B
:204AA000FFFFFFFFFFFFFFFFFFFFFFFFFFFFFFFFFFFFFFFFFFFFFFFFFFFFFFFFFFFFFFFF16
:204AC000FFFFFFFFFFFFFFFFFFFFFFFFFFFFFFFFFFFFFFFFFFFFFFFFFFFFFFFFFFFFFFFFF6
:204AE000FFFFFFFFFFFFFFFFFFFFFFFFFFFFFFFFFFFFFFFFFFFFFFFFFFFFFFFFFFFFFFFFD6
:204B0000FFFFFFFFFFFFFFFFFFFFFFFFFFFFFFFFFFFFFFFFFFFFFFFFFFFFFFFFFFFFFFFFB5
:204B2000FFFFFFFFFFFFFFFFFFFFFFFFFFFFFFFFFFFFFFFFFFFFFFFFFFFFFFFFFFFFFFFF95
:204B4000FFFFFFFFFFFFFFFFFFFFFFFFFFFFFFFFFFFFFFFFFFFFFFFFFFFFFFFFFFFFFFFF75
:204B6000FFFFFFFFFFFFFFFFFFFFFFFFFFFFFFFFFFFFFFFFFFFFFFFFFFFFFFFFFFFFFFFF55
:204B8000FFFFFFFFFFFFFFFFFFFFFFFFFFFFFFFFFFFFFFFFFFFFFFFFFFFFFFFFFFFFFFFF35
:204BA000FFFFFFFFFFFFFFFFFFFFFFFFFFFFFFFFFFFFFFFFFFFFFFFFFFFFFFFFFFFFFFFF15
:204BC000FFFFFFFFFFFFFFFFFFFFFFFFFFFFFFFFFFFFFFFFFFFFFFFFFFFFFFFFFFFFFFFFF5
:204BE000FFFFFFFFFFFFFFFFFFFFFFFFFFFFFFFFFFFFFFFFFFFFFFFFFFFFFFFFFFFFFFFFD5
:204C0000FFFFFFFFFFFFFFFFFFFFFFFFFFFFFFFFFFFFFFFFFFFFFFFFFFFFFFFFFFFFFFFFB4
:204C2000FFFFFFFFFFFFFFFFFFFFFFFFFFFFFFFFFFFFFFFFFFFFFFFFFFFFFFFFFFFFFFFF94
:204C4000FFFFFFFFFFFFFFFFFFFFFFFFFFFFFFFFFFFFFFFFFFFFFFFFFFFFFFFFFFFFFFFF74
:204C6000FFFFFFFFFFFFFFFFFFFFFFFFFFFFFFFFFFFFFFFFFFFFFFFFFFFFFFFFFFFFFFFF54
:204C8000FFFFFFFFFFFFFFFFFFFFFFFFFFFFFFFFFFFFFFFFFFFFFFFFFFFFFFFFFFFFFFFF34
:204CA000FFFFFFFFFFFFFFFFFFFFFFFFFFFFFFFFFFFFFFFFFFFFFFFFFFFFFFFFFFFFFFFF14
:204CC000FFFFFFFFFFFFFFFFFFFFFFFFFFFFFFFFFFFFFFFFFFFFFFFFFFFFFFFFFFFFFFFFF4
:204CE000FFFFFFFFFFFFFFFFFFFFFFFFFFFFFFFFFFFFFFFFFFFFFFFFFFFFFFFFFFFFFFFFD4
:204D0000FFFFFFFFFFFFFFFFFFFFFFFFFFFFFFFFFFFFFFFFFFFFFFFFFFFFFFFFFFFFFFFFB3
:204D2000FFFFFFFFFFFFFFFFFFFFFFFFFFFFFFFFFFFFFFFFFFFFFFFFFFFFFFFFFFFFFFFF93
:204D4000FFFFFFFFFFFFFFFFFFFFFFFFFFFFFFFFFFFFFFFFFFFFFFFFFFFFFFFFFFFFFFFF73
:204D6000FFFFFFFFFFFFFFFFFFFFFFFFFFFFFFFFFFFFFFFFFFFFFFFFFFFFFFFFFFFFFFFF53
:204D8000FFFFFFFFFFFFFFFFFFFFFFFFFFFFFFFFFFFFFFFFFFFFFFFFFFFFFFFFFFFFFFFF33
:204DA000FFFFFFFFFFFFFFFFFFFFFFFFFFFFFFFFFFFFFFFFFFFFFFFFFFFFFFFFFFFFFFFF13
:204DC000FFFFFFFFFFFFFFFFFFFFFFFFFFFFFFFFFFFFFFFFFFFFFFFFFFFFFFFFFFFFFFFFF3
:204DE000FFFFFFFFFFFFFFFFFFFFFFFFFFFFFFFFFFFFFFFFFFFFFFFFFFFFFFFFFFFFFFFFD3
:204E0000FFFFFFFFFFFFFFFFFFFFFFFFFFFFFFFFFFFFFFFFFFFFFFFFFFFFFFFFFFFFFFFFB2
:204E2000FFFFFFFFFFFFFFFFFFFFFFFFFFFFFFFFFFFFFFFFFFFFFFFFFFFFFFFFFFFFFFFF92
:204E4000FFFFFFFFFFFFFFFFFFFFFFFFFFFFFFFFFFFFFFFFFFFFFFFFFFFFFFFFFFFFFFFF72
:204E6000FFFFFFFFFFFFFFFFFFFFFFFFFFFFFFFFFFFFFFFFFFFFFFFFFFFFFFFFFFFFFFFF52
:204E8000FFFFFFFFFFFFFFFFFFFFFFFFFFFFFFFFFFFFFFFFFFFFFFFFFFFFFFFFFFFFFFFF32
:204EA000FFFFFFFFFFFFFFFFFFFFFFFFFFFFFFFFFFFFFFFFFFFFFFFFFFFFFFFFFFFFFFFF12
:204EC000FFFFFFFFFFFFFFFFFFFFFFFFFFFFFFFFFFFFFFFFFFFFFFFFFFFFFFFFFFFFFFFFF2
:204EE000FFFFFFFFFFFFFFFFFFFFFFFFFFFFFFFFFFFFFFFFFFFFFFFFFFFFFFFFFFFFFFFFD2
:204F0000FFFFFFFFFFFFFFFFFFFFFFFFFFFFFFFFFFFFFFFFFFFFFFFFFFFFFFFFFFFFFFFFB1
:204F2000FFFFFFFFFFFFFFFFFFFFFFFFFFFFFFFFFFFFFFFFFFFFFFFFFFFFFFFFFFFFFFFF91
:204F4000FFFFFFFFFFFFFFFFFFFFFFFFFFFFFFFFFFFFFFFFFFFFFFFFFFFFFFFFFFFFFFFF71
:204F6000FFFFFFFFFFFFFFFFFFFFFFFFFFFFFFFFFFFFFFFFFFFFFFFFFFFFFFFFFFFFFFFF51
:204F8000FFFFFFFFFFFFFFFFFFFFFFFFFFFFFFFFFFFFFFFFFFFFFFFFFFFFFFFFFFFFFFFF31
:204FA000FFFFFFFFFFFFFFFFFFFFFFFFFFFFFFFFFFFFFFFFFFFFFFFFFFFFFFFFFFFFFFFF11
:204FC000FFFFFFFFFFFFFFFFFFFFFFFFFFFFFFFFFFFFFFFFFFFFFFFFFFFFFFFFFFFFFFFFF1
:204FE000FFFFFFFFFFFFFFFFFFFFFFFFFFFFFFFFFFFFFFFFFFFFFFFFFFFFFFFFFFFFFFFFD1
:20500000FFFFFFFFFFFFFFFFFFFFFFFFFFFFFFFFFFFFFFFFFFFFFFFFFFFFFFFFFFFFFFFFB0
:20502000FFFFFFFFFFFFFFFFFFFFFFFFFFFFFFFFFFFFFFFFFFFFFFFFFFFFFFFFFFFFFFFF90
:20504000FFFFFFFFFFFFFFFFFFFFFFFFFFFFFFFFFFFFFFFFFFFFFFFFFFFFFFFFFFFFFFFF70
:20506000FFFFFFFFFFFFFFFFFFFFFFFFFFFFFFFFFFFFFFFFFFFFFFFFFFFFFFFFFFFFFFFF50
:20508000FFFFFFFFFFFFFFFFFFFFFFFFFFFFFFFFFFFFFFFFFFFFFFFFFFFFFFFFFFFFFFFF30
:2050A000FFFFFFFFFFFFFFFFFFFFFFFFFFFFFFFFFFFFFFFFFFFFFFFFFFFFFFFFFFFFFFFF10
:2050C000FFFFFFFFFFFFFFFFFFFFFFFFFFFFFFFFFFFFFFFFFFFFFFFFFFFFFFFFFFFFFFFFF0
:2050E000FFFFFFFFFFFFFFFFFFFFFFFFFFFFFFFFFFFFFFFFFFFFFFFFFFFFFFFFFFFFFFFFD0
:20510000FFFFFFFFFFFFFFFFFFFFFFFFFFFFFFFFFFFFFFFFFFFFFFFFFFFFFFFFFFFFFFFFAF
:20512000FFFFFFFFFFFFFFFFFFFFFFFFFFFFFFFFFFFFFFFFFFFFFFFFFFFFFFFFFFFFFFFF8F
:20514000FFFFFFFFFFFFFFFFFFFFFFFFFFFFFFFFFFFFFFFFFFFFFFFFFFFFFFFFFFFFFFFF6F
:20516000FFFFFFFFFFFFFFFFFFFFFFFFFFFFFFFFFFFFFFFFFFFFFFFFFFFFFFFFFFFFFFFF4F
:20518000FFFFFFFFFFFFFFFFFFFFFFFFFFFFFFFFFFFFFFFFFFFFFFFFFFFFFFFFFFFFFFFF2F
:2051A000FFFFFFFFFFFFFFFFFFFFFFFFFFFFFFFFFFFFFFFFFFFFFFFFFFFFFFFFFFFFFFFF0F
:2051C000FFFFFFFFFFFFFFFFFFFFFFFFFFFFFFFFFFFFFFFFFFFFFFFFFFFFFFFFFFFFFFFFEF
:2051E000FFFFFFFFFFFFFFFFFFFFFFFFFFFFFFFFFFFFFFFFFFFFFFFFFFFFFFFFFFFFFFFFCF
:20520000FFFFFFFFFFFFFFFFFFFFFFFFFFFFFFFFFFFFFFFFFFFFFFFFFFFFFFFFFFFFFFFFAE
:20522000FFFFFFFFFFFFFFFFFFFFFFFFFFFFFFFFFFFFFFFFFFFFFFFFFFFFFFFFFFFFFFFF8E
:20524000FFFFFFFFFFFFFFFFFFFFFFFFFFFFFFFFFFFFFFFFFFFFFFFFFFFFFFFFFFFFFFFF6E
:20526000FFFFFFFFFFFFFFFFFFFFFFFFFFFFFFFFFFFFFFFFFFFFFFFFFFFFFFFFFFFFFFFF4E
:20528000FFFFFFFFFFFFFFFFFFFFFFFFFFFFFFFFFFFFFFFFFFFFFFFFFFFFFFFFFFFFFFFF2E
:2052A000FFFFFFFFFFFFFFFFFFFFFFFFFFFFFFFFFFFFFFFFFFFFFFFFFFFFFFFFFFFFFFFF0E
:2052C000FFFFFFFFFFFFFFFFFFFFFFFFFFFFFFFFFFFFFFFFFFFFFFFFFFFFFFFFFFFFFFFFEE
:2052E000FFFFFFFFFFFFFFFFFFFFFFFFFFFFFFFFFFFFFFFFFFFFFFFFFFFFFFFFFFFFFFFFCE
:20530000FFFFFFFFFFFFFFFFFFFFFFFFFFFFFFFFFFFFFFFFFFFFFFFFFFFFFFFFFFFFFFFFAD
:20532000FFFFFFFFFFFFFFFFFFFFFFFFFFFFFFFFFFFFFFFFFFFFFFFFFFFFFFFFFFFFFFFF8D
:20534000FFFFFFFFFFFFFFFFFFFFFFFFFFFFFFFFFFFFFFFFFFFFFFFFFFFFFFFFFFFFFFFF6D
:20536000FFFFFFFFFFFFFFFFFFFFFFFFFFFFFFFFFFFFFFFFFFFFFFFFFFFFFFFFFFFFFFFF4D
:20538000FFFFFFFFFFFFFFFFFFFFFFFFFFFFFFFFFFFFFFFFFFFFFFFFFFFFFFFFFFFFFFFF2D
:2053A000FFFFFFFFFFFFFFFFFFFFFFFFFFFFFFFFFFFFFFFFFFFFFFFFFFFFFFFFFFFFFFFF0D
:2053C000FFFFFFFFFFFFFFFFFFFFFFFFFFFFFFFFFFFFFFFFFFFFFFFFFFFFFFFFFFFFFFFFED
:2053E000FFFFFFFFFFFFFFFFFFFFFFFFFFFFFFFFFFFFFFFFFFFFFFFFFFFFFFFFFFFFFFFFCD
:20540000FFFFFFFFFFFFFFFFFFFFFFFFFFFFFFFFFFFFFFFFFFFFFFFFFFFFFFFFFFFFFFFFAC
:20542000FFFFFFFFFFFFFFFFFFFFFFFFFFFFFFFFFFFFFFFFFFFFFFFFFFFFFFFFFFFFFFFF8C
:20544000FFFFFFFFFFFFFFFFFFFFFFFFFFFFFFFFFFFFFFFFFFFFFFFFFFFFFFFFFFFFFFFF6C
:20546000FFFFFFFFFFFFFFFFFFFFFFFFFFFFFFFFFFFFFFFFFFFFFFFFFFFFFFFFFFFFFFFF4C
:20548000FFFFFFFFFFFFFFFFFFFFFFFFFFFFFFFFFFFFFFFFFFFFFFFFFFFFFFFFFFFFFFFF2C
:2054A000FFFFFFFFFFFFFFFFFFFFFFFFFFFFFFFFFFFFFFFFFFFFFFFFFFFFFFFFFFFFFFFF0C
:2054C000FFFFFFFFFFFFFFFFFFFFFFFFFFFFFFFFFFFFFFFFFFFFFFFFFFFFFFFFFFFFFFFFEC
:2054E000FFFFFFFFFFFFFFFFFFFFFFFFFFFFFFFFFFFFFFFFFFFFFFFFFFFFFFFFFFFFFFFFCC
:20550000FFFFFFFFFFFFFFFFFFFFFFFFFFFFFFFFFFFFFFFFFFFFFFFFFFFFFFFFFFFFFFFFAB
:20552000FFFFFFFFFFFFFFFFFFFFFFFFFFFFFFFFFFFFFFFFFFFFFFFFFFFFFFFFFFFFFFFF8B
:20554000FFFFFFFFFFFFFFFFFFFFFFFFFFFFFFFFFFFFFFFFFFFFFFFFFFFFFFFFFFFFFFFF6B
:20556000FFFFFFFFFFFFFFFFFFFFFFFFFFFFFFFFFFFFFFFFFFFFFFFFFFFFFFFFFFFFFFFF4B
:20558000FFFFFFFFFFFFFFFFFFFFFFFFFFFFFFFFFFFFFFFFFFFFFFFFFFFFFFFFFFFFFFFF2B
:2055A000FFFFFFFFFFFFFFFFFFFFFFFFFFFFFFFFFFFFFFFFFFFFFFFFFFFFFFFFFFFFFFFF0B
:2055C000FFFFFFFFFFFFFFFFFFFFFFFFFFFFFFFFFFFFFFFFFFFFFFFFFFFFFFFFFFFFFFFFEB
:2055E000FFFFFFFFFFFFFFFFFFFFFFFFFFFFFFFFFFFFFFFFFFFFFFFFFFFFFFFFFFFFFFFFCB
:20560000FFFFFFFFFFFFFFFFFFFFFFFFFFFFFFFFFFFFFFFFFFFFFFFFFFFFFFFFFFFFFFFFAA
:20562000FFFFFFFFFFFFFFFFFFFFFFFFFFFFFFFFFFFFFFFFFFFFFFFFFFFFFFFFFFFFFFFF8A
:20564000FFFFFFFFFFFFFFFFFFFFFFFFFFFFFFFFFFFFFFFFFFFFFFFFFFFFFFFFFFFFFFFF6A
:20566000FFFFFFFFFFFFFFFFFFFFFFFFFFFFFFFFFFFFFFFFFFFFFFFFFFFFFFFFFFFFFFFF4A
:20568000FFFFFFFFFFFFFFFFFFFFFFFFFFFFFFFFFFFFFFFFFFFFFFFFFFFFFFFFFFFFFFFF2A
:2056A000FFFFFFFFFFFFFFFFFFFFFFFFFFFFFFFFFFFFFFFFFFFFFFFFFFFFFFFFFFFFFFFF0A
:2056C000FFFFFFFFFFFFFFFFFFFFFFFFFFFFFFFFFFFFFFFFFFFFFFFFFFFFFFFFFFFFFFFFEA
:2056E000FFFFFFFFFFFFFFFFFFFFFFFFFFFFFFFFFFFFFFFFFFFFFFFFFFFFFFFFFFFFFFFFCA
:20570000FFFFFFFFFFFFFFFFFFFFFFFFFFFFFFFFFFFFFFFFFFFFFFFFFFFFFFFFFFFFFFFFA9
:20572000FFFFFFFFFFFFFFFFFFFFFFFFFFFFFFFFFFFFFFFFFFFFFFFFFFFFFFFFFFFFFFFF89
:20574000FFFFFFFFFFFFFFFFFFFFFFFFFFFFFFFFFFFFFFFFFFFFFFFFFFFFFFFFFFFFFFFF69
:20576000FFFFFFFFFFFFFFFFFFFFFFFFFFFFFFFFFFFFFFFFFFFFFFFFFFFFFFFFFFFFFFFF49
:20578000FFFFFFFFFFFFFFFFFFFFFFFFFFFFFFFFFFFFFFFFFFFFFFFFFFFFFFFFFFFFFFFF29
:2057A000FFFFFFFFFFFFFFFFFFFFFFFFFFFFFFFFFFFFFFFFFFFFFFFFFFFFFFFFFFFFFFFF09
:2057C000FFFFFFFFFFFFFFFFFFFFFFFFFFFFFFFFFFFFFFFFFFFFFFFFFFFFFFFFFFFFFFFFE9
:2057E000FFFFFFFFFFFFFFFFFFFFFFFFFFFFFFFFFFFFFFFFFFFFFFFFFFFFFFFFFFFFFFFFC9
:20580000FFFFFFFFFFFFFFFFFFFFFFFFFFFFFFFFFFFFFFFFFFFFFFFFFFFFFFFFFFFFFFFFA8
:20582000FFFFFFFFFFFFFFFFFFFFFFFFFFFFFFFFFFFFFFFFFFFFFFFFFFFFFFFFFFFFFFFF88
:20584000FFFFFFFFFFFFFFFFFFFFFFFFFFFFFFFFFFFFFFFFFFFFFFFFFFFFFFFFFFFFFFFF68
:20586000FFFFFFFFFFFFFFFFFFFFFFFFFFFFFFFFFFFFFFFFFFFFFFFFFFFFFFFFFFFFFFFF48
:20588000FFFFFFFFFFFFFFFFFFFFFFFFFFFFFFFFFFFFFFFFFFFFFFFFFFFFFFFFFFFFFFFF28
:2058A000FFFFFFFFFFFFFFFFFFFFFFFFFFFFFFFFFFFFFFFFFFFFFFFFFFFFFFFFFFFFFFFF08
:2058C000FFFFFFFFFFFFFFFFFFFFFFFFFFFFFFFFFFFFFFFFFFFFFFFFFFFFFFFFFFFFFFFFE8
:2058E000FFFFFFFFFFFFFFFFFFFFFFFFFFFFFFFFFFFFFFFFFFFFFFFFFFFFFFFFFFFFFFFFC8
:20590000FFFFFFFFFFFFFFFFFFFFFFFFFFFFFFFFFFFFFFFFFFFFFFFFFFFFFFFFFFFFFFFFA7
:20592000FFFFFFFFFFFFFFFFFFFFFFFFFFFFFFFFFFFFFFFFFFFFFFFFFFFFFFFFFFFFFFFF87
:20594000FFFFFFFFFFFFFFFFFFFFFFFFFFFFFFFFFFFFFFFFFFFFFFFFFFFFFFFFFFFFFFFF67
:20596000FFFFFFFFFFFFFFFFFFFFFFFFFFFFFFFFFFFFFFFFFFFFFFFFFFFFFFFFFFFFFFFF47
:20598000FFFFFFFFFFFFFFFFFFFFFFFFFFFFFFFFFFFFFFFFFFFFFFFFFFFFFFFFFFFFFFFF27
:2059A000FFFFFFFFFFFFFFFFFFFFFFFFFFFFFFFFFFFFFFFFFFFFFFFFFFFFFFFFFFFFFFFF07
:2059C000FFFFFFFFFFFFFFFFFFFFFFFFFFFFFFFFFFFFFFFFFFFFFFFFFFFFFFFFFFFFFFFFE7
:2059E000FFFFFFFFFFFFFFFFFFFFFFFFFFFFFFFFFFFFFFFFFFFFFFFFFFFFFFFFFFFFFFFFC7
:205A0000FFFFFFFFFFFFFFFFFFFFFFFFFFFFFFFFFFFFFFFFFFFFFFFFFFFFFFFFFFFFFFFFA6
:205A2000FFFFFFFFFFFFFFFFFFFFFFFFFFFFFFFFFFFFFFFFFFFFFFFFFFFFFFFFFFFFFFFF86
:205A4000FFFFFFFFFFFFFFFFFFFFFFFFFFFFFFFFFFFFFFFFFFFFFFFFFFFFFFFFFFFFFFFF66
:205A6000FFFFFFFFFFFFFFFFFFFFFFFFFFFFFFFFFFFFFFFFFFFFFFFFFFFFFFFFFFFFFFFF46
:205A8000FFFFFFFFFFFFFFFFFFFFFFFFFFFFFFFFFFFFFFFFFFFFFFFFFFFFFFFFFFFFFFFF26
:205AA000FFFFFFFFFFFFFFFFFFFFFFFFFFFFFFFFFFFFFFFFFFFFFFFFFFFFFFFFFFFFFFFF06
:205AC000FFFFFFFFFFFFFFFFFFFFFFFFFFFFFFFFFFFFFFFFFFFFFFFFFFFFFFFFFFFFFFFFE6
:205AE000FFFFFFFFFFFFFFFFFFFFFFFFFFFFFFFFFFFFFFFFFFFFFFFFFFFFFFFFFFFFFFFFC6
:205B0000FFFFFFFFFFFFFFFFFFFFFFFFFFFFFFFFFFFFFFFFFFFFFFFFFFFFFFFFFFFFFFFFA5
:205B2000FFFFFFFFFFFFFFFFFFFFFFFFFFFFFFFFFFFFFFFFFFFFFFFFFFFFFFFFFFFFFFFF85
:205B4000FFFFFFFFFFFFFFFFFFFFFFFFFFFFFFFFFFFFFFFFFFFFFFFFFFFFFFFFFFFFFFFF65
:205B6000FFFFFFFFFFFFFFFFFFFFFFFFFFFFFFFFFFFFFFFFFFFFFFFFFFFFFFFFFFFFFFFF45
:205B8000FFFFFFFFFFFFFFFFFFFFFFFFFFFFFFFFFFFFFFFFFFFFFFFFFFFFFFFFFFFFFFFF25
:205BA000FFFFFFFFFFFFFFFFFFFFFFFFFFFFFFFFFFFFFFFFFFFFFFFFFFFFFFFFFFFFFFFF05
:205BC000FFFFFFFFFFFFFFFFFFFFFFFFFFFFFFFFFFFFFFFFFFFFFFFFFFFFFFFFFFFFFFFFE5
:205BE000FFFFFFFFFFFFFFFFFFFFFFFFFFFFFFFFFFFFFFFFFFFFFFFFFFFFFFFFFFFFFFFFC5
:205C0000FFFFFFFFFFFFFFFFFFFFFFFFFFFFFFFFFFFFFFFFFFFFFFFFFFFFFFFFFFFFFFFFA4
:205C2000FFFFFFFFFFFFFFFFFFFFFFFFFFFFFFFFFFFFFFFFFFFFFFFFFFFFFFFFFFFFFFFF84
:205C4000FFFFFFFFFFFFFFFFFFFFFFFFFFFFFFFFFFFFFFFFFFFFFFFFFFFFFFFFFFFFFFFF64
:205C6000FFFFFFFFFFFFFFFFFFFFFFFFFFFFFFFFFFFFFFFFFFFFFFFFFFFFFFFFFFFFFFFF44
:205C8000FFFFFFFFFFFFFFFFFFFFFFFFFFFFFFFFFFFFFFFFFFFFFFFFFFFFFFFFFFFFFFFF24
:205CA000FFFFFFFFFFFFFFFFFFFFFFFFFFFFFFFFFFFFFFFFFFFFFFFFFFFFFFFFFFFFFFFF04
:205CC000FFFFFFFFFFFFFFFFFFFFFFFFFFFFFFFFFFFFFFFFFFFFFFFFFFFFFFFFFFFFFFFFE4
:205CE000FFFFFFFFFFFFFFFFFFFFFFFFFFFFFFFFFFFFFFFFFFFFFFFFFFFFFFFFFFFFFFFFC4
:205D0000FFFFFFFFFFFFFFFFFFFFFFFFFFFFFFFFFFFFFFFFFFFFFFFFFFFFFFFFFFFFFFFFA3
:205D2000FFFFFFFFFFFFFFFFFFFFFFFFFFFFFFFFFFFFFFFFFFFFFFFFFFFFFFFFFFFFFFFF83
:205D4000FFFFFFFFFFFFFFFFFFFFFFFFFFFFFFFFFFFFFFFFFFFFFFFFFFFFFFFFFFFFFFFF63
:205D6000FFFFFFFFFFFFFFFFFFFFFFFFFFFFFFFFFFFFFFFFFFFFFFFFFFFFFFFFFFFFFFFF43
:205D8000FFFFFFFFFFFFFFFFFFFFFFFFFFFFFFFFFFFFFFFFFFFFFFFFFFFFFFFFFFFFFFFF23
:205DA000FFFFFFFFFFFFFFFFFFFFFFFFFFFFFFFFFFFFFFFFFFFFFFFFFFFFFFFFFFFFFFFF03
:205DC000FFFFFFFFFFFFFFFFFFFFFFFFFFFFFFFFFFFFFFFFFFFFFFFFFFFFFFFFFFFFFFFFE3
:205DE000FFFFFFFFFFFFFFFFFFFFFFFFFFFFFFFFFFFFFFFFFFFFFFFFFFFFFFFFFFFFFFFFC3
:205E0000FFFFFFFFFFFFFFFFFFFFFFFFFFFFFFFFFFFFFFFFFFFFFFFFFFFFFFFFFFFFFFFFA2
:205E2000FFFFFFFFFFFFFFFFFFFFFFFFFFFFFFFFFFFFFFFFFFFFFFFFFFFFFFFFFFFFFFFF82
:205E4000FFFFFFFFFFFFFFFFFFFFFFFFFFFFFFFFFFFFFFFFFFFFFFFFFFFFFFFFFFFFFFFF62
:205E6000FFFFFFFFFFFFFFFFFFFFFFFFFFFFFFFFFFFFFFFFFFFFFFFFFFFFFFFFFFFFFFFF42
:205E8000FFFFFFFFFFFFFFFFFFFFFFFFFFFFFFFFFFFFFFFFFFFFFFFFFFFFFFFFFFFFFFFF22
:205EA000FFFFFFFFFFFFFFFFFFFFFFFFFFFFFFFFFFFFFFFFFFFFFFFFFFFFFFFFFFFFFFFF02
:205EC000FFFFFFFFFFFFFFFFFFFFFFFFFFFFFFFFFFFFFFFFFFFFFFFFFFFFFFFFFFFFFFFFE2
:205EE000FFFFFFFFFFFFFFFFFFFFFFFFFFFFFFFFFFFFFFFFFFFFFFFFFFFFFFFFFFFFFFFFC2
:205F0000FFFFFFFFFFFFFFFFFFFFFFFFFFFFFFFFFFFFFFFFFFFFFFFFFFFFFFFFFFFFFFFFA1
:205F2000FFFFFFFFFFFFFFFFFFFFFFFFFFFFFFFFFFFFFFFFFFFFFFFFFFFFFFFFFFFFFFFF81
:205F4000FFFFFFFFFFFFFFFFFFFFFFFFFFFFFFFFFFFFFFFFFFFFFFFFFFFFFFFFFFFFFFFF61
:205F6000FFFFFFFFFFFFFFFFFFFFFFFFFFFFFFFFFFFFFFFFFFFFFFFFFFFFFFFFFFFFFFFF41
:205F8000FFFFFFFFFFFFFFFFFFFFFFFFFFFFFFFFFFFFFFFFFFFFFFFFFFFFFFFFFFFFFFFF21
:205FA000FFFFFFFFFFFFFFFFFFFFFFFFFFFFFFFFFFFFFFFFFFFFFFFFFFFFFFFFFFFFFFFF01
:205FC000FFFFFFFFFFFFFFFFFFFFFFFFFFFFFFFFFFFFFFFFFFFFFFFFFFFFFFFFFFFFFFFFE1
:205FE000FFFFFFFFFFFFFFFFFFFFFFFFFFFFFFFFFFFFFFFFFFFFFFFFFFFFFFFFFFFFFFFFC1
:20600000FFFFFFFFFFFFFFFFFFFFFFFFFFFFFFFFFFFFFFFFFFFFFFFFFFFFFFFFFFFFFFFFA0
:20602000FFFFFFFFFFFFFFFFFFFFFFFFFFFFFFFFFFFFFFFFFFFFFFFFFFFFFFFFFFFFFFFF80
:20604000FFFFFFFFFFFFFFFFFFFFFFFFFFFFFFFFFFFFFFFFFFFFFFFFFFFFFFFFFFFFFFFF60
:20606000FFFFFFFFFFFFFFFFFFFFFFFFFFFFFFFFFFFFFFFFFFFFFFFFFFFFFFFFFFFFFFFF40
:20608000FFFFFFFFFFFFFFFFFFFFFFFFFFFFFFFFFFFFFFFFFFFFFFFFFFFFFFFFFFFFFFFF20
:2060A000FFFFFFFFFFFFFFFFFFFFFFFFFFFFFFFFFFFFFFFFFFFFFFFFFFFFFFFFFFFFFFFF00
:2060C000FFFFFFFFFFFFFFFFFFFFFFFFFFFFFFFFFFFFFFFFFFFFFFFFFFFFFFFFFFFFFFFFE0
:2060E000FFFFFFFFFFFFFFFFFFFFFFFFFFFFFFFFFFFFFFFFFFFFFFFFFFFFFFFFFFFFFFFFC0
:20610000FFFFFFFFFFFFFFFFFFFFFFFFFFFFFFFFFFFFFFFFFFFFFFFFFFFFFFFFFFFFFFFF9F
:20612000FFFFFFFFFFFFFFFFFFFFFFFFFFFFFFFFFFFFFFFFFFFFFFFFFFFFFFFFFFFFFFFF7F
:20614000FFFFFFFFFFFFFFFFFFFFFFFFFFFFFFFFFFFFFFFFFFFFFFFFFFFFFFFFFFFFFFFF5F
:20616000FFFFFFFFFFFFFFFFFFFFFFFFFFFFFFFFFFFFFFFFFFFFFFFFFFFFFFFFFFFFFFFF3F
:20618000FFFFFFFFFFFFFFFFFFFFFFFFFFFFFFFFFFFFFFFFFFFFFFFFFFFFFFFFFFFFFFFF1F
:2061A000FFFFFFFFFFFFFFFFFFFFFFFFFFFFFFFFFFFFFFFFFFFFFFFFFFFFFFFFFFFFFFFFFF
:2061C000FFFFFFFFFFFFFFFFFFFFFFFFFFFFFFFFFFFFFFFFFFFFFFFFFFFFFFFFFFFFFFFFDF
:2061E000FFFFFFFFFFFFFFFFFFFFFFFFFFFFFFFFFFFFFFFFFFFFFFFFFFFFFFFFFFFFFFFFBF
:20620000FFFFFFFFFFFFFFFFFFFFFFFFFFFFFFFFFFFFFFFFFFFFFFFFFFFFFFFFFFFFFFFF9E
:20622000FFFFFFFFFFFFFFFFFFFFFFFFFFFFFFFFFFFFFFFFFFFFFFFFFFFFFFFFFFFFFFFF7E
:20624000FFFFFFFFFFFFFFFFFFFFFFFFFFFFFFFFFFFFFFFFFFFFFFFFFFFFFFFFFFFFFFFF5E
:20626000FFFFFFFFFFFFFFFFFFFFFFFFFFFFFFFFFFFFFFFFFFFFFFFFFFFFFFFFFFFFFFFF3E
:20628000FFFFFFFFFFFFFFFFFFFFFFFFFFFFFFFFFFFFFFFFFFFFFFFFFFFFFFFFFFFFFFFF1E
:2062A000FFFFFFFFFFFFFFFFFFFFFFFFFFFFFFFFFFFFFFFFFFFFFFFFFFFFFFFFFFFFFFFFFE
:2062C000FFFFFFFFFFFFFFFFFFFFFFFFFFFFFFFFFFFFFFFFFFFFFFFFFFFFFFFFFFFFFFFFDE
:2062E000FFFFFFFFFFFFFFFFFFFFFFFFFFFFFFFFFFFFFFFFFFFFFFFFFFFFFFFFFFFFFFFFBE
:20630000FFFFFFFFFFFFFFFFFFFFFFFFFFFFFFFFFFFFFFFFFFFFFFFFFFFFFFFFFFFFFFFF9D
:20632000FFFFFFFFFFFFFFFFFFFFFFFFFFFFFFFFFFFFFFFFFFFFFFFFFFFFFFFFFFFFFFFF7D
:20634000FFFFFFFFFFFFFFFFFFFFFFFFFFFFFFFFFFFFFFFFFFFFFFFFFFFFFFFFFFFFFFFF5D
:20636000FFFFFFFFFFFFFFFFFFFFFFFFFFFFFFFFFFFFFFFFFFFFFFFFFFFFFFFFFFFFFFFF3D
:20638000FFFFFFFFFFFFFFFFFFFFFFFFFFFFFFFFFFFFFFFFFFFFFFFFFFFFFFFFFFFFFFFF1D
:2063A000FFFFFFFFFFFFFFFFFFFFFFFFFFFFFFFFFFFFFFFFFFFFFFFFFFFFFFFFFFFFFFFFFD
:2063C000FFFFFFFFFFFFFFFFFFFFFFFFFFFFFFFFFFFFFFFFFFFFFFFFFFFFFFFFFFFFFFFFDD
:2063E000FFFFFFFFFFFFFFFFFFFFFFFFFFFFFFFFFFFFFFFFFFFFFFFFFFFFFFFFFFFFFFFFBD
:20640000FFFFFFFFFFFFFFFFFFFFFFFFFFFFFFFFFFFFFFFFFFFFFFFFFFFFFFFFFFFFFFFF9C
:20642000FFFFFFFFFFFFFFFFFFFFFFFFFFFFFFFFFFFFFFFFFFFFFFFFFFFFFFFFFFFFFFFF7C
:20644000FFFFFFFFFFFFFFFFFFFFFFFFFFFFFFFFFFFFFFFFFFFFFFFFFFFFFFFFFFFFFFFF5C
:20646000FFFFFFFFFFFFFFFFFFFFFFFFFFFFFFFFFFFFFFFFFFFFFFFFFFFFFFFFFFFFFFFF3C
:20648000FFFFFFFFFFFFFFFFFFFFFFFFFFFFFFFFFFFFFFFFFFFFFFFFFFFFFFFFFFFFFFFF1C
:2064A000FFFFFFFFFFFFFFFFFFFFFFFFFFFFFFFFFFFFFFFFFFFFFFFFFFFFFFFFFFFFFFFFFC
:2064C000FFFFFFFFFFFFFFFFFFFFFFFFFFFFFFFFFFFFFFFFFFFFFFFFFFFFFFFFFFFFFFFFDC
:2064E000FFFFFFFFFFFFFFFFFFFFFFFFFFFFFFFFFFFFFFFFFFFFFFFFFFFFFFFFFFFFFFFFBC
:20650000FFFFFFFFFFFFFFFFFFFFFFFFFFFFFFFFFFFFFFFFFFFFFFFFFFFFFFFFFFFFFFFF9B
:20652000FFFFFFFFFFFFFFFFFFFFFFFFFFFFFFFFFFFFFFFFFFFFFFFFFFFFFFFFFFFFFFFF7B
:20654000FFFFFFFFFFFFFFFFFFFFFFFFFFFFFFFFFFFFFFFFFFFFFFFFFFFFFFFFFFFFFFFF5B
:20656000FFFFFFFFFFFFFFFFFFFFFFFFFFFFFFFFFFFFFFFFFFFFFFFFFFFFFFFFFFFFFFFF3B
:20658000FFFFFFFFFFFFFFFFFFFFFFFFFFFFFFFFFFFFFFFFFFFFFFFFFFFFFFFFFFFFFFFF1B
:2065A000FFFFFFFFFFFFFFFFFFFFFFFFFFFFFFFFFFFFFFFFFFFFFFFFFFFFFFFFFFFFFFFFFB
:2065C000FFFFFFFFFFFFFFFFFFFFFFFFFFFFFFFFFFFFFFFFFFFFFFFFFFFFFFFFFFFFFFFFDB
:2065E000FFFFFFFFFFFFFFFFFFFFFFFFFFFFFFFFFFFFFFFFFFFFFFFFFFFFFFFFFFFFFFFFBB
:20660000FFFFFFFFFFFFFFFFFFFFFFFFFFFFFFFFFFFFFFFFFFFFFFFFFFFFFFFFFFFFFFFF9A
:20662000FFFFFFFFFFFFFFFFFFFFFFFFFFFFFFFFFFFFFFFFFFFFFFFFFFFFFFFFFFFFFFFF7A
:20664000FFFFFFFFFFFFFFFFFFFFFFFFFFFFFFFFFFFFFFFFFFFFFFFFFFFFFFFFFFFFFFFF5A
:20666000FFFFFFFFFFFFFFFFFFFFFFFFFFFFFFFFFFFFFFFFFFFFFFFFFFFFFFFFFFFFFFFF3A
:20668000FFFFFFFFFFFFFFFFFFFFFFFFFFFFFFFFFFFFFFFFFFFFFFFFFFFFFFFFFFFFFFFF1A
:2066A000FFFFFFFFFFFFFFFFFFFFFFFFFFFFFFFFFFFFFFFFFFFFFFFFFFFFFFFFFFFFFFFFFA
:2066C000FFFFFFFFFFFFFFFFFFFFFFFFFFFFFFFFFFFFFFFFFFFFFFFFFFFFFFFFFFFFFFFFDA
:2066E000FFFFFFFFFFFFFFFFFFFFFFFFFFFFFFFFFFFFFFFFFFFFFFFFFFFFFFFFFFFFFFFFBA
:20670000FFFFFFFFFFFFFFFFFFFFFFFFFFFFFFFFFFFFFFFFFFFFFFFFFFFFFFFFFFFFFFFF99
:20672000FFFFFFFFFFFFFFFFFFFFFFFFFFFFFFFFFFFFFFFFFFFFFFFFFFFFFFFFFFFFFFFF79
:20674000FFFFFFFFFFFFFFFFFFFFFFFFFFFFFFFFFFFFFFFFFFFFFFFFFFFFFFFFFFFFFFFF59
:20676000FFFFFFFFFFFFFFFFFFFFFFFFFFFFFFFFFFFFFFFFFFFFFFFFFFFFFFFFFFFFFFFF39
:20678000FFFFFFFFFFFFFFFFFFFFFFFFFFFFFFFFFFFFFFFFFFFFFFFFFFFFFFFFFFFFFFFF19
:2067A000FFFFFFFFFFFFFFFFFFFFFFFFFFFFFFFFFFFFFFFFFFFFFFFFFFFFFFFFFFFFFFFFF9
:2067C000FFFFFFFFFFFFFFFFFFFFFFFFFFFFFFFFFFFFFFFFFFFFFFFFFFFFFFFFFFFFFFFFD9
:2067E000FFFFFFFFFFFFFFFFFFFFFFFFFFFFFFFFFFFFFFFFFFFFFFFFFFFFFFFFFFFFFFFFB9
:20680000FFFFFFFFFFFFFFFFFFFFFFFFFFFFFFFFFFFFFFFFFFFFFFFFFFFFFFFFFFFFFFFF98
:20682000FFFFFFFFFFFFFFFFFFFFFFFFFFFFFFFFFFFFFFFFFFFFFFFFFFFFFFFFFFFFFFFF78
:20684000FFFFFFFFFFFFFFFFFFFFFFFFFFFFFFFFFFFFFFFFFFFFFFFFFFFFFFFFFFFFFFFF58
:20686000FFFFFFFFFFFFFFFFFFFFFFFFFFFFFFFFFFFFFFFFFFFFFFFFFFFFFFFFFFFFFFFF38
:20688000FFFFFFFFFFFFFFFFFFFFFFFFFFFFFFFFFFFFFFFFFFFFFFFFFFFFFFFFFFFFFFFF18
:2068A000FFFFFFFFFFFFFFFFFFFFFFFFFFFFFFFFFFFFFFFFFFFFFFFFFFFFFFFFFFFFFFFFF8
:2068C000FFFFFFFFFFFFFFFFFFFFFFFFFFFFFFFFFFFFFFFFFFFFFFFFFFFFFFFFFFFFFFFFD8
:2068E000FFFFFFFFFFFFFFFFFFFFFFFFFFFFFFFFFFFFFFFFFFFFFFFFFFFFFFFFFFFFFFFFB8
:20690000FFFFFFFFFFFFFFFFFFFFFFFFFFFFFFFFFFFFFFFFFFFFFFFFFFFFFFFFFFFFFFFF97
:20692000FFFFFFFFFFFFFFFFFFFFFFFFFFFFFFFFFFFFFFFFFFFFFFFFFFFFFFFFFFFFFFFF77
:20694000FFFFFFFFFFFFFFFFFFFFFFFFFFFFFFFFFFFFFFFFFFFFFFFFFFFFFFFFFFFFFFFF57
:20696000FFFFFFFFFFFFFFFFFFFFFFFFFFFFFFFFFFFFFFFFFFFFFFFFFFFFFFFFFFFFFFFF37
:20698000FFFFFFFFFFFFFFFFFFFFFFFFFFFFFFFFFFFFFFFFFFFFFFFFFFFFFFFFFFFFFFFF17
:2069A000FFFFFFFFFFFFFFFFFFFFFFFFFFFFFFFFFFFFFFFFFFFFFFFFFFFFFFFFFFFFFFFFF7
:2069C000FFFFFFFFFFFFFFFFFFFFFFFFFFFFFFFFFFFFFFFFFFFFFFFFFFFFFFFFFFFFFFFFD7
:2069E000FFFFFFFFFFFFFFFFFFFFFFFFFFFFFFFFFFFFFFFFFFFFFFFFFFFFFFFFFFFFFFFFB7
:206A0000FFFFFFFFFFFFFFFFFFFFFFFFFFFFFFFFFFFFFFFFFFFFFFFFFFFFFFFFFFFFFFFF96
:206A2000FFFFFFFFFFFFFFFFFFFFFFFFFFFFFFFFFFFFFFFFFFFFFFFFFFFFFFFFFFFFFFFF76
:206A4000FFFFFFFFFFFFFFFFFFFFFFFFFFFFFFFFFFFFFFFFFFFFFFFFFFFFFFFFFFFFFFFF56
:206A6000FFFFFFFFFFFFFFFFFFFFFFFFFFFFFFFFFFFFFFFFFFFFFFFFFFFFFFFFFFFFFFFF36
:206A8000FFFFFFFFFFFFFFFFFFFFFFFFFFFFFFFFFFFFFFFFFFFFFFFFFFFFFFFFFFFFFFFF16
:206AA000FFFFFFFFFFFFFFFFFFFFFFFFFFFFFFFFFFFFFFFFFFFFFFFFFFFFFFFFFFFFFFFFF6
:206AC000FFFFFFFFFFFFFFFFFFFFFFFFFFFFFFFFFFFFFFFFFFFFFFFFFFFFFFFFFFFFFFFFD6
:206AE000FFFFFFFFFFFFFFFFFFFFFFFFFFFFFFFFFFFFFFFFFFFFFFFFFFFFFFFFFFFFFFFFB6
:206B0000FFFFFFFFFFFFFFFFFFFFFFFFFFFFFFFFFFFFFFFFFFFFFFFFFFFFFFFFFFFFFFFF95
:206B2000FFFFFFFFFFFFFFFFFFFFFFFFFFFFFFFFFFFFFFFFFFFFFFFFFFFFFFFFFFFFFFFF75
:206B4000FFFFFFFFFFFFFFFFFFFFFFFFFFFFFFFFFFFFFFFFFFFFFFFFFFFFFFFFFFFFFFFF55
:206B6000FFFFFFFFFFFFFFFFFFFFFFFFFFFFFFFFFFFFFFFFFFFFFFFFFFFFFFFFFFFFFFFF35
:206B8000FFFFFFFFFFFFFFFFFFFFFFFFFFFFFFFFFFFFFFFFFFFFFFFFFFFFFFFFFFFFFFFF15
:206BA000FFFFFFFFFFFFFFFFFFFFFFFFFFFFFFFFFFFFFFFFFFFFFFFFFFFFFFFFFFFFFFFFF5
:206BC000FFFFFFFFFFFFFFFFFFFFFFFFFFFFFFFFFFFFFFFFFFFFFFFFFFFFFFFFFFFFFFFFD5
:206BE000FFFFFFFFFFFFFFFFFFFFFFFFFFFFFFFFFFFFFFFFFFFFFFFFFFFFFFFFFFFFFFFFB5
:206C0000FFFFFFFFFFFFFFFFFFFFFFFFFFFFFFFFFFFFFFFFFFFFFFFFFFFFFFFFFFFFFFFF94
:206C2000FFFFFFFFFFFFFFFFFFFFFFFFFFFFFFFFFFFFFFFFFFFFFFFFFFFFFFFFFFFFFFFF74
:206C4000FFFFFFFFFFFFFFFFFFFFFFFFFFFFFFFFFFFFFFFFFFFFFFFFFFFFFFFFFFFFFFFF54
:206C6000FFFFFFFFFFFFFFFFFFFFFFFFFFFFFFFFFFFFFFFFFFFFFFFFFFFFFFFFFFFFFFFF34
:206C8000FFFFFFFFFFFFFFFFFFFFFFFFFFFFFFFFFFFFFFFFFFFFFFFFFFFFFFFFFFFFFFFF14
:206CA000FFFFFFFFFFFFFFFFFFFFFFFFFFFFFFFFFFFFFFFFFFFFFFFFFFFFFFFFFFFFFFFFF4
:206CC000FFFFFFFFFFFFFFFFFFFFFFFFFFFFFFFFFFFFFFFFFFFFFFFFFFFFFFFFFFFFFFFFD4
:206CE000FFFFFFFFFFFFFFFFFFFFFFFFFFFFFFFFFFFFFFFFFFFFFFFFFFFFFFFFFFFFFFFFB4
:206D0000FFFFFFFFFFFFFFFFFFFFFFFFFFFFFFFFFFFFFFFFFFFFFFFFFFFFFFFFFFFFFFFF93
:206D2000FFFFFFFFFFFFFFFFFFFFFFFFFFFFFFFFFFFFFFFFFFFFFFFFFFFFFFFFFFFFFFFF73
:206D4000FFFFFFFFFFFFFFFFFFFFFFFFFFFFFFFFFFFFFFFFFFFFFFFFFFFFFFFFFFFFFFFF53
:206D6000FFFFFFFFFFFFFFFFFFFFFFFFFFFFFFFFFFFFFFFFFFFFFFFFFFFFFFFFFFFFFFFF33
:206D8000FFFFFFFFFFFFFFFFFFFFFFFFFFFFFFFFFFFFFFFFFFFFFFFFFFFFFFFFFFFFFFFF13
:206DA000FFFFFFFFFFFFFFFFFFFFFFFFFFFFFFFFFFFFFFFFFFFFFFFFFFFFFFFFFFFFFFFFF3
:206DC000FFFFFFFFFFFFFFFFFFFFFFFFFFFFFFFFFFFFFFFFFFFFFFFFFFFFFFFFFFFFFFFFD3
:206DE000FFFFFFFFFFFFFFFFFFFFFFFFFFFFFFFFFFFFFFFFFFFFFFFFFFFFFFFFFFFFFFFFB3
:206E0000FFFFFFFFFFFFFFFFFFFFFFFFFFFFFFFFFFFFFFFFFFFFFFFFFFFFFFFFFFFFFFFF92
:206E2000FFFFFFFFFFFFFFFFFFFFFFFFFFFFFFFFFFFFFFFFFFFFFFFFFFFFFFFFFFFFFFFF72
:206E4000FFFFFFFFFFFFFFFFFFFFFFFFFFFFFFFFFFFFFFFFFFFFFFFFFFFFFFFFFFFFFFFF52
:206E6000FFFFFFFFFFFFFFFFFFFFFFFFFFFFFFFFFFFFFFFFFFFFFFFFFFFFFFFFFFFFFFFF32
:206E8000FFFFFFFFFFFFFFFFFFFFFFFFFFFFFFFFFFFFFFFFFFFFFFFFFFFFFFFFFFFFFFFF12
:206EA000FFFFFFFFFFFFFFFFFFFFFFFFFFFFFFFFFFFFFFFFFFFFFFFFFFFFFFFFFFFFFFFFF2
:206EC000FFFFFFFFFFFFFFFFFFFFFFFFFFFFFFFFFFFFFFFFFFFFFFFFFFFFFFFFFFFFFFFFD2
:206EE000FFFFFFFFFFFFFFFFFFFFFFFFFFFFFFFFFFFFFFFFFFFFFFFFFFFFFFFFFFFFFFFFB2
:206F0000FFFFFFFFFFFFFFFFFFFFFFFFFFFFFFFFFFFFFFFFFFFFFFFFFFFFFFFFFFFFFFFF91
:206F2000FFFFFFFFFFFFFFFFFFFFFFFFFFFFFFFFFFFFFFFFFFFFFFFFFFFFFFFFFFFFFFFF71
:206F4000FFFFFFFFFFFFFFFFFFFFFFFFFFFFFFFFFFFFFFFFFFFFFFFFFFFFFFFFFFFFFFFF51
:206F6000FFFFFFFFFFFFFFFFFFFFFFFFFFFFFFFFFFFFFFFFFFFFFFFFFFFFFFFFFFFFFFFF31
:206F8000FFFFFFFFFFFFFFFFFFFFFFFFFFFFFFFFFFFFFFFFFFFFFFFFFFFFFFFFFFFFFFFF11
:206FA000FFFFFFFFFFFFFFFFFFFFFFFFFFFFFFFFFFFFFFFFFFFFFFFFFFFFFFFFFFFFFFFFF1
:206FC000FFFFFFFFFFFFFFFFFFFFFFFFFFFFFFFFFFFFFFFFFFFFFFFFFFFFFFFFFFFFFFFFD1
:206FE000FFFFFFFFFFFFFFFFFFFFFFFFFFFFFFFFFFFFFFFFFFFFFFFFFFFFFFFFFFFFFFFFB1
:20700000FFFFFFFFFFFFFFFFFFFFFFFFFFFFFFFFFFFFFFFFFFFFFFFFFFFFFFFFFFFFFFFF90
:20702000FFFFFFFFFFFFFFFFFFFFFFFFFFFFFFFFFFFFFFFFFFFFFFFFFFFFFFFFFFFFFFFF70
:20704000FFFFFFFFFFFFFFFFFFFFFFFFFFFFFFFFFFFFFFFFFFFFFFFFFFFFFFFFFFFFFFFF50
:20706000FFFFFFFFFFFFFFFFFFFFFFFFFFFFFFFFFFFFFFFFFFFFFFFFFFFFFFFFFFFFFFFF30
:20708000FFFFFFFFFFFFFFFFFFFFFFFFFFFFFFFFFFFFFFFFFFFFFFFFFFFFFFFFFFFFFFFF10
:2070A000FFFFFFFFFFFFFFFFFFFFFFFFFFFFFFFFFFFFFFFFFFFFFFFFFFFFFFFFFFFFFFFFF0
:2070C000FFFFFFFFFFFFFFFFFFFFFFFFFFFFFFFFFFFFFFFFFFFFFFFFFFFFFFFFFFFFFFFFD0
:2070E000FFFFFFFFFFFFFFFFFFFFFFFFFFFFFFFFFFFFFFFFFFFFFFFFFFFFFFFFFFFFFFFFB0
:20710000FFFFFFFFFFFFFFFFFFFFFFFFFFFFFFFFFFFFFFFFFFFFFFFFFFFFFFFFFFFFFFFF8F
:20712000FFFFFFFFFFFFFFFFFFFFFFFFFFFFFFFFFFFFFFFFFFFFFFFFFFFFFFFFFFFFFFFF6F
:20714000FFFFFFFFFFFFFFFFFFFFFFFFFFFFFFFFFFFFFFFFFFFFFFFFFFFFFFFFFFFFFFFF4F
:20716000FFFFFFFFFFFFFFFFFFFFFFFFFFFFFFFFFFFFFFFFFFFFFFFFFFFFFFFFFFFFFFFF2F
:20718000FFFFFFFFFFFFFFFFFFFFFFFFFFFFFFFFFFFFFFFFFFFFFFFFFFFFFFFFFFFFFFFF0F
:2071A000FFFFFFFFFFFFFFFFFFFFFFFFFFFFFFFFFFFFFFFFFFFFFFFFFFFFFFFFFFFFFFFFEF
:2071C000FFFFFFFFFFFFFFFFFFFFFFFFFFFFFFFFFFFFFFFFFFFFFFFFFFFFFFFFFFFFFFFFCF
:2071E000FFFFFFFFFFFFFFFFFFFFFFFFFFFFFFFFFFFFFFFFFFFFFFFFFFFFFFFFFFFFFFFFAF
:20720000FFFFFFFFFFFFFFFFFFFFFFFFFFFFFFFFFFFFFFFFFFFFFFFFFFFFFFFFFFFFFFFF8E
:20722000FFFFFFFFFFFFFFFFFFFFFFFFFFFFFFFFFFFFFFFFFFFFFFFFFFFFFFFFFFFFFFFF6E
:20724000FFFFFFFFFFFFFFFFFFFFFFFFFFFFFFFFFFFFFFFFFFFFFFFFFFFFFFFFFFFFFFFF4E
:20726000FFFFFFFFFFFFFFFFFFFFFFFFFFFFFFFFFFFFFFFFFFFFFFFFFFFFFFFFFFFFFFFF2E
:20728000FFFFFFFFFFFFFFFFFFFFFFFFFFFFFFFFFFFFFFFFFFFFFFFFFFFFFFFFFFFFFFFF0E
:2072A000FFFFFFFFFFFFFFFFFFFFFFFFFFFFFFFFFFFFFFFFFFFFFFFFFFFFFFFFFFFFFFFFEE
:2072C000FFFFFFFFFFFFFFFFFFFFFFFFFFFFFFFFFFFFFFFFFFFFFFFFFFFFFFFFFFFFFFFFCE
:2072E000FFFFFFFFFFFFFFFFFFFFFFFFFFFFFFFFFFFFFFFFFFFFFFFFFFFFFFFFFFFFFFFFAE
:20730000FFFFFFFFFFFFFFFFFFFFFFFFFFFFFFFFFFFFFFFFFFFFFFFFFFFFFFFFFFFFFFFF8D
:20732000FFFFFFFFFFFFFFFFFFFFFFFFFFFFFFFFFFFFFFFFFFFFFFFFFFFFFFFFFFFFFFFF6D
:20734000FFFFFFFFFFFFFFFFFFFFFFFFFFFFFFFFFFFFFFFFFFFFFFFFFFFFFFFFFFFFFFFF4D
:20736000FFFFFFFFFFFFFFFFFFFFFFFFFFFFFFFFFFFFFFFFFFFFFFFFFFFFFFFFFFFFFFFF2D
:20738000FFFFFFFFFFFFFFFFFFFFFFFFFFFFFFFFFFFFFFFFFFFFFFFFFFFFFFFFFFFFFFFF0D
:2073A000FFFFFFFFFFFFFFFFFFFFFFFFFFFFFFFFFFFFFFFFFFFFFFFFFFFFFFFFFFFFFFFFED
:2073C000FFFFFFFFFFFFFFFFFFFFFFFFFFFFFFFFFFFFFFFFFFFFFFFFFFFFFFFFFFFFFFFFCD
:2073E000FFFFFFFFFFFFFFFFFFFFFFFFFFFFFFFFFFFFFFFFFFFFFFFFFFFFFFFFFFFFFFFFAD
:20740000FFFFFFFFFFFFFFFFFFFFFFFFFFFFFFFFFFFFFFFFFFFFFFFFFFFFFFFFFFFFFFFF8C
:20742000FFFFFFFFFFFFFFFFFFFFFFFFFFFFFFFFFFFFFFFFFFFFFFFFFFFFFFFFFFFFFFFF6C
:20744000FFFFFFFFFFFFFFFFFFFFFFFFFFFFFFFFFFFFFFFFFFFFFFFFFFFFFFFFFFFFFFFF4C
:20746000FFFFFFFFFFFFFFFFFFFFFFFFFFFFFFFFFFFFFFFFFFFFFFFFFFFFFFFFFFFFFFFF2C
:20748000FFFFFFFFFFFFFFFFFFFFFFFFFFFFFFFFFFFFFFFFFFFFFFFFFFFFFFFFFFFFFFFF0C
:2074A000FFFFFFFFFFFFFFFFFFFFFFFFFFFFFFFFFFFFFFFFFFFFFFFFFFFFFFFFFFFFFFFFEC
:2074C000FFFFFFFFFFFFFFFFFFFFFFFFFFFFFFFFFFFFFFFFFFFFFFFFFFFFFFFFFFFFFFFFCC
:2074E000FFFFFFFFFFFFFFFFFFFFFFFFFFFFFFFFFFFFFFFFFFFFFFFFFFFFFFFFFFFFFFFFAC
:20750000FFFFFFFFFFFFFFFFFFFFFFFFFFFFFFFFFFFFFFFFFFFFFFFFFFFFFFFFFFFFFFFF8B
:20752000FFFFFFFFFFFFFFFFFFFFFFFFFFFFFFFFFFFFFFFFFFFFFFFFFFFFFFFFFFFFFFFF6B
:20754000FFFFFFFFFFFFFFFFFFFFFFFFFFFFFFFFFFFFFFFFFFFFFFFFFFFFFFFFFFFFFFFF4B
:20756000FFFFFFFFFFFFFFFFFFFFFFFFFFFFFFFFFFFFFFFFFFFFFFFFFFFFFFFFFFFFFFFF2B
:20758000FFFFFFFFFFFFFFFFFFFFFFFFFFFFFFFFFFFFFFFFFFFFFFFFFFFFFFFFFFFFFFFF0B
:2075A000FFFFFFFFFFFFFFFFFFFFFFFFFFFFFFFFFFFFFFFFFFFFFFFFFFFFFFFFFFFFFFFFEB
:2075C000FFFFFFFFFFFFFFFFFFFFFFFFFFFFFFFFFFFFFFFFFFFFFFFFFFFFFFFFFFFFFFFFCB
:2075E000FFFFFFFFFFFFFFFFFFFFFFFFFFFFFFFFFFFFFFFFFFFFFFFFFFFFFFFFFFFFFFFFAB
:20760000FFFFFFFFFFFFFFFFFFFFFFFFFFFFFFFFFFFFFFFFFFFFFFFFFFFFFFFFFFFFFFFF8A
:20762000FFFFFFFFFFFFFFFFFFFFFFFFFFFFFFFFFFFFFFFFFFFFFFFFFFFFFFFFFFFFFFFF6A
:20764000FFFFFFFFFFFFFFFFFFFFFFFFFFFFFFFFFFFFFFFFFFFFFFFFFFFFFFFFFFFFFFFF4A
:20766000FFFFFFFFFFFFFFFFFFFFFFFFFFFFFFFFFFFFFFFFFFFFFFFFFFFFFFFFFFFFFFFF2A
:20768000FFFFFFFFFFFFFFFFFFFFFFFFFFFFFFFFFFFFFFFFFFFFFFFFFFFFFFFFFFFFFFFF0A
:2076A000FFFFFFFFFFFFFFFFFFFFFFFFFFFFFFFFFFFFFFFFFFFFFFFFFFFFFFFFFFFFFFFFEA
:2076C000FFFFFFFFFFFFFFFFFFFFFFFFFFFFFFFFFFFFFFFFFFFFFFFFFFFFFFFFFFFFFFFFCA
:2076E000FFFFFFFFFFFFFFFFFFFFFFFFFFFFFFFFFFFFFFFFFFFFFFFFFFFFFFFFFFFFFFFFAA
:20770000FFFFFFFFFFFFFFFFFFFFFFFFFFFFFFFFFFFFFFFFFFFFFFFFFFFFFFFFFFFFFFFF89
:20772000FFFFFFFFFFFFFFFFFFFFFFFFFFFFFFFFFFFFFFFFFFFFFFFFFFFFFFFFFFFFFFFF69
:20774000FFFFFFFFFFFFFFFFFFFFFFFFFFFFFFFFFFFFFFFFFFFFFFFFFFFFFFFFFFFFFFFF49
:20776000FFFFFFFFFFFFFFFFFFFFFFFFFFFFFFFFFFFFFFFFFFFFFFFFFFFFFFFFFFFFFFFF29
:20778000FFFFFFFFFFFFFFFFFFFFFFFFFFFFFFFFFFFFFFFFFFFFFFFFFFFFFFFFFFFFFFFF09
:2077A000FFFFFFFFFFFFFFFFFFFFFFFFFFFFFFFFFFFFFFFFFFFFFFFFFFFFFFFFFFFFFFFFE9
:2077C000FFFFFFFFFFFFFFFFFFFFFFFFFFFFFFFFFFFFFFFFFFFFFFFFFFFFFFFFFFFFFFFFC9
:2077E000FFFFFFFFFFFFFFFFFFFFFFFFFFFFFFFFFFFFFFFFFFFFFFFFFFFFFFFFFFFFFFFFA9
:20780000FFFFFFFFFFFFFFFFFFFFFFFFFFFFFFFFFFFFFFFFFFFFFFFFFFFFFFFFFFFFFFFF88
:20782000FFFFFFFFFFFFFFFFFFFFFFFFFFFFFFFFFFFFFFFFFFFFFFFFFFFFFFFFFFFFFFFF68
:20784000FFFFFFFFFFFFFFFFFFFFFFFFFFFFFFFFFFFFFFFFFFFFFFFFFFFFFFFFFFFFFFFF48
:20786000FFFFFFFFFFFFFFFFFFFFFFFFFFFFFFFFFFFFFFFFFFFFFFFFFFFFFFFFFFFFFFFF28
:20788000FFFFFFFFFFFFFFFFFFFFFFFFFFFFFFFFFFFFFFFFFFFFFFFFFFFFFFFFFFFFFFFF08
:2078A000FFFFFFFFFFFFFFFFFFFFFFFFFFFFFFFFFFFFFFFFFFFFFFFFFFFFFFFFFFFFFFFFE8
:2078C000FFFFFFFFFFFFFFFFFFFFFFFFFFFFFFFFFFFFFFFFFFFFFFFFFFFFFFFFFFFFFFFFC8
:2078E000FFFFFFFFFFFFFFFFFFFFFFFFFFFFFFFFFFFFFFFFFFFFFFFFFFFFFFFFFFFFFFFFA8
:20790000FFFFFFFFFFFFFFFFFFFFFFFFFFFFFFFFFFFFFFFFFFFFFFFFFFFFFFFFFFFFFFFF87
:20792000FFFFFFFFFFFFFFFFFFFFFFFFFFFFFFFFFFFFFFFFFFFFFFFFFFFFFFFFFFFFFFFF67
:20794000FFFFFFFFFFFFFFFFFFFFFFFFFFFFFFFFFFFFFFFFFFFFFFFFFFFFFFFFFFFFFFFF47
:20796000FFFFFFFFFFFFFFFFFFFFFFFFFFFFFFFFFFFFFFFFFFFFFFFFFFFFFFFFFFFFFFFF27
:20798000FFFFFFFFFFFFFFFFFFFFFFFFFFFFFFFFFFFFFFFFFFFFFFFFFFFFFFFFFFFFFFFF07
:2079A000FFFFFFFFFFFFFFFFFFFFFFFFFFFFFFFFFFFFFFFFFFFFFFFFFFFFFFFFFFFFFFFFE7
:2079C000FFFFFFFFFFFFFFFFFFFFFFFFFFFFFFFFFFFFFFFFFFFFFFFFFFFFFFFFFFFFFFFFC7
:2079E000FFFFFFFFFFFFFFFFFFFFFFFFFFFFFFFFFFFFFFFFFFFFFFFFFFFFFFFFFFFFFFFFA7
:207A0000FFFFFFFFFFFFFFFFFFFFFFFFFFFFFFFFFFFFFFFFFFFFFFFFFFFFFFFFFFFFFFFF86
:207A2000FFFFFFFFFFFFFFFFFFFFFFFFFFFFFFFFFFFFFFFFFFFFFFFFFFFFFFFFFFFFFFFF66
:207A4000FFFFFFFFFFFFFFFFFFFFFFFFFFFFFFFFFFFFFFFFFFFFFFFFFFFFFFFFFFFFFFFF46
:207A6000FFFFFFFFFFFFFFFFFFFFFFFFFFFFFFFFFFFFFFFFFFFFFFFFFFFFFFFFFFFFFFFF26
:207A8000FFFFFFFFFFFFFFFFFFFFFFFFFFFFFFFFFFFFFFFFFFFFFFFFFFFFFFFFFFFFFFFF06
:207AA000FFFFFFFFFFFFFFFFFFFFFFFFFFFFFFFFFFFFFFFFFFFFFFFFFFFFFFFFFFFFFFFFE6
:207AC000FFFFFFFFFFFFFFFFFFFFFFFFFFFFFFFFFFFFFFFFFFFFFFFFFFFFFFFFFFFFFFFFC6
:207AE000FFFFFFFFFFFFFFFFFFFFFFFFFFFFFFFFFFFFFFFFFFFFFFFFFFFFFFFFFFFFFFFFA6
:207B0000FFFFFFFFFFFFFFFFFFFFFFFFFFFFFFFFFFFFFFFFFFFFFFFFFFFFFFFFFFFFFFFF85
:207B2000FFFFFFFFFFFFFFFFFFFFFFFFFFFFFFFFFFFFFFFFFFFFFFFFFFFFFFFFFFFFFFFF65
:207B4000FFFFFFFFFFFFFFFFFFFFFFFFFFFFFFFFFFFFFFFFFFFFFFFFFFFFFFFFFFFFFFFF45
:207B6000FFFFFFFFFFFFFFFFFFFFFFFFFFFFFFFFFFFFFFFFFFFFFFFFFFFFFFFFFFFFFFFF25
:207B8000FFFFFFFFFFFFFFFFFFFFFFFFFFFFFFFFFFFFFFFFFFFFFFFFFFFFFFFFFFFFFFFF05
:207BA000FFFFFFFFFFFFFFFFFFFFFFFFFFFFFFFFFFFFFFFFFFFFFFFFFFFFFFFFFFFFFFFFE5
:207BC000FFFFFFFFFFFFFFFFFFFFFFFFFFFFFFFFFFFFFFFFFFFFFFFFFFFFFFFFFFFFFFFFC5
:207BE000FFFFFFFFFFFFFFFFFFFFFFFFFFFFFFFFFFFFFFFFFFFFFFFFFFFFFFFFFFFFFFFFA5
:207C0000FFFFFFFFFFFFFFFFFFFFFFFFFFFFFFFFFFFFFFFFFFFFFFFFFFFFFFFFFFFFFFFF84
:207C2000FFFFFFFFFFFFFFFFFFFFFFFFFFFFFFFFFFFFFFFFFFFFFFFFFFFFFFFFFFFFFFFF64
:207C4000FFFFFFFFFFFFFFFFFFFFFFFFFFFFFFFFFFFFFFFFFFFFFFFFFFFFFFFFFFFFFFFF44
:207C6000FFFFFFFFFFFFFFFFFFFFFFFFFFFFFFFFFFFFFFFFFFFFFFFFFFFFFFFFFFFFFFFF24
:207C8000FFFFFFFFFFFFFFFFFFFFFFFFFFFFFFFFFFFFFFFFFFFFFFFFFFFFFFFFFFFFFFFF04
:207CA000FFFFFFFFFFFFFFFFFFFFFFFFFFFFFFFFFFFFFFFFFFFFFFFFFFFFFFFFFFFFFFFFE4
:207CC000FFFFFFFFFFFFFFFFFFFFFFFFFFFFFFFFFFFFFFFFFFFFFFFFFFFFFFFFFFFFFFFFC4
:207CE000FFFFFFFFFFFFFFFFFFFFFFFFFFFFFFFFFFFFFFFFFFFFFFFFFFFFFFFFFFFFFFFFA4
:207D0000FFFFFFFFFFFFFFFFFFFFFFFFFFFFFFFFFFFFFFFFFFFFFFFFFFFFFFFFFFFFFFFF83
:207D2000FFFFFFFFFFFFFFFFFFFFFFFFFFFFFFFFFFFFFFFFFFFFFFFFFFFFFFFFFFFFFFFF63
:207D4000FFFFFFFFFFFFFFFFFFFFFFFFFFFFFFFFFFFFFFFFFFFFFFFFFFFFFFFFFFFFFFFF43
:207D6000FFFFFFFFFFFFFFFFFFFFFFFFFFFFFFFFFFFFFFFFFFFFFFFFFFFFFFFFFFFFFFFF23
:207D8000FFFFFFFFFFFFFFFFFFFFFFFFFFFFFFFFFFFFFFFFFFFFFFFFFFFFFFFFFFFFFFFF03
:207DA000FFFFFFFFFFFFFFFFFFFFFFFFFFFFFFFFFFFFFFFFFFFFFFFFFFFFFFFFFFFFFFFFE3
:207DC000FFFFFFFFFFFFFFFFFFFFFFFFFFFFFFFFFFFFFFFFFFFFFFFFFFFFFFFFFFFFFFFFC3
:207DE000FFFFFFFFFFFFFFFFFFFFFFFFFFFFFFFFFFFFFFFFFFFFFFFFFFFFFFFFFFFFFFFFA3
:207E0000FFFFFFFFFFFFFFFFFFFFFFFFFFFFFFFFFFFFFFFFFFFFFFFFFFFFFFFFFFFFFFFF82
:207E2000FFFFFFFFFFFFFFFFFFFFFFFFFFFFFFFFFFFFFFFFFFFFFFFFFFFFFFFFFFFFFFFF62
:207E4000FFFFFFFFFFFFFFFFFFFFFFFFFFFFFFFFFFFFFFFFFFFFFFFFFFFFFFFFFFFFFFFF42
:207E6000FFFFFFFFFFFFFFFFFFFFFFFFFFFFFFFFFFFFFFFFFFFFFFFFFFFFFFFFFFFFFFFF22
:207E8000FFFFFFFFFFFFFFFFFFFFFFFFFFFFFFFFFFFFFFFFFFFFFFFFFFFFFFFFFFFFFFFF02
:207EA000FFFFFFFFFFFFFFFFFFFFFFFFFFFFFFFFFFFFFFFFFFFFFFFFFFFFFFFFFFFFFFFFE2
:207EC000FFFFFFFFFFFFFFFFFFFFFFFFFFFFFFFFFFFFFFFFFFFFFFFFFFFFFFFFFFFFFFFFC2
:207EE000FFFFFFFFFFFFFFFFFFFFFFFFFFFFFFFFFFFFFFFFFFFFFFFFFFFFFFFFFFFFFFFFA2
:207F0000FFFFFFFFFFFFFFFFFFFFFFFFFFFFFFFFFFFFFFFFFFFFFFFFFFFFFFFFFFFFFFFF81
:207F2000FFFFFFFFFFFFFFFFFFFFFFFFFFFFFFFFFFFFFFFFFFFFFFFFFFFFFFFFFFFFFFFF61
:207F4000FFFFFFFFFFFFFFFFFFFFFFFFFFFFFFFFFFFFFFFFFFFFFFFFFFFFFFFFFFFFFFFF41
:207F6000FFFFFFFFFFFFFFFFFFFFFFFFFFFFFFFFFFFFFFFFFFFFFFFFFFFFFFFFFFFFFFFF21
:207F8000FFFFFFFFFFFFFFFFFFFFFFFFFFFFFFFFFFFFFFFFFFFFFFFFFFFFFFFFFFFFFFFF01
:207FA000FFFFFFFFFFFFFFFFFFFFFFFFFFFFFFFFFFFFFFFFFFFFFFFFFFFFFFFFFFFFFFFFE1
:207FC000FFFFFFFFFFFFFFFFFFFFFFFFFFFFFFFFFFFFFFFFFFFFFFFFFFFFFFFFFFFFFFFFC1
:207FE000FFFFFFFFFFFFFFFFFFFFFFFFFFFFFFFFFFFFFFFFFFFFFFFFFFFFFFFFFFFFFFFFA1
:20800000FFFFFFFFFFFFFFFFFFFFFFFFFFFFFFFFFFFFFFFFFFFFFFFFFFFFFFFFFFFFFFFF80
:20802000FFFFFFFFFFFFFFFFFFFFFFFFFFFFFFFFFFFFFFFFFFFFFFFFFFFFFFFFFFFFFFFF60
:20804000FFFFFFFFFFFFFFFFFFFFFFFFFFFFFFFFFFFFFFFFFFFFFFFFFFFFFFFFFFFFFFFF40
:20806000FFFFFFFFFFFFFFFFFFFFFFFFFFFFFFFFFFFFFFFFFFFFFFFFFFFFFFFFFFFFFFFF20
:20808000FFFFFFFFFFFFFFFFFFFFFFFFFFFFFFFFFFFFFFFFFFFFFFFFFFFFFFFFFFFFFFFF00
:2080A000FFFFFFFFFFFFFFFFFFFFFFFFFFFFFFFFFFFFFFFFFFFFFFFFFFFFFFFFFFFFFFFFE0
:2080C000FFFFFFFFFFFFFFFFFFFFFFFFFFFFFFFFFFFFFFFFFFFFFFFFFFFFFFFFFFFFFFFFC0
:2080E000FFFFFFFFFFFFFFFFFFFFFFFFFFFFFFFFFFFFFFFFFFFFFFFFFFFFFFFFFFFFFFFFA0
:20810000FFFFFFFFFFFFFFFFFFFFFFFFFFFFFFFFFFFFFFFFFFFFFFFFFFFFFFFFFFFFFFFF7F
:20812000FFFFFFFFFFFFFFFFFFFFFFFFFFFFFFFFFFFFFFFFFFFFFFFFFFFFFFFFFFFFFFFF5F
:20814000FFFFFFFFFFFFFFFFFFFFFFFFFFFFFFFFFFFFFFFFFFFFFFFFFFFFFFFFFFFFFFFF3F
:20816000FFFFFFFFFFFFFFFFFFFFFFFFFFFFFFFFFFFFFFFFFFFFFFFFFFFFFFFFFFFFFFFF1F
:20818000FFFFFFFFFFFFFFFFFFFFFFFFFFFFFFFFFFFFFFFFFFFFFFFFFFFFFFFFFFFFFFFFFF
:2081A000FFFFFFFFFFFFFFFFFFFFFFFFFFFFFFFFFFFFFFFFFFFFFFFFFFFFFFFFFFFFFFFFDF
:2081C000FFFFFFFFFFFFFFFFFFFFFFFFFFFFFFFFFFFFFFFFFFFFFFFFFFFFFFFFFFFFFFFFBF
:2081E000FFFFFFFFFFFFFFFFFFFFFFFFFFFFFFFFFFFFFFFFFFFFFFFFFFFFFFFFFFFFFFFF9F
:20820000FFFFFFFFFFFFFFFFFFFFFFFFFFFFFFFFFFFFFFFFFFFFFFFFFFFFFFFFFFFFFFFF7E
:20822000FFFFFFFFFFFFFFFFFFFFFFFFFFFFFFFFFFFFFFFFFFFFFFFFFFFFFFFFFFFFFFFF5E
:20824000FFFFFFFFFFFFFFFFFFFFFFFFFFFFFFFFFFFFFFFFFFFFFFFFFFFFFFFFFFFFFFFF3E
:20826000FFFFFFFFFFFFFFFFFFFFFFFFFFFFFFFFFFFFFFFFFFFFFFFFFFFFFFFFFFFFFFFF1E
:20828000FFFFFFFFFFFFFFFFFFFFFFFFFFFFFFFFFFFFFFFFFFFFFFFFFFFFFFFFFFFFFFFFFE
:2082A000FFFFFFFFFFFFFFFFFFFFFFFFFFFFFFFFFFFFFFFFFFFFFFFFFFFFFFFFFFFFFFFFDE
:2082C000FFFFFFFFFFFFFFFFFFFFFFFFFFFFFFFFFFFFFFFFFFFFFFFFFFFFFFFFFFFFFFFFBE
:2082E000FFFFFFFFFFFFFFFFFFFFFFFFFFFFFFFFFFFFFFFFFFFFFFFFFFFFFFFFFFFFFFFF9E
:20830000FFFFFFFFFFFFFFFFFFFFFFFFFFFFFFFFFFFFFFFFFFFFFFFFFFFFFFFFFFFFFFFF7D
:20832000FFFFFFFFFFFFFFFFFFFFFFFFFFFFFFFFFFFFFFFFFFFFFFFFFFFFFFFFFFFFFFFF5D
:20834000FFFFFFFFFFFFFFFFFFFFFFFFFFFFFFFFFFFFFFFFFFFFFFFFFFFFFFFFFFFFFFFF3D
:20836000FFFFFFFFFFFFFFFFFFFFFFFFFFFFFFFFFFFFFFFFFFFFFFFFFFFFFFFFFFFFFFFF1D
:20838000FFFFFFFFFFFFFFFFFFFFFFFFFFFFFFFFFFFFFFFFFFFFFFFFFFFFFFFFFFFFFFFFFD
:2083A000FFFFFFFFFFFFFFFFFFFFFFFFFFFFFFFFFFFFFFFFFFFFFFFFFFFFFFFFFFFFFFFFDD
:2083C000FFFFFFFFFFFFFFFFFFFFFFFFFFFFFFFFFFFFFFFFFFFFFFFFFFFFFFFFFFFFFFFFBD
:2083E000FFFFFFFFFFFFFFFFFFFFFFFFFFFFFFFFFFFFFFFFFFFFFFFFFFFFFFFFFFFFFFFF9D
:20840000FFFFFFFFFFFFFFFFFFFFFFFFFFFFFFFFFFFFFFFFFFFFFFFFFFFFFFFFFFFFFFFF7C
:20842000FFFFFFFFFFFFFFFFFFFFFFFFFFFFFFFFFFFFFFFFFFFFFFFFFFFFFFFFFFFFFFFF5C
:20844000FFFFFFFFFFFFFFFFFFFFFFFFFFFFFFFFFFFFFFFFFFFFFFFFFFFFFFFFFFFFFFFF3C
:20846000FFFFFFFFFFFFFFFFFFFFFFFFFFFFFFFFFFFFFFFFFFFFFFFFFFFFFFFFFFFFFFFF1C
:20848000FFFFFFFFFFFFFFFFFFFFFFFFFFFFFFFFFFFFFFFFFFFFFFFFFFFFFFFFFFFFFFFFFC
:2084A000FFFFFFFFFFFFFFFFFFFFFFFFFFFFFFFFFFFFFFFFFFFFFFFFFFFFFFFFFFFFFFFFDC
:2084C000FFFFFFFFFFFFFFFFFFFFFFFFFFFFFFFFFFFFFFFFFFFFFFFFFFFFFFFFFFFFFFFFBC
:2084E000FFFFFFFFFFFFFFFFFFFFFFFFFFFFFFFFFFFFFFFFFFFFFFFFFFFFFFFFFFFFFFFF9C
:20850000FFFFFFFFFFFFFFFFFFFFFFFFFFFFFFFFFFFFFFFFFFFFFFFFFFFFFFFFFFFFFFFF7B
:20852000FFFFFFFFFFFFFFFFFFFFFFFFFFFFFFFFFFFFFFFFFFFFFFFFFFFFFFFFFFFFFFFF5B
:20854000FFFFFFFFFFFFFFFFFFFFFFFFFFFFFFFFFFFFFFFFFFFFFFFFFFFFFFFFFFFFFFFF3B
:20856000FFFFFFFFFFFFFFFFFFFFFFFFFFFFFFFFFFFFFFFFFFFFFFFFFFFFFFFFFFFFFFFF1B
:20858000FFFFFFFFFFFFFFFFFFFFFFFFFFFFFFFFFFFFFFFFFFFFFFFFFFFFFFFFFFFFFFFFFB
:2085A000FFFFFFFFFFFFFFFFFFFFFFFFFFFFFFFFFFFFFFFFFFFFFFFFFFFFFFFFFFFFFFFFDB
:2085C000FFFFFFFFFFFFFFFFFFFFFFFFFFFFFFFFFFFFFFFFFFFFFFFFFFFFFFFFFFFFFFFFBB
:2085E000FFFFFFFFFFFFFFFFFFFFFFFFFFFFFFFFFFFFFFFFFFFFFFFFFFFFFFFFFFFFFFFF9B
:20860000FFFFFFFFFFFFFFFFFFFFFFFFFFFFFFFFFFFFFFFFFFFFFFFFFFFFFFFFFFFFFFFF7A
:20862000FFFFFFFFFFFFFFFFFFFFFFFFFFFFFFFFFFFFFFFFFFFFFFFFFFFFFFFFFFFFFFFF5A
:20864000FFFFFFFFFFFFFFFFFFFFFFFFFFFFFFFFFFFFFFFFFFFFFFFFFFFFFFFFFFFFFFFF3A
:20866000FFFFFFFFFFFFFFFFFFFFFFFFFFFFFFFFFFFFFFFFFFFFFFFFFFFFFFFFFFFFFFFF1A
:20868000FFFFFFFFFFFFFFFFFFFFFFFFFFFFFFFFFFFFFFFFFFFFFFFFFFFFFFFFFFFFFFFFFA
:2086A000FFFFFFFFFFFFFFFFFFFFFFFFFFFFFFFFFFFFFFFFFFFFFFFFFFFFFFFFFFFFFFFFDA
:2086C000FFFFFFFFFFFFFFFFFFFFFFFFFFFFFFFFFFFFFFFFFFFFFFFFFFFFFFFFFFFFFFFFBA
:2086E000FFFFFFFFFFFFFFFFFFFFFFFFFFFFFFFFFFFFFFFFFFFFFFFFFFFFFFFFFFFFFFFF9A
:20870000FFFFFFFFFFFFFFFFFFFFFFFFFFFFFFFFFFFFFFFFFFFFFFFFFFFFFFFFFFFFFFFF79
:20872000FFFFFFFFFFFFFFFFFFFFFFFFFFFFFFFFFFFFFFFFFFFFFFFFFFFFFFFFFFFFFFFF59
:20874000FFFFFFFFFFFFFFFFFFFFFFFFFFFFFFFFFFFFFFFFFFFFFFFFFFFFFFFFFFFFFFFF39
:20876000FFFFFFFFFFFFFFFFFFFFFFFFFFFFFFFFFFFFFFFFFFFFFFFFFFFFFFFFFFFFFFFF19
:20878000FFFFFFFFFFFFFFFFFFFFFFFFFFFFFFFFFFFFFFFFFFFFFFFFFFFFFFFFFFFFFFFFF9
:2087A000FFFFFFFFFFFFFFFFFFFFFFFFFFFFFFFFFFFFFFFFFFFFFFFFFFFFFFFFFFFFFFFFD9
:2087C000FFFFFFFFFFFFFFFFFFFFFFFFFFFFFFFFFFFFFFFFFFFFFFFFFFFFFFFFFFFFFFFFB9
:2087E000FFFFFFFFFFFFFFFFFFFFFFFFFFFFFFFFFFFFFFFFFFFFFFFFFFFFFFFFFFFFFFFF99
:20880000FFFFFFFFFFFFFFFFFFFFFFFFFFFFFFFFFFFFFFFFFFFFFFFFFFFFFFFFFFFFFFFF78
:20882000FFFFFFFFFFFFFFFFFFFFFFFFFFFFFFFFFFFFFFFFFFFFFFFFFFFFFFFFFFFFFFFF58
:20884000FFFFFFFFFFFFFFFFFFFFFFFFFFFFFFFFFFFFFFFFFFFFFFFFFFFFFFFFFFFFFFFF38
:20886000FFFFFFFFFFFFFFFFFFFFFFFFFFFFFFFFFFFFFFFFFFFFFFFFFFFFFFFFFFFFFFFF18
:20888000FFFFFFFFFFFFFFFFFFFFFFFFFFFFFFFFFFFFFFFFFFFFFFFFFFFFFFFFFFFFFFFFF8
:2088A000FFFFFFFFFFFFFFFFFFFFFFFFFFFFFFFFFFFFFFFFFFFFFFFFFFFFFFFFFFFFFFFFD8
:2088C000FFFFFFFFFFFFFFFFFFFFFFFFFFFFFFFFFFFFFFFFFFFFFFFFFFFFFFFFFFFFFFFFB8
:2088E000FFFFFFFFFFFFFFFFFFFFFFFFFFFFFFFFFFFFFFFFFFFFFFFFFFFFFFFFFFFFFFFF98
:20890000FFFFFFFFFFFFFFFFFFFFFFFFFFFFFFFFFFFFFFFFFFFFFFFFFFFFFFFFFFFFFFFF77
:20892000FFFFFFFFFFFFFFFFFFFFFFFFFFFFFFFFFFFFFFFFFFFFFFFFFFFFFFFFFFFFFFFF57
:20894000FFFFFFFFFFFFFFFFFFFFFFFFFFFFFFFFFFFFFFFFFFFFFFFFFFFFFFFFFFFFFFFF37
:20896000FFFFFFFFFFFFFFFFFFFFFFFFFFFFFFFFFFFFFFFFFFFFFFFFFFFFFFFFFFFFFFFF17
:20898000FFFFFFFFFFFFFFFFFFFFFFFFFFFFFFFFFFFFFFFFFFFFFFFFFFFFFFFFFFFFFFFFF7
:2089A000FFFFFFFFFFFFFFFFFFFFFFFFFFFFFFFFFFFFFFFFFFFFFFFFFFFFFFFFFFFFFFFFD7
:2089C000FFFFFFFFFFFFFFFFFFFFFFFFFFFFFFFFFFFFFFFFFFFFFFFFFFFFFFFFFFFFFFFFB7
:2089E000FFFFFFFFFFFFFFFFFFFFFFFFFFFFFFFFFFFFFFFFFFFFFFFFFFFFFFFFFFFFFFFF97
:208A0000FFFFFFFFFFFFFFFFFFFFFFFFFFFFFFFFFFFFFFFFFFFFFFFFFFFFFFFFFFFFFFFF76
:208A2000FFFFFFFFFFFFFFFFFFFFFFFFFFFFFFFFFFFFFFFFFFFFFFFFFFFFFFFFFFFFFFFF56
:208A4000FFFFFFFFFFFFFFFFFFFFFFFFFFFFFFFFFFFFFFFFFFFFFFFFFFFFFFFFFFFFFFFF36
:208A6000FFFFFFFFFFFFFFFFFFFFFFFFFFFFFFFFFFFFFFFFFFFFFFFFFFFFFFFFFFFFFFFF16
:208A8000FFFFFFFFFFFFFFFFFFFFFFFFFFFFFFFFFFFFFFFFFFFFFFFFFFFFFFFFFFFFFFFFF6
:208AA000FFFFFFFFFFFFFFFFFFFFFFFFFFFFFFFFFFFFFFFFFFFFFFFFFFFFFFFFFFFFFFFFD6
:208AC000FFFFFFFFFFFFFFFFFFFFFFFFFFFFFFFFFFFFFFFFFFFFFFFFFFFFFFFFFFFFFFFFB6
:208AE000FFFFFFFFFFFFFFFFFFFFFFFFFFFFFFFFFFFFFFFFFFFFFFFFFFFFFFFFFFFFFFFF96
:208B0000FFFFFFFFFFFFFFFFFFFFFFFFFFFFFFFFFFFFFFFFFFFFFFFFFFFFFFFFFFFFFFFF75
:208B2000FFFFFFFFFFFFFFFFFFFFFFFFFFFFFFFFFFFFFFFFFFFFFFFFFFFFFFFFFFFFFFFF55
:208B4000FFFFFFFFFFFFFFFFFFFFFFFFFFFFFFFFFFFFFFFFFFFFFFFFFFFFFFFFFFFFFFFF35
:208B6000FFFFFFFFFFFFFFFFFFFFFFFFFFFFFFFFFFFFFFFFFFFFFFFFFFFFFFFFFFFFFFFF15
:208B8000FFFFFFFFFFFFFFFFFFFFFFFFFFFFFFFFFFFFFFFFFFFFFFFFFFFFFFFFFFFFFFFFF5
:208BA000FFFFFFFFFFFFFFFFFFFFFFFFFFFFFFFFFFFFFFFFFFFFFFFFFFFFFFFFFFFFFFFFD5
:208BC000FFFFFFFFFFFFFFFFFFFFFFFFFFFFFFFFFFFFFFFFFFFFFFFFFFFFFFFFFFFFFFFFB5
:208BE000FFFFFFFFFFFFFFFFFFFFFFFFFFFFFFFFFFFFFFFFFFFFFFFFFFFFFFFFFFFFFFFF95
:208C0000FFFFFFFFFFFFFFFFFFFFFFFFFFFFFFFFFFFFFFFFFFFFFFFFFFFFFFFFFFFFFFFF74
:208C2000FFFFFFFFFFFFFFFFFFFFFFFFFFFFFFFFFFFFFFFFFFFFFFFFFFFFFFFFFFFFFFFF54
:208C4000FFFFFFFFFFFFFFFFFFFFFFFFFFFFFFFFFFFFFFFFFFFFFFFFFFFFFFFFFFFFFFFF34
:208C6000FFFFFFFFFFFFFFFFFFFFFFFFFFFFFFFFFFFFFFFFFFFFFFFFFFFFFFFFFFFFFFFF14
:208C8000FFFFFFFFFFFFFFFFFFFFFFFFFFFFFFFFFFFFFFFFFFFFFFFFFFFFFFFFFFFFFFFFF4
:208CA000FFFFFFFFFFFFFFFFFFFFFFFFFFFFFFFFFFFFFFFFFFFFFFFFFFFFFFFFFFFFFFFFD4
:208CC000FFFFFFFFFFFFFFFFFFFFFFFFFFFFFFFFFFFFFFFFFFFFFFFFFFFFFFFFFFFFFFFFB4
:208CE000FFFFFFFFFFFFFFFFFFFFFFFFFFFFFFFFFFFFFFFFFFFFFFFFFFFFFFFFFFFFFFFF94
:208D0000FFFFFFFFFFFFFFFFFFFFFFFFFFFFFFFFFFFFFFFFFFFFFFFFFFFFFFFFFFFFFFFF73
:208D2000FFFFFFFFFFFFFFFFFFFFFFFFFFFFFFFFFFFFFFFFFFFFFFFFFFFFFFFFFFFFFFFF53
:208D4000FFFFFFFFFFFFFFFFFFFFFFFFFFFFFFFFFFFFFFFFFFFFFFFFFFFFFFFFFFFFFFFF33
:208D6000FFFFFFFFFFFFFFFFFFFFFFFFFFFFFFFFFFFFFFFFFFFFFFFFFFFFFFFFFFFFFFFF13
:208D8000FFFFFFFFFFFFFFFFFFFFFFFFFFFFFFFFFFFFFFFFFFFFFFFFFFFFFFFFFFFFFFFFF3
:208DA000FFFFFFFFFFFFFFFFFFFFFFFFFFFFFFFFFFFFFFFFFFFFFFFFFFFFFFFFFFFFFFFFD3
:208DC000FFFFFFFFFFFFFFFFFFFFFFFFFFFFFFFFFFFFFFFFFFFFFFFFFFFFFFFFFFFFFFFFB3
:208DE000FFFFFFFFFFFFFFFFFFFFFFFFFFFFFFFFFFFFFFFFFFFFFFFFFFFFFFFFFFFFFFFF93
:208E0000FFFFFFFFFFFFFFFFFFFFFFFFFFFFFFFFFFFFFFFFFFFFFFFFFFFFFFFFFFFFFFFF72
:208E2000FFFFFFFFFFFFFFFFFFFFFFFFFFFFFFFFFFFFFFFFFFFFFFFFFFFFFFFFFFFFFFFF52
:208E4000FFFFFFFFFFFFFFFFFFFFFFFFFFFFFFFFFFFFFFFFFFFFFFFFFFFFFFFFFFFFFFFF32
:208E6000FFFFFFFFFFFFFFFFFFFFFFFFFFFFFFFFFFFFFFFFFFFFFFFFFFFFFFFFFFFFFFFF12
:208E8000FFFFFFFFFFFFFFFFFFFFFFFFFFFFFFFFFFFFFFFFFFFFFFFFFFFFFFFFFFFFFFFFF2
:208EA000FFFFFFFFFFFFFFFFFFFFFFFFFFFFFFFFFFFFFFFFFFFFFFFFFFFFFFFFFFFFFFFFD2
:208EC000FFFFFFFFFFFFFFFFFFFFFFFFFFFFFFFFFFFFFFFFFFFFFFFFFFFFFFFFFFFFFFFFB2
:208EE000FFFFFFFFFFFFFFFFFFFFFFFFFFFFFFFFFFFFFFFFFFFFFFFFFFFFFFFFFFFFFFFF92
:208F0000FFFFFFFFFFFFFFFFFFFFFFFFFFFFFFFFFFFFFFFFFFFFFFFFFFFFFFFFFFFFFFFF71
:208F2000FFFFFFFFFFFFFFFFFFFFFFFFFFFFFFFFFFFFFFFFFFFFFFFFFFFFFFFFFFFFFFFF51
:208F4000FFFFFFFFFFFFFFFFFFFFFFFFFFFFFFFFFFFFFFFFFFFFFFFFFFFFFFFFFFFFFFFF31
:208F6000FFFFFFFFFFFFFFFFFFFFFFFFFFFFFFFFFFFFFFFFFFFFFFFFFFFFFFFFFFFFFFFF11
:208F8000FFFFFFFFFFFFFFFFFFFFFFFFFFFFFFFFFFFFFFFFFFFFFFFFFFFFFFFFFFFFFFFFF1
:208FA000FFFFFFFFFFFFFFFFFFFFFFFFFFFFFFFFFFFFFFFFFFFFFFFFFFFFFFFFFFFFFFFFD1
:208FC000FFFFFFFFFFFFFFFFFFFFFFFFFFFFFFFFFFFFFFFFFFFFFFFFFFFFFFFFFFFFFFFFB1
:208FE000FFFFFFFFFFFFFFFFFFFFFFFFFFFFFFFFFFFFFFFFFFFFFFFFFFFFFFFFFFFFFFFF91
:20900000FFFFFFFFFFFFFFFFFFFFFFFFFFFFFFFFFFFFFFFFFFFFFFFFFFFFFFFFFFFFFFFF70
:20902000FFFFFFFFFFFFFFFFFFFFFFFFFFFFFFFFFFFFFFFFFFFFFFFFFFFFFFFFFFFFFFFF50
:20904000FFFFFFFFFFFFFFFFFFFFFFFFFFFFFFFFFFFFFFFFFFFFFFFFFFFFFFFFFFFFFFFF30
:20906000FFFFFFFFFFFFFFFFFFFFFFFFFFFFFFFFFFFFFFFFFFFFFFFFFFFFFFFFFFFFFFFF10
:20908000FFFFFFFFFFFFFFFFFFFFFFFFFFFFFFFFFFFFFFFFFFFFFFFFFFFFFFFFFFFFFFFFF0
:2090A000FFFFFFFFFFFFFFFFFFFFFFFFFFFFFFFFFFFFFFFFFFFFFFFFFFFFFFFFFFFFFFFFD0
:2090C000FFFFFFFFFFFFFFFFFFFFFFFFFFFFFFFFFFFFFFFFFFFFFFFFFFFFFFFFFFFFFFFFB0
:2090E000FFFFFFFFFFFFFFFFFFFFFFFFFFFFFFFFFFFFFFFFFFFFFFFFFFFFFFFFFFFFFFFF90
:20910000FFFFFFFFFFFFFFFFFFFFFFFFFFFFFFFFFFFFFFFFFFFFFFFFFFFFFFFFFFFFFFFF6F
:20912000FFFFFFFFFFFFFFFFFFFFFFFFFFFFFFFFFFFFFFFFFFFFFFFFFFFFFFFFFFFFFFFF4F
:20914000FFFFFFFFFFFFFFFFFFFFFFFFFFFFFFFFFFFFFFFFFFFFFFFFFFFFFFFFFFFFFFFF2F
:20916000FFFFFFFFFFFFFFFFFFFFFFFFFFFFFFFFFFFFFFFFFFFFFFFFFFFFFFFFFFFFFFFF0F
:20918000FFFFFFFFFFFFFFFFFFFFFFFFFFFFFFFFFFFFFFFFFFFFFFFFFFFFFFFFFFFFFFFFEF
:2091A000FFFFFFFFFFFFFFFFFFFFFFFFFFFFFFFFFFFFFFFFFFFFFFFFFFFFFFFFFFFFFFFFCF
:2091C000FFFFFFFFFFFFFFFFFFFFFFFFFFFFFFFFFFFFFFFFFFFFFFFFFFFFFFFFFFFFFFFFAF
:2091E000FFFFFFFFFFFFFFFFFFFFFFFFFFFFFFFFFFFFFFFFFFFFFFFFFFFFFFFFFFFFFFFF8F
:20920000FFFFFFFFFFFFFFFFFFFFFFFFFFFFFFFFFFFFFFFFFFFFFFFFFFFFFFFFFFFFFFFF6E
:20922000FFFFFFFFFFFFFFFFFFFFFFFFFFFFFFFFFFFFFFFFFFFFFFFFFFFFFFFFFFFFFFFF4E
:20924000FFFFFFFFFFFFFFFFFFFFFFFFFFFFFFFFFFFFFFFFFFFFFFFFFFFFFFFFFFFFFFFF2E
:20926000FFFFFFFFFFFFFFFFFFFFFFFFFFFFFFFFFFFFFFFFFFFFFFFFFFFFFFFFFFFFFFFF0E
:20928000FFFFFFFFFFFFFFFFFFFFFFFFFFFFFFFFFFFFFFFFFFFFFFFFFFFFFFFFFFFFFFFFEE
:2092A000FFFFFFFFFFFFFFFFFFFFFFFFFFFFFFFFFFFFFFFFFFFFFFFFFFFFFFFFFFFFFFFFCE
:2092C000FFFFFFFFFFFFFFFFFFFFFFFFFFFFFFFFFFFFFFFFFFFFFFFFFFFFFFFFFFFFFFFFAE
:2092E000FFFFFFFFFFFFFFFFFFFFFFFFFFFFFFFFFFFFFFFFFFFFFFFFFFFFFFFFFFFFFFFF8E
:20930000FFFFFFFFFFFFFFFFFFFFFFFFFFFFFFFFFFFFFFFFFFFFFFFFFFFFFFFFFFFFFFFF6D
:20932000FFFFFFFFFFFFFFFFFFFFFFFFFFFFFFFFFFFFFFFFFFFFFFFFFFFFFFFFFFFFFFFF4D
:20934000FFFFFFFFFFFFFFFFFFFFFFFFFFFFFFFFFFFFFFFFFFFFFFFFFFFFFFFFFFFFFFFF2D
:20936000FFFFFFFFFFFFFFFFFFFFFFFFFFFFFFFFFFFFFFFFFFFFFFFFFFFFFFFFFFFFFFFF0D
:20938000FFFFFFFFFFFFFFFFFFFFFFFFFFFFFFFFFFFFFFFFFFFFFFFFFFFFFFFFFFFFFFFFED
:2093A000FFFFFFFFFFFFFFFFFFFFFFFFFFFFFFFFFFFFFFFFFFFFFFFFFFFFFFFFFFFFFFFFCD
:2093C000FFFFFFFFFFFFFFFFFFFFFFFFFFFFFFFFFFFFFFFFFFFFFFFFFFFFFFFFFFFFFFFFAD
:2093E000FFFFFFFFFFFFFFFFFFFFFFFFFFFFFFFFFFFFFFFFFFFFFFFFFFFFFFFFFFFFFFFF8D
:20940000FFFFFFFFFFFFFFFFFFFFFFFFFFFFFFFFFFFFFFFFFFFFFFFFFFFFFFFFFFFFFFFF6C
:20942000FFFFFFFFFFFFFFFFFFFFFFFFFFFFFFFFFFFFFFFFFFFFFFFFFFFFFFFFFFFFFFFF4C
:20944000FFFFFFFFFFFFFFFFFFFFFFFFFFFFFFFFFFFFFFFFFFFFFFFFFFFFFFFFFFFFFFFF2C
:20946000FFFFFFFFFFFFFFFFFFFFFFFFFFFFFFFFFFFFFFFFFFFFFFFFFFFFFFFFFFFFFFFF0C
:20948000FFFFFFFFFFFFFFFFFFFFFFFFFFFFFFFFFFFFFFFFFFFFFFFFFFFFFFFFFFFFFFFFEC
:2094A000FFFFFFFFFFFFFFFFFFFFFFFFFFFFFFFFFFFFFFFFFFFFFFFFFFFFFFFFFFFFFFFFCC
:2094C000FFFFFFFFFFFFFFFFFFFFFFFFFFFFFFFFFFFFFFFFFFFFFFFFFFFFFFFFFFFFFFFFAC
:2094E000FFFFFFFFFFFFFFFFFFFFFFFFFFFFFFFFFFFFFFFFFFFFFFFFFFFFFFFFFFFFFFFF8C
:20950000FFFFFFFFFFFFFFFFFFFFFFFFFFFFFFFFFFFFFFFFFFFFFFFFFFFFFFFFFFFFFFFF6B
:20952000FFFFFFFFFFFFFFFFFFFFFFFFFFFFFFFFFFFFFFFFFFFFFFFFFFFFFFFFFFFFFFFF4B
:20954000FFFFFFFFFFFFFFFFFFFFFFFFFFFFFFFFFFFFFFFFFFFFFFFFFFFFFFFFFFFFFFFF2B
:20956000FFFFFFFFFFFFFFFFFFFFFFFFFFFFFFFFFFFFFFFFFFFFFFFFFFFFFFFFFFFFFFFF0B
:20958000FFFFFFFFFFFFFFFFFFFFFFFFFFFFFFFFFFFFFFFFFFFFFFFFFFFFFFFFFFFFFFFFEB
:2095A000FFFFFFFFFFFFFFFFFFFFFFFFFFFFFFFFFFFFFFFFFFFFFFFFFFFFFFFFFFFFFFFFCB
:2095C000FFFFFFFFFFFFFFFFFFFFFFFFFFFFFFFFFFFFFFFFFFFFFFFFFFFFFFFFFFFFFFFFAB
:2095E000FFFFFFFFFFFFFFFFFFFFFFFFFFFFFFFFFFFFFFFFFFFFFFFFFFFFFFFFFFFFFFFF8B
:20960000FFFFFFFFFFFFFFFFFFFFFFFFFFFFFFFFFFFFFFFFFFFFFFFFFFFFFFFFFFFFFFFF6A
:20962000FFFFFFFFFFFFFFFFFFFFFFFFFFFFFFFFFFFFFFFFFFFFFFFFFFFFFFFFFFFFFFFF4A
:20964000FFFFFFFFFFFFFFFFFFFFFFFFFFFFFFFFFFFFFFFFFFFFFFFFFFFFFFFFFFFFFFFF2A
:20966000FFFFFFFFFFFFFFFFFFFFFFFFFFFFFFFFFFFFFFFFFFFFFFFFFFFFFFFFFFFFFFFF0A
:20968000FFFFFFFFFFFFFFFFFFFFFFFFFFFFFFFFFFFFFFFFFFFFFFFFFFFFFFFFFFFFFFFFEA
:2096A000FFFFFFFFFFFFFFFFFFFFFFFFFFFFFFFFFFFFFFFFFFFFFFFFFFFFFFFFFFFFFFFFCA
:2096C000FFFFFFFFFFFFFFFFFFFFFFFFFFFFFFFFFFFFFFFFFFFFFFFFFFFFFFFFFFFFFFFFAA
:2096E000FFFFFFFFFFFFFFFFFFFFFFFFFFFFFFFFFFFFFFFFFFFFFFFFFFFFFFFFFFFFFFFF8A
:20970000FFFFFFFFFFFFFFFFFFFFFFFFFFFFFFFFFFFFFFFFFFFFFFFFFFFFFFFFFFFFFFFF69
:20972000FFFFFFFFFFFFFFFFFFFFFFFFFFFFFFFFFFFFFFFFFFFFFFFFFFFFFFFFFFFFFFFF49
:20974000FFFFFFFFFFFFFFFFFFFFFFFFFFFFFFFFFFFFFFFFFFFFFFFFFFFFFFFFFFFFFFFF29
:20976000FFFFFFFFFFFFFFFFFFFFFFFFFFFFFFFFFFFFFFFFFFFFFFFFFFFFFFFFFFFFFFFF09
:20978000FFFFFFFFFFFFFFFFFFFFFFFFFFFFFFFFFFFFFFFFFFFFFFFFFFFFFFFFFFFFFFFFE9
:2097A000FFFFFFFFFFFFFFFFFFFFFFFFFFFFFFFFFFFFFFFFFFFFFFFFFFFFFFFFFFFFFFFFC9
:2097C000FFFFFFFFFFFFFFFFFFFFFFFFFFFFFFFFFFFFFFFFFFFFFFFFFFFFFFFFFFFFFFFFA9
:2097E000FFFFFFFFFFFFFFFFFFFFFFFFFFFFFFFFFFFFFFFFFFFFFFFFFFFFFFFFFFFFFFFF89
:20980000FFFFFFFFFFFFFFFFFFFFFFFFFFFFFFFFFFFFFFFFFFFFFFFFFFFFFFFFFFFFFFFF68
:20982000FFFFFFFFFFFFFFFFFFFFFFFFFFFFFFFFFFFFFFFFFFFFFFFFFFFFFFFFFFFFFFFF48
:20984000FFFFFFFFFFFFFFFFFFFFFFFFFFFFFFFFFFFFFFFFFFFFFFFFFFFFFFFFFFFFFFFF28
:20986000FFFFFFFFFFFFFFFFFFFFFFFFFFFFFFFFFFFFFFFFFFFFFFFFFFFFFFFFFFFFFFFF08
:20988000FFFFFFFFFFFFFFFFFFFFFFFFFFFFFFFFFFFFFFFFFFFFFFFFFFFFFFFFFFFFFFFFE8
:2098A000FFFFFFFFFFFFFFFFFFFFFFFFFFFFFFFFFFFFFFFFFFFFFFFFFFFFFFFFFFFFFFFFC8
:2098C000FFFFFFFFFFFFFFFFFFFFFFFFFFFFFFFFFFFFFFFFFFFFFFFFFFFFFFFFFFFFFFFFA8
:2098E000FFFFFFFFFFFFFFFFFFFFFFFFFFFFFFFFFFFFFFFFFFFFFFFFFFFFFFFFFFFFFFFF88
:20990000FFFFFFFFFFFFFFFFFFFFFFFFFFFFFFFFFFFFFFFFFFFFFFFFFFFFFFFFFFFFFFFF67
:20992000FFFFFFFFFFFFFFFFFFFFFFFFFFFFFFFFFFFFFFFFFFFFFFFFFFFFFFFFFFFFFFFF47
:20994000FFFFFFFFFFFFFFFFFFFFFFFFFFFFFFFFFFFFFFFFFFFFFFFFFFFFFFFFFFFFFFFF27
:20996000FFFFFFFFFFFFFFFFFFFFFFFFFFFFFFFFFFFFFFFFFFFFFFFFFFFFFFFFFFFFFFFF07
:20998000FFFFFFFFFFFFFFFFFFFFFFFFFFFFFFFFFFFFFFFFFFFFFFFFFFFFFFFFFFFFFFFFE7
:2099A000FFFFFFFFFFFFFFFFFFFFFFFFFFFFFFFFFFFFFFFFFFFFFFFFFFFFFFFFFFFFFFFFC7
:2099C000FFFFFFFFFFFFFFFFFFFFFFFFFFFFFFFFFFFFFFFFFFFFFFFFFFFFFFFFFFFFFFFFA7
:2099E000FFFFFFFFFFFFFFFFFFFFFFFFFFFFFFFFFFFFFFFFFFFFFFFFFFFFFFFFFFFFFFFF87
:209A0000FFFFFFFFFFFFFFFFFFFFFFFFFFFFFFFFFFFFFFFFFFFFFFFFFFFFFFFFFFFFFFFF66
:209A2000FFFFFFFFFFFFFFFFFFFFFFFFFFFFFFFFFFFFFFFFFFFFFFFFFFFFFFFFFFFFFFFF46
:209A4000FFFFFFFFFFFFFFFFFFFFFFFFFFFFFFFFFFFFFFFFFFFFFFFFFFFFFFFFFFFFFFFF26
:209A6000FFFFFFFFFFFFFFFFFFFFFFFFFFFFFFFFFFFFFFFFFFFFFFFFFFFFFFFFFFFFFFFF06
:209A8000FFFFFFFFFFFFFFFFFFFFFFFFFFFFFFFFFFFFFFFFFFFFFFFFFFFFFFFFFFFFFFFFE6
:209AA000FFFFFFFFFFFFFFFFFFFFFFFFFFFFFFFFFFFFFFFFFFFFFFFFFFFFFFFFFFFFFFFFC6
:209AC000FFFFFFFFFFFFFFFFFFFFFFFFFFFFFFFFFFFFFFFFFFFFFFFFFFFFFFFFFFFFFFFFA6
:209AE000FFFFFFFFFFFFFFFFFFFFFFFFFFFFFFFFFFFFFFFFFFFFFFFFFFFFFFFFFFFFFFFF86
:209B0000FFFFFFFFFFFFFFFFFFFFFFFFFFFFFFFFFFFFFFFFFFFFFFFFFFFFFFFFFFFFFFFF65
:209B2000FFFFFFFFFFFFFFFFFFFFFFFFFFFFFFFFFFFFFFFFFFFFFFFFFFFFFFFFFFFFFFFF45
:209B4000FFFFFFFFFFFFFFFFFFFFFFFFFFFFFFFFFFFFFFFFFFFFFFFFFFFFFFFFFFFFFFFF25
:209B6000FFFFFFFFFFFFFFFFFFFFFFFFFFFFFFFFFFFFFFFFFFFFFFFFFFFFFFFFFFFFFFFF05
:209B8000FFFFFFFFFFFFFFFFFFFFFFFFFFFFFFFFFFFFFFFFFFFFFFFFFFFFFFFFFFFFFFFFE5
:209BA000FFFFFFFFFFFFFFFFFFFFFFFFFFFFFFFFFFFFFFFFFFFFFFFFFFFFFFFFFFFFFFFFC5
:209BC000FFFFFFFFFFFFFFFFFFFFFFFFFFFFFFFFFFFFFFFFFFFFFFFFFFFFFFFFFFFFFFFFA5
:209BE000FFFFFFFFFFFFFFFFFFFFFFFFFFFFFFFFFFFFFFFFFFFFFFFFFFFFFFFFFFFFFFFF85
:209C0000FFFFFFFFFFFFFFFFFFFFFFFFFFFFFFFFFFFFFFFFFFFFFFFFFFFFFFFFFFFFFFFF64
:209C2000FFFFFFFFFFFFFFFFFFFFFFFFFFFFFFFFFFFFFFFFFFFFFFFFFFFFFFFFFFFFFFFF44
:209C4000FFFFFFFFFFFFFFFFFFFFFFFFFFFFFFFFFFFFFFFFFFFFFFFFFFFFFFFFFFFFFFFF24
:209C6000FFFFFFFFFFFFFFFFFFFFFFFFFFFFFFFFFFFFFFFFFFFFFFFFFFFFFFFFFFFFFFFF04
:209C8000FFFFFFFFFFFFFFFFFFFFFFFFFFFFFFFFFFFFFFFFFFFFFFFFFFFFFFFFFFFFFFFFE4
:209CA000FFFFFFFFFFFFFFFFFFFFFFFFFFFFFFFFFFFFFFFFFFFFFFFFFFFFFFFFFFFFFFFFC4
:209CC000FFFFFFFFFFFFFFFFFFFFFFFFFFFFFFFFFFFFFFFFFFFFFFFFFFFFFFFFFFFFFFFFA4
:209CE000FFFFFFFFFFFFFFFFFFFFFFFFFFFFFFFFFFFFFFFFFFFFFFFFFFFFFFFFFFFFFFFF84
:209D0000FFFFFFFFFFFFFFFFFFFFFFFFFFFFFFFFFFFFFFFFFFFFFFFFFFFFFFFFFFFFFFFF63
:209D2000FFFFFFFFFFFFFFFFFFFFFFFFFFFFFFFFFFFFFFFFFFFFFFFFFFFFFFFFFFFFFFFF43
:209D4000FFFFFFFFFFFFFFFFFFFFFFFFFFFFFFFFFFFFFFFFFFFFFFFFFFFFFFFFFFFFFFFF23
:209D6000FFFFFFFFFFFFFFFFFFFFFFFFFFFFFFFFFFFFFFFFFFFFFFFFFFFFFFFFFFFFFFFF03
:209D8000FFFFFFFFFFFFFFFFFFFFFFFFFFFFFFFFFFFFFFFFFFFFFFFFFFFFFFFFFFFFFFFFE3
:209DA000FFFFFFFFFFFFFFFFFFFFFFFFFFFFFFFFFFFFFFFFFFFFFFFFFFFFFFFFFFFFFFFFC3
:209DC000FFFFFFFFFFFFFFFFFFFFFFFFFFFFFFFFFFFFFFFFFFFFFFFFFFFFFFFFFFFFFFFFA3
:209DE000FFFFFFFFFFFFFFFFFFFFFFFFFFFFFFFFFFFFFFFFFFFFFFFFFFFFFFFFFFFFFFFF83
:209E0000FFFFFFFFFFFFFFFFFFFFFFFFFFFFFFFFFFFFFFFFFFFFFFFFFFFFFFFFFFFFFFFF62
:209E2000FFFFFFFFFFFFFFFFFFFFFFFFFFFFFFFFFFFFFFFFFFFFFFFFFFFFFFFFFFFFFFFF42
:209E4000FFFFFFFFFFFFFFFFFFFFFFFFFFFFFFFFFFFFFFFFFFFFFFFFFFFFFFFFFFFFFFFF22
:209E6000FFFFFFFFFFFFFFFFFFFFFFFFFFFFFFFFFFFFFFFFFFFFFFFFFFFFFFFFFFFFFFFF02
:209E8000FFFFFFFFFFFFFFFFFFFFFFFFFFFFFFFFFFFFFFFFFFFFFFFFFFFFFFFFFFFFFFFFE2
:209EA000FFFFFFFFFFFFFFFFFFFFFFFFFFFFFFFFFFFFFFFFFFFFFFFFFFFFFFFFFFFFFFFFC2
:209EC000FFFFFFFFFFFFFFFFFFFFFFFFFFFFFFFFFFFFFFFFFFFFFFFFFFFFFFFFFFFFFFFFA2
:209EE000FFFFFFFFFFFFFFFFFFFFFFFFFFFFFFFFFFFFFFFFFFFFFFFFFFFFFFFFFFFFFFFF82
:209F0000FFFFFFFFFFFFFFFFFFFFFFFFFFFFFFFFFFFFFFFFFFFFFFFFFFFFFFFFFFFFFFFF61
:209F2000FFFFFFFFFFFFFFFFFFFFFFFFFFFFFFFFFFFFFFFFFFFFFFFFFFFFFFFFFFFFFFFF41
:209F4000FFFFFFFFFFFFFFFFFFFFFFFFFFFFFFFFFFFFFFFFFFFFFFFFFFFFFFFFFFFFFFFF21
:209F6000FFFFFFFFFFFFFFFFFFFFFFFFFFFFFFFFFFFFFFFFFFFFFFFFFFFFFFFFFFFFFFFF01
:209F8000FFFFFFFFFFFFFFFFFFFFFFFFFFFFFFFFFFFFFFFFFFFFFFFFFFFFFFFFFFFFFFFFE1
:209FA000FFFFFFFFFFFFFFFFFFFFFFFFFFFFFFFFFFFFFFFFFFFFFFFFFFFFFFFFFFFFFFFFC1
:209FC000FFFFFFFFFFFFFFFFFFFFFFFFFFFFFFFFFFFFFFFFFFFFFFFFFFFFFFFFFFFFFFFFA1
:209FE000FFFFFFFFFFFFFFFFFFFFFFFFFFFFFFFFFFFFFFFFFFFFFFFFFFFFFFFFFFFFFFFF81
:20A00000FFFFFFFFFFFFFFFFFFFFFFFFFFFFFFFFFFFFFFFFFFFFFFFFFFFFFFFFFFFFFFFF60
:20A02000FFFFFFFFFFFFFFFFFFFFFFFFFFFFFFFFFFFFFFFFFFFFFFFFFFFFFFFFFFFFFFFF40
:20A04000FFFFFFFFFFFFFFFFFFFFFFFFFFFFFFFFFFFFFFFFFFFFFFFFFFFFFFFFFFFFFFFF20
:20A06000FFFFFFFFFFFFFFFFFFFFFFFFFFFFFFFFFFFFFFFFFFFFFFFFFFFFFFFFFFFFFFFF00
:20A08000FFFFFFFFFFFFFFFFFFFFFFFFFFFFFFFFFFFFFFFFFFFFFFFFFFFFFFFFFFFFFFFFE0
:20A0A000FFFFFFFFFFFFFFFFFFFFFFFFFFFFFFFFFFFFFFFFFFFFFFFFFFFFFFFFFFFFFFFFC0
:20A0C000FFFFFFFFFFFFFFFFFFFFFFFFFFFFFFFFFFFFFFFFFFFFFFFFFFFFFFFFFFFFFFFFA0
:20A0E000FFFFFFFFFFFFFFFFFFFFFFFFFFFFFFFFFFFFFFFFFFFFFFFFFFFFFFFFFFFFFFFF80
:20A10000FFFFFFFFFFFFFFFFFFFFFFFFFFFFFFFFFFFFFFFFFFFFFFFFFFFFFFFFFFFFFFFF5F
:20A12000FFFFFFFFFFFFFFFFFFFFFFFFFFFFFFFFFFFFFFFFFFFFFFFFFFFFFFFFFFFFFFFF3F
:20A14000FFFFFFFFFFFFFFFFFFFFFFFFFFFFFFFFFFFFFFFFFFFFFFFFFFFFFFFFFFFFFFFF1F
:20A16000FFFFFFFFFFFFFFFFFFFFFFFFFFFFFFFFFFFFFFFFFFFFFFFFFFFFFFFFFFFFFFFFFF
:20A18000FFFFFFFFFFFFFFFFFFFFFFFFFFFFFFFFFFFFFFFFFFFFFFFFFFFFFFFFFFFFFFFFDF
:20A1A000FFFFFFFFFFFFFFFFFFFFFFFFFFFFFFFFFFFFFFFFFFFFFFFFFFFFFFFFFFFFFFFFBF
:20A1C000FFFFFFFFFFFFFFFFFFFFFFFFFFFFFFFFFFFFFFFFFFFFFFFFFFFFFFFFFFFFFFFF9F
:20A1E000FFFFFFFFFFFFFFFFFFFFFFFFFFFFFFFFFFFFFFFFFFFFFFFFFFFFFFFFFFFFFFFF7F
:20A20000FFFFFFFFFFFFFFFFFFFFFFFFFFFFFFFFFFFFFFFFFFFFFFFFFFFFFFFFFFFFFFFF5E
:20A22000FFFFFFFFFFFFFFFFFFFFFFFFFFFFFFFFFFFFFFFFFFFFFFFFFFFFFFFFFFFFFFFF3E
:20A24000FFFFFFFFFFFFFFFFFFFFFFFFFFFFFFFFFFFFFFFFFFFFFFFFFFFFFFFFFFFFFFFF1E
:20A26000FFFFFFFFFFFFFFFFFFFFFFFFFFFFFFFFFFFFFFFFFFFFFFFFFFFFFFFFFFFFFFFFFE
:20A28000FFFFFFFFFFFFFFFFFFFFFFFFFFFFFFFFFFFFFFFFFFFFFFFFFFFFFFFFFFFFFFFFDE
:20A2A000FFFFFFFFFFFFFFFFFFFFFFFFFFFFFFFFFFFFFFFFFFFFFFFFFFFFFFFFFFFFFFFFBE
:20A2C000FFFFFFFFFFFFFFFFFFFFFFFFFFFFFFFFFFFFFFFFFFFFFFFFFFFFFFFFFFFFFFFF9E
:20A2E000FFFFFFFFFFFFFFFFFFFFFFFFFFFFFFFFFFFFFFFFFFFFFFFFFFFFFFFFFFFFFFFF7E
:20A30000FFFFFFFFFFFFFFFFFFFFFFFFFFFFFFFFFFFFFFFFFFFFFFFFFFFFFFFFFFFFFFFF5D
:20A32000FFFFFFFFFFFFFFFFFFFFFFFFFFFFFFFFFFFFFFFFFFFFFFFFFFFFFFFFFFFFFFFF3D
:20A34000FFFFFFFFFFFFFFFFFFFFFFFFFFFFFFFFFFFFFFFFFFFFFFFFFFFFFFFFFFFFFFFF1D
:20A36000FFFFFFFFFFFFFFFFFFFFFFFFFFFFFFFFFFFFFFFFFFFFFFFFFFFFFFFFFFFFFFFFFD
:20A38000FFFFFFFFFFFFFFFFFFFFFFFFFFFFFFFFFFFFFFFFFFFFFFFFFFFFFFFFFFFFFFFFDD
:20A3A000FFFFFFFFFFFFFFFFFFFFFFFFFFFFFFFFFFFFFFFFFFFFFFFFFFFFFFFFFFFFFFFFBD
:20A3C000FFFFFFFFFFFFFFFFFFFFFFFFFFFFFFFFFFFFFFFFFFFFFFFFFFFFFFFFFFFFFFFF9D
:20A3E000FFFFFFFFFFFFFFFFFFFFFFFFFFFFFFFFFFFFFFFFFFFFFFFFFFFFFFFFFFFFFFFF7D
:20A40000FFFFFFFFFFFFFFFFFFFFFFFFFFFFFFFFFFFFFFFFFFFFFFFFFFFFFFFFFFFFFFFF5C
:20A42000FFFFFFFFFFFFFFFFFFFFFFFFFFFFFFFFFFFFFFFFFFFFFFFFFFFFFFFFFFFFFFFF3C
:20A44000FFFFFFFFFFFFFFFFFFFFFFFFFFFFFFFFFFFFFFFFFFFFFFFFFFFFFFFFFFFFFFFF1C
:20A46000FFFFFFFFFFFFFFFFFFFFFFFFFFFFFFFFFFFFFFFFFFFFFFFFFFFFFFFFFFFFFFFFFC
:20A48000FFFFFFFFFFFFFFFFFFFFFFFFFFFFFFFFFFFFFFFFFFFFFFFFFFFFFFFFFFFFFFFFDC
:20A4A000FFFFFFFFFFFFFFFFFFFFFFFFFFFFFFFFFFFFFFFFFFFFFFFFFFFFFFFFFFFFFFFFBC
:20A4C000FFFFFFFFFFFFFFFFFFFFFFFFFFFFFFFFFFFFFFFFFFFFFFFFFFFFFFFFFFFFFFFF9C
:20A4E000FFFFFFFFFFFFFFFFFFFFFFFFFFFFFFFFFFFFFFFFFFFFFFFFFFFFFFFFFFFFFFFF7C
:20A50000FFFFFFFFFFFFFFFFFFFFFFFFFFFFFFFFFFFFFFFFFFFFFFFFFFFFFFFFFFFFFFFF5B
:20A52000FFFFFFFFFFFFFFFFFFFFFFFFFFFFFFFFFFFFFFFFFFFFFFFFFFFFFFFFFFFFFFFF3B
:20A54000FFFFFFFFFFFFFFFFFFFFFFFFFFFFFFFFFFFFFFFFFFFFFFFFFFFFFFFFFFFFFFFF1B
:20A56000FFFFFFFFFFFFFFFFFFFFFFFFFFFFFFFFFFFFFFFFFFFFFFFFFFFFFFFFFFFFFFFFFB
:20A58000FFFFFFFFFFFFFFFFFFFFFFFFFFFFFFFFFFFFFFFFFFFFFFFFFFFFFFFFFFFFFFFFDB
:20A5A000FFFFFFFFFFFFFFFFFFFFFFFFFFFFFFFFFFFFFFFFFFFFFFFFFFFFFFFFFFFFFFFFBB
:20A5C000FFFFFFFFFFFFFFFFFFFFFFFFFFFFFFFFFFFFFFFFFFFFFFFFFFFFFFFFFFFFFFFF9B
:20A5E000FFFFFFFFFFFFFFFFFFFFFFFFFFFFFFFFFFFFFFFFFFFFFFFFFFFFFFFFFFFFFFFF7B
:20A60000FFFFFFFFFFFFFFFFFFFFFFFFFFFFFFFFFFFFFFFFFFFFFFFFFFFFFFFFFFFFFFFF5A
:20A62000FFFFFFFFFFFFFFFFFFFFFFFFFFFFFFFFFFFFFFFFFFFFFFFFFFFFFFFFFFFFFFFF3A
:20A64000FFFFFFFFFFFFFFFFFFFFFFFFFFFFFFFFFFFFFFFFFFFFFFFFFFFFFFFFFFFFFFFF1A
:20A66000FFFFFFFFFFFFFFFFFFFFFFFFFFFFFFFFFFFFFFFFFFFFFFFFFFFFFFFFFFFFFFFFFA
:20A68000FFFFFFFFFFFFFFFFFFFFFFFFFFFFFFFFFFFFFFFFFFFFFFFFFFFFFFFFFFFFFFFFDA
:20A6A000FFFFFFFFFFFFFFFFFFFFFFFFFFFFFFFFFFFFFFFFFFFFFFFFFFFFFFFFFFFFFFFFBA
:20A6C000FFFFFFFFFFFFFFFFFFFFFFFFFFFFFFFFFFFFFFFFFFFFFFFFFFFFFFFFFFFFFFFF9A
:20A6E000FFFFFFFFFFFFFFFFFFFFFFFFFFFFFFFFFFFFFFFFFFFFFFFFFFFFFFFFFFFFFFFF7A
:20A70000FFFFFFFFFFFFFFFFFFFFFFFFFFFFFFFFFFFFFFFFFFFFFFFFFFFFFFFFFFFFFFFF59
:20A72000FFFFFFFFFFFFFFFFFFFFFFFFFFFFFFFFFFFFFFFFFFFFFFFFFFFFFFFFFFFFFFFF39
:20A74000FFFFFFFFFFFFFFFFFFFFFFFFFFFFFFFFFFFFFFFFFFFFFFFFFFFFFFFFFFFFFFFF19
:20A76000FFFFFFFFFFFFFFFFFFFFFFFFFFFFFFFFFFFFFFFFFFFFFFFFFFFFFFFFFFFFFFFFF9
:20A78000FFFFFFFFFFFFFFFFFFFFFFFFFFFFFFFFFFFFFFFFFFFFFFFFFFFFFFFFFFFFFFFFD9
:20A7A000FFFFFFFFFFFFFFFFFFFFFFFFFFFFFFFFFFFFFFFFFFFFFFFFFFFFFFFFFFFFFFFFB9
:20A7C000FFFFFFFFFFFFFFFFFFFFFFFFFFFFFFFFFFFFFFFFFFFFFFFFFFFFFFFFFFFFFFFF99
:20A7E000FFFFFFFFFFFFFFFFFFFFFFFFFFFFFFFFFFFFFFFFFFFFFFFFFFFFFFFFFFFFFFFF79
:20A80000FFFFFFFFFFFFFFFFFFFFFFFFFFFFFFFFFFFFFFFFFFFFFFFFFFFFFFFFFFFFFFFF58
:20A82000FFFFFFFFFFFFFFFFFFFFFFFFFFFFFFFFFFFFFFFFFFFFFFFFFFFFFFFFFFFFFFFF38
:20A84000FFFFFFFFFFFFFFFFFFFFFFFFFFFFFFFFFFFFFFFFFFFFFFFFFFFFFFFFFFFFFFFF18
:20A86000FFFFFFFFFFFFFFFFFFFFFFFFFFFFFFFFFFFFFFFFFFFFFFFFFFFFFFFFFFFFFFFFF8
:20A88000FFFFFFFFFFFFFFFFFFFFFFFFFFFFFFFFFFFFFFFFFFFFFFFFFFFFFFFFFFFFFFFFD8
:20A8A000FFFFFFFFFFFFFFFFFFFFFFFFFFFFFFFFFFFFFFFFFFFFFFFFFFFFFFFFFFFFFFFFB8
:20A8C000FFFFFFFFFFFFFFFFFFFFFFFFFFFFFFFFFFFFFFFFFFFFFFFFFFFFFFFFFFFFFFFF98
:20A8E000FFFFFFFFFFFFFFFFFFFFFFFFFFFFFFFFFFFFFFFFFFFFFFFFFFFFFFFFFFFFFFFF78
:20A90000FFFFFFFFFFFFFFFFFFFFFFFFFFFFFFFFFFFFFFFFFFFFFFFFFFFFFFFFFFFFFFFF57
:20A92000FFFFFFFFFFFFFFFFFFFFFFFFFFFFFFFFFFFFFFFFFFFFFFFFFFFFFFFFFFFFFFFF37
:20A94000FFFFFFFFFFFFFFFFFFFFFFFFFFFFFFFFFFFFFFFFFFFFFFFFFFFFFFFFFFFFFFFF17
:20A96000FFFFFFFFFFFFFFFFFFFFFFFFFFFFFFFFFFFFFFFFFFFFFFFFFFFFFFFFFFFFFFFFF7
:20A98000FFFFFFFFFFFFFFFFFFFFFFFFFFFFFFFFFFFFFFFFFFFFFFFFFFFFFFFFFFFFFFFFD7
:20A9A000FFFFFFFFFFFFFFFFFFFFFFFFFFFFFFFFFFFFFFFFFFFFFFFFFFFFFFFFFFFFFFFFB7
:20A9C000FFFFFFFFFFFFFFFFFFFFFFFFFFFFFFFFFFFFFFFFFFFFFFFFFFFFFFFFFFFFFFFF97
:20A9E000FFFFFFFFFFFFFFFFFFFFFFFFFFFFFFFFFFFFFFFFFFFFFFFFFFFFFFFFFFFFFFFF77
:20AA0000FFFFFFFFFFFFFFFFFFFFFFFFFFFFFFFFFFFFFFFFFFFFFFFFFFFFFFFFFFFFFFFF56
:20AA2000FFFFFFFFFFFFFFFFFFFFFFFFFFFFFFFFFFFFFFFFFFFFFFFFFFFFFFFFFFFFFFFF36
:20AA4000FFFFFFFFFFFFFFFFFFFFFFFFFFFFFFFFFFFFFFFFFFFFFFFFFFFFFFFFFFFFFFFF16
:20AA6000FFFFFFFFFFFFFFFFFFFFFFFFFFFFFFFFFFFFFFFFFFFFFFFFFFFFFFFFFFFFFFFFF6
:20AA8000FFFFFFFFFFFFFFFFFFFFFFFFFFFFFFFFFFFFFFFFFFFFFFFFFFFFFFFFFFFFFFFFD6
:20AAA000FFFFFFFFFFFFFFFFFFFFFFFFFFFFFFFFFFFFFFFFFFFFFFFFFFFFFFFFFFFFFFFFB6
:20AAC000FFFFFFFFFFFFFFFFFFFFFFFFFFFFFFFFFFFFFFFFFFFFFFFFFFFFFFFFFFFFFFFF96
:20AAE000FFFFFFFFFFFFFFFFFFFFFFFFFFFFFFFFFFFFFFFFFFFFFFFFFFFFFFFFFFFFFFFF76
:20AB0000FFFFFFFFFFFFFFFFFFFFFFFFFFFFFFFFFFFFFFFFFFFFFFFFFFFFFFFFFFFFFFFF55
:20AB2000FFFFFFFFFFFFFFFFFFFFFFFFFFFFFFFFFFFFFFFFFFFFFFFFFFFFFFFFFFFFFFFF35
:20AB4000FFFFFFFFFFFFFFFFFFFFFFFFFFFFFFFFFFFFFFFFFFFFFFFFFFFFFFFFFFFFFFFF15
:20AB6000FFFFFFFFFFFFFFFFFFFFFFFFFFFFFFFFFFFFFFFFFFFFFFFFFFFFFFFFFFFFFFFFF5
:20AB8000FFFFFFFFFFFFFFFFFFFFFFFFFFFFFFFFFFFFFFFFFFFFFFFFFFFFFFFFFFFFFFFFD5
:20ABA000FFFFFFFFFFFFFFFFFFFFFFFFFFFFFFFFFFFFFFFFFFFFFFFFFFFFFFFFFFFFFFFFB5
:20ABC000FFFFFFFFFFFFFFFFFFFFFFFFFFFFFFFFFFFFFFFFFFFFFFFFFFFFFFFFFFFFFFFF95
:20ABE000FFFFFFFFFFFFFFFFFFFFFFFFFFFFFFFFFFFFFFFFFFFFFFFFFFFFFFFFFFFFFFFF75
:20AC0000FFFFFFFFFFFFFFFFFFFFFFFFFFFFFFFFFFFFFFFFFFFFFFFFFFFFFFFFFFFFFFFF54
:20AC2000FFFFFFFFFFFFFFFFFFFFFFFFFFFFFFFFFFFFFFFFFFFFFFFFFFFFFFFFFFFFFFFF34
:20AC4000FFFFFFFFFFFFFFFFFFFFFFFFFFFFFFFFFFFFFFFFFFFFFFFFFFFFFFFFFFFFFFFF14
:20AC6000FFFFFFFFFFFFFFFFFFFFFFFFFFFFFFFFFFFFFFFFFFFFFFFFFFFFFFFFFFFFFFFFF4
:20AC8000FFFFFFFFFFFFFFFFFFFFFFFFFFFFFFFFFFFFFFFFFFFFFFFFFFFFFFFFFFFFFFFFD4
:20ACA000FFFFFFFFFFFFFFFFFFFFFFFFFFFFFFFFFFFFFFFFFFFFFFFFFFFFFFFFFFFFFFFFB4
:20ACC000FFFFFFFFFFFFFFFFFFFFFFFFFFFFFFFFFFFFFFFFFFFFFFFFFFFFFFFFFFFFFFFF94
:20ACE000FFFFFFFFFFFFFFFFFFFFFFFFFFFFFFFFFFFFFFFFFFFFFFFFFFFFFFFFFFFFFFFF74
:20AD0000FFFFFFFFFFFFFFFFFFFFFFFFFFFFFFFFFFFFFFFFFFFFFFFFFFFFFFFFFFFFFFFF53
:20AD2000FFFFFFFFFFFFFFFFFFFFFFFFFFFFFFFFFFFFFFFFFFFFFFFFFFFFFFFFFFFFFFFF33
:20AD4000FFFFFFFFFFFFFFFFFFFFFFFFFFFFFFFFFFFFFFFFFFFFFFFFFFFFFFFFFFFFFFFF13
:20AD6000FFFFFFFFFFFFFFFFFFFFFFFFFFFFFFFFFFFFFFFFFFFFFFFFFFFFFFFFFFFFFFFFF3
:20AD8000FFFFFFFFFFFFFFFFFFFFFFFFFFFFFFFFFFFFFFFFFFFFFFFFFFFFFFFFFFFFFFFFD3
:20ADA000FFFFFFFFFFFFFFFFFFFFFFFFFFFFFFFFFFFFFFFFFFFFFFFFFFFFFFFFFFFFFFFFB3
:20ADC000FFFFFFFFFFFFFFFFFFFFFFFFFFFFFFFFFFFFFFFFFFFFFFFFFFFFFFFFFFFFFFFF93
:20ADE000FFFFFFFFFFFFFFFFFFFFFFFFFFFFFFFFFFFFFFFFFFFFFFFFFFFFFFFFFFFFFFFF73
:20AE0000FFFFFFFFFFFFFFFFFFFFFFFFFFFFFFFFFFFFFFFFFFFFFFFFFFFFFFFFFFFFFFFF52
:20AE2000FFFFFFFFFFFFFFFFFFFFFFFFFFFFFFFFFFFFFFFFFFFFFFFFFFFFFFFFFFFFFFFF32
:20AE4000FFFFFFFFFFFFFFFFFFFFFFFFFFFFFFFFFFFFFFFFFFFFFFFFFFFFFFFFFFFFFFFF12
:20AE6000FFFFFFFFFFFFFFFFFFFFFFFFFFFFFFFFFFFFFFFFFFFFFFFFFFFFFFFFFFFFFFFFF2
:20AE8000FFFFFFFFFFFFFFFFFFFFFFFFFFFFFFFFFFFFFFFFFFFFFFFFFFFFFFFFFFFFFFFFD2
:20AEA000FFFFFFFFFFFFFFFFFFFFFFFFFFFFFFFFFFFFFFFFFFFFFFFFFFFFFFFFFFFFFFFFB2
:20AEC000FFFFFFFFFFFFFFFFFFFFFFFFFFFFFFFFFFFFFFFFFFFFFFFFFFFFFFFFFFFFFFFF92
:20AEE000FFFFFFFFFFFFFFFFFFFFFFFFFFFFFFFFFFFFFFFFFFFFFFFFFFFFFFFFFFFFFFFF72
:20AF0000FFFFFFFFFFFFFFFFFFFFFFFFFFFFFFFFFFFFFFFFFFFFFFFFFFFFFFFFFFFFFFFF51
:20AF2000FFFFFFFFFFFFFFFFFFFFFFFFFFFFFFFFFFFFFFFFFFFFFFFFFFFFFFFFFFFFFFFF31
:20AF4000FFFFFFFFFFFFFFFFFFFFFFFFFFFFFFFFFFFFFFFFFFFFFFFFFFFFFFFFFFFFFFFF11
:20AF6000FFFFFFFFFFFFFFFFFFFFFFFFFFFFFFFFFFFFFFFFFFFFFFFFFFFFFFFFFFFFFFFFF1
:20AF8000FFFFFFFFFFFFFFFFFFFFFFFFFFFFFFFFFFFFFFFFFFFFFFFFFFFFFFFFFFFFFFFFD1
:20AFA000FFFFFFFFFFFFFFFFFFFFFFFFFFFFFFFFFFFFFFFFFFFFFFFFFFFFFFFFFFFFFFFFB1
:20AFC000FFFFFFFFFFFFFFFFFFFFFFFFFFFFFFFFFFFFFFFFFFFFFFFFFFFFFFFFFFFFFFFF91
:20AFE000FFFFFFFFFFFFFFFFFFFFFFFFFFFFFFFFFFFFFFFFFFFFFFFFFFFFFFFFFFFFFFFF71
:20B00000FFFFFFFFFFFFFFFFFFFFFFFFFFFFFFFFFFFFFFFFFFFFFFFFFFFFFFFFFFFFFFFF50
:20B02000FFFFFFFFFFFFFFFFFFFFFFFFFFFFFFFFFFFFFFFFFFFFFFFFFFFFFFFFFFFFFFFF30
:20B04000FFFFFFFFFFFFFFFFFFFFFFFFFFFFFFFFFFFFFFFFFFFFFFFFFFFFFFFFFFFFFFFF10
:20B06000FFFFFFFFFFFFFFFFFFFFFFFFFFFFFFFFFFFFFFFFFFFFFFFFFFFFFFFFFFFFFFFFF0
:20B08000FFFFFFFFFFFFFFFFFFFFFFFFFFFFFFFFFFFFFFFFFFFFFFFFFFFFFFFFFFFFFFFFD0
:20B0A000FFFFFFFFFFFFFFFFFFFFFFFFFFFFFFFFFFFFFFFFFFFFFFFFFFFFFFFFFFFFFFFFB0
:20B0C000FFFFFFFFFFFFFFFFFFFFFFFFFFFFFFFFFFFFFFFFFFFFFFFFFFFFFFFFFFFFFFFF90
:20B0E000FFFFFFFFFFFFFFFFFFFFFFFFFFFFFFFFFFFFFFFFFFFFFFFFFFFFFFFFFFFFFFFF70
:20B10000FFFFFFFFFFFFFFFFFFFFFFFFFFFFFFFFFFFFFFFFFFFFFFFFFFFFFFFFFFFFFFFF4F
:20B12000FFFFFFFFFFFFFFFFFFFFFFFFFFFFFFFFFFFFFFFFFFFFFFFFFFFFFFFFFFFFFFFF2F
:20B14000FFFFFFFFFFFFFFFFFFFFFFFFFFFFFFFFFFFFFFFFFFFFFFFFFFFFFFFFFFFFFFFF0F
:20B16000FFFFFFFFFFFFFFFFFFFFFFFFFFFFFFFFFFFFFFFFFFFFFFFFFFFFFFFFFFFFFFFFEF
:20B18000FFFFFFFFFFFFFFFFFFFFFFFFFFFFFFFFFFFFFFFFFFFFFFFFFFFFFFFFFFFFFFFFCF
:20B1A000FFFFFFFFFFFFFFFFFFFFFFFFFFFFFFFFFFFFFFFFFFFFFFFFFFFFFFFFFFFFFFFFAF
:20B1C000FFFFFFFFFFFFFFFFFFFFFFFFFFFFFFFFFFFFFFFFFFFFFFFFFFFFFFFFFFFFFFFF8F
:20B1E000FFFFFFFFFFFFFFFFFFFFFFFFFFFFFFFFFFFFFFFFFFFFFFFFFFFFFFFFFFFFFFFF6F
:20B20000FFFFFFFFFFFFFFFFFFFFFFFFFFFFFFFFFFFFFFFFFFFFFFFFFFFFFFFFFFFFFFFF4E
:20B22000FFFFFFFFFFFFFFFFFFFFFFFFFFFFFFFFFFFFFFFFFFFFFFFFFFFFFFFFFFFFFFFF2E
:20B24000FFFFFFFFFFFFFFFFFFFFFFFFFFFFFFFFFFFFFFFFFFFFFFFFFFFFFFFFFFFFFFFF0E
:20B26000FFFFFFFFFFFFFFFFFFFFFFFFFFFFFFFFFFFFFFFFFFFFFFFFFFFFFFFFFFFFFFFFEE
:20B28000FFFFFFFFFFFFFFFFFFFFFFFFFFFFFFFFFFFFFFFFFFFFFFFFFFFFFFFFFFFFFFFFCE
:20B2A000FFFFFFFFFFFFFFFFFFFFFFFFFFFFFFFFFFFFFFFFFFFFFFFFFFFFFFFFFFFFFFFFAE
:20B2C000FFFFFFFFFFFFFFFFFFFFFFFFFFFFFFFFFFFFFFFFFFFFFFFFFFFFFFFFFFFFFFFF8E
:20B2E000FFFFFFFFFFFFFFFFFFFFFFFFFFFFFFFFFFFFFFFFFFFFFFFFFFFFFFFFFFFFFFFF6E
:20B30000FFFFFFFFFFFFFFFFFFFFFFFFFFFFFFFFFFFFFFFFFFFFFFFFFFFFFFFFFFFFFFFF4D
:20B32000FFFFFFFFFFFFFFFFFFFFFFFFFFFFFFFFFFFFFFFFFFFFFFFFFFFFFFFFFFFFFFFF2D
:20B34000FFFFFFFFFFFFFFFFFFFFFFFFFFFFFFFFFFFFFFFFFFFFFFFFFFFFFFFFFFFFFFFF0D
:20B36000FFFFFFFFFFFFFFFFFFFFFFFFFFFFFFFFFFFFFFFFFFFFFFFFFFFFFFFFFFFFFFFFED
:20B38000FFFFFFFFFFFFFFFFFFFFFFFFFFFFFFFFFFFFFFFFFFFFFFFFFFFFFFFFFFFFFFFFCD
:20B3A000FFFFFFFFFFFFFFFFFFFFFFFFFFFFFFFFFFFFFFFFFFFFFFFFFFFFFFFFFFFFFFFFAD
:20B3C000FFFFFFFFFFFFFFFFFFFFFFFFFFFFFFFFFFFFFFFFFFFFFFFFFFFFFFFFFFFFFFFF8D
:20B3E000FFFFFFFFFFFFFFFFFFFFFFFFFFFFFFFFFFFFFFFFFFFFFFFFFFFFFFFFFFFFFFFF6D
:20B40000FFFFFFFFFFFFFFFFFFFFFFFFFFFFFFFFFFFFFFFFFFFFFFFFFFFFFFFFFFFFFFFF4C
:20B42000FFFFFFFFFFFFFFFFFFFFFFFFFFFFFFFFFFFFFFFFFFFFFFFFFFFFFFFFFFFFFFFF2C
:20B44000FFFFFFFFFFFFFFFFFFFFFFFFFFFFFFFFFFFFFFFFFFFFFFFFFFFFFFFFFFFFFFFF0C
:20B46000FFFFFFFFFFFFFFFFFFFFFFFFFFFFFFFFFFFFFFFFFFFFFFFFFFFFFFFFFFFFFFFFEC
:20B48000FFFFFFFFFFFFFFFFFFFFFFFFFFFFFFFFFFFFFFFFFFFFFFFFFFFFFFFFFFFFFFFFCC
:20B4A000FFFFFFFFFFFFFFFFFFFFFFFFFFFFFFFFFFFFFFFFFFFFFFFFFFFFFFFFFFFFFFFFAC
:20B4C000FFFFFFFFFFFFFFFFFFFFFFFFFFFFFFFFFFFFFFFFFFFFFFFFFFFFFFFFFFFFFFFF8C
:20B4E000FFFFFFFFFFFFFFFFFFFFFFFFFFFFFFFFFFFFFFFFFFFFFFFFFFFFFFFFFFFFFFFF6C
:20B50000FFFFFFFFFFFFFFFFFFFFFFFFFFFFFFFFFFFFFFFFFFFFFFFFFFFFFFFFFFFFFFFF4B
:20B52000FFFFFFFFFFFFFFFFFFFFFFFFFFFFFFFFFFFFFFFFFFFFFFFFFFFFFFFFFFFFFFFF2B
:20B54000FFFFFFFFFFFFFFFFFFFFFFFFFFFFFFFFFFFFFFFFFFFFFFFFFFFFFFFFFFFFFFFF0B
:20B56000FFFFFFFFFFFFFFFFFFFFFFFFFFFFFFFFFFFFFFFFFFFFFFFFFFFFFFFFFFFFFFFFEB
:20B58000FFFFFFFFFFFFFFFFFFFFFFFFFFFFFFFFFFFFFFFFFFFFFFFFFFFFFFFFFFFFFFFFCB
:20B5A000FFFFFFFFFFFFFFFFFFFFFFFFFFFFFFFFFFFFFFFFFFFFFFFFFFFFFFFFFFFFFFFFAB
:20B5C000FFFFFFFFFFFFFFFFFFFFFFFFFFFFFFFFFFFFFFFFFFFFFFFFFFFFFFFFFFFFFFFF8B
:20B5E000FFFFFFFFFFFFFFFFFFFFFFFFFFFFFFFFFFFFFFFFFFFFFFFFFFFFFFFFFFFFFFFF6B
:20B60000FFFFFFFFFFFFFFFFFFFFFFFFFFFFFFFFFFFFFFFFFFFFFFFFFFFFFFFFFFFFFFFF4A
:20B62000FFFFFFFFFFFFFFFFFFFFFFFFFFFFFFFFFFFFFFFFFFFFFFFFFFFFFFFFFFFFFFFF2A
:20B64000FFFFFFFFFFFFFFFFFFFFFFFFFFFFFFFFFFFFFFFFFFFFFFFFFFFFFFFFFFFFFFFF0A
:20B66000FFFFFFFFFFFFFFFFFFFFFFFFFFFFFFFFFFFFFFFFFFFFFFFFFFFFFFFFFFFFFFFFEA
:20B68000FFFFFFFFFFFFFFFFFFFFFFFFFFFFFFFFFFFFFFFFFFFFFFFFFFFFFFFFFFFFFFFFCA
:20B6A000FFFFFFFFFFFFFFFFFFFFFFFFFFFFFFFFFFFFFFFFFFFFFFFFFFFFFFFFFFFFFFFFAA
:20B6C000FFFFFFFFFFFFFFFFFFFFFFFFFFFFFFFFFFFFFFFFFFFFFFFFFFFFFFFFFFFFFFFF8A
:20B6E000FFFFFFFFFFFFFFFFFFFFFFFFFFFFFFFFFFFFFFFFFFFFFFFFFFFFFFFFFFFFFFFF6A
:20B70000FFFFFFFFFFFFFFFFFFFFFFFFFFFFFFFFFFFFFFFFFFFFFFFFFFFFFFFFFFFFFFFF49
:20B72000FFFFFFFFFFFFFFFFFFFFFFFFFFFFFFFFFFFFFFFFFFFFFFFFFFFFFFFFFFFFFFFF29
:20B74000FFFFFFFFFFFFFFFFFFFFFFFFFFFFFFFFFFFFFFFFFFFFFFFFFFFFFFFFFFFFFFFF09
:20B76000FFFFFFFFFFFFFFFFFFFFFFFFFFFFFFFFFFFFFFFFFFFFFFFFFFFFFFFFFFFFFFFFE9
:20B78000FFFFFFFFFFFFFFFFFFFFFFFFFFFFFFFFFFFFFFFFFFFFFFFFFFFFFFFFFFFFFFFFC9
:20B7A000FFFFFFFFFFFFFFFFFFFFFFFFFFFFFFFFFFFFFFFFFFFFFFFFFFFFFFFFFFFFFFFFA9
:20B7C000FFFFFFFFFFFFFFFFFFFFFFFFFFFFFFFFFFFFFFFFFFFFFFFFFFFFFFFFFFFFFFFF89
:20B7E000FFFFFFFFFFFFFFFFFFFFFFFFFFFFFFFFFFFFFFFFFFFFFFFFFFFFFFFFFFFFFFFF69
:20B80000FFFFFFFFFFFFFFFFFFFFFFFFFFFFFFFFFFFFFFFFFFFFFFFFFFFFFFFFFFFFFFFF48
:20B82000FFFFFFFFFFFFFFFFFFFFFFFFFFFFFFFFFFFFFFFFFFFFFFFFFFFFFFFFFFFFFFFF28
:20B84000FFFFFFFFFFFFFFFFFFFFFFFFFFFFFFFFFFFFFFFFFFFFFFFFFFFFFFFFFFFFFFFF08
:20B86000FFFFFFFFFFFFFFFFFFFFFFFFFFFFFFFFFFFFFFFFFFFFFFFFFFFFFFFFFFFFFFFFE8
:20B88000FFFFFFFFFFFFFFFFFFFFFFFFFFFFFFFFFFFFFFFFFFFFFFFFFFFFFFFFFFFFFFFFC8
:20B8A000FFFFFFFFFFFFFFFFFFFFFFFFFFFFFFFFFFFFFFFFFFFFFFFFFFFFFFFFFFFFFFFFA8
:20B8C000FFFFFFFFFFFFFFFFFFFFFFFFFFFFFFFFFFFFFFFFFFFFFFFFFFFFFFFFFFFFFFFF88
:20B8E000FFFFFFFFFFFFFFFFFFFFFFFFFFFFFFFFFFFFFFFFFFFFFFFFFFFFFFFFFFFFFFFF68
:20B90000FFFFFFFFFFFFFFFFFFFFFFFFFFFFFFFFFFFFFFFFFFFFFFFFFFFFFFFFFFFFFFFF47
:20B92000FFFFFFFFFFFFFFFFFFFFFFFFFFFFFFFFFFFFFFFFFFFFFFFFFFFFFFFFFFFFFFFF27
:20B94000FFFFFFFFFFFFFFFFFFFFFFFFFFFFFFFFFFFFFFFFFFFFFFFFFFFFFFFFFFFFFFFF07
:20B96000FFFFFFFFFFFFFFFFFFFFFFFFFFFFFFFFFFFFFFFFFFFFFFFFFFFFFFFFFFFFFFFFE7
:20B98000FFFFFFFFFFFFFFFFFFFFFFFFFFFFFFFFFFFFFFFFFFFFFFFFFFFFFFFFFFFFFFFFC7
:20B9A000FFFFFFFFFFFFFFFFFFFFFFFFFFFFFFFFFFFFFFFFFFFFFFFFFFFFFFFFFFFFFFFFA7
:20B9C000FFFFFFFFFFFFFFFFFFFFFFFFFFFFFFFFFFFFFFFFFFFFFFFFFFFFFFFFFFFFFFFF87
:20B9E000FFFFFFFFFFFFFFFFFFFFFFFFFFFFFFFFFFFFFFFFFFFFFFFFFFFFFFFFFFFFFFFF67
:20BA0000FFFFFFFFFFFFFFFFFFFFFFFFFFFFFFFFFFFFFFFFFFFFFFFFFFFFFFFFFFFFFFFF46
:20BA2000FFFFFFFFFFFFFFFFFFFFFFFFFFFFFFFFFFFFFFFFFFFFFFFFFFFFFFFFFFFFFFFF26
:20BA4000FFFFFFFFFFFFFFFFFFFFFFFFFFFFFFFFFFFFFFFFFFFFFFFFFFFFFFFFFFFFFFFF06
:20BA6000FFFFFFFFFFFFFFFFFFFFFFFFFFFFFFFFFFFFFFFFFFFFFFFFFFFFFFFFFFFFFFFFE6
:20BA8000FFFFFFFFFFFFFFFFFFFFFFFFFFFFFFFFFFFFFFFFFFFFFFFFFFFFFFFFFFFFFFFFC6
:20BAA000FFFFFFFFFFFFFFFFFFFFFFFFFFFFFFFFFFFFFFFFFFFFFFFFFFFFFFFFFFFFFFFFA6
:20BAC000FFFFFFFFFFFFFFFFFFFFFFFFFFFFFFFFFFFFFFFFFFFFFFFFFFFFFFFFFFFFFFFF86
:20BAE000FFFFFFFFFFFFFFFFFFFFFFFFFFFFFFFFFFFFFFFFFFFFFFFFFFFFFFFFFFFFFFFF66
:20BB0000FFFFFFFFFFFFFFFFFFFFFFFFFFFFFFFFFFFFFFFFFFFFFFFFFFFFFFFFFFFFFFFF45
:20BB2000FFFFFFFFFFFFFFFFFFFFFFFFFFFFFFFFFFFFFFFFFFFFFFFFFFFFFFFFFFFFFFFF25
:20BB4000FFFFFFFFFFFFFFFFFFFFFFFFFFFFFFFFFFFFFFFFFFFFFFFFFFFFFFFFFFFFFFFF05
:20BB6000FFFFFFFFFFFFFFFFFFFFFFFFFFFFFFFFFFFFFFFFFFFFFFFFFFFFFFFFFFFFFFFFE5
:20BB8000FFFFFFFFFFFFFFFFFFFFFFFFFFFFFFFFFFFFFFFFFFFFFFFFFFFFFFFFFFFFFFFFC5
:20BBA000FFFFFFFFFFFFFFFFFFFFFFFFFFFFFFFFFFFFFFFFFFFFFFFFFFFFFFFFFFFFFFFFA5
:20BBC000FFFFFFFFFFFFFFFFFFFFFFFFFFFFFFFFFFFFFFFFFFFFFFFFFFFFFFFFFFFFFFFF85
:20BBE000FFFFFFFFFFFFFFFFFFFFFFFFFFFFFFFFFFFFFFFFFFFFFFFFFFFFFFFFFFFFFFFF65
:20BC0000FFFFFFFFFFFFFFFFFFFFFFFFFFFFFFFFFFFFFFFFFFFFFFFFFFFFFFFFFFFFFFFF44
:20BC2000FFFFFFFFFFFFFFFFFFFFFFFFFFFFFFFFFFFFFFFFFFFFFFFFFFFFFFFFFFFFFFFF24
:20BC4000FFFFFFFFFFFFFFFFFFFFFFFFFFFFFFFFFFFFFFFFFFFFFFFFFFFFFFFFFFFFFFFF04
:20BC6000FFFFFFFFFFFFFFFFFFFFFFFFFFFFFFFFFFFFFFFFFFFFFFFFFFFFFFFFFFFFFFFFE4
:20BC8000FFFFFFFFFFFFFFFFFFFFFFFFFFFFFFFFFFFFFFFFFFFFFFFFFFFFFFFFFFFFFFFFC4
:20BCA000FFFFFFFFFFFFFFFFFFFFFFFFFFFFFFFFFFFFFFFFFFFFFFFFFFFFFFFFFFFFFFFFA4
:20BCC000FFFFFFFFFFFFFFFFFFFFFFFFFFFFFFFFFFFFFFFFFFFFFFFFFFFFFFFFFFFFFFFF84
:20BCE000FFFFFFFFFFFFFFFFFFFFFFFFFFFFFFFFFFFFFFFFFFFFFFFFFFFFFFFFFFFFFFFF64
:20BD0000FFFFFFFFFFFFFFFFFFFFFFFFFFFFFFFFFFFFFFFFFFFFFFFFFFFFFFFFFFFFFFFF43
:20BD2000FFFFFFFFFFFFFFFFFFFFFFFFFFFFFFFFFFFFFFFFFFFFFFFFFFFFFFFFFFFFFFFF23
:20BD4000FFFFFFFFFFFFFFFFFFFFFFFFFFFFFFFFFFFFFFFFFFFFFFFFFFFFFFFFFFFFFFFF03
:20BD6000FFFFFFFFFFFFFFFFFFFFFFFFFFFFFFFFFFFFFFFFFFFFFFFFFFFFFFFFFFFFFFFFE3
:20BD8000FFFFFFFFFFFFFFFFFFFFFFFFFFFFFFFFFFFFFFFFFFFFFFFFFFFFFFFFFFFFFFFFC3
:20BDA000FFFFFFFFFFFFFFFFFFFFFFFFFFFFFFFFFFFFFFFFFFFFFFFFFFFFFFFFFFFFFFFFA3
:20BDC000FFFFFFFFFFFFFFFFFFFFFFFFFFFFFFFFFFFFFFFFFFFFFFFFFFFFFFFFFFFFFFFF83
:20BDE000FFFFFFFFFFFFFFFFFFFFFFFFFFFFFFFFFFFFFFFFFFFFFFFFFFFFFFFFFFFFFFFF63
:20BE0000FFFFFFFFFFFFFFFFFFFFFFFFFFFFFFFFFFFFFFFFFFFFFFFFFFFFFFFFFFFFFFFF42
:20BE2000FFFFFFFFFFFFFFFFFFFFFFFFFFFFFFFFFFFFFFFFFFFFFFFFFFFFFFFFFFFFFFFF22
:20BE4000FFFFFFFFFFFFFFFFFFFFFFFFFFFFFFFFFFFFFFFFFFFFFFFFFFFFFFFFFFFFFFFF02
:20BE6000FFFFFFFFFFFFFFFFFFFFFFFFFFFFFFFFFFFFFFFFFFFFFFFFFFFFFFFFFFFFFFFFE2
:20BE8000FFFFFFFFFFFFFFFFFFFFFFFFFFFFFFFFFFFFFFFFFFFFFFFFFFFFFFFFFFFFFFFFC2
:20BEA000FFFFFFFFFFFFFFFFFFFFFFFFFFFFFFFFFFFFFFFFFFFFFFFFFFFFFFFFFFFFFFFFA2
:20BEC000FFFFFFFFFFFFFFFFFFFFFFFFFFFFFFFFFFFFFFFFFFFFFFFFFFFFFFFFFFFFFFFF82
:20BEE000FFFFFFFFFFFFFFFFFFFFFFFFFFFFFFFFFFFFFFFFFFFFFFFFFFFFFFFFFFFFFFFF62
:20BF0000FFFFFFFFFFFFFFFFFFFFFFFFFFFFFFFFFFFFFFFFFFFFFFFFFFFFFFFFFFFFFFFF41
:20BF2000FFFFFFFFFFFFFFFFFFFFFFFFFFFFFFFFFFFFFFFFFFFFFFFFFFFFFFFFFFFFFFFF21
:20BF4000FFFFFFFFFFFFFFFFFFFFFFFFFFFFFFFFFFFFFFFFFFFFFFFFFFFFFFFFFFFFFFFF01
:20BF6000FFFFFFFFFFFFFFFFFFFFFFFFFFFFFFFFFFFFFFFFFFFFFFFFFFFFFFFFFFFFFFFFE1
:20BF8000FFFFFFFFFFFFFFFFFFFFFFFFFFFFFFFFFFFFFFFFFFFFFFFFFFFFFFFFFFFFFFFFC1
:20BFA000FFFFFFFFFFFFFFFFFFFFFFFFFFFFFFFFFFFFFFFFFFFFFFFFFFFFFFFFFFFFFFFFA1
:20BFC000FFFFFFFFFFFFFFFFFFFFFFFFFFFFFFFFFFFFFFFFFFFFFFFFFFFFFFFFFFFFFFFF81
:20BFE000FFFFFFFFFFFFFFFFFFFFFFFFFFFFFFFFFFFFFFFFFFFFFFFFFFFFFFFFFFFFFFFF61
:20C00000FFFFFFFFFFFFFFFFFFFFFFFFFFFFFFFFFFFFFFFFFFFFFFFFFFFFFFFFFFFFFFFF40
:20C02000FFFFFFFFFFFFFFFFFFFFFFFFFFFFFFFFFFFFFFFFFFFFFFFFFFFFFFFFFFFFFFFF20
:20C04000FFFFFFFFFFFFFFFFFFFFFFFFFFFFFFFFFFFFFFFFFFFFFFFFFFFFFFFFFFFFFFFF00
:20C06000FFFFFFFFFFFFFFFFFFFFFFFFFFFFFFFFFFFFFFFFFFFFFFFFFFFFFFFFFFFFFFFFE0
:20C08000FFFFFFFFFFFFFFFFFFFFFFFFFFFFFFFFFFFFFFFFFFFFFFFFFFFFFFFFFFFFFFFFC0
:20C0A000FFFFFFFFFFFFFFFFFFFFFFFFFFFFFFFFFFFFFFFFFFFFFFFFFFFFFFFFFFFFFFFFA0
:20C0C000FFFFFFFFFFFFFFFFFFFFFFFFFFFFFFFFFFFFFFFFFFFFFFFFFFFFFFFFFFFFFFFF80
:20C0E000FFFFFFFFFFFFFFFFFFFFFFFFFFFFFFFFFFFFFFFFFFFFFFFFFFFFFFFFFFFFFFFF60
:20C10000FFFFFFFFFFFFFFFFFFFFFFFFFFFFFFFFFFFFFFFFFFFFFFFFFFFFFFFFFFFFFFFF3F
:20C12000FFFFFFFFFFFFFFFFFFFFFFFFFFFFFFFFFFFFFFFFFFFFFFFFFFFFFFFFFFFFFFFF1F
:20C14000FFFFFFFFFFFFFFFFFFFFFFFFFFFFFFFFFFFFFFFFFFFFFFFFFFFFFFFFFFFFFFFFFF
:20C16000FFFFFFFFFFFFFFFFFFFFFFFFFFFFFFFFFFFFFFFFFFFFFFFFFFFFFFFFFFFFFFFFDF
:20C18000FFFFFFFFFFFFFFFFFFFFFFFFFFFFFFFFFFFFFFFFFFFFFFFFFFFFFFFFFFFFFFFFBF
:20C1A000FFFFFFFFFFFFFFFFFFFFFFFFFFFFFFFFFFFFFFFFFFFFFFFFFFFFFFFFFFFFFFFF9F
:20C1C000FFFFFFFFFFFFFFFFFFFFFFFFFFFFFFFFFFFFFFFFFFFFFFFFFFFFFFFFFFFFFFFF7F
:20C1E000FFFFFFFFFFFFFFFFFFFFFFFFFFFFFFFFFFFFFFFFFFFFFFFFFFFFFFFFFFFFFFFF5F
:20C20000FFFFFFFFFFFFFFFFFFFFFFFFFFFFFFFFFFFFFFFFFFFFFFFFFFFFFFFFFFFFFFFF3E
:20C22000FFFFFFFFFFFFFFFFFFFFFFFFFFFFFFFFFFFFFFFFFFFFFFFFFFFFFFFFFFFFFFFF1E
:20C24000FFFFFFFFFFFFFFFFFFFFFFFFFFFFFFFFFFFFFFFFFFFFFFFFFFFFFFFFFFFFFFFFFE
:20C26000FFFFFFFFFFFFFFFFFFFFFFFFFFFFFFFFFFFFFFFFFFFFFFFFFFFFFFFFFFFFFFFFDE
:20C28000FFFFFFFFFFFFFFFFFFFFFFFFFFFFFFFFFFFFFFFFFFFFFFFFFFFFFFFFFFFFFFFFBE
:20C2A000FFFFFFFFFFFFFFFFFFFFFFFFFFFFFFFFFFFFFFFFFFFFFFFFFFFFFFFFFFFFFFFF9E
:20C2C000FFFFFFFFFFFFFFFFFFFFFFFFFFFFFFFFFFFFFFFFFFFFFFFFFFFFFFFFFFFFFFFF7E
:20C2E000FFFFFFFFFFFFFFFFFFFFFFFFFFFFFFFFFFFFFFFFFFFFFFFFFFFFFFFFFFFFFFFF5E
:20C30000FFFFFFFFFFFFFFFFFFFFFFFFFFFFFFFFFFFFFFFFFFFFFFFFFFFFFFFFFFFFFFFF3D
:20C32000FFFFFFFFFFFFFFFFFFFFFFFFFFFFFFFFFFFFFFFFFFFFFFFFFFFFFFFFFFFFFFFF1D
:20C34000FFFFFFFFFFFFFFFFFFFFFFFFFFFFFFFFFFFFFFFFFFFFFFFFFFFFFFFFFFFFFFFFFD
:20C36000FFFFFFFFFFFFFFFFFFFFFFFFFFFFFFFFFFFFFFFFFFFFFFFFFFFFFFFFFFFFFFFFDD
:20C38000FFFFFFFFFFFFFFFFFFFFFFFFFFFFFFFFFFFFFFFFFFFFFFFFFFFFFFFFFFFFFFFFBD
:20C3A000FFFFFFFFFFFFFFFFFFFFFFFFFFFFFFFFFFFFFFFFFFFFFFFFFFFFFFFFFFFFFFFF9D
:20C3C000FFFFFFFFFFFFFFFFFFFFFFFFFFFFFFFFFFFFFFFFFFFFFFFFFFFFFFFFFFFFFFFF7D
:20C3E000FFFFFFFFFFFFFFFFFFFFFFFFFFFFFFFFFFFFFFFFFFFFFFFFFFFFFFFFFFFFFFFF5D
:20C40000FFFFFFFFFFFFFFFFFFFFFFFFFFFFFFFFFFFFFFFFFFFFFFFFFFFFFFFFFFFFFFFF3C
:20C42000FFFFFFFFFFFFFFFFFFFFFFFFFFFFFFFFFFFFFFFFFFFFFFFFFFFFFFFFFFFFFFFF1C
:20C44000FFFFFFFFFFFFFFFFFFFFFFFFFFFFFFFFFFFFFFFFFFFFFFFFFFFFFFFFFFFFFFFFFC
:20C46000FFFFFFFFFFFFFFFFFFFFFFFFFFFFFFFFFFFFFFFFFFFFFFFFFFFFFFFFFFFFFFFFDC
:20C48000FFFFFFFFFFFFFFFFFFFFFFFFFFFFFFFFFFFFFFFFFFFFFFFFFFFFFFFFFFFFFFFFBC
:20C4A000FFFFFFFFFFFFFFFFFFFFFFFFFFFFFFFFFFFFFFFFFFFFFFFFFFFFFFFFFFFFFFFF9C
:20C4C000FFFFFFFFFFFFFFFFFFFFFFFFFFFFFFFFFFFFFFFFFFFFFFFFFFFFFFFFFFFFFFFF7C
:20C4E000FFFFFFFFFFFFFFFFFFFFFFFFFFFFFFFFFFFFFFFFFFFFFFFFFFFFFFFFFFFFFFFF5C
:20C50000FFFFFFFFFFFFFFFFFFFFFFFFFFFFFFFFFFFFFFFFFFFFFFFFFFFFFFFFFFFFFFFF3B
:20C52000FFFFFFFFFFFFFFFFFFFFFFFFFFFFFFFFFFFFFFFFFFFFFFFFFFFFFFFFFFFFFFFF1B
:20C54000FFFFFFFFFFFFFFFFFFFFFFFFFFFFFFFFFFFFFFFFFFFFFFFFFFFFFFFFFFFFFFFFFB
:20C56000FFFFFFFFFFFFFFFFFFFFFFFFFFFFFFFFFFFFFFFFFFFFFFFFFFFFFFFFFFFFFFFFDB
:20C58000FFFFFFFFFFFFFFFFFFFFFFFFFFFFFFFFFFFFFFFFFFFFFFFFFFFFFFFFFFFFFFFFBB
:20C5A000FFFFFFFFFFFFFFFFFFFFFFFFFFFFFFFFFFFFFFFFFFFFFFFFFFFFFFFFFFFFFFFF9B
:20C5C000FFFFFFFFFFFFFFFFFFFFFFFFFFFFFFFFFFFFFFFFFFFFFFFFFFFFFFFFFFFFFFFF7B
:20C5E000FFFFFFFFFFFFFFFFFFFFFFFFFFFFFFFFFFFFFFFFFFFFFFFFFFFFFFFFFFFFFFFF5B
:20C60000FFFFFFFFFFFFFFFFFFFFFFFFFFFFFFFFFFFFFFFFFFFFFFFFFFFFFFFFFFFFFFFF3A
:20C62000FFFFFFFFFFFFFFFFFFFFFFFFFFFFFFFFFFFFFFFFFFFFFFFFFFFFFFFFFFFFFFFF1A
:20C64000FFFFFFFFFFFFFFFFFFFFFFFFFFFFFFFFFFFFFFFFFFFFFFFFFFFFFFFFFFFFFFFFFA
:20C66000FFFFFFFFFFFFFFFFFFFFFFFFFFFFFFFFFFFFFFFFFFFFFFFFFFFFFFFFFFFFFFFFDA
:20C68000FFFFFFFFFFFFFFFFFFFFFFFFFFFFFFFFFFFFFFFFFFFFFFFFFFFFFFFFFFFFFFFFBA
:20C6A000FFFFFFFFFFFFFFFFFFFFFFFFFFFFFFFFFFFFFFFFFFFFFFFFFFFFFFFFFFFFFFFF9A
:20C6C000FFFFFFFFFFFFFFFFFFFFFFFFFFFFFFFFFFFFFFFFFFFFFFFFFFFFFFFFFFFFFFFF7A
:20C6E000FFFFFFFFFFFFFFFFFFFFFFFFFFFFFFFFFFFFFFFFFFFFFFFFFFFFFFFFFFFFFFFF5A
:20C70000FFFFFFFFFFFFFFFFFFFFFFFFFFFFFFFFFFFFFFFFFFFFFFFFFFFFFFFFFFFFFFFF39
:20C72000FFFFFFFFFFFFFFFFFFFFFFFFFFFFFFFFFFFFFFFFFFFFFFFFFFFFFFFFFFFFFFFF19
:20C74000FFFFFFFFFFFFFFFFFFFFFFFFFFFFFFFFFFFFFFFFFFFFFFFFFFFFFFFFFFFFFFFFF9
:20C76000FFFFFFFFFFFFFFFFFFFFFFFFFFFFFFFFFFFFFFFFFFFFFFFFFFFFFFFFFFFFFFFFD9
:20C78000FFFFFFFFFFFFFFFFFFFFFFFFFFFFFFFFFFFFFFFFFFFFFFFFFFFFFFFFFFFFFFFFB9
:20C7A000FFFFFFFFFFFFFFFFFFFFFFFFFFFFFFFFFFFFFFFFFFFFFFFFFFFFFFFFFFFFFFFF99
:20C7C000FFFFFFFFFFFFFFFFFFFFFFFFFFFFFFFFFFFFFFFFFFFFFFFFFFFFFFFFFFFFFFFF79
:20C7E000FFFFFFFFFFFFFFFFFFFFFFFFFFFFFFFFFFFFFFFFFFFFFFFFFFFFFFFFFFFFFFFF59
:20C80000FFFFFFFFFFFFFFFFFFFFFFFFFFFFFFFFFFFFFFFFFFFFFFFFFFFFFFFFFFFFFFFF38
:20C82000FFFFFFFFFFFFFFFFFFFFFFFFFFFFFFFFFFFFFFFFFFFFFFFFFFFFFFFFFFFFFFFF18
:20C84000FFFFFFFFFFFFFFFFFFFFFFFFFFFFFFFFFFFFFFFFFFFFFFFFFFFFFFFFFFFFFFFFF8
:20C86000FFFFFFFFFFFFFFFFFFFFFFFFFFFFFFFFFFFFFFFFFFFFFFFFFFFFFFFFFFFFFFFFD8
:20C88000FFFFFFFFFFFFFFFFFFFFFFFFFFFFFFFFFFFFFFFFFFFFFFFFFFFFFFFFFFFFFFFFB8
:20C8A000FFFFFFFFFFFFFFFFFFFFFFFFFFFFFFFFFFFFFFFFFFFFFFFFFFFFFFFFFFFFFFFF98
:20C8C000FFFFFFFFFFFFFFFFFFFFFFFFFFFFFFFFFFFFFFFFFFFFFFFFFFFFFFFFFFFFFFFF78
:20C8E000FFFFFFFFFFFFFFFFFFFFFFFFFFFFFFFFFFFFFFFFFFFFFFFFFFFFFFFFFFFFFFFF58
:20C90000FFFFFFFFFFFFFFFFFFFFFFFFFFFFFFFFFFFFFFFFFFFFFFFFFFFFFFFFFFFFFFFF37
:20C92000FFFFFFFFFFFFFFFFFFFFFFFFFFFFFFFFFFFFFFFFFFFFFFFFFFFFFFFFFFFFFFFF17
:20C94000FFFFFFFFFFFFFFFFFFFFFFFFFFFFFFFFFFFFFFFFFFFFFFFFFFFFFFFFFFFFFFFFF7
:20C96000FFFFFFFFFFFFFFFFFFFFFFFFFFFFFFFFFFFFFFFFFFFFFFFFFFFFFFFFFFFFFFFFD7
:20C98000FFFFFFFFFFFFFFFFFFFFFFFFFFFFFFFFFFFFFFFFFFFFFFFFFFFFFFFFFFFFFFFFB7
:20C9A000FFFFFFFFFFFFFFFFFFFFFFFFFFFFFFFFFFFFFFFFFFFFFFFFFFFFFFFFFFFFFFFF97
:20C9C000FFFFFFFFFFFFFFFFFFFFFFFFFFFFFFFFFFFFFFFFFFFFFFFFFFFFFFFFFFFFFFFF77
:20C9E000FFFFFFFFFFFFFFFFFFFFFFFFFFFFFFFFFFFFFFFFFFFFFFFFFFFFFFFFFFFFFFFF57
:20CA0000FFFFFFFFFFFFFFFFFFFFFFFFFFFFFFFFFFFFFFFFFFFFFFFFFFFFFFFFFFFFFFFF36
:20CA2000FFFFFFFFFFFFFFFFFFFFFFFFFFFFFFFFFFFFFFFFFFFFFFFFFFFFFFFFFFFFFFFF16
:20CA4000FFFFFFFFFFFFFFFFFFFFFFFFFFFFFFFFFFFFFFFFFFFFFFFFFFFFFFFFFFFFFFFFF6
:20CA6000FFFFFFFFFFFFFFFFFFFFFFFFFFFFFFFFFFFFFFFFFFFFFFFFFFFFFFFFFFFFFFFFD6
:20CA8000FFFFFFFFFFFFFFFFFFFFFFFFFFFFFFFFFFFFFFFFFFFFFFFFFFFFFFFFFFFFFFFFB6
:20CAA000FFFFFFFFFFFFFFFFFFFFFFFFFFFFFFFFFFFFFFFFFFFFFFFFFFFFFFFFFFFFFFFF96
:20CAC000FFFFFFFFFFFFFFFFFFFFFFFFFFFFFFFFFFFFFFFFFFFFFFFFFFFFFFFFFFFFFFFF76
:20CAE000FFFFFFFFFFFFFFFFFFFFFFFFFFFFFFFFFFFFFFFFFFFFFFFFFFFFFFFFFFFFFFFF56
:20CB0000FFFFFFFFFFFFFFFFFFFFFFFFFFFFFFFFFFFFFFFFFFFFFFFFFFFFFFFFFFFFFFFF35
:20CB2000FFFFFFFFFFFFFFFFFFFFFFFFFFFFFFFFFFFFFFFFFFFFFFFFFFFFFFFFFFFFFFFF15
:20CB4000FFFFFFFFFFFFFFFFFFFFFFFFFFFFFFFFFFFFFFFFFFFFFFFFFFFFFFFFFFFFFFFFF5
:20CB6000FFFFFFFFFFFFFFFFFFFFFFFFFFFFFFFFFFFFFFFFFFFFFFFFFFFFFFFFFFFFFFFFD5
:20CB8000FFFFFFFFFFFFFFFFFFFFFFFFFFFFFFFFFFFFFFFFFFFFFFFFFFFFFFFFFFFFFFFFB5
:20CBA000FFFFFFFFFFFFFFFFFFFFFFFFFFFFFFFFFFFFFFFFFFFFFFFFFFFFFFFFFFFFFFFF95
:20CBC000FFFFFFFFFFFFFFFFFFFFFFFFFFFFFFFFFFFFFFFFFFFFFFFFFFFFFFFFFFFFFFFF75
:20CBE000FFFFFFFFFFFFFFFFFFFFFFFFFFFFFFFFFFFFFFFFFFFFFFFFFFFFFFFFFFFFFFFF55
:20CC0000FFFFFFFFFFFFFFFFFFFFFFFFFFFFFFFFFFFFFFFFFFFFFFFFFFFFFFFFFFFFFFFF34
:20CC2000FFFFFFFFFFFFFFFFFFFFFFFFFFFFFFFFFFFFFFFFFFFFFFFFFFFFFFFFFFFFFFFF14
:20CC4000FFFFFFFFFFFFFFFFFFFFFFFFFFFFFFFFFFFFFFFFFFFFFFFFFFFFFFFFFFFFFFFFF4
:20CC6000FFFFFFFFFFFFFFFFFFFFFFFFFFFFFFFFFFFFFFFFFFFFFFFFFFFFFFFFFFFFFFFFD4
:20CC8000FFFFFFFFFFFFFFFFFFFFFFFFFFFFFFFFFFFFFFFFFFFFFFFFFFFFFFFFFFFFFFFFB4
:20CCA000FFFFFFFFFFFFFFFFFFFFFFFFFFFFFFFFFFFFFFFFFFFFFFFFFFFFFFFFFFFFFFFF94
:20CCC000FFFFFFFFFFFFFFFFFFFFFFFFFFFFFFFFFFFFFFFFFFFFFFFFFFFFFFFFFFFFFFFF74
:20CCE000FFFFFFFFFFFFFFFFFFFFFFFFFFFFFFFFFFFFFFFFFFFFFFFFFFFFFFFFFFFFFFFF54
:20CD0000FFFFFFFFFFFFFFFFFFFFFFFFFFFFFFFFFFFFFFFFFFFFFFFFFFFFFFFFFFFFFFFF33
:20CD2000FFFFFFFFFFFFFFFFFFFFFFFFFFFFFFFFFFFFFFFFFFFFFFFFFFFFFFFFFFFFFFFF13
:20CD4000FFFFFFFFFFFFFFFFFFFFFFFFFFFFFFFFFFFFFFFFFFFFFFFFFFFFFFFFFFFFFFFFF3
:20CD6000FFFFFFFFFFFFFFFFFFFFFFFFFFFFFFFFFFFFFFFFFFFFFFFFFFFFFFFFFFFFFFFFD3
:20CD8000FFFFFFFFFFFFFFFFFFFFFFFFFFFFFFFFFFFFFFFFFFFFFFFFFFFFFFFFFFFFFFFFB3
:20CDA000FFFFFFFFFFFFFFFFFFFFFFFFFFFFFFFFFFFFFFFFFFFFFFFFFFFFFFFFFFFFFFFF93
:20CDC000FFFFFFFFFFFFFFFFFFFFFFFFFFFFFFFFFFFFFFFFFFFFFFFFFFFFFFFFFFFFFFFF73
:20CDE000FFFFFFFFFFFFFFFFFFFFFFFFFFFFFFFFFFFFFFFFFFFFFFFFFFFFFFFFFFFFFFFF53
:20CE0000FFFFFFFFFFFFFFFFFFFFFFFFFFFFFFFFFFFFFFFFFFFFFFFFFFFFFFFFFFFFFFFF32
:20CE2000FFFFFFFFFFFFFFFFFFFFFFFFFFFFFFFFFFFFFFFFFFFFFFFFFFFFFFFFFFFFFFFF12
:20CE4000FFFFFFFFFFFFFFFFFFFFFFFFFFFFFFFFFFFFFFFFFFFFFFFFFFFFFFFFFFFFFFFFF2
:20CE6000FFFFFFFFFFFFFFFFFFFFFFFFFFFFFFFFFFFFFFFFFFFFFFFFFFFFFFFFFFFFFFFFD2
:20CE8000FFFFFFFFFFFFFFFFFFFFFFFFFFFFFFFFFFFFFFFFFFFFFFFFFFFFFFFFFFFFFFFFB2
:20CEA000FFFFFFFFFFFFFFFFFFFFFFFFFFFFFFFFFFFFFFFFFFFFFFFFFFFFFFFFFFFFFFFF92
:20CEC000FFFFFFFFFFFFFFFFFFFFFFFFFFFFFFFFFFFFFFFFFFFFFFFFFFFFFFFFFFFFFFFF72
:20CEE000FFFFFFFFFFFFFFFFFFFFFFFFFFFFFFFFFFFFFFFFFFFFFFFFFFFFFFFFFFFFFFFF52
:20CF0000FFFFFFFFFFFFFFFFFFFFFFFFFFFFFFFFFFFFFFFFFFFFFFFFFFFFFFFFFFFFFFFF31
:20CF2000FFFFFFFFFFFFFFFFFFFFFFFFFFFFFFFFFFFFFFFFFFFFFFFFFFFFFFFFFFFFFFFF11
:20CF4000FFFFFFFFFFFFFFFFFFFFFFFFFFFFFFFFFFFFFFFFFFFFFFFFFFFFFFFFFFFFFFFFF1
:20CF6000FFFFFFFFFFFFFFFFFFFFFFFFFFFFFFFFFFFFFFFFFFFFFFFFFFFFFFFFFFFFFFFFD1
:20CF8000FFFFFFFFFFFFFFFFFFFFFFFFFFFFFFFFFFFFFFFFFFFFFFFFFFFFFFFFFFFFFFFFB1
:20CFA000FFFFFFFFFFFFFFFFFFFFFFFFFFFFFFFFFFFFFFFFFFFFFFFFFFFFFFFFFFFFFFFF91
:20CFC000FFFFFFFFFFFFFFFFFFFFFFFFFFFFFFFFFFFFFFFFFFFFFFFFFFFFFFFFFFFFFFFF71
:20CFE000FFFFFFFFFFFFFFFFFFFFFFFFFFFFFFFFFFFFFFFFFFFFFFFFFFFFFFFFFFFFFFFF51
:20D00000FFFFFFFFFFFFFFFFFFFFFFFFFFFFFFFFFFFFFFFFFFFFFFFFFFFFFFFFFFFFFFFF30
:20D02000FFFFFFFFFFFFFFFFFFFFFFFFFFFFFFFFFFFFFFFFFFFFFFFFFFFFFFFFFFFFFFFF10
:20D04000FFFFFFFFFFFFFFFFFFFFFFFFFFFFFFFFFFFFFFFFFFFFFFFFFFFFFFFFFFFFFFFFF0
:20D06000FFFFFFFFFFFFFFFFFFFFFFFFFFFFFFFFFFFFFFFFFFFFFFFFFFFFFFFFFFFFFFFFD0
:20D08000FFFFFFFFFFFFFFFFFFFFFFFFFFFFFFFFFFFFFFFFFFFFFFFFFFFFFFFFFFFFFFFFB0
:20D0A000FFFFFFFFFFFFFFFFFFFFFFFFFFFFFFFFFFFFFFFFFFFFFFFFFFFFFFFFFFFFFFFF90
:20D0C000FFFFFFFFFFFFFFFFFFFFFFFFFFFFFFFFFFFFFFFFFFFFFFFFFFFFFFFFFFFFFFFF70
:20D0E000FFFFFFFFFFFFFFFFFFFFFFFFFFFFFFFFFFFFFFFFFFFFFFFFFFFFFFFFFFFFFFFF50
:20D10000FFFFFFFFFFFFFFFFFFFFFFFFFFFFFFFFFFFFFFFFFFFFFFFFFFFFFFFFFFFFFFFF2F
:20D12000FFFFFFFFFFFFFFFFFFFFFFFFFFFFFFFFFFFFFFFFFFFFFFFFFFFFFFFFFFFFFFFF0F
:20D14000FFFFFFFFFFFFFFFFFFFFFFFFFFFFFFFFFFFFFFFFFFFFFFFFFFFFFFFFFFFFFFFFEF
:20D16000FFFFFFFFFFFFFFFFFFFFFFFFFFFFFFFFFFFFFFFFFFFFFFFFFFFFFFFFFFFFFFFFCF
:20D18000FFFFFFFFFFFFFFFFFFFFFFFFFFFFFFFFFFFFFFFFFFFFFFFFFFFFFFFFFFFFFFFFAF
:20D1A000FFFFFFFFFFFFFFFFFFFFFFFFFFFFFFFFFFFFFFFFFFFFFFFFFFFFFFFFFFFFFFFF8F
:20D1C000FFFFFFFFFFFFFFFFFFFFFFFFFFFFFFFFFFFFFFFFFFFFFFFFFFFFFFFFFFFFFFFF6F
:20D1E000FFFFFFFFFFFFFFFFFFFFFFFFFFFFFFFFFFFFFFFFFFFFFFFFFFFFFFFFFFFFFFFF4F
:20D20000FFFFFFFFFFFFFFFFFFFFFFFFFFFFFFFFFFFFFFFFFFFFFFFFFFFFFFFFFFFFFFFF2E
:20D22000FFFFFFFFFFFFFFFFFFFFFFFFFFFFFFFFFFFFFFFFFFFFFFFFFFFFFFFFFFFFFFFF0E
:20D24000FFFFFFFFFFFFFFFFFFFFFFFFFFFFFFFFFFFFFFFFFFFFFFFFFFFFFFFFFFFFFFFFEE
:20D26000FFFFFFFFFFFFFFFFFFFFFFFFFFFFFFFFFFFFFFFFFFFFFFFFFFFFFFFFFFFFFFFFCE
:20D28000FFFFFFFFFFFFFFFFFFFFFFFFFFFFFFFFFFFFFFFFFFFFFFFFFFFFFFFFFFFFFFFFAE
:20D2A000FFFFFFFFFFFFFFFFFFFFFFFFFFFFFFFFFFFFFFFFFFFFFFFFFFFFFFFFFFFFFFFF8E
:20D2C000FFFFFFFFFFFFFFFFFFFFFFFFFFFFFFFFFFFFFFFFFFFFFFFFFFFFFFFFFFFFFFFF6E
:20D2E000FFFFFFFFFFFFFFFFFFFFFFFFFFFFFFFFFFFFFFFFFFFFFFFFFFFFFFFFFFFFFFFF4E
:20D30000FFFFFFFFFFFFFFFFFFFFFFFFFFFFFFFFFFFFFFFFFFFFFFFFFFFFFFFFFFFFFFFF2D
:20D32000FFFFFFFFFFFFFFFFFFFFFFFFFFFFFFFFFFFFFFFFFFFFFFFFFFFFFFFFFFFFFFFF0D
:20D34000FFFFFFFFFFFFFFFFFFFFFFFFFFFFFFFFFFFFFFFFFFFFFFFFFFFFFFFFFFFFFFFFED
:20D36000FFFFFFFFFFFFFFFFFFFFFFFFFFFFFFFFFFFFFFFFFFFFFFFFFFFFFFFFFFFFFFFFCD
:20D38000FFFFFFFFFFFFFFFFFFFFFFFFFFFFFFFFFFFFFFFFFFFFFFFFFFFFFFFFFFFFFFFFAD
:20D3A000FFFFFFFFFFFFFFFFFFFFFFFFFFFFFFFFFFFFFFFFFFFFFFFFFFFFFFFFFFFFFFFF8D
:20D3C000FFFFFFFFFFFFFFFFFFFFFFFFFFFFFFFFFFFFFFFFFFFFFFFFFFFFFFFFFFFFFFFF6D
:20D3E000FFFFFFFFFFFFFFFFFFFFFFFFFFFFFFFFFFFFFFFFFFFFFFFFFFFFFFFFFFFFFFFF4D
:20D40000FFFFFFFFFFFFFFFFFFFFFFFFFFFFFFFFFFFFFFFFFFFFFFFFFFFFFFFFFFFFFFFF2C
:20D42000FFFFFFFFFFFFFFFFFFFFFFFFFFFFFFFFFFFFFFFFFFFFFFFFFFFFFFFFFFFFFFFF0C
:20D44000FFFFFFFFFFFFFFFFFFFFFFFFFFFFFFFFFFFFFFFFFFFFFFFFFFFFFFFFFFFFFFFFEC
:20D46000FFFFFFFFFFFFFFFFFFFFFFFFFFFFFFFFFFFFFFFFFFFFFFFFFFFFFFFFFFFFFFFFCC
:20D48000FFFFFFFFFFFFFFFFFFFFFFFFFFFFFFFFFFFFFFFFFFFFFFFFFFFFFFFFFFFFFFFFAC
:20D4A000FFFFFFFFFFFFFFFFFFFFFFFFFFFFFFFFFFFFFFFFFFFFFFFFFFFFFFFFFFFFFFFF8C
:20D4C000FFFFFFFFFFFFFFFFFFFFFFFFFFFFFFFFFFFFFFFFFFFFFFFFFFFFFFFFFFFFFFFF6C
:20D4E000FFFFFFFFFFFFFFFFFFFFFFFFFFFFFFFFFFFFFFFFFFFFFFFFFFFFFFFFFFFFFFFF4C
:20D50000FFFFFFFFFFFFFFFFFFFFFFFFFFFFFFFFFFFFFFFFFFFFFFFFFFFFFFFFFFFFFFFF2B
:20D52000FFFFFFFFFFFFFFFFFFFFFFFFFFFFFFFFFFFFFFFFFFFFFFFFFFFFFFFFFFFFFFFF0B
:20D54000FFFFFFFFFFFFFFFFFFFFFFFFFFFFFFFFFFFFFFFFFFFFFFFFFFFFFFFFFFFFFFFFEB
:20D56000FFFFFFFFFFFFFFFFFFFFFFFFFFFFFFFFFFFFFFFFFFFFFFFFFFFFFFFFFFFFFFFFCB
:20D58000FFFFFFFFFFFFFFFFFFFFFFFFFFFFFFFFFFFFFFFFFFFFFFFFFFFFFFFFFFFFFFFFAB
:20D5A000FFFFFFFFFFFFFFFFFFFFFFFFFFFFFFFFFFFFFFFFFFFFFFFFFFFFFFFFFFFFFFFF8B
:20D5C000FFFFFFFFFFFFFFFFFFFFFFFFFFFFFFFFFFFFFFFFFFFFFFFFFFFFFFFFFFFFFFFF6B
:20D5E000FFFFFFFFFFFFFFFFFFFFFFFFFFFFFFFFFFFFFFFFFFFFFFFFFFFFFFFFFFFFFFFF4B
:20D60000FFFFFFFFFFFFFFFFFFFFFFFFFFFFFFFFFFFFFFFFFFFFFFFFFFFFFFFFFFFFFFFF2A
:20D62000FFFFFFFFFFFFFFFFFFFFFFFFFFFFFFFFFFFFFFFFFFFFFFFFFFFFFFFFFFFFFFFF0A
:20D64000FFFFFFFFFFFFFFFFFFFFFFFFFFFFFFFFFFFFFFFFFFFFFFFFFFFFFFFFFFFFFFFFEA
:20D66000FFFFFFFFFFFFFFFFFFFFFFFFFFFFFFFFFFFFFFFFFFFFFFFFFFFFFFFFFFFFFFFFCA
:20D68000FFFFFFFFFFFFFFFFFFFFFFFFFFFFFFFFFFFFFFFFFFFFFFFFFFFFFFFFFFFFFFFFAA
:20D6A000FFFFFFFFFFFFFFFFFFFFFFFFFFFFFFFFFFFFFFFFFFFFFFFFFFFFFFFFFFFFFFFF8A
:20D6C000FFFFFFFFFFFFFFFFFFFFFFFFFFFFFFFFFFFFFFFFFFFFFFFFFFFFFFFFFFFFFFFF6A
:20D6E000FFFFFFFFFFFFFFFFFFFFFFFFFFFFFFFFFFFFFFFFFFFFFFFFFFFFFFFFFFFFFFFF4A
:20D70000FFFFFFFFFFFFFFFFFFFFFFFFFFFFFFFFFFFFFFFFFFFFFFFFFFFFFFFFFFFFFFFF29
:20D72000FFFFFFFFFFFFFFFFFFFFFFFFFFFFFFFFFFFFFFFFFFFFFFFFFFFFFFFFFFFFFFFF09
:20D74000FFFFFFFFFFFFFFFFFFFFFFFFFFFFFFFFFFFFFFFFFFFFFFFFFFFFFFFFFFFFFFFFE9
:20D76000FFFFFFFFFFFFFFFFFFFFFFFFFFFFFFFFFFFFFFFFFFFFFFFFFFFFFFFFFFFFFFFFC9
:20D78000FFFFFFFFFFFFFFFFFFFFFFFFFFFFFFFFFFFFFFFFFFFFFFFFFFFFFFFFFFFFFFFFA9
:20D7A000FFFFFFFFFFFFFFFFFFFFFFFFFFFFFFFFFFFFFFFFFFFFFFFFFFFFFFFFFFFFFFFF89
:20D7C000FFFFFFFFFFFFFFFFFFFFFFFFFFFFFFFFFFFFFFFFFFFFFFFFFFFFFFFFFFFFFFFF69
:20D7E000FFFFFFFFFFFFFFFFFFFFFFFFFFFFFFFFFFFFFFFFFFFFFFFFFFFFFFFFFFFFFFFF49
:20D80000FFFFFFFFFFFFFFFFFFFFFFFFFFFFFFFFFFFFFFFFFFFFFFFFFFFFFFFFFFFFFFFF28
:20D82000FFFFFFFFFFFFFFFFFFFFFFFFFFFFFFFFFFFFFFFFFFFFFFFFFFFFFFFFFFFFFFFF08
:20D84000FFFFFFFFFFFFFFFFFFFFFFFFFFFFFFFFFFFFFFFFFFFFFFFFFFFFFFFFFFFFFFFFE8
:20D86000FFFFFFFFFFFFFFFFFFFFFFFFFFFFFFFFFFFFFFFFFFFFFFFFFFFFFFFFFFFFFFFFC8
:20D88000FFFFFFFFFFFFFFFFFFFFFFFFFFFFFFFFFFFFFFFFFFFFFFFFFFFFFFFFFFFFFFFFA8
:20D8A000FFFFFFFFFFFFFFFFFFFFFFFFFFFFFFFFFFFFFFFFFFFFFFFFFFFFFFFFFFFFFFFF88
:20D8C000FFFFFFFFFFFFFFFFFFFFFFFFFFFFFFFFFFFFFFFFFFFFFFFFFFFFFFFFFFFFFFFF68
:20D8E000FFFFFFFFFFFFFFFFFFFFFFFFFFFFFFFFFFFFFFFFFFFFFFFFFFFFFFFFFFFFFFFF48
:20D90000FFFFFFFFFFFFFFFFFFFFFFFFFFFFFFFFFFFFFFFFFFFFFFFFFFFFFFFFFFFFFFFF27
:20D92000FFFFFFFFFFFFFFFFFFFFFFFFFFFFFFFFFFFFFFFFFFFFFFFFFFFFFFFFFFFFFFFF07
:20D94000FFFFFFFFFFFFFFFFFFFFFFFFFFFFFFFFFFFFFFFFFFFFFFFFFFFFFFFFFFFFFFFFE7
:20D96000FFFFFFFFFFFFFFFFFFFFFFFFFFFFFFFFFFFFFFFFFFFFFFFFFFFFFFFFFFFFFFFFC7
:20D98000FFFFFFFFFFFFFFFFFFFFFFFFFFFFFFFFFFFFFFFFFFFFFFFFFFFFFFFFFFFFFFFFA7
:20D9A000FFFFFFFFFFFFFFFFFFFFFFFFFFFFFFFFFFFFFFFFFFFFFFFFFFFFFFFFFFFFFFFF87
:20D9C000FFFFFFFFFFFFFFFFFFFFFFFFFFFFFFFFFFFFFFFFFFFFFFFFFFFFFFFFFFFFFFFF67
:20D9E000FFFFFFFFFFFFFFFFFFFFFFFFFFFFFFFFFFFFFFFFFFFFFFFFFFFFFFFFFFFFFFFF47
:20DA0000FFFFFFFFFFFFFFFFFFFFFFFFFFFFFFFFFFFFFFFFFFFFFFFFFFFFFFFFFFFFFFFF26
:20DA2000FFFFFFFFFFFFFFFFFFFFFFFFFFFFFFFFFFFFFFFFFFFFFFFFFFFFFFFFFFFFFFFF06
:20DA4000FFFFFFFFFFFFFFFFFFFFFFFFFFFFFFFFFFFFFFFFFFFFFFFFFFFFFFFFFFFFFFFFE6
:20DA6000FFFFFFFFFFFFFFFFFFFFFFFFFFFFFFFFFFFFFFFFFFFFFFFFFFFFFFFFFFFFFFFFC6
:20DA8000FFFFFFFFFFFFFFFFFFFFFFFFFFFFFFFFFFFFFFFFFFFFFFFFFFFFFFFFFFFFFFFFA6
:20DAA000FFFFFFFFFFFFFFFFFFFFFFFFFFFFFFFFFFFFFFFFFFFFFFFFFFFFFFFFFFFFFFFF86
:20DAC000FFFFFFFFFFFFFFFFFFFFFFFFFFFFFFFFFFFFFFFFFFFFFFFFFFFFFFFFFFFFFFFF66
:20DAE000FFFFFFFFFFFFFFFFFFFFFFFFFFFFFFFFFFFFFFFFFFFFFFFFFFFFFFFFFFFFFFFF46
:20DB0000FFFFFFFFFFFFFFFFFFFFFFFFFFFFFFFFFFFFFFFFFFFFFFFFFFFFFFFFFFFFFFFF25
:20DB2000FFFFFFFFFFFFFFFFFFFFFFFFFFFFFFFFFFFFFFFFFFFFFFFFFFFFFFFFFFFFFFFF05
:20DB4000FFFFFFFFFFFFFFFFFFFFFFFFFFFFFFFFFFFFFFFFFFFFFFFFFFFFFFFFFFFFFFFFE5
:20DB6000FFFFFFFFFFFFFFFFFFFFFFFFFFFFFFFFFFFFFFFFFFFFFFFFFFFFFFFFFFFFFFFFC5
:20DB8000FFFFFFFFFFFFFFFFFFFFFFFFFFFFFFFFFFFFFFFFFFFFFFFFFFFFFFFFFFFFFFFFA5
:20DBA000FFFFFFFFFFFFFFFFFFFFFFFFFFFFFFFFFFFFFFFFFFFFFFFFFFFFFFFFFFFFFFFF85
:20DBC000FFFFFFFFFFFFFFFFFFFFFFFFFFFFFFFFFFFFFFFFFFFFFFFFFFFFFFFFFFFFFFFF65
:20DBE000FFFFFFFFFFFFFFFFFFFFFFFFFFFFFFFFFFFFFFFFFFFFFFFFFFFFFFFFFFFFFFFF45
:20DC0000FFFFFFFFFFFFFFFFFFFFFFFFFFFFFFFFFFFFFFFFFFFFFFFFFFFFFFFFFFFFFFFF24
:20DC2000FFFFFFFFFFFFFFFFFFFFFFFFFFFFFFFFFFFFFFFFFFFFFFFFFFFFFFFFFFFFFFFF04
:20DC4000FFFFFFFFFFFFFFFFFFFFFFFFFFFFFFFFFFFFFFFFFFFFFFFFFFFFFFFFFFFFFFFFE4
:20DC6000FFFFFFFFFFFFFFFFFFFFFFFFFFFFFFFFFFFFFFFFFFFFFFFFFFFFFFFFFFFFFFFFC4
:20DC8000FFFFFFFFFFFFFFFFFFFFFFFFFFFFFFFFFFFFFFFFFFFFFFFFFFFFFFFFFFFFFFFFA4
:20DCA000FFFFFFFFFFFFFFFFFFFFFFFFFFFFFFFFFFFFFFFFFFFFFFFFFFFFFFFFFFFFFFFF84
:20DCC000FFFFFFFFFFFFFFFFFFFFFFFFFFFFFFFFFFFFFFFFFFFFFFFFFFFFFFFFFFFFFFFF64
:20DCE000FFFFFFFFFFFFFFFFFFFFFFFFFFFFFFFFFFFFFFFFFFFFFFFFFFFFFFFFFFFFFFFF44
:20DD0000FFFFFFFFFFFFFFFFFFFFFFFFFFFFFFFFFFFFFFFFFFFFFFFFFFFFFFFFFFFFFFFF23
:20DD2000FFFFFFFFFFFFFFFFFFFFFFFFFFFFFFFFFFFFFFFFFFFFFFFFFFFFFFFFFFFFFFFF03
:20DD4000FFFFFFFFFFFFFFFFFFFFFFFFFFFFFFFFFFFFFFFFFFFFFFFFFFFFFFFFFFFFFFFFE3
:20DD6000FFFFFFFFFFFFFFFFFFFFFFFFFFFFFFFFFFFFFFFFFFFFFFFFFFFFFFFFFFFFFFFFC3
:20DD8000FFFFFFFFFFFFFFFFFFFFFFFFFFFFFFFFFFFFFFFFFFFFFFFFFFFFFFFFFFFFFFFFA3
:20DDA000FFFFFFFFFFFFFFFFFFFFFFFFFFFFFFFFFFFFFFFFFFFFFFFFFFFFFFFFFFFFFFFF83
:20DDC000FFFFFFFFFFFFFFFFFFFFFFFFFFFFFFFFFFFFFFFFFFFFFFFFFFFFFFFFFFFFFFFF63
:20DDE000FFFFFFFFFFFFFFFFFFFFFFFFFFFFFFFFFFFFFFFFFFFFFFFFFFFFFFFFFFFFFFFF43
:20DE0000FFFFFFFFFFFFFFFFFFFFFFFFFFFFFFFFFFFFFFFFFFFFFFFFFFFFFFFFFFFFFFFF22
:20DE2000FFFFFFFFFFFFFFFFFFFFFFFFFFFFFFFFFFFFFFFFFFFFFFFFFFFFFFFFFFFFFFFF02
:20DE4000FFFFFFFFFFFFFFFFFFFFFFFFFFFFFFFFFFFFFFFFFFFFFFFFFFFFFFFFFFFFFFFFE2
:20DE6000FFFFFFFFFFFFFFFFFFFFFFFFFFFFFFFFFFFFFFFFFFFFFFFFFFFFFFFFFFFFFFFFC2
:20DE8000FFFFFFFFFFFFFFFFFFFFFFFFFFFFFFFFFFFFFFFFFFFFFFFFFFFFFFFFFFFFFFFFA2
:20DEA000FFFFFFFFFFFFFFFFFFFFFFFFFFFFFFFFFFFFFFFFFFFFFFFFFFFFFFFFFFFFFFFF82
:20DEC000FFFFFFFFFFFFFFFFFFFFFFFFFFFFFFFFFFFFFFFFFFFFFFFFFFFFFFFFFFFFFFFF62
:20DEE000FFFFFFFFFFFFFFFFFFFFFFFFFFFFFFFFFFFFFFFFFFFFFFFFFFFFFFFFFFFFFFFF42
:20DF0000FFFFFFFFFFFFFFFFFFFFFFFFFFFFFFFFFFFFFFFFFFFFFFFFFFFFFFFFFFFFFFFF21
:20DF2000FFFFFFFFFFFFFFFFFFFFFFFFFFFFFFFFFFFFFFFFFFFFFFFFFFFFFFFFFFFFFFFF01
:20DF4000FFFFFFFFFFFFFFFFFFFFFFFFFFFFFFFFFFFFFFFFFFFFFFFFFFFFFFFFFFFFFFFFE1
:20DF6000FFFFFFFFFFFFFFFFFFFFFFFFFFFFFFFFFFFFFFFFFFFFFFFFFFFFFFFFFFFFFFFFC1
:20DF8000FFFFFFFFFFFFFFFFFFFFFFFFFFFFFFFFFFFFFFFFFFFFFFFFFFFFFFFFFFFFFFFFA1
:20DFA000FFFFFFFFFFFFFFFFFFFFFFFFFFFFFFFFFFFFFFFFFFFFFFFFFFFFFFFFFFFFFFFF81
:20DFC000FFFFFFFFFFFFFFFFFFFFFFFFFFFFFFFFFFFFFFFFFFFFFFFFFFFFFFFFFFFFFFFF61
:20DFE000FFFFFFFFFFFFFFFFFFFFFFFFFFFFFFFFFFFFFFFFFFFFFFFFFFFFFFFFFFFFFFFF41
:20E00000FFFFFFFFFFFFFFFFFFFFFFFFFFFFFFFFFFFFFFFFFFFFFFFFFFFFFFFFFFFFFFFF20
:20E02000FFFFFFFFFFFFFFFFFFFFFFFFFFFFFFFFFFFFFFFFFFFFFFFFFFFFFFFFFFFFFFFF00
:20E04000FFFFFFFFFFFFFFFFFFFFFFFFFFFFFFFFFFFFFFFFFFFFFFFFFFFFFFFFFFFFFFFFE0
:20E06000FFFFFFFFFFFFFFFFFFFFFFFFFFFFFFFFFFFFFFFFFFFFFFFFFFFFFFFFFFFFFFFFC0
:20E08000FFFFFFFFFFFFFFFFFFFFFFFFFFFFFFFFFFFFFFFFFFFFFFFFFFFFFFFFFFFFFFFFA0
:20E0A000FFFFFFFFFFFFFFFFFFFFFFFFFFFFFFFFFFFFFFFFFFFFFFFFFFFFFFFFFFFFFFFF80
:20E0C000FFFFFFFFFFFFFFFFFFFFFFFFFFFFFFFFFFFFFFFFFFFFFFFFFFFFFFFFFFFFFFFF60
:20E0E000FFFFFFFFFFFFFFFFFFFFFFFFFFFFFFFFFFFFFFFFFFFFFFFFFFFFFFFFFFFFFFFF40
:20E10000FFFFFFFFFFFFFFFFFFFFFFFFFFFFFFFFFFFFFFFFFFFFFFFFFFFFFFFFFFFFFFFF1F
:20E12000FFFFFFFFFFFFFFFFFFFFFFFFFFFFFFFFFFFFFFFFFFFFFFFFFFFFFFFFFFFFFFFFFF
:20E14000FFFFFFFFFFFFFFFFFFFFFFFFFFFFFFFFFFFFFFFFFFFFFFFFFFFFFFFFFFFFFFFFDF
:20E16000FFFFFFFFFFFFFFFFFFFFFFFFFFFFFFFFFFFFFFFFFFFFFFFFFFFFFFFFFFFFFFFFBF
:20E18000FFFFFFFFFFFFFFFFFFFFFFFFFFFFFFFFFFFFFFFFFFFFFFFFFFFFFFFFFFFFFFFF9F
:20E1A000FFFFFFFFFFFFFFFFFFFFFFFFFFFFFFFFFFFFFFFFFFFFFFFFFFFFFFFFFFFFFFFF7F
:20E1C000FFFFFFFFFFFFFFFFFFFFFFFFFFFFFFFFFFFFFFFFFFFFFFFFFFFFFFFFFFFFFFFF5F
:20E1E000FFFFFFFFFFFFFFFFFFFFFFFFFFFFFFFFFFFFFFFFFFFFFFFFFFFFFFFFFFFFFFFF3F
:20E20000FFFFFFFFFFFFFFFFFFFFFFFFFFFFFFFFFFFFFFFFFFFFFFFFFFFFFFFFFFFFFFFF1E
:20E22000FFFFFFFFFFFFFFFFFFFFFFFFFFFFFFFFFFFFFFFFFFFFFFFFFFFFFFFFFFFFFFFFFE
:20E24000FFFFFFFFFFFFFFFFFFFFFFFFFFFFFFFFFFFFFFFFFFFFFFFFFFFFFFFFFFFFFFFFDE
:20E26000FFFFFFFFFFFFFFFFFFFFFFFFFFFFFFFFFFFFFFFFFFFFFFFFFFFFFFFFFFFFFFFFBE
:20E28000FFFFFFFFFFFFFFFFFFFFFFFFFFFFFFFFFFFFFFFFFFFFFFFFFFFFFFFFFFFFFFFF9E
:20E2A000FFFFFFFFFFFFFFFFFFFFFFFFFFFFFFFFFFFFFFFFFFFFFFFFFFFFFFFFFFFFFFFF7E
:20E2C000FFFFFFFFFFFFFFFFFFFFFFFFFFFFFFFFFFFFFFFFFFFFFFFFFFFFFFFFFFFFFFFF5E
:20E2E000FFFFFFFFFFFFFFFFFFFFFFFFFFFFFFFFFFFFFFFFFFFFFFFFFFFFFFFFFFFFFFFF3E
:20E30000FFFFFFFFFFFFFFFFFFFFFFFFFFFFFFFFFFFFFFFFFFFFFFFFFFFFFFFFFFFFFFFF1D
:20E32000FFFFFFFFFFFFFFFFFFFFFFFFFFFFFFFFFFFFFFFFFFFFFFFFFFFFFFFFFFFFFFFFFD
:20E34000FFFFFFFFFFFFFFFFFFFFFFFFFFFFFFFFFFFFFFFFFFFFFFFFFFFFFFFFFFFFFFFFDD
:20E36000FFFFFFFFFFFFFFFFFFFFFFFFFFFFFFFFFFFFFFFFFFFFFFFFFFFFFFFFFFFFFFFFBD
:20E38000FFFFFFFFFFFFFFFFFFFFFFFFFFFFFFFFFFFFFFFFFFFFFFFFFFFFFFFFFFFFFFFF9D
:20E3A000FFFFFFFFFFFFFFFFFFFFFFFFFFFFFFFFFFFFFFFFFFFFFFFFFFFFFFFFFFFFFFFF7D
:20E3C000FFFFFFFFFFFFFFFFFFFFFFFFFFFFFFFFFFFFFFFFFFFFFFFFFFFFFFFFFFFFFFFF5D
:20E3E000FFFFFFFFFFFFFFFFFFFFFFFFFFFFFFFFFFFFFFFFFFFFFFFFFFFFFFFFFFFFFFFF3D
:20E40000FFFFFFFFFFFFFFFFFFFFFFFFFFFFFFFFFFFFFFFFFFFFFFFFFFFFFFFFFFFFFFFF1C
:20E42000FFFFFFFFFFFFFFFFFFFFFFFFFFFFFFFFFFFFFFFFFFFFFFFFFFFFFFFFFFFFFFFFFC
:20E44000FFFFFFFFFFFFFFFFFFFFFFFFFFFFFFFFFFFFFFFFFFFFFFFFFFFFFFFFFFFFFFFFDC
:20E46000FFFFFFFFFFFFFFFFFFFFFFFFFFFFFFFFFFFFFFFFFFFFFFFFFFFFFFFFFFFFFFFFBC
:20E48000FFFFFFFFFFFFFFFFFFFFFFFFFFFFFFFFFFFFFFFFFFFFFFFFFFFFFFFFFFFFFFFF9C
:20E4A000FFFFFFFFFFFFFFFFFFFFFFFFFFFFFFFFFFFFFFFFFFFFFFFFFFFFFFFFFFFFFFFF7C
:20E4C000FFFFFFFFFFFFFFFFFFFFFFFFFFFFFFFFFFFFFFFFFFFFFFFFFFFFFFFFFFFFFFFF5C
:20E4E000FFFFFFFFFFFFFFFFFFFFFFFFFFFFFFFFFFFFFFFFFFFFFFFFFFFFFFFFFFFFFFFF3C
:20E50000FFFFFFFFFFFFFFFFFFFFFFFFFFFFFFFFFFFFFFFFFFFFFFFFFFFFFFFFFFFFFFFF1B
:20E52000FFFFFFFFFFFFFFFFFFFFFFFFFFFFFFFFFFFFFFFFFFFFFFFFFFFFFFFFFFFFFFFFFB
:20E54000FFFFFFFFFFFFFFFFFFFFFFFFFFFFFFFFFFFFFFFFFFFFFFFFFFFFFFFFFFFFFFFFDB
:20E56000FFFFFFFFFFFFFFFFFFFFFFFFFFFFFFFFFFFFFFFFFFFFFFFFFFFFFFFFFFFFFFFFBB
:20E58000FFFFFFFFFFFFFFFFFFFFFFFFFFFFFFFFFFFFFFFFFFFFFFFFFFFFFFFFFFFFFFFF9B
:20E5A000FFFFFFFFFFFFFFFFFFFFFFFFFFFFFFFFFFFFFFFFFFFFFFFFFFFFFFFFFFFFFFFF7B
:20E5C000FFFFFFFFFFFFFFFFFFFFFFFFFFFFFFFFFFFFFFFFFFFFFFFFFFFFFFFFFFFFFFFF5B
:20E5E000FFFFFFFFFFFFFFFFFFFFFFFFFFFFFFFFFFFFFFFFFFFFFFFFFFFFFFFFFFFFFFFF3B
:20E60000FFFFFFFFFFFFFFFFFFFFFFFFFFFFFFFFFFFFFFFFFFFFFFFFFFFFFFFFFFFFFFFF1A
:20E62000FFFFFFFFFFFFFFFFFFFFFFFFFFFFFFFFFFFFFFFFFFFFFFFFFFFFFFFFFFFFFFFFFA
:20E64000FFFFFFFFFFFFFFFFFFFFFFFFFFFFFFFFFFFFFFFFFFFFFFFFFFFFFFFFFFFFFFFFDA
:20E66000FFFFFFFFFFFFFFFFFFFFFFFFFFFFFFFFFFFFFFFFFFFFFFFFFFFFFFFFFFFFFFFFBA
:20E68000FFFFFFFFFFFFFFFFFFFFFFFFFFFFFFFFFFFFFFFFFFFFFFFFFFFFFFFFFFFFFFFF9A
:20E6A000FFFFFFFFFFFFFFFFFFFFFFFFFFFFFFFFFFFFFFFFFFFFFFFFFFFFFFFFFFFFFFFF7A
:20E6C000FFFFFFFFFFFFFFFFFFFFFFFFFFFFFFFFFFFFFFFFFFFFFFFFFFFFFFFFFFFFFFFF5A
:20E6E000FFFFFFFFFFFFFFFFFFFFFFFFFFFFFFFFFFFFFFFFFFFFFFFFFFFFFFFFFFFFFFFF3A
:20E70000FFFFFFFFFFFFFFFFFFFFFFFFFFFFFFFFFFFFFFFFFFFFFFFFFFFFFFFFFFFFFFFF19
:20E72000FFFFFFFFFFFFFFFFFFFFFFFFFFFFFFFFFFFFFFFFFFFFFFFFFFFFFFFFFFFFFFFFF9
:20E74000FFFFFFFFFFFFFFFFFFFFFFFFFFFFFFFFFFFFFFFFFFFFFFFFFFFFFFFFFFFFFFFFD9
:20E76000FFFFFFFFFFFFFFFFFFFFFFFFFFFFFFFFFFFFFFFFFFFFFFFFFFFFFFFFFFFFFFFFB9
:20E78000FFFFFFFFFFFFFFFFFFFFFFFFFFFFFFFFFFFFFFFFFFFFFFFFFFFFFFFFFFFFFFFF99
:20E7A000FFFFFFFFFFFFFFFFFFFFFFFFFFFFFFFFFFFFFFFFFFFFFFFFFFFFFFFFFFFFFFFF79
:20E7C000FFFFFFFFFFFFFFFFFFFFFFFFFFFFFFFFFFFFFFFFFFFFFFFFFFFFFFFFFFFFFFFF59
:20E7E000FFFFFFFFFFFFFFFFFFFFFFFFFFFFFFFFFFFFFFFFFFFFFFFFFFFFFFFFFFFFFFFF39
:20E80000FFFFFFFFFFFFFFFFFFFFFFFFFFFFFFFFFFFFFFFFFFFFFFFFFFFFFFFFFFFFFFFF18
:20E82000FFFFFFFFFFFFFFFFFFFFFFFFFFFFFFFFFFFFFFFFFFFFFFFFFFFFFFFFFFFFFFFFF8
:20E84000FFFFFFFFFFFFFFFFFFFFFFFFFFFFFFFFFFFFFFFFFFFFFFFFFFFFFFFFFFFFFFFFD8
:20E86000FFFFFFFFFFFFFFFFFFFFFFFFFFFFFFFFFFFFFFFFFFFFFFFFFFFFFFFFFFFFFFFFB8
:20E88000FFFFFFFFFFFFFFFFFFFFFFFFFFFFFFFFFFFFFFFFFFFFFFFFFFFFFFFFFFFFFFFF98
:20E8A000FFFFFFFFFFFFFFFFFFFFFFFFFFFFFFFFFFFFFFFFFFFFFFFFFFFFFFFFFFFFFFFF78
:20E8C000FFFFFFFFFFFFFFFFFFFFFFFFFFFFFFFFFFFFFFFFFFFFFFFFFFFFFFFFFFFFFFFF58
:20E8E000FFFFFFFFFFFFFFFFFFFFFFFFFFFFFFFFFFFFFFFFFFFFFFFFFFFFFFFFFFFFFFFF38
:20E90000FFFFFFFFFFFFFFFFFFFFFFFFFFFFFFFFFFFFFFFFFFFFFFFFFFFFFFFFFFFFFFFF17
:20E92000FFFFFFFFFFFFFFFFFFFFFFFFFFFFFFFFFFFFFFFFFFFFFFFFFFFFFFFFFFFFFFFFF7
:20E94000FFFFFFFFFFFFFFFFFFFFFFFFFFFFFFFFFFFFFFFFFFFFFFFFFFFFFFFFFFFFFFFFD7
:20E96000FFFFFFFFFFFFFFFFFFFFFFFFFFFFFFFFFFFFFFFFFFFFFFFFFFFFFFFFFFFFFFFFB7
:20E98000FFFFFFFFFFFFFFFFFFFFFFFFFFFFFFFFFFFFFFFFFFFFFFFFFFFFFFFFFFFFFFFF97
:20E9A000FFFFFFFFFFFFFFFFFFFFFFFFFFFFFFFFFFFFFFFFFFFFFFFFFFFFFFFFFFFFFFFF77
:20E9C000FFFFFFFFFFFFFFFFFFFFFFFFFFFFFFFFFFFFFFFFFFFFFFFFFFFFFFFFFFFFFFFF57
:20E9E000FFFFFFFFFFFFFFFFFFFFFFFFFFFFFFFFFFFFFFFFFFFFFFFFFFFFFFFFFFFFFFFF37
:20EA0000FFFFFFFFFFFFFFFFFFFFFFFFFFFFFFFFFFFFFFFFFFFFFFFFFFFFFFFFFFFFFFFF16
:20EA2000FFFFFFFFFFFFFFFFFFFFFFFFFFFFFFFFFFFFFFFFFFFFFFFFFFFFFFFFFFFFFFFFF6
:20EA4000FFFFFFFFFFFFFFFFFFFFFFFFFFFFFFFFFFFFFFFFFFFFFFFFFFFFFFFFFFFFFFFFD6
:20EA6000FFFFFFFFFFFFFFFFFFFFFFFFFFFFFFFFFFFFFFFFFFFFFFFFFFFFFFFFFFFFFFFFB6
:20EA8000FFFFFFFFFFFFFFFFFFFFFFFFFFFFFFFFFFFFFFFFFFFFFFFFFFFFFFFFFFFFFFFF96
:20EAA000FFFFFFFFFFFFFFFFFFFFFFFFFFFFFFFFFFFFFFFFFFFFFFFFFFFFFFFFFFFFFFFF76
:20EAC000FFFFFFFFFFFFFFFFFFFFFFFFFFFFFFFFFFFFFFFFFFFFFFFFFFFFFFFFFFFFFFFF56
:20EAE000FFFFFFFFFFFFFFFFFFFFFFFFFFFFFFFFFFFFFFFFFFFFFFFFFFFFFFFFFFFFFFFF36
:20EB0000FFFFFFFFFFFFFFFFFFFFFFFFFFFFFFFFFFFFFFFFFFFFFFFFFFFFFFFFFFFFFFFF15
:20EB2000FFFFFFFFFFFFFFFFFFFFFFFFFFFFFFFFFFFFFFFFFFFFFFFFFFFFFFFFFFFFFFFFF5
:20EB4000FFFFFFFFFFFFFFFFFFFFFFFFFFFFFFFFFFFFFFFFFFFFFFFFFFFFFFFFFFFFFFFFD5
:20EB6000FFFFFFFFFFFFFFFFFFFFFFFFFFFFFFFFFFFFFFFFFFFFFFFFFFFFFFFFFFFFFFFFB5
:20EB8000FFFFFFFFFFFFFFFFFFFFFFFFFFFFFFFFFFFFFFFFFFFFFFFFFFFFFFFFFFFFFFFF95
:20EBA000FFFFFFFFFFFFFFFFFFFFFFFFFFFFFFFFFFFFFFFFFFFFFFFFFFFFFFFFFFFFFFFF75
:20EBC000FFFFFFFFFFFFFFFFFFFFFFFFFFFFFFFFFFFFFFFFFFFFFFFFFFFFFFFFFFFFFFFF55
:20EBE000FFFFFFFFFFFFFFFFFFFFFFFFFFFFFFFFFFFFFFFFFFFFFFFFFFFFFFFFFFFFFFFF35
:20EC0000FFFFFFFFFFFFFFFFFFFFFFFFFFFFFFFFFFFFFFFFFFFFFFFFFFFFFFFFFFFFFFFF14
:20EC2000FFFFFFFFFFFFFFFFFFFFFFFFFFFFFFFFFFFFFFFFFFFFFFFFFFFFFFFFFFFFFFFFF4
:20EC4000FFFFFFFFFFFFFFFFFFFFFFFFFFFFFFFFFFFFFFFFFFFFFFFFFFFFFFFFFFFFFFFFD4
:20EC6000FFFFFFFFFFFFFFFFFFFFFFFFFFFFFFFFFFFFFFFFFFFFFFFFFFFFFFFFFFFFFFFFB4
:20EC8000FFFFFFFFFFFFFFFFFFFFFFFFFFFFFFFFFFFFFFFFFFFFFFFFFFFFFFFFFFFFFFFF94
:20ECA000FFFFFFFFFFFFFFFFFFFFFFFFFFFFFFFFFFFFFFFFFFFFFFFFFFFFFFFFFFFFFFFF74
:20ECC000FFFFFFFFFFFFFFFFFFFFFFFFFFFFFFFFFFFFFFFFFFFFFFFFFFFFFFFFFFFFFFFF54
:20ECE000FFFFFFFFFFFFFFFFFFFFFFFFFFFFFFFFFFFFFFFFFFFFFFFFFFFFFFFFFFFFFFFF34
:20ED0000FFFFFFFFFFFFFFFFFFFFFFFFFFFFFFFFFFFFFFFFFFFFFFFFFFFFFFFFFFFFFFFF13
:20ED2000FFFFFFFFFFFFFFFFFFFFFFFFFFFFFFFFFFFFFFFFFFFFFFFFFFFFFFFFFFFFFFFFF3
:20ED4000FFFFFFFFFFFFFFFFFFFFFFFFFFFFFFFFFFFFFFFFFFFFFFFFFFFFFFFFFFFFFFFFD3
:20ED6000FFFFFFFFFFFFFFFFFFFFFFFFFFFFFFFFFFFFFFFFFFFFFFFFFFFFFFFFFFFFFFFFB3
:20ED8000FFFFFFFFFFFFFFFFFFFFFFFFFFFFFFFFFFFFFFFFFFFFFFFFFFFFFFFFFFFFFFFF93
:20EDA000FFFFFFFFFFFFFFFFFFFFFFFFFFFFFFFFFFFFFFFFFFFFFFFFFFFFFFFFFFFFFFFF73
:20EDC000FFFFFFFFFFFFFFFFFFFFFFFFFFFFFFFFFFFFFFFFFFFFFFFFFFFFFFFFFFFFFFFF53
:20EDE000FFFFFFFFFFFFFFFFFFFFFFFFFFFFFFFFFFFFFFFFFFFFFFFFFFFFFFFFFFFFFFFF33
:20EE0000FFFFFFFFFFFFFFFFFFFFFFFFFFFFFFFFFFFFFFFFFFFFFFFFFFFFFFFFFFFFFFFF12
:20EE2000FFFFFFFFFFFFFFFFFFFFFFFFFFFFFFFFFFFFFFFFFFFFFFFFFFFFFFFFFFFFFFFFF2
:20EE4000FFFFFFFFFFFFFFFFFFFFFFFFFFFFFFFFFFFFFFFFFFFFFFFFFFFFFFFFFFFFFFFFD2
:20EE6000FFFFFFFFFFFFFFFFFFFFFFFFFFFFFFFFFFFFFFFFFFFFFFFFFFFFFFFFFFFFFFFFB2
:20EE8000FFFFFFFFFFFFFFFFFFFFFFFFFFFFFFFFFFFFFFFFFFFFFFFFFFFFFFFFFFFFFFFF92
:20EEA000FFFFFFFFFFFFFFFFFFFFFFFFFFFFFFFFFFFFFFFFFFFFFFFFFFFFFFFFFFFFFFFF72
:20EEC000FFFFFFFFFFFFFFFFFFFFFFFFFFFFFFFFFFFFFFFFFFFFFFFFFFFFFFFFFFFFFFFF52
:20EEE000FFFFFFFFFFFFFFFFFFFFFFFFFFFFFFFFFFFFFFFFFFFFFFFFFFFFFFFFFFFFFFFF32
:20EF0000FFFFFFFFFFFFFFFFFFFFFFFFFFFFFFFFFFFFFFFFFFFFFFFFFFFFFFFFFFFFFFFF11
:20EF2000FFFFFFFFFFFFFFFFFFFFFFFFFFFFFFFFFFFFFFFFFFFFFFFFFFFFFFFFFFFFFFFFF1
:20EF4000FFFFFFFFFFFFFFFFFFFFFFFFFFFFFFFFFFFFFFFFFFFFFFFFFFFFFFFFFFFFFFFFD1
:20EF6000FFFFFFFFFFFFFFFFFFFFFFFFFFFFFFFFFFFFFFFFFFFFFFFFFFFFFFFFFFFFFFFFB1
:20EF8000FFFFFFFFFFFFFFFFFFFFFFFFFFFFFFFFFFFFFFFFFFFFFFFFFFFFFFFFFFFFFFFF91
:20EFA000FFFFFFFFFFFFFFFFFFFFFFFFFFFFFFFFFFFFFFFFFFFFFFFFFFFFFFFFFFFFFFFF71
:20EFC000FFFFFFFFFFFFFFFFFFFFFFFFFFFFFFFFFFFFFFFFFFFFFFFFFFFFFFFFFFFFFFFF51
:20EFE000FFFFFFFFFFFFFFFFFFFFFFFFFFFFFFFFFFFFFFFFFFFFFFFFFFFFFFFFFFFFFFFF31
:20F00000FFFFFFFFFFFFFFFFFFFFFFFFFFFFFFFFFFFFFFFFFFFFFFFFFFFFFFFFFFFFFFFF10
:20F02000FFFFFFFFFFFFFFFFFFFFFFFFFFFFFFFFFFFFFFFFFFFFFFFFFFFFFFFFFFFFFFFFF0
:20F04000FFFFFFFFFFFFFFFFFFFFFFFFFFFFFFFFFFFFFFFFFFFFFFFFFFFFFFFFFFFFFFFFD0
:20F06000FFFFFFFFFFFFFFFFFFFFFFFFFFFFFFFFFFFFFFFFFFFFFFFFFFFFFFFFFFFFFFFFB0
:20F08000FFFFFFFFFFFFFFFFFFFFFFFFFFFFFFFFFFFFFFFFFFFFFFFFFFFFFFFFFFFFFFFF90
:20F0A000FFFFFFFFFFFFFFFFFFFFFFFFFFFFFFFFFFFFFFFFFFFFFFFFFFFFFFFFFFFFFFFF70
:20F0C000FFFFFFFFFFFFFFFFFFFFFFFFFFFFFFFFFFFFFFFFFFFFFFFFFFFFFFFFFFFFFFFF50
:20F0E000FFFFFFFFFFFFFFFFFFFFFFFFFFFFFFFFFFFFFFFFFFFFFFFFFFFFFFFFFFFFFFFF30
:20F10000FFFFFFFFFFFFFFFFFFFFFFFFFFFFFFFFFFFFFFFFFFFFFFFFFFFFFFFFFFFFFFFF0F
:20F12000FFFFFFFFFFFFFFFFFFFFFFFFFFFFFFFFFFFFFFFFFFFFFFFFFFFFFFFFFFFFFFFFEF
:20F14000FFFFFFFFFFFFFFFFFFFFFFFFFFFFFFFFFFFFFFFFFFFFFFFFFFFFFFFFFFFFFFFFCF
:20F16000FFFFFFFFFFFFFFFFFFFFFFFFFFFFFFFFFFFFFFFFFFFFFFFFFFFFFFFFFFFFFFFFAF
:20F18000FFFFFFFFFFFFFFFFFFFFFFFFFFFFFFFFFFFFFFFFFFFFFFFFFFFFFFFFFFFFFFFF8F
:20F1A000FFFFFFFFFFFFFFFFFFFFFFFFFFFFFFFFFFFFFFFFFFFFFFFFFFFFFFFFFFFFFFFF6F
:20F1C000FFFFFFFFFFFFFFFFFFFFFFFFFFFFFFFFFFFFFFFFFFFFFFFFFFFFFFFFFFFFFFFF4F
:20F1E000FFFFFFFFFFFFFFFFFFFFFFFFFFFFFFFFFFFFFFFFFFFFFFFFFFFFFFFFFFFFFFFF2F
:20F20000FFFFFFFFFFFFFFFFFFFFFFFFFFFFFFFFFFFFFFFFFFFFFFFFFFFFFFFFFFFFFFFF0E
:20F22000FFFFFFFFFFFFFFFFFFFFFFFFFFFFFFFFFFFFFFFFFFFFFFFFFFFFFFFFFFFFFFFFEE
:20F24000FFFFFFFFFFFFFFFFFFFFFFFFFFFFFFFFFFFFFFFFFFFFFFFFFFFFFFFFFFFFFFFFCE
:20F26000FFFFFFFFFFFFFFFFFFFFFFFFFFFFFFFFFFFFFFFFFFFFFFFFFFFFFFFFFFFFFFFFAE
:20F28000FFFFFFFFFFFFFFFFFFFFFFFFFFFFFFFFFFFFFFFFFFFFFFFFFFFFFFFFFFFFFFFF8E
:20F2A000FFFFFFFFFFFFFFFFFFFFFFFFFFFFFFFFFFFFFFFFFFFFFFFFFFFFFFFFFFFFFFFF6E
:20F2C000FFFFFFFFFFFFFFFFFFFFFFFFFFFFFFFFFFFFFFFFFFFFFFFFFFFFFFFFFFFFFFFF4E
:20F2E000FFFFFFFFFFFFFFFFFFFFFFFFFFFFFFFFFFFFFFFFFFFFFFFFFFFFFFFFFFFFFFFF2E
:20F30000FFFFFFFFFFFFFFFFFFFFFFFFFFFFFFFFFFFFFFFFFFFFFFFFFFFFFFFFFFFFFFFF0D
:20F32000FFFFFFFFFFFFFFFFFFFFFFFFFFFFFFFFFFFFFFFFFFFFFFFFFFFFFFFFFFFFFFFFED
:20F34000FFFFFFFFFFFFFFFFFFFFFFFFFFFFFFFFFFFFFFFFFFFFFFFFFFFFFFFFFFFFFFFFCD
:20F36000FFFFFFFFFFFFFFFFFFFFFFFFFFFFFFFFFFFFFFFFFFFFFFFFFFFFFFFFFFFFFFFFAD
:20F38000FFFFFFFFFFFFFFFFFFFFFFFFFFFFFFFFFFFFFFFFFFFFFFFFFFFFFFFFFFFFFFFF8D
:20F3A000FFFFFFFFFFFFFFFFFFFFFFFFFFFFFFFFFFFFFFFFFFFFFFFFFFFFFFFFFFFFFFFF6D
:20F3C000FFFFFFFFFFFFFFFFFFFFFFFFFFFFFFFFFFFFFFFFFFFFFFFFFFFFFFFFFFFFFFFF4D
:20F3E000FFFFFFFFFFFFFFFFFFFFFFFFFFFFFFFFFFFFFFFFFFFFFFFFFFFFFFFFFFFFFFFF2D
:20F40000FFFFFFFFFFFFFFFFFFFFFFFFFFFFFFFFFFFFFFFFFFFFFFFFFFFFFFFFFFFFFFFF0C
:20F42000FFFFFFFFFFFFFFFFFFFFFFFFFFFFFFFFFFFFFFFFFFFFFFFFFFFFFFFFFFFFFFFFEC
:20F44000FFFFFFFFFFFFFFFFFFFFFFFFFFFFFFFFFFFFFFFFFFFFFFFFFFFFFFFFFFFFFFFFCC
:20F46000FFFFFFFFFFFFFFFFFFFFFFFFFFFFFFFFFFFFFFFFFFFFFFFFFFFFFFFFFFFFFFFFAC
:20F48000FFFFFFFFFFFFFFFFFFFFFFFFFFFFFFFFFFFFFFFFFFFFFFFFFFFFFFFFFFFFFFFF8C
:20F4A000FFFFFFFFFFFFFFFFFFFFFFFFFFFFFFFFFFFFFFFFFFFFFFFFFFFFFFFFFFFFFFFF6C
:20F4C000FFFFFFFFFFFFFFFFFFFFFFFFFFFFFFFFFFFFFFFFFFFFFFFFFFFFFFFFFFFFFFFF4C
:20F4E000FFFFFFFFFFFFFFFFFFFFFFFFFFFFFFFFFFFFFFFFFFFFFFFFFFFFFFFFFFFFFFFF2C
:20F50000FFFFFFFFFFFFFFFFFFFFFFFFFFFFFFFFFFFFFFFFFFFFFFFFFFFFFFFFFFFFFFFF0B
:20F52000FFFFFFFFFFFFFFFFFFFFFFFFFFFFFFFFFFFFFFFFFFFFFFFFFFFFFFFFFFFFFFFFEB
:20F54000FFFFFFFFFFFFFFFFFFFFFFFFFFFFFFFFFFFFFFFFFFFFFFFFFFFFFFFFFFFFFFFFCB
:20F56000FFFFFFFFFFFFFFFFFFFFFFFFFFFFFFFFFFFFFFFFFFFFFFFFFFFFFFFFFFFFFFFFAB
:20F58000FFFFFFFFFFFFFFFFFFFFFFFFFFFFFFFFFFFFFFFFFFFFFFFFFFFFFFFFFFFFFFFF8B
:20F5A000FFFFFFFFFFFFFFFFFFFFFFFFFFFFFFFFFFFFFFFFFFFFFFFFFFFFFFFFFFFFFFFF6B
:20F5C000FFFFFFFFFFFFFFFFFFFFFFFFFFFFFFFFFFFFFFFFFFFFFFFFFFFFFFFFFFFFFFFF4B
:20F5E000FFFFFFFFFFFFFFFFFFFFFFFFFFFFFFFFFFFFFFFFFFFFFFFFFFFFFFFFFFFFFFFF2B
:20F60000FFFFFFFFFFFFFFFFFFFFFFFFFFFFFFFFFFFFFFFFFFFFFFFFFFFFFFFFFFFFFFFF0A
:20F62000FFFFFFFFFFFFFFFFFFFFFFFFFFFFFFFFFFFFFFFFFFFFFFFFFFFFFFFFFFFFFFFFEA
:20F64000FFFFFFFFFFFFFFFFFFFFFFFFFFFFFFFFFFFFFFFFFFFFFFFFFFFFFFFFFFFFFFFFCA
:20F66000FFFFFFFFFFFFFFFFFFFFFFFFFFFFFFFFFFFFFFFFFFFFFFFFFFFFFFFFFFFFFFFFAA
:20F68000FFFFFFFFFFFFFFFFFFFFFFFFFFFFFFFFFFFFFFFFFFFFFFFFFFFFFFFFFFFFFFFF8A
:20F6A000FFFFFFFFFFFFFFFFFFFFFFFFFFFFFFFFFFFFFFFFFFFFFFFFFFFFFFFFFFFFFFFF6A
:20F6C000FFFFFFFFFFFFFFFFFFFFFFFFFFFFFFFFFFFFFFFFFFFFFFFFFFFFFFFFFFFFFFFF4A
:20F6E000FFFFFFFFFFFFFFFFFFFFFFFFFFFFFFFFFFFFFFFFFFFFFFFFFFFFFFFFFFFFFFFF2A
:20F70000FFFFFFFFFFFFFFFFFFFFFFFFFFFFFFFFFFFFFFFFFFFFFFFFFFFFFFFFFFFFFFFF09
:20F72000FFFFFFFFFFFFFFFFFFFFFFFFFFFFFFFFFFFFFFFFFFFFFFFFFFFFFFFFFFFFFFFFE9
:20F74000FFFFFFFFFFFFFFFFFFFFFFFFFFFFFFFFFFFFFFFFFFFFFFFFFFFFFFFFFFFFFFFFC9
:20F76000FFFFFFFFFFFFFFFFFFFFFFFFFFFFFFFFFFFFFFFFFFFFFFFFFFFFFFFFFFFFFFFFA9
:20F78000FFFFFFFFFFFFFFFFFFFFFFFFFFFFFFFFFFFFFFFFFFFFFFFFFFFFFFFFFFFFFFFF89
:20F7A000FFFFFFFFFFFFFFFFFFFFFFFFFFFFFFFFFFFFFFFFFFFFFFFFFFFFFFFFFFFFFFFF69
:20F7C000FFFFFFFFFFFFFFFFFFFFFFFFFFFFFFFFFFFFFFFFFFFFFFFFFFFFFFFFFFFFFFFF49
:20F7E000FFFFFFFFFFFFFFFFFFFFFFFFFFFFFFFFFFFFFFFFFFFFFFFFFFFFFFFFFFFFFFFF29
:20F80000FFFFFFFFFFFFFFFFFFFFFFFFFFFFFFFFFFFFFFFFFFFFFFFFFFFFFFFFFFFFFFFF08
:20F82000FFFFFFFFFFFFFFFFFFFFFFFFFFFFFFFFFFFFFFFFFFFFFFFFFFFFFFFFFFFFFFFFE8
:20F84000FFFFFFFFFFFFFFFFFFFFFFFFFFFFFFFFFFFFFFFFFFFFFFFFFFFFFFFFFFFFFFFFC8
:20F86000FFFFFFFFFFFFFFFFFFFFFFFFFFFFFFFFFFFFFFFFFFFFFFFFFFFFFFFFFFFFFFFFA8
:20F88000FFFFFFFFFFFFFFFFFFFFFFFFFFFFFFFFFFFFFFFFFFFFFFFFFFFFFFFFFFFFFFFF88
:20F8A000FFFFFFFFFFFFFFFFFFFFFFFFFFFFFFFFFFFFFFFFFFFFFFFFFFFFFFFFFFFFFFFF68
:20F8C000FFFFFFFFFFFFFFFFFFFFFFFFFFFFFFFFFFFFFFFFFFFFFFFFFFFFFFFFFFFFFFFF48
:20F8E000FFFFFFFFFFFFFFFFFFFFFFFFFFFFFFFFFFFFFFFFFFFFFFFFFFFFFFFFFFFFFFFF28
:20F90000FFFFFFFFFFFFFFFFFFFFFFFFFFFFFFFFFFFFFFFFFFFFFFFFFFFFFFFFFFFFFFFF07
:20F92000FFFFFFFFFFFFFFFFFFFFFFFFFFFFFFFFFFFFFFFFFFFFFFFFFFFFFFFFFFFFFFFFE7
:20F94000FFFFFFFFFFFFFFFFFFFFFFFFFFFFFFFFFFFFFFFFFFFFFFFFFFFFFFFFFFFFFFFFC7
:20F96000FFFFFFFFFFFFFFFFFFFFFFFFFFFFFFFFFFFFFFFFFFFFFFFFFFFFFFFFFFFFFFFFA7
:20F98000FFFFFFFFFFFFFFFFFFFFFFFFFFFFFFFFFFFFFFFFFFFFFFFFFFFFFFFFFFFFFFFF87
:20F9A000FFFFFFFFFFFFFFFFFFFFFFFFFFFFFFFFFFFFFFFFFFFFFFFFFFFFFFFFFFFFFFFF67
:20F9C000FFFFFFFFFFFFFFFFFFFFFFFFFFFFFFFFFFFFFFFFFFFFFFFFFFFFFFFFFFFFFFFF47
:20F9E000FFFFFFFFFFFFFFFFFFFFFFFFFFFFFFFFFFFFFFFFFFFFFFFFFFFFFFFFFFFFFFFF27
:20FA0000FFFFFFFFFFFFFFFFFFFFFFFFFFFFFFFFFFFFFFFFFFFFFFFFFFFFFFFFFFFFFFFF06
:20FA2000FFFFFFFFFFFFFFFFFFFFFFFFFFFFFFFFFFFFFFFFFFFFFFFFFFFFFFFFFFFFFFFFE6
:20FA4000FFFFFFFFFFFFFFFFFFFFFFFFFFFFFFFFFFFFFFFFFFFFFFFFFFFFFFFFFFFFFFFFC6
:20FA6000FFFFFFFFFFFFFFFFFFFFFFFFFFFFFFFFFFFFFFFFFFFFFFFFFFFFFFFFFFFFFFFFA6
:20FA8000FFFFFFFFFFFFFFFFFFFFFFFFFFFFFFFFFFFFFFFFFFFFFFFFFFFFFFFFFFFFFFFF86
:20FAA000FFFFFFFFFFFFFFFFFFFFFFFFFFFFFFFFFFFFFFFFFFFFFFFFFFFFFFFFFFFFFFFF66
:20FAC000FFFFFFFFFFFFFFFFFFFFFFFFFFFFFFFFFFFFFFFFFFFFFFFFFFFFFFFFFFFFFFFF46
:20FAE000FFFFFFFFFFFFFFFFFFFFFFFFFFFFFFFFFFFFFFFFFFFFFFFFFFFFFFFFFFFFFFFF26
:20FB0000FFFFFFFFFFFFFFFFFFFFFFFFFFFFFFFFFFFFFFFFFFFFFFFFFFFFFFFFFFFFFFFF05
:20FB2000FFFFFFFFFFFFFFFFFFFFFFFFFFFFFFFFFFFFFFFFFFFFFFFFFFFFFFFFFFFFFFFFE5
:20FB4000FFFFFFFFFFFFFFFFFFFFFFFFFFFFFFFFFFFFFFFFFFFFFFFFFFFFFFFFFFFFFFFFC5
:20FB6000FFFFFFFFFFFFFFFFFFFFFFFFFFFFFFFFFFFFFFFFFFFFFFFFFFFFFFFFFFFFFFFFA5
:20FB8000FFFFFFFFFFFFFFFFFFFFFFFFFFFFFFFFFFFFFFFFFFFFFFFFFFFFFFFFFFFFFFFF85
:20FBA000FFFFFFFFFFFFFFFFFFFFFFFFFFFFFFFFFFFFFFFFFFFFFFFFFFFFFFFFFFFFFFFF65
:20FBC000FFFFFFFFFFFFFFFFFFFFFFFFFFFFFFFFFFFFFFFFFFFFFFFFFFFFFFFFFFFFFFFF45
:20FBE000FFFFFFFFFFFFFFFFFFFFFFFFFFFFFFFFFFFFFFFFFFFFFFFFFFFFFFFFFFFFFFFF25
:20FC0000FFFFFFFFFFFFFFFFFFFFFFFFFFFFFFFFFFFFFFFFFFFFFFFFFFFFFFFFFFFFFFFF04
:20FC2000FFFFFFFFFFFFFFFFFFFFFFFFFFFFFFFFFFFFFFFFFFFFFFFFFFFFFFFFFFFFFFFFE4
:20FC4000FFFFFFFFFFFFFFFFFFFFFFFFFFFFFFFFFFFFFFFFFFFFFFFFFFFFFFFFFFFFFFFFC4
:20FC6000FFFFFFFFFFFFFFFFFFFFFFFFFFFFFFFFFFFFFFFFFFFFFFFFFFFFFFFFFFFFFFFFA4
:20FC8000FFFFFFFFFFFFFFFFFFFFFFFFFFFFFFFFFFFFFFFFFFFFFFFFFFFFFFFFFFFFFFFF84
:20FCA000FFFFFFFFFFFFFFFFFFFFFFFFFFFFFFFFFFFFFFFFFFFFFFFFFFFFFFFFFFFFFFFF64
:20FCC000FFFFFFFFFFFFFFFFFFFFFFFFFFFFFFFFFFFFFFFFFFFFFFFFFFFFFFFFFFFFFFFF44
:20FCE000FFFFFFFFFFFFFFFFFFFFFFFFFFFFFFFFFFFFFFFFFFFFFFFFFFFFFFFFFFFFFFFF24
:20FD0000FFFFFFFFFFFFFFFFFFFFFFFFFFFFFFFFFFFFFFFFFFFFFFFFFFFFFFFFFFFFFFFF03
:20FD2000FFFFFFFFFFFFFFFFFFFFFFFFFFFFFFFFFFFFFFFFFFFFFFFFFFFFFFFFFFFFFFFFE3
:20FD4000FFFFFFFFFFFFFFFFFFFFFFFFFFFFFFFFFFFFFFFFFFFFFFFFFFFFFFFFFFFFFFFFC3
:20FD6000FFFFFFFFFFFFFFFFFFFFFFFFFFFFFFFFFFFFFFFFFFFFFFFFFFFFFFFFFFFFFFFFA3
:20FD8000FFFFFFFFFFFFFFFFFFFFFFFFFFFFFFFFFFFFFFFFFFFFFFFFFFFFFFFFFFFFFFFF83
:20FDA000FFFFFFFFFFFFFFFFFFFFFFFFFFFFFFFFFFFFFFFFFFFFFFFFFFFFFFFFFFFFFFFF63
:20FDC000FFFFFFFFFFFFFFFFFFFFFFFFFFFFFFFFFFFFFFFFFFFFFFFFFFFFFFFFFFFFFFFF43
:20FDE000FFFFFFFFFFFFFFFFFFFFFFFFFFFFFFFFFFFFFFFFFFFFFFFFFFFFFFFFFFFFFFFF23
:20FE0000FFFFFFFFFFFFFFFFFFFFFFFFFFFFFFFFFFFFFFFFFFFFFFFFFFFFFFFFFFFFFFFF02
:20FE2000FFFFFFFFFFFFFFFFFFFFFFFFFFFFFFFFFFFFFFFFFFFFFFFFFFFFFFFFFFFFFFFFE2
:20FE4000FFFFFFFFFFFFFFFFFFFFFFFFFFFFFFFFFFFFFFFFFFFFFFFFFFFFFFFFFFFFFFFFC2
:20FE6000FFFFFFFFFFFFFFFFFFFFFFFFFFFFFFFFFFFFFFFFFFFFFFFFFFFFFFFFFFFFFFFFA2
:20FE8000FFFFFFFFFFFFFFFFFFFFFFFFFFFFFFFFFFFFFFFFFFFFFFFFFFFFFFFFFFFFFFFF82
:20FEA000FFFFFFFFFFFFFFFFFFFFFFFFFFFFFFFFFFFFFFFFFFFFFFFFFFFFFFFFFFFFFFFF62
:20FEC000FFFFFFFFFFFFFFFFFFFFFFFFFFFFFFFFFFFFFFFFFFFFFFFFFFFFFFFFFFFFFFFF42
:20FEE000FFFFFFFFFFFFFFFFFFFFFFFFFFFFFFFFFFFFFFFFFFFFFFFFFFFFFFFFFFFFFFFF22
:04FF000080F33A420E
:20FFC00035313139000000000000000000000000462F57204445534352495054494F4E2001
:20FFE0004D4355202047414E472D342056312E3000000000000000006469F7051535000046
:04000005080084ED7E
:00000001FF
